############################################################
# label   : optimized
# stage   : optimized      (/home/advay/CS683_ProgrammingAssignments/pa1-dhurandhar-microarchitecture/task1/src/conv_optimized.cpp)
# variant : default
# events  : cpu_core/L1-dcache-loads/,cpu_core/L1-dcache-load-misses/,cpu_core/branch-instructions/,cpu_core/branch-misses/,cpu_core/instructions/,cpu_core/cpu-cycles/,context-switches,page-faults
# started : 2026-09-07T14:58:29+05:30
############################################################

----- [optimized] H=64 W=64 K=3 seed=1234 rep=1/20 exit=0 -----
PROFILING optimized variant=default H=64 W=64 K=3 seed=1234
checksum -1.144976
--- perf stat -x, ---
632272,,cpu_core/L1-dcache-loads/,519841,55.00,,
24522,,cpu_core/L1-dcache-load-misses/,519841,55.00,3.88,of all L1-dcache accesses
496877,,cpu_core/branch-instructions/,519841,55.00,,
19504,,cpu_core/branch-misses/,519841,55.00,,
2855457,,cpu_core/instructions/,519841,55.00,,
3485750,,cpu_core/cpu-cycles/,519841,55.00,,
1,,context-switches,944684,100.00,,
143,,page-faults,944684,100.00,,

----- [optimized] H=64 W=64 K=3 seed=1234 rep=2/20 exit=0 -----
PROFILING optimized variant=default H=64 W=64 K=3 seed=1234
checksum -1.144976
--- perf stat -x, ---
645604,,cpu_core/L1-dcache-loads/,489211,53.00,,
22971,,cpu_core/L1-dcache-load-misses/,489211,53.00,3.56,of all L1-dcache accesses
507973,,cpu_core/branch-instructions/,489211,53.00,,
18747,,cpu_core/branch-misses/,489211,53.00,,
2921487,,cpu_core/instructions/,489211,53.00,,
3363887,,cpu_core/cpu-cycles/,489211,53.00,,
1,,context-switches,916050,100.00,,
143,,page-faults,916050,100.00,,

----- [optimized] H=64 W=64 K=3 seed=1234 rep=3/20 exit=0 -----
PROFILING optimized variant=default H=64 W=64 K=3 seed=1234
checksum -1.144976
--- perf stat -x, ---
639570,,cpu_core/L1-dcache-loads/,491870,54.00,,
23792,,cpu_core/L1-dcache-load-misses/,491870,54.00,3.72,of all L1-dcache accesses
503259,,cpu_core/branch-instructions/,491870,54.00,,
17364,,cpu_core/branch-misses/,491870,54.00,,
2889210,,cpu_core/instructions/,491870,54.00,,
3325671,,cpu_core/cpu-cycles/,491870,54.00,,
1,,context-switches,907468,100.00,,
144,,page-faults,907468,100.00,,

----- [optimized] H=64 W=64 K=3 seed=1234 rep=4/20 exit=0 -----
PROFILING optimized variant=default H=64 W=64 K=3 seed=1234
checksum -1.144976
--- perf stat -x, ---
624906,,cpu_core/L1-dcache-loads/,555952,55.00,,
24056,,cpu_core/L1-dcache-load-misses/,555952,55.00,3.85,of all L1-dcache accesses
491171,,cpu_core/branch-instructions/,555952,55.00,,
18006,,cpu_core/branch-misses/,555952,55.00,,
2823337,,cpu_core/instructions/,555952,55.00,,
3654757,,cpu_core/cpu-cycles/,555952,55.00,,
1,,context-switches,998373,100.00,,
143,,page-faults,998373,100.00,,

----- [optimized] H=64 W=64 K=3 seed=1234 rep=5/20 exit=0 -----
PROFILING optimized variant=default H=64 W=64 K=3 seed=1234
checksum -1.144976
--- perf stat -x, ---
633456,,cpu_core/L1-dcache-loads/,518038,54.00,,
23060,,cpu_core/L1-dcache-load-misses/,518038,54.00,3.64,of all L1-dcache accesses
498639,,cpu_core/branch-instructions/,518038,54.00,,
16893,,cpu_core/branch-misses/,518038,54.00,,
2860563,,cpu_core/instructions/,518038,54.00,,
3467455,,cpu_core/cpu-cycles/,518038,54.00,,
1,,context-switches,948582,100.00,,
142,,page-faults,948582,100.00,,

----- [optimized] H=64 W=64 K=3 seed=1234 rep=6/20 exit=0 -----
PROFILING optimized variant=default H=64 W=64 K=3 seed=1234
checksum -1.144976
--- perf stat -x, ---
581621,,cpu_core/L1-dcache-loads/,801593,100.00,,
20224,,cpu_core/L1-dcache-load-misses/,801593,100.00,3.48,of all L1-dcache accesses
442334,,cpu_core/branch-instructions/,801593,100.00,,
15012,,cpu_core/branch-misses/,801593,100.00,,
2527465,,cpu_core/instructions/,801593,100.00,,
2702743,,cpu_core/cpu-cycles/,801593,100.00,,
1,,context-switches,801593,100.00,,
140,,page-faults,801593,100.00,,

----- [optimized] H=64 W=64 K=3 seed=1234 rep=7/20 exit=0 -----
PROFILING optimized variant=default H=64 W=64 K=3 seed=1234
checksum -1.144976
--- perf stat -x, ---
629963,,cpu_core/L1-dcache-loads/,644860,69.00,,
23762,,cpu_core/L1-dcache-load-misses/,644860,69.00,3.77,of all L1-dcache accesses
489382,,cpu_core/branch-instructions/,644860,69.00,,
15749,,cpu_core/branch-misses/,644860,69.00,,
2793684,,cpu_core/instructions/,644860,69.00,,
3389212,,cpu_core/cpu-cycles/,644860,69.00,,
2,,context-switches,932531,100.00,,
143,,page-faults,932531,100.00,,

----- [optimized] H=64 W=64 K=3 seed=1234 rep=8/20 exit=0 -----
PROFILING optimized variant=default H=64 W=64 K=3 seed=1234
checksum -1.144976
--- perf stat -x, ---
640547,,cpu_core/L1-dcache-loads/,524151,54.00,,
26216,,cpu_core/L1-dcache-load-misses/,524151,54.00,4.09,of all L1-dcache accesses
505138,,cpu_core/branch-instructions/,524151,54.00,,
14031,,cpu_core/branch-misses/,524151,54.00,,
2896180,,cpu_core/instructions/,524151,54.00,,
3568277,,cpu_core/cpu-cycles/,524151,54.00,,
1,,context-switches,970525,100.00,,
145,,page-faults,970525,100.00,,

----- [optimized] H=64 W=64 K=3 seed=1234 rep=9/20 exit=0 -----
PROFILING optimized variant=default H=64 W=64 K=3 seed=1234
checksum -1.144976
--- perf stat -x, ---
654708,,cpu_core/L1-dcache-loads/,473029,52.00,,
23654,,cpu_core/L1-dcache-load-misses/,473029,52.00,3.61,of all L1-dcache accesses
515993,,cpu_core/branch-instructions/,473029,52.00,,
14303,,cpu_core/branch-misses/,473029,52.00,,
2964694,,cpu_core/instructions/,473029,52.00,,
3317296,,cpu_core/cpu-cycles/,473029,52.00,,
1,,context-switches,901865,100.00,,
140,,page-faults,901865,100.00,,

----- [optimized] H=64 W=64 K=3 seed=1234 rep=10/20 exit=0 -----
PROFILING optimized variant=default H=64 W=64 K=3 seed=1234
checksum -1.144976
--- perf stat -x, ---
640599,,cpu_core/L1-dcache-loads/,493891,54.00,,
25678,,cpu_core/L1-dcache-load-misses/,493891,54.00,4.01,of all L1-dcache accesses
504991,,cpu_core/branch-instructions/,493891,54.00,,
14783,,cpu_core/branch-misses/,493891,54.00,,
2895423,,cpu_core/instructions/,493891,54.00,,
3343048,,cpu_core/cpu-cycles/,493891,54.00,,
1,,context-switches,912546,100.00,,
144,,page-faults,912546,100.00,,

----- [optimized] H=64 W=64 K=3 seed=1234 rep=11/20 exit=0 -----
PROFILING optimized variant=default H=64 W=64 K=3 seed=1234
checksum -1.144976
--- perf stat -x, ---
615109,,cpu_core/L1-dcache-loads/,556194,56.00,,
22535,,cpu_core/L1-dcache-load-misses/,556194,56.00,3.66,of all L1-dcache accesses
484136,,cpu_core/branch-instructions/,556194,56.00,,
13895,,cpu_core/branch-misses/,556194,56.00,,
2782819,,cpu_core/instructions/,556194,56.00,,
3628640,,cpu_core/cpu-cycles/,556194,56.00,,
1,,context-switches,988586,100.00,,
141,,page-faults,988586,100.00,,

----- [optimized] H=64 W=64 K=3 seed=1234 rep=12/20 exit=0 -----
PROFILING optimized variant=default H=64 W=64 K=3 seed=1234
checksum -1.144976
--- perf stat -x, ---
639054,,cpu_core/L1-dcache-loads/,567778,59.00,,
24307,,cpu_core/L1-dcache-load-misses/,567778,59.00,3.80,of all L1-dcache accesses
502981,,cpu_core/branch-instructions/,567778,59.00,,
15287,,cpu_core/branch-misses/,567778,59.00,,
2869613,,cpu_core/instructions/,567778,59.00,,
3328578,,cpu_core/cpu-cycles/,567778,59.00,,
2,,context-switches,946654,100.00,,
143,,page-faults,946654,100.00,,

----- [optimized] H=64 W=64 K=3 seed=1234 rep=13/20 exit=0 -----
PROFILING optimized variant=default H=64 W=64 K=3 seed=1234
checksum -1.144976
--- perf stat -x, ---
671825,,cpu_core/L1-dcache-loads/,468228,51.00,,
24840,,cpu_core/L1-dcache-load-misses/,468228,51.00,3.70,of all L1-dcache accesses
529421,,cpu_core/branch-instructions/,468228,51.00,,
15500,,cpu_core/branch-misses/,468228,51.00,,
3037153,,cpu_core/instructions/,468228,51.00,,
3338477,,cpu_core/cpu-cycles/,468228,51.00,,
1,,context-switches,914743,100.00,,
141,,page-faults,914743,100.00,,

----- [optimized] H=64 W=64 K=3 seed=1234 rep=14/20 exit=0 -----
PROFILING optimized variant=default H=64 W=64 K=3 seed=1234
checksum -1.144976
--- perf stat -x, ---
663858,,cpu_core/L1-dcache-loads/,467446,51.00,,
24413,,cpu_core/L1-dcache-load-misses/,467446,51.00,3.68,of all L1-dcache accesses
522821,,cpu_core/branch-instructions/,467446,51.00,,
14562,,cpu_core/branch-misses/,467446,51.00,,
3005112,,cpu_core/instructions/,467446,51.00,,
3337310,,cpu_core/cpu-cycles/,467446,51.00,,
1,,context-switches,907291,100.00,,
141,,page-faults,907291,100.00,,

----- [optimized] H=64 W=64 K=3 seed=1234 rep=15/20 exit=0 -----
PROFILING optimized variant=default H=64 W=64 K=3 seed=1234
checksum -1.144976
--- perf stat -x, ---
580365,,cpu_core/L1-dcache-loads/,696008,100.00,,
19720,,cpu_core/L1-dcache-load-misses/,696008,100.00,3.40,of all L1-dcache accesses
441487,,cpu_core/branch-instructions/,696008,100.00,,
16116,,cpu_core/branch-misses/,696008,100.00,,
2519722,,cpu_core/instructions/,696008,100.00,,
2564696,,cpu_core/cpu-cycles/,696008,100.00,,
1,,context-switches,696008,100.00,,
140,,page-faults,696008,100.00,,

----- [optimized] H=64 W=64 K=3 seed=1234 rep=16/20 exit=0 -----
PROFILING optimized variant=default H=64 W=64 K=3 seed=1234
checksum -1.144976
--- perf stat -x, ---
655795,,cpu_core/L1-dcache-loads/,505972,53.00,,
27459,,cpu_core/L1-dcache-load-misses/,505972,53.00,4.19,of all L1-dcache accesses
515390,,cpu_core/branch-instructions/,505972,53.00,,
19357,,cpu_core/branch-misses/,505972,53.00,,
2962025,,cpu_core/instructions/,505972,53.00,,
3498932,,cpu_core/cpu-cycles/,505972,53.00,,
1,,context-switches,951943,100.00,,
145,,page-faults,951943,100.00,,

----- [optimized] H=64 W=64 K=3 seed=1234 rep=17/20 exit=0 -----
PROFILING optimized variant=default H=64 W=64 K=3 seed=1234
checksum -1.144976
--- perf stat -x, ---
580247,,cpu_core/L1-dcache-loads/,733392,100.00,,
18869,,cpu_core/L1-dcache-load-misses/,733392,100.00,3.25,of all L1-dcache accesses
441231,,cpu_core/branch-instructions/,733392,100.00,,
15838,,cpu_core/branch-misses/,733392,100.00,,
2520839,,cpu_core/instructions/,733392,100.00,,
2578698,,cpu_core/cpu-cycles/,733392,100.00,,
1,,context-switches,733392,100.00,,
140,,page-faults,733392,100.00,,

----- [optimized] H=64 W=64 K=3 seed=1234 rep=18/20 exit=0 -----
PROFILING optimized variant=default H=64 W=64 K=3 seed=1234
checksum -1.144976
--- perf stat -x, ---
688258,,cpu_core/L1-dcache-loads/,492390,50.00,,
26621,,cpu_core/L1-dcache-load-misses/,492390,50.00,3.87,of all L1-dcache accesses
540989,,cpu_core/branch-instructions/,492390,50.00,,
18535,,cpu_core/branch-misses/,492390,50.00,,
3110018,,cpu_core/instructions/,492390,50.00,,
3569003,,cpu_core/cpu-cycles/,492390,50.00,,
1,,context-switches,976759,100.00,,
143,,page-faults,976759,100.00,,

----- [optimized] H=64 W=64 K=3 seed=1234 rep=19/20 exit=0 -----
PROFILING optimized variant=default H=64 W=64 K=3 seed=1234
checksum -1.144976
--- perf stat -x, ---
601115,,cpu_core/L1-dcache-loads/,808108,100.00,,
20089,,cpu_core/L1-dcache-load-misses/,808108,100.00,3.34,of all L1-dcache accesses
454902,,cpu_core/branch-instructions/,808108,100.00,,
16258,,cpu_core/branch-misses/,808108,100.00,,
2605200,,cpu_core/instructions/,808108,100.00,,
2872378,,cpu_core/cpu-cycles/,808108,100.00,,
2,,context-switches,808108,100.00,,
140,,page-faults,808108,100.00,,

----- [optimized] H=64 W=64 K=3 seed=1234 rep=20/20 exit=0 -----
PROFILING optimized variant=default H=64 W=64 K=3 seed=1234
checksum -1.144976
--- perf stat -x, ---
682795,,cpu_core/L1-dcache-loads/,491708,51.00,,
25114,,cpu_core/L1-dcache-load-misses/,491708,51.00,3.68,of all L1-dcache accesses
537521,,cpu_core/branch-instructions/,491708,51.00,,
19901,,cpu_core/branch-misses/,491708,51.00,,
3082912,,cpu_core/instructions/,491708,51.00,,
3498630,,cpu_core/cpu-cycles/,491708,51.00,,
2,,context-switches,963184,100.00,,
142,,page-faults,963184,100.00,,

----- [optimized] H=128 W=128 K=3 seed=1234 rep=1/20 exit=0 -----
PROFILING optimized variant=default H=128 W=128 K=3 seed=1234
checksum 1.545684
--- perf stat -x, ---
769336,,cpu_core/L1-dcache-loads/,691487,60.00,,
24496,,cpu_core/L1-dcache-load-misses/,691487,60.00,3.18,of all L1-dcache accesses
660480,,cpu_core/branch-instructions/,691487,60.00,,
29124,,cpu_core/branch-misses/,691487,60.00,,
4049292,,cpu_core/instructions/,691487,60.00,,
4197846,,cpu_core/cpu-cycles/,691487,60.00,,
1,,context-switches,1147539,100.00,,
180,,page-faults,1147539,100.00,,

----- [optimized] H=128 W=128 K=3 seed=1234 rep=2/20 exit=0 -----
PROFILING optimized variant=default H=128 W=128 K=3 seed=1234
checksum 1.545684
--- perf stat -x, ---
787206,,cpu_core/L1-dcache-loads/,677301,58.00,,
24756,,cpu_core/L1-dcache-load-misses/,677301,58.00,3.14,of all L1-dcache accesses
677640,,cpu_core/branch-instructions/,677301,58.00,,
29715,,cpu_core/branch-misses/,677301,58.00,,
4143928,,cpu_core/instructions/,677301,58.00,,
4228933,,cpu_core/cpu-cycles/,677301,58.00,,
1,,context-switches,1156157,100.00,,
179,,page-faults,1156157,100.00,,

----- [optimized] H=128 W=128 K=3 seed=1234 rep=3/20 exit=0 -----
PROFILING optimized variant=default H=128 W=128 K=3 seed=1234
checksum 1.545684
--- perf stat -x, ---
776640,,cpu_core/L1-dcache-loads/,671808,59.00,,
26920,,cpu_core/L1-dcache-load-misses/,671808,59.00,3.47,of all L1-dcache accesses
666099,,cpu_core/branch-instructions/,671808,59.00,,
27645,,cpu_core/branch-misses/,671808,59.00,,
4085016,,cpu_core/instructions/,671808,59.00,,
4088878,,cpu_core/cpu-cycles/,671808,59.00,,
1,,context-switches,1122350,100.00,,
180,,page-faults,1122350,100.00,,

----- [optimized] H=128 W=128 K=3 seed=1234 rep=4/20 exit=0 -----
PROFILING optimized variant=default H=128 W=128 K=3 seed=1234
checksum 1.545684
--- perf stat -x, ---
735508,,cpu_core/L1-dcache-loads/,667032,62.00,,
23370,,cpu_core/L1-dcache-load-misses/,667032,62.00,3.18,of all L1-dcache accesses
632634,,cpu_core/branch-instructions/,667032,62.00,,
26839,,cpu_core/branch-misses/,667032,62.00,,
3875503,,cpu_core/instructions/,667032,62.00,,
3895707,,cpu_core/cpu-cycles/,667032,62.00,,
1,,context-switches,1066645,100.00,,
177,,page-faults,1066645,100.00,,

----- [optimized] H=128 W=128 K=3 seed=1234 rep=5/20 exit=0 -----
PROFILING optimized variant=default H=128 W=128 K=3 seed=1234
checksum 1.545684
--- perf stat -x, ---
757989,,cpu_core/L1-dcache-loads/,719558,60.00,,
25871,,cpu_core/L1-dcache-load-misses/,719558,60.00,3.41,of all L1-dcache accesses
653109,,cpu_core/branch-instructions/,719558,60.00,,
27967,,cpu_core/branch-misses/,719558,60.00,,
3996197,,cpu_core/instructions/,719558,60.00,,
4314581,,cpu_core/cpu-cycles/,719558,60.00,,
1,,context-switches,1190304,100.00,,
177,,page-faults,1190304,100.00,,

----- [optimized] H=128 W=128 K=3 seed=1234 rep=6/20 exit=0 -----
PROFILING optimized variant=default H=128 W=128 K=3 seed=1234
checksum 1.545684
--- perf stat -x, ---
777791,,cpu_core/L1-dcache-loads/,683348,59.00,,
25216,,cpu_core/L1-dcache-load-misses/,683348,59.00,3.24,of all L1-dcache accesses
668722,,cpu_core/branch-instructions/,683348,59.00,,
28757,,cpu_core/branch-misses/,683348,59.00,,
4093748,,cpu_core/instructions/,683348,59.00,,
4208297,,cpu_core/cpu-cycles/,683348,59.00,,
1,,context-switches,1153176,100.00,,
181,,page-faults,1153176,100.00,,

----- [optimized] H=128 W=128 K=3 seed=1234 rep=7/20 exit=0 -----
PROFILING optimized variant=default H=128 W=128 K=3 seed=1234
checksum 1.545684
--- perf stat -x, ---
762979,,cpu_core/L1-dcache-loads/,668071,60.00,,
26696,,cpu_core/L1-dcache-load-misses/,668071,60.00,3.50,of all L1-dcache accesses
657069,,cpu_core/branch-instructions/,668071,60.00,,
28255,,cpu_core/branch-misses/,668071,60.00,,
4021535,,cpu_core/instructions/,668071,60.00,,
4054107,,cpu_core/cpu-cycles/,668071,60.00,,
1,,context-switches,1112880,100.00,,
176,,page-faults,1112880,100.00,,

----- [optimized] H=128 W=128 K=3 seed=1234 rep=8/20 exit=0 -----
PROFILING optimized variant=default H=128 W=128 K=3 seed=1234
checksum 1.545684
--- perf stat -x, ---
753121,,cpu_core/L1-dcache-loads/,687671,61.00,,
25319,,cpu_core/L1-dcache-load-misses/,687671,61.00,3.36,of all L1-dcache accesses
647463,,cpu_core/branch-instructions/,687671,61.00,,
27684,,cpu_core/branch-misses/,687671,61.00,,
3965613,,cpu_core/instructions/,687671,61.00,,
4087110,,cpu_core/cpu-cycles/,687671,61.00,,
1,,context-switches,1123027,100.00,,
177,,page-faults,1123027,100.00,,

----- [optimized] H=128 W=128 K=3 seed=1234 rep=9/20 exit=0 -----
PROFILING optimized variant=default H=128 W=128 K=3 seed=1234
checksum 1.545684
--- perf stat -x, ---
717662,,cpu_core/L1-dcache-loads/,716327,64.00,,
25321,,cpu_core/L1-dcache-load-misses/,716327,64.00,3.53,of all L1-dcache accesses
617377,,cpu_core/branch-instructions/,716327,64.00,,
26327,,cpu_core/branch-misses/,716327,64.00,,
3775159,,cpu_core/instructions/,716327,64.00,,
4013895,,cpu_core/cpu-cycles/,716327,64.00,,
1,,context-switches,1111847,100.00,,
178,,page-faults,1111847,100.00,,

----- [optimized] H=128 W=128 K=3 seed=1234 rep=10/20 exit=0 -----
PROFILING optimized variant=default H=128 W=128 K=3 seed=1234
checksum 1.545684
--- perf stat -x, ---
756546,,cpu_core/L1-dcache-loads/,676094,60.00,,
25543,,cpu_core/L1-dcache-load-misses/,676094,60.00,3.38,of all L1-dcache accesses
650796,,cpu_core/branch-instructions/,676094,60.00,,
27734,,cpu_core/branch-misses/,676094,60.00,,
3984874,,cpu_core/instructions/,676094,60.00,,
4046573,,cpu_core/cpu-cycles/,676094,60.00,,
1,,context-switches,1109599,100.00,,
176,,page-faults,1109599,100.00,,

----- [optimized] H=128 W=128 K=3 seed=1234 rep=11/20 exit=0 -----
PROFILING optimized variant=default H=128 W=128 K=3 seed=1234
checksum 1.545684
--- perf stat -x, ---
717104,,cpu_core/L1-dcache-loads/,998717,93.00,,
22849,,cpu_core/L1-dcache-load-misses/,998717,93.00,3.19,of all L1-dcache accesses
588010,,cpu_core/branch-instructions/,998717,93.00,,
24462,,cpu_core/branch-misses/,998717,93.00,,
3514561,,cpu_core/instructions/,998717,93.00,,
3609254,,cpu_core/cpu-cycles/,998717,93.00,,
2,,context-switches,1067363,100.00,,
177,,page-faults,1067363,100.00,,

----- [optimized] H=128 W=128 K=3 seed=1234 rep=12/20 exit=0 -----
PROFILING optimized variant=default H=128 W=128 K=3 seed=1234
checksum 1.545684
--- perf stat -x, ---
757579,,cpu_core/L1-dcache-loads/,692613,61.00,,
26472,,cpu_core/L1-dcache-load-misses/,692613,61.00,3.49,of all L1-dcache accesses
651768,,cpu_core/branch-instructions/,692613,61.00,,
28557,,cpu_core/branch-misses/,692613,61.00,,
3985419,,cpu_core/instructions/,692613,61.00,,
4138841,,cpu_core/cpu-cycles/,692613,61.00,,
1,,context-switches,1134669,100.00,,
179,,page-faults,1134669,100.00,,

----- [optimized] H=128 W=128 K=3 seed=1234 rep=13/20 exit=0 -----
PROFILING optimized variant=default H=128 W=128 K=3 seed=1234
checksum 1.545684
--- perf stat -x, ---
738512,,cpu_core/L1-dcache-loads/,676840,62.00,,
23199,,cpu_core/L1-dcache-load-misses/,676840,62.00,3.14,of all L1-dcache accesses
635515,,cpu_core/branch-instructions/,676840,62.00,,
28120,,cpu_core/branch-misses/,676840,62.00,,
3889327,,cpu_core/instructions/,676840,62.00,,
3953309,,cpu_core/cpu-cycles/,676840,62.00,,
1,,context-switches,1083217,100.00,,
180,,page-faults,1083217,100.00,,

----- [optimized] H=128 W=128 K=3 seed=1234 rep=14/20 exit=0 -----
PROFILING optimized variant=default H=128 W=128 K=3 seed=1234
checksum 1.545684
--- perf stat -x, ---
755265,,cpu_core/L1-dcache-loads/,688715,61.00,,
25743,,cpu_core/L1-dcache-load-misses/,688715,61.00,3.41,of all L1-dcache accesses
649763,,cpu_core/branch-instructions/,688715,61.00,,
28957,,cpu_core/branch-misses/,688715,61.00,,
3975211,,cpu_core/instructions/,688715,61.00,,
4107036,,cpu_core/cpu-cycles/,688715,61.00,,
2,,context-switches,1126576,100.00,,
180,,page-faults,1126576,100.00,,

----- [optimized] H=128 W=128 K=3 seed=1234 rep=15/20 exit=0 -----
PROFILING optimized variant=default H=128 W=128 K=3 seed=1234
checksum 1.545684
--- perf stat -x, ---
759762,,cpu_core/L1-dcache-loads/,680170,61.00,,
26608,,cpu_core/L1-dcache-load-misses/,680170,61.00,3.50,of all L1-dcache accesses
651256,,cpu_core/branch-instructions/,680170,61.00,,
28032,,cpu_core/branch-misses/,680170,61.00,,
3993594,,cpu_core/instructions/,680170,61.00,,
4041029,,cpu_core/cpu-cycles/,680170,61.00,,
1,,context-switches,1108984,100.00,,
179,,page-faults,1108984,100.00,,

----- [optimized] H=128 W=128 K=3 seed=1234 rep=16/20 exit=0 -----
PROFILING optimized variant=default H=128 W=128 K=3 seed=1234
checksum 1.545684
--- perf stat -x, ---
759387,,cpu_core/L1-dcache-loads/,676119,60.00,,
24919,,cpu_core/L1-dcache-load-misses/,676119,60.00,3.28,of all L1-dcache accesses
653506,,cpu_core/branch-instructions/,676119,60.00,,
27704,,cpu_core/branch-misses/,676119,60.00,,
3995415,,cpu_core/instructions/,676119,60.00,,
4048025,,cpu_core/cpu-cycles/,676119,60.00,,
1,,context-switches,1108453,100.00,,
181,,page-faults,1108453,100.00,,

----- [optimized] H=128 W=128 K=3 seed=1234 rep=17/20 exit=0 -----
PROFILING optimized variant=default H=128 W=128 K=3 seed=1234
checksum 1.545684
--- perf stat -x, ---
802855,,cpu_core/L1-dcache-loads/,663299,57.00,,
24571,,cpu_core/L1-dcache-load-misses/,663299,57.00,3.06,of all L1-dcache accesses
690967,,cpu_core/branch-instructions/,663299,57.00,,
28885,,cpu_core/branch-misses/,663299,57.00,,
4225945,,cpu_core/instructions/,663299,57.00,,
4205241,,cpu_core/cpu-cycles/,663299,57.00,,
2,,context-switches,1154418,100.00,,
181,,page-faults,1154418,100.00,,

----- [optimized] H=128 W=128 K=3 seed=1234 rep=18/20 exit=0 -----
PROFILING optimized variant=default H=128 W=128 K=3 seed=1234
checksum 1.545684
--- perf stat -x, ---
742273,,cpu_core/L1-dcache-loads/,675776,62.00,,
25301,,cpu_core/L1-dcache-load-misses/,675776,62.00,3.41,of all L1-dcache accesses
638457,,cpu_core/branch-instructions/,675776,62.00,,
27029,,cpu_core/branch-misses/,675776,62.00,,
3909336,,cpu_core/instructions/,675776,62.00,,
3966838,,cpu_core/cpu-cycles/,675776,62.00,,
1,,context-switches,1087526,100.00,,
179,,page-faults,1087526,100.00,,

----- [optimized] H=128 W=128 K=3 seed=1234 rep=19/20 exit=0 -----
PROFILING optimized variant=default H=128 W=128 K=3 seed=1234
checksum 1.545684
--- perf stat -x, ---
763950,,cpu_core/L1-dcache-loads/,663925,60.00,,
23328,,cpu_core/L1-dcache-load-misses/,663925,60.00,3.05,of all L1-dcache accesses
657159,,cpu_core/branch-instructions/,663925,60.00,,
28430,,cpu_core/branch-misses/,663925,60.00,,
4021730,,cpu_core/instructions/,663925,60.00,,
4009337,,cpu_core/cpu-cycles/,663925,60.00,,
1,,context-switches,1100113,100.00,,
178,,page-faults,1100113,100.00,,

----- [optimized] H=128 W=128 K=3 seed=1234 rep=20/20 exit=0 -----
PROFILING optimized variant=default H=128 W=128 K=3 seed=1234
checksum 1.545684
--- perf stat -x, ---
698302,,cpu_core/L1-dcache-loads/,1007236,100.00,,
20493,,cpu_core/L1-dcache-load-misses/,1007236,100.00,2.93,of all L1-dcache accesses
568334,,cpu_core/branch-instructions/,1007236,100.00,,
23230,,cpu_core/branch-misses/,1007236,100.00,,
3395595,,cpu_core/instructions/,1007236,100.00,,
3617421,,cpu_core/cpu-cycles/,1007236,100.00,,
1,,context-switches,1007236,100.00,,
178,,page-faults,1007236,100.00,,

----- [optimized] H=256 W=256 K=3 seed=1234 rep=1/20 exit=0 -----
PROFILING optimized variant=default H=256 W=256 K=3 seed=1234
checksum 1.200319
--- perf stat -x, ---
1240354,,cpu_core/L1-dcache-loads/,1400640,74.00,,
31071,,cpu_core/L1-dcache-load-misses/,1400640,74.00,2.51,of all L1-dcache accesses
1201868,,cpu_core/branch-instructions/,1400640,74.00,,
57439,,cpu_core/branch-misses/,1400640,74.00,,
7900768,,cpu_core/instructions/,1400640,74.00,,
6770546,,cpu_core/cpu-cycles/,1400640,74.00,,
1,,context-switches,1869250,100.00,,
328,,page-faults,1869250,100.00,,

----- [optimized] H=256 W=256 K=3 seed=1234 rep=2/20 exit=0 -----
PROFILING optimized variant=default H=256 W=256 K=3 seed=1234
checksum 1.200319
--- perf stat -x, ---
1237075,,cpu_core/L1-dcache-loads/,1402352,75.00,,
31446,,cpu_core/L1-dcache-load-misses/,1402352,75.00,2.54,of all L1-dcache accesses
1197817,,cpu_core/branch-instructions/,1402352,75.00,,
56110,,cpu_core/branch-misses/,1402352,75.00,,
7876173,,cpu_core/instructions/,1402352,75.00,,
6756995,,cpu_core/cpu-cycles/,1402352,75.00,,
1,,context-switches,1861523,100.00,,
327,,page-faults,1861523,100.00,,

----- [optimized] H=256 W=256 K=3 seed=1234 rep=3/20 exit=0 -----
PROFILING optimized variant=default H=256 W=256 K=3 seed=1234
checksum 1.200319
--- perf stat -x, ---
1227613,,cpu_core/L1-dcache-loads/,1462145,75.00,,
29195,,cpu_core/L1-dcache-load-misses/,1462145,75.00,2.38,of all L1-dcache accesses
1191163,,cpu_core/branch-instructions/,1462145,75.00,,
54607,,cpu_core/branch-misses/,1462145,75.00,,
7827652,,cpu_core/instructions/,1462145,75.00,,
7033830,,cpu_core/cpu-cycles/,1462145,75.00,,
1,,context-switches,1937173,100.00,,
325,,page-faults,1937173,100.00,,

----- [optimized] H=256 W=256 K=3 seed=1234 rep=4/20 exit=0 -----
PROFILING optimized variant=default H=256 W=256 K=3 seed=1234
checksum 1.200319
--- perf stat -x, ---
1275187,,cpu_core/L1-dcache-loads/,1495776,72.00,,
30974,,cpu_core/L1-dcache-load-misses/,1495776,72.00,2.43,of all L1-dcache accesses
1238019,,cpu_core/branch-instructions/,1495776,72.00,,
57037,,cpu_core/branch-misses/,1495776,72.00,,
8138202,,cpu_core/instructions/,1495776,72.00,,
7454942,,cpu_core/cpu-cycles/,1495776,72.00,,
2,,context-switches,2064812,100.00,,
323,,page-faults,2064812,100.00,,

----- [optimized] H=256 W=256 K=3 seed=1234 rep=5/20 exit=0 -----
PROFILING optimized variant=default H=256 W=256 K=3 seed=1234
checksum 1.200319
--- perf stat -x, ---
1237785,,cpu_core/L1-dcache-loads/,1387162,74.00,,
29746,,cpu_core/L1-dcache-load-misses/,1387162,74.00,2.40,of all L1-dcache accesses
1200443,,cpu_core/branch-instructions/,1387162,74.00,,
56098,,cpu_core/branch-misses/,1387162,74.00,,
7895060,,cpu_core/instructions/,1387162,74.00,,
6731437,,cpu_core/cpu-cycles/,1387162,74.00,,
1,,context-switches,1854170,100.00,,
326,,page-faults,1854170,100.00,,

----- [optimized] H=256 W=256 K=3 seed=1234 rep=6/20 exit=0 -----
PROFILING optimized variant=default H=256 W=256 K=3 seed=1234
checksum 1.200319
--- perf stat -x, ---
1163705,,cpu_core/L1-dcache-loads/,1760951,100.00,,
28385,,cpu_core/L1-dcache-load-misses/,1760951,100.00,2.44,of all L1-dcache accesses
1069954,,cpu_core/branch-instructions/,1760951,100.00,,
48281,,cpu_core/branch-misses/,1760951,100.00,,
6871862,,cpu_core/instructions/,1760951,100.00,,
6055561,,cpu_core/cpu-cycles/,1760951,100.00,,
1,,context-switches,1760951,100.00,,
327,,page-faults,1760951,100.00,,

----- [optimized] H=256 W=256 K=3 seed=1234 rep=7/20 exit=0 -----
PROFILING optimized variant=default H=256 W=256 K=3 seed=1234
checksum 1.200319
--- perf stat -x, ---
1205122,,cpu_core/L1-dcache-loads/,1384520,77.00,,
28805,,cpu_core/L1-dcache-load-misses/,1384520,77.00,2.39,of all L1-dcache accesses
1168308,,cpu_core/branch-instructions/,1384520,77.00,,
53401,,cpu_core/branch-misses/,1384520,77.00,,
7683074,,cpu_core/instructions/,1384520,77.00,,
6514305,,cpu_core/cpu-cycles/,1384520,77.00,,
1,,context-switches,1797703,100.00,,
327,,page-faults,1797703,100.00,,

----- [optimized] H=256 W=256 K=3 seed=1234 rep=8/20 exit=0 -----
PROFILING optimized variant=default H=256 W=256 K=3 seed=1234
checksum 1.200319
--- perf stat -x, ---
1197206,,cpu_core/L1-dcache-loads/,1705222,92.00,,
29023,,cpu_core/L1-dcache-load-misses/,1705222,92.00,2.42,of all L1-dcache accesses
1110954,,cpu_core/branch-instructions/,1705222,92.00,,
50193,,cpu_core/branch-misses/,1705222,92.00,,
7177050,,cpu_core/instructions/,1705222,92.00,,
6355792,,cpu_core/cpu-cycles/,1705222,92.00,,
2,,context-switches,1841934,100.00,,
325,,page-faults,1841934,100.00,,

----- [optimized] H=256 W=256 K=3 seed=1234 rep=9/20 exit=0 -----
PROFILING optimized variant=default H=256 W=256 K=3 seed=1234
checksum 1.200319
--- perf stat -x, ---
1223034,,cpu_core/L1-dcache-loads/,1386198,75.00,,
30831,,cpu_core/L1-dcache-load-misses/,1386198,75.00,2.52,of all L1-dcache accesses
1186196,,cpu_core/branch-instructions/,1386198,75.00,,
55102,,cpu_core/branch-misses/,1386198,75.00,,
7793077,,cpu_core/instructions/,1386198,75.00,,
6612251,,cpu_core/cpu-cycles/,1386198,75.00,,
1,,context-switches,1825569,100.00,,
327,,page-faults,1825569,100.00,,

----- [optimized] H=256 W=256 K=3 seed=1234 rep=10/20 exit=0 -----
PROFILING optimized variant=default H=256 W=256 K=3 seed=1234
checksum 1.200319
--- perf stat -x, ---
1204036,,cpu_core/L1-dcache-loads/,1447747,77.00,,
29124,,cpu_core/L1-dcache-load-misses/,1447747,77.00,2.42,of all L1-dcache accesses
1166593,,cpu_core/branch-instructions/,1447747,77.00,,
53701,,cpu_core/branch-misses/,1447747,77.00,,
7672055,,cpu_core/instructions/,1447747,77.00,,
6780799,,cpu_core/cpu-cycles/,1447747,77.00,,
1,,context-switches,1877977,100.00,,
325,,page-faults,1877977,100.00,,

----- [optimized] H=256 W=256 K=3 seed=1234 rep=11/20 exit=0 -----
PROFILING optimized variant=default H=256 W=256 K=3 seed=1234
checksum 1.200319
--- perf stat -x, ---
1227395,,cpu_core/L1-dcache-loads/,1366212,75.00,,
31472,,cpu_core/L1-dcache-load-misses/,1366212,75.00,2.56,of all L1-dcache accesses
1191377,,cpu_core/branch-instructions/,1366212,75.00,,
54199,,cpu_core/branch-misses/,1366212,75.00,,
7830349,,cpu_core/instructions/,1366212,75.00,,
6568199,,cpu_core/cpu-cycles/,1366212,75.00,,
1,,context-switches,1813475,100.00,,
326,,page-faults,1813475,100.00,,

----- [optimized] H=256 W=256 K=3 seed=1234 rep=12/20 exit=0 -----
PROFILING optimized variant=default H=256 W=256 K=3 seed=1234
checksum 1.200319
--- perf stat -x, ---
1217775,,cpu_core/L1-dcache-loads/,1424577,76.00,,
31290,,cpu_core/L1-dcache-load-misses/,1424577,76.00,2.57,of all L1-dcache accesses
1179728,,cpu_core/branch-instructions/,1424577,76.00,,
54405,,cpu_core/branch-misses/,1424577,76.00,,
7751225,,cpu_core/instructions/,1424577,76.00,,
6751985,,cpu_core/cpu-cycles/,1424577,76.00,,
1,,context-switches,1862185,100.00,,
329,,page-faults,1862185,100.00,,

----- [optimized] H=256 W=256 K=3 seed=1234 rep=13/20 exit=0 -----
PROFILING optimized variant=default H=256 W=256 K=3 seed=1234
checksum 1.200319
--- perf stat -x, ---
1214890,,cpu_core/L1-dcache-loads/,1373605,76.00,,
29721,,cpu_core/L1-dcache-load-misses/,1373605,76.00,2.45,of all L1-dcache accesses
1179207,,cpu_core/branch-instructions/,1373605,76.00,,
55175,,cpu_core/branch-misses/,1373605,76.00,,
7751644,,cpu_core/instructions/,1373605,76.00,,
6545107,,cpu_core/cpu-cycles/,1373605,76.00,,
1,,context-switches,1805316,100.00,,
326,,page-faults,1805316,100.00,,

----- [optimized] H=256 W=256 K=3 seed=1234 rep=14/20 exit=0 -----
PROFILING optimized variant=default H=256 W=256 K=3 seed=1234
checksum 1.200319
--- perf stat -x, ---
1239014,,cpu_core/L1-dcache-loads/,1442369,75.00,,
31652,,cpu_core/L1-dcache-load-misses/,1442369,75.00,2.55,of all L1-dcache accesses
1198066,,cpu_core/branch-instructions/,1442369,75.00,,
55271,,cpu_core/branch-misses/,1442369,75.00,,
7872212,,cpu_core/instructions/,1442369,75.00,,
6913004,,cpu_core/cpu-cycles/,1442369,75.00,,
2,,context-switches,1907578,100.00,,
326,,page-faults,1907578,100.00,,

----- [optimized] H=256 W=256 K=3 seed=1234 rep=15/20 exit=0 -----
PROFILING optimized variant=default H=256 W=256 K=3 seed=1234
checksum 1.200319
--- perf stat -x, ---
1234812,,cpu_core/L1-dcache-loads/,1398506,74.00,,
28120,,cpu_core/L1-dcache-load-misses/,1398506,74.00,2.28,of all L1-dcache accesses
1198905,,cpu_core/branch-instructions/,1398506,74.00,,
54252,,cpu_core/branch-misses/,1398506,74.00,,
7881609,,cpu_core/instructions/,1398506,74.00,,
6791641,,cpu_core/cpu-cycles/,1398506,74.00,,
1,,context-switches,1870024,100.00,,
326,,page-faults,1870024,100.00,,

----- [optimized] H=256 W=256 K=3 seed=1234 rep=16/20 exit=0 -----
PROFILING optimized variant=default H=256 W=256 K=3 seed=1234
checksum 1.200319
--- perf stat -x, ---
1211167,,cpu_core/L1-dcache-loads/,1359438,76.00,,
27636,,cpu_core/L1-dcache-load-misses/,1359438,76.00,2.28,of all L1-dcache accesses
1175536,,cpu_core/branch-instructions/,1359438,76.00,,
53810,,cpu_core/branch-misses/,1359438,76.00,,
7727806,,cpu_core/instructions/,1359438,76.00,,
6460278,,cpu_core/cpu-cycles/,1359438,76.00,,
2,,context-switches,1780888,100.00,,
325,,page-faults,1780888,100.00,,

----- [optimized] H=256 W=256 K=3 seed=1234 rep=17/20 exit=0 -----
PROFILING optimized variant=default H=256 W=256 K=3 seed=1234
checksum 1.200319
--- perf stat -x, ---
1235249,,cpu_core/L1-dcache-loads/,1389454,75.00,,
30263,,cpu_core/L1-dcache-load-misses/,1389454,75.00,2.45,of all L1-dcache accesses
1196854,,cpu_core/branch-instructions/,1389454,75.00,,
54935,,cpu_core/branch-misses/,1389454,75.00,,
7869492,,cpu_core/instructions/,1389454,75.00,,
6708736,,cpu_core/cpu-cycles/,1389454,75.00,,
1,,context-switches,1848273,100.00,,
328,,page-faults,1848273,100.00,,

----- [optimized] H=256 W=256 K=3 seed=1234 rep=18/20 exit=0 -----
PROFILING optimized variant=default H=256 W=256 K=3 seed=1234
checksum 1.200319
--- perf stat -x, ---
1220381,,cpu_core/L1-dcache-loads/,1492161,76.00,,
28303,,cpu_core/L1-dcache-load-misses/,1492161,76.00,2.32,of all L1-dcache accesses
1183488,,cpu_core/branch-instructions/,1492161,76.00,,
54694,,cpu_core/branch-misses/,1492161,76.00,,
7775141,,cpu_core/instructions/,1492161,76.00,,
7079309,,cpu_core/cpu-cycles/,1492161,76.00,,
1,,context-switches,1960436,100.00,,
328,,page-faults,1960436,100.00,,

----- [optimized] H=256 W=256 K=3 seed=1234 rep=19/20 exit=0 -----
PROFILING optimized variant=default H=256 W=256 K=3 seed=1234
checksum 1.200319
--- perf stat -x, ---
1255384,,cpu_core/L1-dcache-loads/,1398798,73.00,,
29995,,cpu_core/L1-dcache-load-misses/,1398798,73.00,2.39,of all L1-dcache accesses
1217052,,cpu_core/branch-instructions/,1398798,73.00,,
56493,,cpu_core/branch-misses/,1398798,73.00,,
8001384,,cpu_core/instructions/,1398798,73.00,,
6858578,,cpu_core/cpu-cycles/,1398798,73.00,,
1,,context-switches,1891847,100.00,,
325,,page-faults,1891847,100.00,,

----- [optimized] H=256 W=256 K=3 seed=1234 rep=20/20 exit=0 -----
PROFILING optimized variant=default H=256 W=256 K=3 seed=1234
checksum 1.200319
--- perf stat -x, ---
1243002,,cpu_core/L1-dcache-loads/,1512432,80.00,,
27722,,cpu_core/L1-dcache-load-misses/,1512432,80.00,2.23,of all L1-dcache accesses
1184792,,cpu_core/branch-instructions/,1512432,80.00,,
53798,,cpu_core/branch-misses/,1512432,80.00,,
7713404,,cpu_core/instructions/,1512432,80.00,,
6733440,,cpu_core/cpu-cycles/,1512432,80.00,,
2,,context-switches,1873043,100.00,,
327,,page-faults,1873043,100.00,,

----- [optimized] H=512 W=512 K=3 seed=1234 rep=1/20 exit=0 -----
PROFILING optimized variant=default H=512 W=512 K=3 seed=1234
checksum -0.596669
--- perf stat -x, ---
3050657,,cpu_core/L1-dcache-loads/,4369237,90.00,,
53873,,cpu_core/L1-dcache-load-misses/,4369237,90.00,1.77,of all L1-dcache accesses
3191405,,cpu_core/branch-instructions/,4369237,90.00,,
157183,,cpu_core/branch-misses/,4369237,90.00,,
21773352,,cpu_core/instructions/,4369237,90.00,,
17356862,,cpu_core/cpu-cycles/,4369237,90.00,,
2,,context-switches,4806293,100.00,,
904,,page-faults,4806293,100.00,,

----- [optimized] H=512 W=512 K=3 seed=1234 rep=2/20 exit=0 -----
PROFILING optimized variant=default H=512 W=512 K=3 seed=1234
checksum -0.596669
--- perf stat -x, ---
3031447,,cpu_core/L1-dcache-loads/,4165851,90.00,,
57071,,cpu_core/L1-dcache-load-misses/,4165851,90.00,1.88,of all L1-dcache accesses
3174901,,cpu_core/branch-instructions/,4165851,90.00,,
155111,,cpu_core/branch-misses/,4165851,90.00,,
21670933,,cpu_core/instructions/,4165851,90.00,,
16539692,,cpu_core/cpu-cycles/,4165851,90.00,,
1,,context-switches,4581179,100.00,,
903,,page-faults,4581179,100.00,,

----- [optimized] H=512 W=512 K=3 seed=1234 rep=3/20 exit=0 -----
PROFILING optimized variant=default H=512 W=512 K=3 seed=1234
checksum -0.596669
--- perf stat -x, ---
3015481,,cpu_core/L1-dcache-loads/,4233075,91.00,,
53627,,cpu_core/L1-dcache-load-misses/,4233075,91.00,1.78,of all L1-dcache accesses
3157749,,cpu_core/branch-instructions/,4233075,91.00,,
154457,,cpu_core/branch-misses/,4233075,91.00,,
21556653,,cpu_core/instructions/,4233075,91.00,,
16713507,,cpu_core/cpu-cycles/,4233075,91.00,,
1,,context-switches,4630963,100.00,,
903,,page-faults,4630963,100.00,,

----- [optimized] H=512 W=512 K=3 seed=1234 rep=4/20 exit=0 -----
PROFILING optimized variant=default H=512 W=512 K=3 seed=1234
checksum -0.596669
--- perf stat -x, ---
3037424,,cpu_core/L1-dcache-loads/,4175992,90.00,,
59906,,cpu_core/L1-dcache-load-misses/,4175992,90.00,1.97,of all L1-dcache accesses
3178900,,cpu_core/branch-instructions/,4175992,90.00,,
155512,,cpu_core/branch-misses/,4175992,90.00,,
21696617,,cpu_core/instructions/,4175992,90.00,,
16570373,,cpu_core/cpu-cycles/,4175992,90.00,,
1,,context-switches,4593721,100.00,,
904,,page-faults,4593721,100.00,,

----- [optimized] H=512 W=512 K=3 seed=1234 rep=5/20 exit=0 -----
PROFILING optimized variant=default H=512 W=512 K=3 seed=1234
checksum -0.596669
--- perf stat -x, ---
3046376,,cpu_core/L1-dcache-loads/,4160140,90.00,,
57071,,cpu_core/L1-dcache-load-misses/,4160140,90.00,1.87,of all L1-dcache accesses
3190035,,cpu_core/branch-instructions/,4160140,90.00,,
157221,,cpu_core/branch-misses/,4160140,90.00,,
21769849,,cpu_core/instructions/,4160140,90.00,,
16594121,,cpu_core/cpu-cycles/,4160140,90.00,,
1,,context-switches,4594849,100.00,,
905,,page-faults,4594849,100.00,,

----- [optimized] H=512 W=512 K=3 seed=1234 rep=6/20 exit=0 -----
PROFILING optimized variant=default H=512 W=512 K=3 seed=1234
checksum -0.596669
--- perf stat -x, ---
3043293,,cpu_core/L1-dcache-loads/,4295618,91.00,,
55043,,cpu_core/L1-dcache-load-misses/,4295618,91.00,1.81,of all L1-dcache accesses
3183243,,cpu_core/branch-instructions/,4295618,91.00,,
154285,,cpu_core/branch-misses/,4295618,91.00,,
21723480,,cpu_core/instructions/,4295618,91.00,,
17048868,,cpu_core/cpu-cycles/,4295618,91.00,,
1,,context-switches,4715827,100.00,,
902,,page-faults,4715827,100.00,,

----- [optimized] H=512 W=512 K=3 seed=1234 rep=7/20 exit=0 -----
PROFILING optimized variant=default H=512 W=512 K=3 seed=1234
checksum -0.596669
--- perf stat -x, ---
3029044,,cpu_core/L1-dcache-loads/,4169373,90.00,,
58764,,cpu_core/L1-dcache-load-misses/,4169373,90.00,1.94,of all L1-dcache accesses
3172441,,cpu_core/branch-instructions/,4169373,90.00,,
155379,,cpu_core/branch-misses/,4169373,90.00,,
21653129,,cpu_core/instructions/,4169373,90.00,,
16533359,,cpu_core/cpu-cycles/,4169373,90.00,,
1,,context-switches,4582296,100.00,,
903,,page-faults,4582296,100.00,,

----- [optimized] H=512 W=512 K=3 seed=1234 rep=8/20 exit=0 -----
PROFILING optimized variant=default H=512 W=512 K=3 seed=1234
checksum -0.596669
--- perf stat -x, ---
3015925,,cpu_core/L1-dcache-loads/,4505350,98.00,,
57762,,cpu_core/L1-dcache-load-misses/,4505350,98.00,1.92,of all L1-dcache accesses
3088033,,cpu_core/branch-instructions/,4505350,98.00,,
149317,,cpu_core/branch-misses/,4505350,98.00,,
20883227,,cpu_core/instructions/,4505350,98.00,,
16267010,,cpu_core/cpu-cycles/,4505350,98.00,,
3,,context-switches,4566485,100.00,,
904,,page-faults,4566485,100.00,,

----- [optimized] H=512 W=512 K=3 seed=1234 rep=9/20 exit=0 -----
PROFILING optimized variant=default H=512 W=512 K=3 seed=1234
checksum -0.596669
--- perf stat -x, ---
2995780,,cpu_core/L1-dcache-loads/,4466270,100.00,,
54392,,cpu_core/L1-dcache-load-misses/,4466270,100.00,1.82,of all L1-dcache accesses
3059879,,cpu_core/branch-instructions/,4466270,100.00,,
147949,,cpu_core/branch-misses/,4466270,100.00,,
20682239,,cpu_core/instructions/,4466270,100.00,,
15938547,,cpu_core/cpu-cycles/,4466270,100.00,,
2,,context-switches,4466270,100.00,,
903,,page-faults,4466270,100.00,,

----- [optimized] H=512 W=512 K=3 seed=1234 rep=10/20 exit=0 -----
PROFILING optimized variant=default H=512 W=512 K=3 seed=1234
checksum -0.596669
--- perf stat -x, ---
3009580,,cpu_core/L1-dcache-loads/,4215015,91.00,,
59568,,cpu_core/L1-dcache-load-misses/,4215015,91.00,1.98,of all L1-dcache accesses
3151641,,cpu_core/branch-instructions/,4215015,91.00,,
153766,,cpu_core/branch-misses/,4215015,91.00,,
21507713,,cpu_core/instructions/,4215015,91.00,,
16578025,,cpu_core/cpu-cycles/,4215015,91.00,,
1,,context-switches,4599510,100.00,,
904,,page-faults,4599510,100.00,,

----- [optimized] H=512 W=512 K=3 seed=1234 rep=11/20 exit=0 -----
PROFILING optimized variant=default H=512 W=512 K=3 seed=1234
checksum -0.596669
--- perf stat -x, ---
3062583,,cpu_core/L1-dcache-loads/,4154487,90.00,,
53058,,cpu_core/L1-dcache-load-misses/,4154487,90.00,1.73,of all L1-dcache accesses
3206556,,cpu_core/branch-instructions/,4154487,90.00,,
156341,,cpu_core/branch-misses/,4154487,90.00,,
21884407,,cpu_core/instructions/,4154487,90.00,,
16644365,,cpu_core/cpu-cycles/,4154487,90.00,,
2,,context-switches,4611043,100.00,,
904,,page-faults,4611043,100.00,,

----- [optimized] H=512 W=512 K=3 seed=1234 rep=12/20 exit=0 -----
PROFILING optimized variant=default H=512 W=512 K=3 seed=1234
checksum -0.596669
--- perf stat -x, ---
3040111,,cpu_core/L1-dcache-loads/,4153622,90.00,,
54950,,cpu_core/L1-dcache-load-misses/,4153622,90.00,1.81,of all L1-dcache accesses
3183130,,cpu_core/branch-instructions/,4153622,90.00,,
155348,,cpu_core/branch-misses/,4153622,90.00,,
21727321,,cpu_core/instructions/,4153622,90.00,,
16530170,,cpu_core/cpu-cycles/,4153622,90.00,,
1,,context-switches,4578799,100.00,,
904,,page-faults,4578799,100.00,,

----- [optimized] H=512 W=512 K=3 seed=1234 rep=13/20 exit=0 -----
PROFILING optimized variant=default H=512 W=512 K=3 seed=1234
checksum -0.596669
--- perf stat -x, ---
3037505,,cpu_core/L1-dcache-loads/,4322087,90.00,,
61754,,cpu_core/L1-dcache-load-misses/,4322087,90.00,2.03,of all L1-dcache accesses
3181527,,cpu_core/branch-instructions/,4322087,90.00,,
156767,,cpu_core/branch-misses/,4322087,90.00,,
21713261,,cpu_core/instructions/,4322087,90.00,,
17181289,,cpu_core/cpu-cycles/,4322087,90.00,,
1,,context-switches,4763176,100.00,,
904,,page-faults,4763176,100.00,,

----- [optimized] H=512 W=512 K=3 seed=1234 rep=14/20 exit=0 -----
PROFILING optimized variant=default H=512 W=512 K=3 seed=1234
checksum -0.596669
--- perf stat -x, ---
3041794,,cpu_core/L1-dcache-loads/,4263386,90.00,,
56167,,cpu_core/L1-dcache-load-misses/,4263386,90.00,1.85,of all L1-dcache accesses
3183870,,cpu_core/branch-instructions/,4263386,90.00,,
155052,,cpu_core/branch-misses/,4263386,90.00,,
21730313,,cpu_core/instructions/,4263386,90.00,,
16974340,,cpu_core/cpu-cycles/,4263386,90.00,,
1,,context-switches,4697761,100.00,,
904,,page-faults,4697761,100.00,,

----- [optimized] H=512 W=512 K=3 seed=1234 rep=15/20 exit=0 -----
PROFILING optimized variant=default H=512 W=512 K=3 seed=1234
checksum -0.596669
--- perf stat -x, ---
3058209,,cpu_core/L1-dcache-loads/,4261074,90.00,,
51916,,cpu_core/L1-dcache-load-misses/,4261074,90.00,1.70,of all L1-dcache accesses
3203042,,cpu_core/branch-instructions/,4261074,90.00,,
156546,,cpu_core/branch-misses/,4261074,90.00,,
21860835,,cpu_core/instructions/,4261074,90.00,,
17076102,,cpu_core/cpu-cycles/,4261074,90.00,,
1,,context-switches,4727470,100.00,,
902,,page-faults,4727470,100.00,,

----- [optimized] H=512 W=512 K=3 seed=1234 rep=16/20 exit=0 -----
PROFILING optimized variant=default H=512 W=512 K=3 seed=1234
checksum -0.596669
--- perf stat -x, ---
3031040,,cpu_core/L1-dcache-loads/,4273126,91.00,,
58619,,cpu_core/L1-dcache-load-misses/,4273126,91.00,1.93,of all L1-dcache accesses
3172207,,cpu_core/branch-instructions/,4273126,91.00,,
156291,,cpu_core/branch-misses/,4273126,91.00,,
21648438,,cpu_core/instructions/,4273126,91.00,,
16935992,,cpu_core/cpu-cycles/,4273126,91.00,,
1,,context-switches,4688299,100.00,,
903,,page-faults,4688299,100.00,,

----- [optimized] H=512 W=512 K=3 seed=1234 rep=17/20 exit=0 -----
PROFILING optimized variant=default H=512 W=512 K=3 seed=1234
checksum -0.596669
--- perf stat -x, ---
3026958,,cpu_core/L1-dcache-loads/,4263969,91.00,,
59413,,cpu_core/L1-dcache-load-misses/,4263969,91.00,1.96,of all L1-dcache accesses
3169664,,cpu_core/branch-instructions/,4263969,91.00,,
154812,,cpu_core/branch-misses/,4263969,91.00,,
21628850,,cpu_core/instructions/,4263969,91.00,,
16902300,,cpu_core/cpu-cycles/,4263969,91.00,,
1,,context-switches,4678611,100.00,,
904,,page-faults,4678611,100.00,,

----- [optimized] H=512 W=512 K=3 seed=1234 rep=18/20 exit=0 -----
PROFILING optimized variant=default H=512 W=512 K=3 seed=1234
checksum -0.596669
--- perf stat -x, ---
2997872,,cpu_core/L1-dcache-loads/,4649864,100.00,,
56720,,cpu_core/L1-dcache-load-misses/,4649864,100.00,1.89,of all L1-dcache accesses
3061441,,cpu_core/branch-instructions/,4649864,100.00,,
147550,,cpu_core/branch-misses/,4649864,100.00,,
20691336,,cpu_core/instructions/,4649864,100.00,,
16576963,,cpu_core/cpu-cycles/,4649864,100.00,,
1,,context-switches,4649864,100.00,,
905,,page-faults,4649864,100.00,,

----- [optimized] H=512 W=512 K=3 seed=1234 rep=19/20 exit=0 -----
PROFILING optimized variant=default H=512 W=512 K=3 seed=1234
checksum -0.596669
--- perf stat -x, ---
3042798,,cpu_core/L1-dcache-loads/,4158016,90.00,,
57738,,cpu_core/L1-dcache-load-misses/,4158016,90.00,1.90,of all L1-dcache accesses
3185451,,cpu_core/branch-instructions/,4158016,90.00,,
155077,,cpu_core/branch-misses/,4158016,90.00,,
21740571,,cpu_core/instructions/,4158016,90.00,,
16546864,,cpu_core/cpu-cycles/,4158016,90.00,,
1,,context-switches,4584982,100.00,,
904,,page-faults,4584982,100.00,,

----- [optimized] H=512 W=512 K=3 seed=1234 rep=20/20 exit=0 -----
PROFILING optimized variant=default H=512 W=512 K=3 seed=1234
checksum -0.596669
--- perf stat -x, ---
3067855,,cpu_core/L1-dcache-loads/,4177454,90.00,,
54928,,cpu_core/L1-dcache-load-misses/,4177454,90.00,1.79,of all L1-dcache accesses
3210558,,cpu_core/branch-instructions/,4177454,90.00,,
156080,,cpu_core/branch-misses/,4177454,90.00,,
21909384,,cpu_core/instructions/,4177454,90.00,,
16721039,,cpu_core/cpu-cycles/,4177454,90.00,,
1,,context-switches,4639164,100.00,,
904,,page-faults,4639164,100.00,,

----- [optimized] H=1024 W=1024 K=3 seed=1234 rep=1/20 exit=0 -----
PROFILING optimized variant=default H=1024 W=1024 K=3 seed=1234
checksum -0.395011
--- perf stat -x, ---
10356828,,cpu_core/L1-dcache-loads/,15469427,97.00,,
181936,,cpu_core/L1-dcache-load-misses/,15469427,97.00,1.76,of all L1-dcache accesses
11138857,,cpu_core/branch-instructions/,15469427,97.00,,
555921,,cpu_core/branch-misses/,15469427,97.00,,
76954298,,cpu_core/instructions/,15469427,97.00,,
57194758,,cpu_core/cpu-cycles/,15469427,97.00,,
1,,context-switches,15875032,100.00,,
3211,,page-faults,15875032,100.00,,

----- [optimized] H=1024 W=1024 K=3 seed=1234 rep=2/20 exit=0 -----
PROFILING optimized variant=default H=1024 W=1024 K=3 seed=1234
checksum -0.395011
--- perf stat -x, ---
10399183,,cpu_core/L1-dcache-loads/,15954485,96.00,,
187683,,cpu_core/L1-dcache-load-misses/,15954485,96.00,1.80,of all L1-dcache accesses
11189626,,cpu_core/branch-instructions/,15954485,96.00,,
558159,,cpu_core/branch-misses/,15954485,96.00,,
77303411,,cpu_core/instructions/,15954485,96.00,,
59429472,,cpu_core/cpu-cycles/,15954485,96.00,,
2,,context-switches,16468269,100.00,,
3208,,page-faults,16468269,100.00,,

----- [optimized] H=1024 W=1024 K=3 seed=1234 rep=3/20 exit=0 -----
PROFILING optimized variant=default H=1024 W=1024 K=3 seed=1234
checksum -0.395011
--- perf stat -x, ---
10357516,,cpu_core/L1-dcache-loads/,15364729,97.00,,
188175,,cpu_core/L1-dcache-load-misses/,15364729,97.00,1.82,of all L1-dcache accesses
11145482,,cpu_core/branch-instructions/,15364729,97.00,,
555716,,cpu_core/branch-misses/,15364729,97.00,,
77004294,,cpu_core/instructions/,15364729,97.00,,
57007473,,cpu_core/cpu-cycles/,15364729,97.00,,
1,,context-switches,15800185,100.00,,
3211,,page-faults,15800185,100.00,,

----- [optimized] H=1024 W=1024 K=3 seed=1234 rep=4/20 exit=0 -----
PROFILING optimized variant=default H=1024 W=1024 K=3 seed=1234
checksum -0.395011
--- perf stat -x, ---
10338882,,cpu_core/L1-dcache-loads/,15395853,97.00,,
176104,,cpu_core/L1-dcache-load-misses/,15395853,97.00,1.70,of all L1-dcache accesses
11126300,,cpu_core/branch-instructions/,15395853,97.00,,
554352,,cpu_core/branch-misses/,15395853,97.00,,
76869062,,cpu_core/instructions/,15395853,97.00,,
56925468,,cpu_core/cpu-cycles/,15395853,97.00,,
2,,context-switches,15805340,100.00,,
3208,,page-faults,15805340,100.00,,

----- [optimized] H=1024 W=1024 K=3 seed=1234 rep=5/20 exit=0 -----
PROFILING optimized variant=default H=1024 W=1024 K=3 seed=1234
checksum -0.395011
--- perf stat -x, ---
10351701,,cpu_core/L1-dcache-loads/,15888879,97.00,,
180861,,cpu_core/L1-dcache-load-misses/,15888879,97.00,1.75,of all L1-dcache accesses
11139538,,cpu_core/branch-instructions/,15888879,97.00,,
555358,,cpu_core/branch-misses/,15888879,97.00,,
76961435,,cpu_core/instructions/,15888879,97.00,,
58921567,,cpu_core/cpu-cycles/,15888879,97.00,,
1,,context-switches,16330637,100.00,,
3210,,page-faults,16330637,100.00,,

----- [optimized] H=1024 W=1024 K=3 seed=1234 rep=6/20 exit=0 -----
PROFILING optimized variant=default H=1024 W=1024 K=3 seed=1234
checksum -0.395011
--- perf stat -x, ---
10355927,,cpu_core/L1-dcache-loads/,15643480,97.00,,
183516,,cpu_core/L1-dcache-load-misses/,15643480,97.00,1.77,of all L1-dcache accesses
11145400,,cpu_core/branch-instructions/,15643480,97.00,,
555523,,cpu_core/branch-misses/,15643480,97.00,,
77010594,,cpu_core/instructions/,15643480,97.00,,
57939848,,cpu_core/cpu-cycles/,15643480,97.00,,
1,,context-switches,16091860,100.00,,
3207,,page-faults,16091860,100.00,,

----- [optimized] H=1024 W=1024 K=3 seed=1234 rep=7/20 exit=0 -----
PROFILING optimized variant=default H=1024 W=1024 K=3 seed=1234
checksum -0.395011
--- perf stat -x, ---
10342344,,cpu_core/L1-dcache-loads/,15845975,97.00,,
187770,,cpu_core/L1-dcache-load-misses/,15845975,97.00,1.82,of all L1-dcache accesses
11128817,,cpu_core/branch-instructions/,15845975,97.00,,
556706,,cpu_core/branch-misses/,15845975,97.00,,
76882651,,cpu_core/instructions/,15845975,97.00,,
58713889,,cpu_core/cpu-cycles/,15845975,97.00,,
2,,context-switches,16267463,100.00,,
3210,,page-faults,16267463,100.00,,

----- [optimized] H=1024 W=1024 K=3 seed=1234 rep=8/20 exit=0 -----
PROFILING optimized variant=default H=1024 W=1024 K=3 seed=1234
checksum -0.395011
--- perf stat -x, ---
10303450,,cpu_core/L1-dcache-loads/,15742108,100.00,,
186101,,cpu_core/L1-dcache-load-misses/,15742108,100.00,1.81,of all L1-dcache accesses
11006283,,cpu_core/branch-instructions/,15742108,100.00,,
546923,,cpu_core/branch-misses/,15742108,100.00,,
75826122,,cpu_core/instructions/,15742108,100.00,,
56681565,,cpu_core/cpu-cycles/,15742108,100.00,,
1,,context-switches,15742108,100.00,,
3210,,page-faults,15742108,100.00,,

----- [optimized] H=1024 W=1024 K=3 seed=1234 rep=9/20 exit=0 -----
PROFILING optimized variant=default H=1024 W=1024 K=3 seed=1234
checksum -0.395011
--- perf stat -x, ---
10380849,,cpu_core/L1-dcache-loads/,15560963,97.00,,
173814,,cpu_core/L1-dcache-load-misses/,15560963,97.00,1.67,of all L1-dcache accesses
11171530,,cpu_core/branch-instructions/,15560963,97.00,,
558669,,cpu_core/branch-misses/,15560963,97.00,,
77184398,,cpu_core/instructions/,15560963,97.00,,
57819866,,cpu_core/cpu-cycles/,15560963,97.00,,
2,,context-switches,16041564,100.00,,
3210,,page-faults,16041564,100.00,,

----- [optimized] H=1024 W=1024 K=3 seed=1234 rep=10/20 exit=0 -----
PROFILING optimized variant=default H=1024 W=1024 K=3 seed=1234
checksum -0.395011
--- perf stat -x, ---
10323810,,cpu_core/L1-dcache-loads/,15369362,97.00,,
177710,,cpu_core/L1-dcache-load-misses/,15369362,97.00,1.72,of all L1-dcache accesses
11108415,,cpu_core/branch-instructions/,15369362,97.00,,
553215,,cpu_core/branch-misses/,15369362,97.00,,
76747204,,cpu_core/instructions/,15369362,97.00,,
56817601,,cpu_core/cpu-cycles/,15369362,97.00,,
1,,context-switches,15749710,100.00,,
3208,,page-faults,15749710,100.00,,

----- [optimized] H=1024 W=1024 K=3 seed=1234 rep=11/20 exit=0 -----
PROFILING optimized variant=default H=1024 W=1024 K=3 seed=1234
checksum -0.395011
--- perf stat -x, ---
10358452,,cpu_core/L1-dcache-loads/,15680002,98.00,,
175878,,cpu_core/L1-dcache-load-misses/,15680002,98.00,1.70,of all L1-dcache accesses
11104429,,cpu_core/branch-instructions/,15680002,98.00,,
553041,,cpu_core/branch-misses/,15680002,98.00,,
76621863,,cpu_core/instructions/,15680002,98.00,,
57226527,,cpu_core/cpu-cycles/,15680002,98.00,,
2,,context-switches,15944508,100.00,,
3207,,page-faults,15944508,100.00,,

----- [optimized] H=1024 W=1024 K=3 seed=1234 rep=12/20 exit=0 -----
PROFILING optimized variant=default H=1024 W=1024 K=3 seed=1234
checksum -0.395011
--- perf stat -x, ---
10363671,,cpu_core/L1-dcache-loads/,15683747,97.00,,
184058,,cpu_core/L1-dcache-load-misses/,15683747,97.00,1.78,of all L1-dcache accesses
11150218,,cpu_core/branch-instructions/,15683747,97.00,,
556091,,cpu_core/branch-misses/,15683747,97.00,,
77036283,,cpu_core/instructions/,15683747,97.00,,
58221485,,cpu_core/cpu-cycles/,15683747,97.00,,
2,,context-switches,16130925,100.00,,
3207,,page-faults,16130925,100.00,,

----- [optimized] H=1024 W=1024 K=3 seed=1234 rep=13/20 exit=0 -----
PROFILING optimized variant=default H=1024 W=1024 K=3 seed=1234
checksum -0.395011
--- perf stat -x, ---
10355350,,cpu_core/L1-dcache-loads/,15279594,97.00,,
182168,,cpu_core/L1-dcache-load-misses/,15279594,97.00,1.76,of all L1-dcache accesses
11142591,,cpu_core/branch-instructions/,15279594,97.00,,
557344,,cpu_core/branch-misses/,15279594,97.00,,
76982896,,cpu_core/instructions/,15279594,97.00,,
56600581,,cpu_core/cpu-cycles/,15279594,97.00,,
1,,context-switches,15706882,100.00,,
3210,,page-faults,15706882,100.00,,

----- [optimized] H=1024 W=1024 K=3 seed=1234 rep=14/20 exit=0 -----
PROFILING optimized variant=default H=1024 W=1024 K=3 seed=1234
checksum -0.395011
--- perf stat -x, ---
10375726,,cpu_core/L1-dcache-loads/,15787962,97.00,,
183875,,cpu_core/L1-dcache-load-misses/,15787962,97.00,1.77,of all L1-dcache accesses
11163798,,cpu_core/branch-instructions/,15787962,97.00,,
557505,,cpu_core/branch-misses/,15787962,97.00,,
77131914,,cpu_core/instructions/,15787962,97.00,,
58631819,,cpu_core/cpu-cycles/,15787962,97.00,,
2,,context-switches,16260083,100.00,,
3210,,page-faults,16260083,100.00,,

----- [optimized] H=1024 W=1024 K=3 seed=1234 rep=15/20 exit=0 -----
PROFILING optimized variant=default H=1024 W=1024 K=3 seed=1234
checksum -0.395011
--- perf stat -x, ---
10342647,,cpu_core/L1-dcache-loads/,15503935,97.00,,
182009,,cpu_core/L1-dcache-load-misses/,15503935,97.00,1.76,of all L1-dcache accesses
11127950,,cpu_core/branch-instructions/,15503935,97.00,,
556214,,cpu_core/branch-misses/,15503935,97.00,,
76883556,,cpu_core/instructions/,15503935,97.00,,
57400452,,cpu_core/cpu-cycles/,15503935,97.00,,
1,,context-switches,15915393,100.00,,
3208,,page-faults,15915393,100.00,,

----- [optimized] H=1024 W=1024 K=3 seed=1234 rep=16/20 exit=0 -----
PROFILING optimized variant=default H=1024 W=1024 K=3 seed=1234
checksum -0.395011
--- perf stat -x, ---
10345374,,cpu_core/L1-dcache-loads/,15590056,97.00,,
174723,,cpu_core/L1-dcache-load-misses/,15590056,97.00,1.69,of all L1-dcache accesses
11134319,,cpu_core/branch-instructions/,15590056,97.00,,
556856,,cpu_core/branch-misses/,15590056,97.00,,
76937029,,cpu_core/instructions/,15590056,97.00,,
57682085,,cpu_core/cpu-cycles/,15590056,97.00,,
1,,context-switches,16023092,100.00,,
3209,,page-faults,16023092,100.00,,

----- [optimized] H=1024 W=1024 K=3 seed=1234 rep=17/20 exit=0 -----
PROFILING optimized variant=default H=1024 W=1024 K=3 seed=1234
checksum -0.395011
--- perf stat -x, ---
10336664,,cpu_core/L1-dcache-loads/,15371629,97.00,,
173270,,cpu_core/L1-dcache-load-misses/,15371629,97.00,1.68,of all L1-dcache accesses
11123640,,cpu_core/branch-instructions/,15371629,97.00,,
555604,,cpu_core/branch-misses/,15371629,97.00,,
76849827,,cpu_core/instructions/,15371629,97.00,,
56862427,,cpu_core/cpu-cycles/,15371629,97.00,,
2,,context-switches,15776135,100.00,,
3208,,page-faults,15776135,100.00,,

----- [optimized] H=1024 W=1024 K=3 seed=1234 rep=18/20 exit=0 -----
PROFILING optimized variant=default H=1024 W=1024 K=3 seed=1234
checksum -0.395011
--- perf stat -x, ---
10383172,,cpu_core/L1-dcache-loads/,15623370,97.00,,
179048,,cpu_core/L1-dcache-load-misses/,15623370,97.00,1.72,of all L1-dcache accesses
11169981,,cpu_core/branch-instructions/,15623370,97.00,,
556326,,cpu_core/branch-misses/,15623370,97.00,,
77173358,,cpu_core/instructions/,15623370,97.00,,
57811919,,cpu_core/cpu-cycles/,15623370,97.00,,
2,,context-switches,16084289,100.00,,
3209,,page-faults,16084289,100.00,,

----- [optimized] H=1024 W=1024 K=3 seed=1234 rep=19/20 exit=0 -----
PROFILING optimized variant=default H=1024 W=1024 K=3 seed=1234
checksum -0.395011
--- perf stat -x, ---
10346869,,cpu_core/L1-dcache-loads/,15654424,97.00,,
185105,,cpu_core/L1-dcache-load-misses/,15654424,97.00,1.79,of all L1-dcache accesses
11123417,,cpu_core/branch-instructions/,15654424,97.00,,
554828,,cpu_core/branch-misses/,15654424,97.00,,
76806303,,cpu_core/instructions/,15654424,97.00,,
57673732,,cpu_core/cpu-cycles/,15654424,97.00,,
2,,context-switches,16024516,100.00,,
3210,,page-faults,16024516,100.00,,

----- [optimized] H=1024 W=1024 K=3 seed=1234 rep=20/20 exit=0 -----
PROFILING optimized variant=default H=1024 W=1024 K=3 seed=1234
checksum -0.395011
--- perf stat -x, ---
10378562,,cpu_core/L1-dcache-loads/,15609507,97.00,,
189361,,cpu_core/L1-dcache-load-misses/,15609507,97.00,1.82,of all L1-dcache accesses
11166605,,cpu_core/branch-instructions/,15609507,97.00,,
556543,,cpu_core/branch-misses/,15609507,97.00,,
77148283,,cpu_core/instructions/,15609507,97.00,,
57847176,,cpu_core/cpu-cycles/,15609507,97.00,,
1,,context-switches,16078670,100.00,,
3210,,page-faults,16078670,100.00,,

----- [optimized] H=2048 W=2048 K=3 seed=1234 rep=1/20 exit=0 -----
PROFILING optimized variant=default H=2048 W=2048 K=3 seed=1234
checksum 0.491263
--- perf stat -x, ---
39716020,,cpu_core/L1-dcache-loads/,61416003,99.00,,
723498,,cpu_core/L1-dcache-load-misses/,61416003,99.00,1.82,of all L1-dcache accesses
43061509,,cpu_core/branch-instructions/,61416003,99.00,,
2154783,,cpu_core/branch-misses/,61416003,99.00,,
298436649,,cpu_core/instructions/,61416003,99.00,,
222637574,,cpu_core/cpu-cycles/,61416003,99.00,,
4,,context-switches,61869359,100.00,,
12431,,page-faults,61869359,100.00,,

----- [optimized] H=2048 W=2048 K=3 seed=1234 rep=2/20 exit=0 -----
PROFILING optimized variant=default H=2048 W=2048 K=3 seed=1234
checksum 0.491263
--- perf stat -x, ---
39579911,,cpu_core/L1-dcache-loads/,61392379,99.00,,
689698,,cpu_core/L1-dcache-load-misses/,61392379,99.00,1.74,of all L1-dcache accesses
42936965,,cpu_core/branch-instructions/,61392379,99.00,,
2152725,,cpu_core/branch-misses/,61392379,99.00,,
297631253,,cpu_core/instructions/,61392379,99.00,,
222705310,,cpu_core/cpu-cycles/,61392379,99.00,,
3,,context-switches,61850509,100.00,,
12428,,page-faults,61850509,100.00,,

----- [optimized] H=2048 W=2048 K=3 seed=1234 rep=3/20 exit=0 -----
PROFILING optimized variant=default H=2048 W=2048 K=3 seed=1234
checksum 0.491263
--- perf stat -x, ---
39520188,,cpu_core/L1-dcache-loads/,62186857,100.00,,
672792,,cpu_core/L1-dcache-load-misses/,62186857,100.00,1.70,of all L1-dcache accesses
42788409,,cpu_core/branch-instructions/,62186857,100.00,,
2145346,,cpu_core/branch-misses/,62186857,100.00,,
296378781,,cpu_core/instructions/,62186857,100.00,,
223860176,,cpu_core/cpu-cycles/,62186857,100.00,,
3,,context-switches,62186857,100.00,,
12426,,page-faults,62186857,100.00,,

----- [optimized] H=2048 W=2048 K=3 seed=1234 rep=4/20 exit=0 -----
PROFILING optimized variant=default H=2048 W=2048 K=3 seed=1234
checksum 0.491263
--- perf stat -x, ---
39539442,,cpu_core/L1-dcache-loads/,60683372,99.00,,
687688,,cpu_core/L1-dcache-load-misses/,60683372,99.00,1.74,of all L1-dcache accesses
42894053,,cpu_core/branch-instructions/,60683372,99.00,,
2152167,,cpu_core/branch-misses/,60683372,99.00,,
297330161,,cpu_core/instructions/,60683372,99.00,,
219944867,,cpu_core/cpu-cycles/,60683372,99.00,,
2,,context-switches,61076067,100.00,,
12432,,page-faults,61076067,100.00,,

----- [optimized] H=2048 W=2048 K=3 seed=1234 rep=5/20 exit=0 -----
PROFILING optimized variant=default H=2048 W=2048 K=3 seed=1234
checksum 0.491263
--- perf stat -x, ---
39558269,,cpu_core/L1-dcache-loads/,60201126,99.00,,
680489,,cpu_core/L1-dcache-load-misses/,60201126,99.00,1.72,of all L1-dcache accesses
42913769,,cpu_core/branch-instructions/,60201126,99.00,,
2152922,,cpu_core/branch-misses/,60201126,99.00,,
297473837,,cpu_core/instructions/,60201126,99.00,,
218482785,,cpu_core/cpu-cycles/,60201126,99.00,,
1,,context-switches,60619553,100.00,,
12428,,page-faults,60619553,100.00,,

----- [optimized] H=2048 W=2048 K=3 seed=1234 rep=6/20 exit=0 -----
PROFILING optimized variant=default H=2048 W=2048 K=3 seed=1234
checksum 0.491263
--- perf stat -x, ---
39545335,,cpu_core/L1-dcache-loads/,60329146,99.00,,
661228,,cpu_core/L1-dcache-load-misses/,60329146,99.00,1.67,of all L1-dcache accesses
42901134,,cpu_core/branch-instructions/,60329146,99.00,,
2151838,,cpu_core/branch-misses/,60329146,99.00,,
297383635,,cpu_core/instructions/,60329146,99.00,,
218857710,,cpu_core/cpu-cycles/,60329146,99.00,,
2,,context-switches,60732799,100.00,,
12428,,page-faults,60732799,100.00,,

----- [optimized] H=2048 W=2048 K=3 seed=1234 rep=7/20 exit=0 -----
PROFILING optimized variant=default H=2048 W=2048 K=3 seed=1234
checksum 0.491263
--- perf stat -x, ---
39544540,,cpu_core/L1-dcache-loads/,60210158,99.00,,
677167,,cpu_core/L1-dcache-load-misses/,60210158,99.00,1.71,of all L1-dcache accesses
42899783,,cpu_core/branch-instructions/,60210158,99.00,,
2149953,,cpu_core/branch-misses/,60210158,99.00,,
297373212,,cpu_core/instructions/,60210158,99.00,,
218359579,,cpu_core/cpu-cycles/,60210158,99.00,,
4,,context-switches,60608820,100.00,,
12426,,page-faults,60608820,100.00,,

----- [optimized] H=2048 W=2048 K=3 seed=1234 rep=8/20 exit=0 -----
PROFILING optimized variant=default H=2048 W=2048 K=3 seed=1234
checksum 0.491263
--- perf stat -x, ---
39626170,,cpu_core/L1-dcache-loads/,59884673,99.00,,
686318,,cpu_core/L1-dcache-load-misses/,59884673,99.00,1.73,of all L1-dcache accesses
42982439,,cpu_core/branch-instructions/,59884673,99.00,,
2153974,,cpu_core/branch-misses/,59884673,99.00,,
297934393,,cpu_core/instructions/,59884673,99.00,,
217428412,,cpu_core/cpu-cycles/,59884673,99.00,,
3,,context-switches,60371884,100.00,,
12431,,page-faults,60371884,100.00,,

----- [optimized] H=2048 W=2048 K=3 seed=1234 rep=9/20 exit=0 -----
PROFILING optimized variant=default H=2048 W=2048 K=3 seed=1234
checksum 0.491263
--- perf stat -x, ---
39557634,,cpu_core/L1-dcache-loads/,60142568,99.00,,
683515,,cpu_core/L1-dcache-load-misses/,60142568,99.00,1.73,of all L1-dcache accesses
42909091,,cpu_core/branch-instructions/,60142568,99.00,,
2151537,,cpu_core/branch-misses/,60142568,99.00,,
297428383,,cpu_core/instructions/,60142568,99.00,,
218133810,,cpu_core/cpu-cycles/,60142568,99.00,,
4,,context-switches,60541670,100.00,,
12429,,page-faults,60541670,100.00,,

----- [optimized] H=2048 W=2048 K=3 seed=1234 rep=10/20 exit=0 -----
PROFILING optimized variant=default H=2048 W=2048 K=3 seed=1234
checksum 0.491263
--- perf stat -x, ---
39579133,,cpu_core/L1-dcache-loads/,60241662,99.00,,
681790,,cpu_core/L1-dcache-load-misses/,60241662,99.00,1.72,of all L1-dcache accesses
42934922,,cpu_core/branch-instructions/,60241662,99.00,,
2154875,,cpu_core/branch-misses/,60241662,99.00,,
297619841,,cpu_core/instructions/,60241662,99.00,,
218697303,,cpu_core/cpu-cycles/,60241662,99.00,,
2,,context-switches,60687109,100.00,,
12431,,page-faults,60687109,100.00,,

----- [optimized] H=2048 W=2048 K=3 seed=1234 rep=11/20 exit=0 -----
PROFILING optimized variant=default H=2048 W=2048 K=3 seed=1234
checksum 0.491263
--- perf stat -x, ---
39534332,,cpu_core/L1-dcache-loads/,59876387,99.00,,
680521,,cpu_core/L1-dcache-load-misses/,59876387,99.00,1.72,of all L1-dcache accesses
42889739,,cpu_core/branch-instructions/,59876387,99.00,,
2149805,,cpu_core/branch-misses/,59876387,99.00,,
297302007,,cpu_core/instructions/,59876387,99.00,,
217097946,,cpu_core/cpu-cycles/,59876387,99.00,,
3,,context-switches,60260404,100.00,,
12430,,page-faults,60260404,100.00,,

----- [optimized] H=2048 W=2048 K=3 seed=1234 rep=12/20 exit=0 -----
PROFILING optimized variant=default H=2048 W=2048 K=3 seed=1234
checksum 0.491263
--- perf stat -x, ---
39546137,,cpu_core/L1-dcache-loads/,59878896,99.00,,
673604,,cpu_core/L1-dcache-load-misses/,59878896,99.00,1.70,of all L1-dcache accesses
42902683,,cpu_core/branch-instructions/,59878896,99.00,,
2150731,,cpu_core/branch-misses/,59878896,99.00,,
297396218,,cpu_core/instructions/,59878896,99.00,,
217187789,,cpu_core/cpu-cycles/,59878896,99.00,,
2,,context-switches,60282259,100.00,,
12427,,page-faults,60282259,100.00,,

----- [optimized] H=2048 W=2048 K=3 seed=1234 rep=13/20 exit=0 -----
PROFILING optimized variant=default H=2048 W=2048 K=3 seed=1234
checksum 0.491263
--- perf stat -x, ---
39550221,,cpu_core/L1-dcache-loads/,61373637,99.00,,
681260,,cpu_core/L1-dcache-load-misses/,61373637,99.00,1.72,of all L1-dcache accesses
42905114,,cpu_core/branch-instructions/,61373637,99.00,,
2151271,,cpu_core/branch-misses/,61373637,99.00,,
297406119,,cpu_core/instructions/,61373637,99.00,,
222834754,,cpu_core/cpu-cycles/,61373637,99.00,,
2,,context-switches,61785037,100.00,,
12428,,page-faults,61785037,100.00,,

----- [optimized] H=2048 W=2048 K=3 seed=1234 rep=14/20 exit=0 -----
PROFILING optimized variant=default H=2048 W=2048 K=3 seed=1234
checksum 0.491263
--- perf stat -x, ---
39540278,,cpu_core/L1-dcache-loads/,60131799,99.00,,
713908,,cpu_core/L1-dcache-load-misses/,60131799,99.00,1.81,of all L1-dcache accesses
42896270,,cpu_core/branch-instructions/,60131799,99.00,,
2152363,,cpu_core/branch-misses/,60131799,99.00,,
297350548,,cpu_core/instructions/,60131799,99.00,,
218106688,,cpu_core/cpu-cycles/,60131799,99.00,,
1,,context-switches,60527212,100.00,,
12428,,page-faults,60527212,100.00,,

----- [optimized] H=2048 W=2048 K=3 seed=1234 rep=15/20 exit=0 -----
PROFILING optimized variant=default H=2048 W=2048 K=3 seed=1234
checksum 0.491263
--- perf stat -x, ---
39564619,,cpu_core/L1-dcache-loads/,60336969,99.00,,
705847,,cpu_core/L1-dcache-load-misses/,60336969,99.00,1.78,of all L1-dcache accesses
42918266,,cpu_core/branch-instructions/,60336969,99.00,,
2150993,,cpu_core/branch-misses/,60336969,99.00,,
297493746,,cpu_core/instructions/,60336969,99.00,,
218927272,,cpu_core/cpu-cycles/,60336969,99.00,,
3,,context-switches,60753635,100.00,,
12431,,page-faults,60753635,100.00,,

----- [optimized] H=2048 W=2048 K=3 seed=1234 rep=16/20 exit=0 -----
PROFILING optimized variant=default H=2048 W=2048 K=3 seed=1234
checksum 0.491263
--- perf stat -x, ---
39538605,,cpu_core/L1-dcache-loads/,60310995,99.00,,
695206,,cpu_core/L1-dcache-load-misses/,60310995,99.00,1.76,of all L1-dcache accesses
42891441,,cpu_core/branch-instructions/,60310995,99.00,,
2150049,,cpu_core/branch-misses/,60310995,99.00,,
297305515,,cpu_core/instructions/,60310995,99.00,,
218677479,,cpu_core/cpu-cycles/,60310995,99.00,,
4,,context-switches,60691039,100.00,,
12430,,page-faults,60691039,100.00,,

----- [optimized] H=2048 W=2048 K=3 seed=1234 rep=17/20 exit=0 -----
PROFILING optimized variant=default H=2048 W=2048 K=3 seed=1234
checksum 0.491263
--- perf stat -x, ---
39573996,,cpu_core/L1-dcache-loads/,60328275,99.00,,
694073,,cpu_core/L1-dcache-load-misses/,60328275,99.00,1.75,of all L1-dcache accesses
42928714,,cpu_core/branch-instructions/,60328275,99.00,,
2152882,,cpu_core/branch-misses/,60328275,99.00,,
297566885,,cpu_core/instructions/,60328275,99.00,,
218936917,,cpu_core/cpu-cycles/,60328275,99.00,,
4,,context-switches,60760059,100.00,,
12431,,page-faults,60760059,100.00,,

----- [optimized] H=2048 W=2048 K=3 seed=1234 rep=18/20 exit=0 -----
PROFILING optimized variant=default H=2048 W=2048 K=3 seed=1234
checksum 0.491263
--- perf stat -x, ---
39553859,,cpu_core/L1-dcache-loads/,60349398,99.00,,
680693,,cpu_core/L1-dcache-load-misses/,60349398,99.00,1.72,of all L1-dcache accesses
42909550,,cpu_core/branch-instructions/,60349398,99.00,,
2152333,,cpu_core/branch-misses/,60349398,99.00,,
297434411,,cpu_core/instructions/,60349398,99.00,,
219008071,,cpu_core/cpu-cycles/,60349398,99.00,,
4,,context-switches,60759468,100.00,,
12430,,page-faults,60759468,100.00,,

----- [optimized] H=2048 W=2048 K=3 seed=1234 rep=19/20 exit=0 -----
PROFILING optimized variant=default H=2048 W=2048 K=3 seed=1234
checksum 0.491263
--- perf stat -x, ---
39557405,,cpu_core/L1-dcache-loads/,59951520,99.00,,
689397,,cpu_core/L1-dcache-load-misses/,59951520,99.00,1.74,of all L1-dcache accesses
42910378,,cpu_core/branch-instructions/,59951520,99.00,,
2152770,,cpu_core/branch-misses/,59951520,99.00,,
297447959,,cpu_core/instructions/,59951520,99.00,,
217382202,,cpu_core/cpu-cycles/,59951520,99.00,,
3,,context-switches,60357200,100.00,,
12430,,page-faults,60357200,100.00,,

----- [optimized] H=2048 W=2048 K=3 seed=1234 rep=20/20 exit=0 -----
PROFILING optimized variant=default H=2048 W=2048 K=3 seed=1234
checksum 0.491263
--- perf stat -x, ---
39568803,,cpu_core/L1-dcache-loads/,59909231,99.00,,
683593,,cpu_core/L1-dcache-load-misses/,59909231,99.00,1.73,of all L1-dcache accesses
42925073,,cpu_core/branch-instructions/,59909231,99.00,,
2152978,,cpu_core/branch-misses/,59909231,99.00,,
297552662,,cpu_core/instructions/,59909231,99.00,,
217276098,,cpu_core/cpu-cycles/,59909231,99.00,,
2,,context-switches,60341024,100.00,,
12430,,page-faults,60341024,100.00,,

----- [optimized] H=4096 W=4096 K=3 seed=1234 rep=1/20 exit=0 -----
PROFILING optimized variant=default H=4096 W=4096 K=3 seed=1234
checksum 0.712899
--- perf stat -x, ---
156875172,,cpu_core/L1-dcache-loads/,239203609,99.00,,
2693817,,cpu_core/L1-dcache-load-misses/,239203609,99.00,1.72,of all L1-dcache accesses
170523930,,cpu_core/branch-instructions/,239203609,99.00,,
8534854,,cpu_core/branch-misses/,239203609,99.00,,
1182774586,,cpu_core/instructions/,239203609,99.00,,
862776491,,cpu_core/cpu-cycles/,239203609,99.00,,
8,,context-switches,239574853,100.00,,
49302,,page-faults,239574853,100.00,,

----- [optimized] H=4096 W=4096 K=3 seed=1234 rep=2/20 exit=0 -----
PROFILING optimized variant=default H=4096 W=4096 K=3 seed=1234
checksum 0.712899
--- perf stat -x, ---
156747327,,cpu_core/L1-dcache-loads/,243214976,99.00,,
2673975,,cpu_core/L1-dcache-load-misses/,243214976,99.00,1.71,of all L1-dcache accesses
170402996,,cpu_core/branch-instructions/,243214976,99.00,,
8541399,,cpu_core/branch-misses/,243214976,99.00,,
1182013684,,cpu_core/instructions/,243214976,99.00,,
877152755,,cpu_core/cpu-cycles/,243214976,99.00,,
8,,context-switches,243649420,100.00,,
49299,,page-faults,243649420,100.00,,

----- [optimized] H=4096 W=4096 K=3 seed=1234 rep=3/20 exit=0 -----
PROFILING optimized variant=default H=4096 W=4096 K=3 seed=1234
checksum 0.712899
--- perf stat -x, ---
156698427,,cpu_core/L1-dcache-loads/,244330448,99.00,,
2674730,,cpu_core/L1-dcache-load-misses/,244330448,99.00,1.71,of all L1-dcache accesses
170349190,,cpu_core/branch-instructions/,244330448,99.00,,
8532776,,cpu_core/branch-misses/,244330448,99.00,,
1181649916,,cpu_core/instructions/,244330448,99.00,,
880797765,,cpu_core/cpu-cycles/,244330448,99.00,,
10,,context-switches,244728697,100.00,,
49302,,page-faults,244728697,100.00,,

----- [optimized] H=4096 W=4096 K=3 seed=1234 rep=4/20 exit=0 -----
PROFILING optimized variant=default H=4096 W=4096 K=3 seed=1234
checksum 0.712899
--- perf stat -x, ---
156705590,,cpu_core/L1-dcache-loads/,239284677,99.00,,
2668686,,cpu_core/L1-dcache-load-misses/,239284677,99.00,1.70,of all L1-dcache accesses
170364937,,cpu_core/branch-instructions/,239284677,99.00,,
8535504,,cpu_core/branch-misses/,239284677,99.00,,
1181772526,,cpu_core/instructions/,239284677,99.00,,
863510455,,cpu_core/cpu-cycles/,239284677,99.00,,
5,,context-switches,239716703,100.00,,
49302,,page-faults,239716703,100.00,,

----- [optimized] H=4096 W=4096 K=3 seed=1234 rep=5/20 exit=0 -----
PROFILING optimized variant=default H=4096 W=4096 K=3 seed=1234
checksum 0.712899
--- perf stat -x, ---
156749018,,cpu_core/L1-dcache-loads/,240310978,99.00,,
2643864,,cpu_core/L1-dcache-load-misses/,240310978,99.00,1.69,of all L1-dcache accesses
170406937,,cpu_core/branch-instructions/,240310978,99.00,,
8537935,,cpu_core/branch-misses/,240310978,99.00,,
1182042655,,cpu_core/instructions/,240310978,99.00,,
867606338,,cpu_core/cpu-cycles/,240310978,99.00,,
9,,context-switches,240780989,100.00,,
49300,,page-faults,240780989,100.00,,

----- [optimized] H=4096 W=4096 K=3 seed=1234 rep=6/20 exit=0 -----
PROFILING optimized variant=default H=4096 W=4096 K=3 seed=1234
checksum 0.712899
--- perf stat -x, ---
156702699,,cpu_core/L1-dcache-loads/,239269536,99.00,,
2813330,,cpu_core/L1-dcache-load-misses/,239269536,99.00,1.80,of all L1-dcache accesses
170355953,,cpu_core/branch-instructions/,239269536,99.00,,
8537100,,cpu_core/branch-misses/,239269536,99.00,,
1181692905,,cpu_core/instructions/,239269536,99.00,,
863288453,,cpu_core/cpu-cycles/,239269536,99.00,,
10,,context-switches,239669334,100.00,,
49299,,page-faults,239669334,100.00,,

----- [optimized] H=4096 W=4096 K=3 seed=1234 rep=7/20 exit=0 -----
PROFILING optimized variant=default H=4096 W=4096 K=3 seed=1234
checksum 0.712899
--- perf stat -x, ---
156695815,,cpu_core/L1-dcache-loads/,239764201,99.00,,
2587995,,cpu_core/L1-dcache-load-misses/,239764201,99.00,1.65,of all L1-dcache accesses
170353157,,cpu_core/branch-instructions/,239764201,99.00,,
8528527,,cpu_core/branch-misses/,239764201,99.00,,
1181688225,,cpu_core/instructions/,239764201,99.00,,
865232324,,cpu_core/cpu-cycles/,239764201,99.00,,
6,,context-switches,240182016,100.00,,
49301,,page-faults,240182016,100.00,,

----- [optimized] H=4096 W=4096 K=3 seed=1234 rep=8/20 exit=0 -----
PROFILING optimized variant=default H=4096 W=4096 K=3 seed=1234
checksum 0.712899
--- perf stat -x, ---
156720432,,cpu_core/L1-dcache-loads/,240613190,99.00,,
2653603,,cpu_core/L1-dcache-load-misses/,240613190,99.00,1.69,of all L1-dcache accesses
170371075,,cpu_core/branch-instructions/,240613190,99.00,,
8538366,,cpu_core/branch-misses/,240613190,99.00,,
1181798805,,cpu_core/instructions/,240613190,99.00,,
868052064,,cpu_core/cpu-cycles/,240613190,99.00,,
10,,context-switches,241041265,100.00,,
49301,,page-faults,241041265,100.00,,

----- [optimized] H=4096 W=4096 K=3 seed=1234 rep=9/20 exit=0 -----
PROFILING optimized variant=default H=4096 W=4096 K=3 seed=1234
checksum 0.712899
--- perf stat -x, ---
156707914,,cpu_core/L1-dcache-loads/,239804679,99.00,,
2699526,,cpu_core/L1-dcache-load-misses/,239804679,99.00,1.72,of all L1-dcache accesses
170360097,,cpu_core/branch-instructions/,239804679,99.00,,
8534707,,cpu_core/branch-misses/,239804679,99.00,,
1181740108,,cpu_core/instructions/,239804679,99.00,,
865265707,,cpu_core/cpu-cycles/,239804679,99.00,,
10,,context-switches,240229360,100.00,,
49300,,page-faults,240229360,100.00,,

----- [optimized] H=4096 W=4096 K=3 seed=1234 rep=10/20 exit=0 -----
PROFILING optimized variant=default H=4096 W=4096 K=3 seed=1234
checksum 0.712899
--- perf stat -x, ---
156708669,,cpu_core/L1-dcache-loads/,240088864,99.00,,
2680823,,cpu_core/L1-dcache-load-misses/,240088864,99.00,1.71,of all L1-dcache accesses
170368997,,cpu_core/branch-instructions/,240088864,99.00,,
8537129,,cpu_core/branch-misses/,240088864,99.00,,
1181821011,,cpu_core/instructions/,240088864,99.00,,
866385825,,cpu_core/cpu-cycles/,240088864,99.00,,
5,,context-switches,240552559,100.00,,
49298,,page-faults,240552559,100.00,,

----- [optimized] H=4096 W=4096 K=3 seed=1234 rep=11/20 exit=0 -----
PROFILING optimized variant=default H=4096 W=4096 K=3 seed=1234
checksum 0.712899
--- perf stat -x, ---
156732951,,cpu_core/L1-dcache-loads/,240065449,99.00,,
2642773,,cpu_core/L1-dcache-load-misses/,240065449,99.00,1.69,of all L1-dcache accesses
170382194,,cpu_core/branch-instructions/,240065449,99.00,,
8530124,,cpu_core/branch-misses/,240065449,99.00,,
1181884343,,cpu_core/instructions/,240065449,99.00,,
866600645,,cpu_core/cpu-cycles/,240065449,99.00,,
9,,context-switches,240459083,100.00,,
49301,,page-faults,240459083,100.00,,

----- [optimized] H=4096 W=4096 K=3 seed=1234 rep=12/20 exit=0 -----
PROFILING optimized variant=default H=4096 W=4096 K=3 seed=1234
checksum 0.712899
--- perf stat -x, ---
156736173,,cpu_core/L1-dcache-loads/,240494551,99.00,,
2736925,,cpu_core/L1-dcache-load-misses/,240494551,99.00,1.75,of all L1-dcache accesses
170386423,,cpu_core/branch-instructions/,240494551,99.00,,
8535816,,cpu_core/branch-misses/,240494551,99.00,,
1181900285,,cpu_core/instructions/,240494551,99.00,,
867625987,,cpu_core/cpu-cycles/,240494551,99.00,,
7,,context-switches,240918277,100.00,,
49302,,page-faults,240918277,100.00,,

----- [optimized] H=4096 W=4096 K=3 seed=1234 rep=13/20 exit=0 -----
PROFILING optimized variant=default H=4096 W=4096 K=3 seed=1234
checksum 0.712899
--- perf stat -x, ---
156737776,,cpu_core/L1-dcache-loads/,240380187,99.00,,
2688839,,cpu_core/L1-dcache-load-misses/,240380187,99.00,1.72,of all L1-dcache accesses
170388454,,cpu_core/branch-instructions/,240380187,99.00,,
8536371,,cpu_core/branch-misses/,240380187,99.00,,
1181921905,,cpu_core/instructions/,240380187,99.00,,
867310459,,cpu_core/cpu-cycles/,240380187,99.00,,
7,,context-switches,240811938,100.00,,
49301,,page-faults,240811938,100.00,,

----- [optimized] H=4096 W=4096 K=3 seed=1234 rep=14/20 exit=0 -----
PROFILING optimized variant=default H=4096 W=4096 K=3 seed=1234
checksum 0.712899
--- perf stat -x, ---
156711460,,cpu_core/L1-dcache-loads/,240101482,99.00,,
2691991,,cpu_core/L1-dcache-load-misses/,240101482,99.00,1.72,of all L1-dcache accesses
170361444,,cpu_core/branch-instructions/,240101482,99.00,,
8531735,,cpu_core/branch-misses/,240101482,99.00,,
1181745657,,cpu_core/instructions/,240101482,99.00,,
866090347,,cpu_core/cpu-cycles/,240101482,99.00,,
8,,context-switches,240502798,100.00,,
49302,,page-faults,240502798,100.00,,

----- [optimized] H=4096 W=4096 K=3 seed=1234 rep=15/20 exit=0 -----
PROFILING optimized variant=default H=4096 W=4096 K=3 seed=1234
checksum 0.712899
--- perf stat -x, ---
156760834,,cpu_core/L1-dcache-loads/,240250365,99.00,,
2701037,,cpu_core/L1-dcache-load-misses/,240250365,99.00,1.72,of all L1-dcache accesses
170412371,,cpu_core/branch-instructions/,240250365,99.00,,
8537338,,cpu_core/branch-misses/,240250365,99.00,,
1182086506,,cpu_core/instructions/,240250365,99.00,,
867046235,,cpu_core/cpu-cycles/,240250365,99.00,,
8,,context-switches,240710870,100.00,,
49302,,page-faults,240710870,100.00,,

----- [optimized] H=4096 W=4096 K=3 seed=1234 rep=16/20 exit=0 -----
PROFILING optimized variant=default H=4096 W=4096 K=3 seed=1234
checksum 0.712899
--- perf stat -x, ---
156727852,,cpu_core/L1-dcache-loads/,241133533,99.00,,
2678228,,cpu_core/L1-dcache-load-misses/,241133533,99.00,1.71,of all L1-dcache accesses
170377666,,cpu_core/branch-instructions/,241133533,99.00,,
8534631,,cpu_core/branch-misses/,241133533,99.00,,
1181862185,,cpu_core/instructions/,241133533,99.00,,
870272635,,cpu_core/cpu-cycles/,241133533,99.00,,
10,,context-switches,241557593,100.00,,
49302,,page-faults,241557593,100.00,,

----- [optimized] H=4096 W=4096 K=3 seed=1234 rep=17/20 exit=0 -----
PROFILING optimized variant=default H=4096 W=4096 K=3 seed=1234
checksum 0.712899
--- perf stat -x, ---
156748523,,cpu_core/L1-dcache-loads/,240020906,99.00,,
2813148,,cpu_core/L1-dcache-load-misses/,240020906,99.00,1.79,of all L1-dcache accesses
170400376,,cpu_core/branch-instructions/,240020906,99.00,,
8539122,,cpu_core/branch-misses/,240020906,99.00,,
1181999065,,cpu_core/instructions/,240020906,99.00,,
866084725,,cpu_core/cpu-cycles/,240020906,99.00,,
9,,context-switches,240458481,100.00,,
49301,,page-faults,240458481,100.00,,

----- [optimized] H=4096 W=4096 K=3 seed=1234 rep=18/20 exit=0 -----
PROFILING optimized variant=default H=4096 W=4096 K=3 seed=1234
checksum 0.712899
--- perf stat -x, ---
156750145,,cpu_core/L1-dcache-loads/,240455937,99.00,,
2651473,,cpu_core/L1-dcache-load-misses/,240455937,99.00,1.69,of all L1-dcache accesses
170401458,,cpu_core/branch-instructions/,240455937,99.00,,
8536642,,cpu_core/branch-misses/,240455937,99.00,,
1182014574,,cpu_core/instructions/,240455937,99.00,,
867719881,,cpu_core/cpu-cycles/,240455937,99.00,,
10,,context-switches,240901385,100.00,,
49298,,page-faults,240901385,100.00,,

----- [optimized] H=4096 W=4096 K=3 seed=1234 rep=19/20 exit=0 -----
PROFILING optimized variant=default H=4096 W=4096 K=3 seed=1234
checksum 0.712899
--- perf stat -x, ---
156743245,,cpu_core/L1-dcache-loads/,244444249,99.00,,
2663142,,cpu_core/L1-dcache-load-misses/,244444249,99.00,1.70,of all L1-dcache accesses
170385348,,cpu_core/branch-instructions/,244444249,99.00,,
8538670,,cpu_core/branch-misses/,244444249,99.00,,
1181893964,,cpu_core/instructions/,244444249,99.00,,
881595707,,cpu_core/cpu-cycles/,244444249,99.00,,
10,,context-switches,244866236,100.00,,
49302,,page-faults,244866236,100.00,,

----- [optimized] H=4096 W=4096 K=3 seed=1234 rep=20/20 exit=0 -----
PROFILING optimized variant=default H=4096 W=4096 K=3 seed=1234
checksum 0.712899
--- perf stat -x, ---
156718757,,cpu_core/L1-dcache-loads/,243535552,99.00,,
2734846,,cpu_core/L1-dcache-load-misses/,243535552,99.00,1.75,of all L1-dcache accesses
170366022,,cpu_core/branch-instructions/,243535552,99.00,,
8533671,,cpu_core/branch-misses/,243535552,99.00,,
1181774863,,cpu_core/instructions/,243535552,99.00,,
878125074,,cpu_core/cpu-cycles/,243535552,99.00,,
8,,context-switches,243948118,100.00,,
49302,,page-faults,243948118,100.00,,

----- [optimized] H=8192 W=8192 K=3 seed=1234 rep=1/20 exit=0 -----
PROFILING optimized variant=default H=8192 W=8192 K=3 seed=1234
checksum 0.493239
--- perf stat -x, ---
625966636,,cpu_core/L1-dcache-loads/,968325685,99.00,,
10958258,,cpu_core/L1-dcache-load-misses/,968325685,99.00,1.75,of all L1-dcache accesses
680928526,,cpu_core/branch-instructions/,968325685,99.00,,
34066167,,cpu_core/branch-misses/,968325685,99.00,,
4723805190,,cpu_core/instructions/,968325685,99.00,,
3489117493,,cpu_core/cpu-cycles/,968325685,99.00,,
26,,context-switches,968750654,100.00,,
196773,,page-faults,968750654,100.00,,

----- [optimized] H=8192 W=8192 K=3 seed=1234 rep=2/20 exit=0 -----
PROFILING optimized variant=default H=8192 W=8192 K=3 seed=1234
checksum 0.493239
--- perf stat -x, ---
625966233,,cpu_core/L1-dcache-loads/,963184100,99.00,,
10883161,,cpu_core/L1-dcache-load-misses/,963184100,99.00,1.74,of all L1-dcache accesses
680901560,,cpu_core/branch-instructions/,963184100,99.00,,
34068923,,cpu_core/branch-misses/,963184100,99.00,,
4723622470,,cpu_core/instructions/,963184100,99.00,,
3472304807,,cpu_core/cpu-cycles/,963184100,99.00,,
31,,context-switches,963620558,100.00,,
196774,,page-faults,963620558,100.00,,

----- [optimized] H=8192 W=8192 K=3 seed=1234 rep=3/20 exit=0 -----
PROFILING optimized variant=default H=8192 W=8192 K=3 seed=1234
checksum 0.493239
--- perf stat -x, ---
625969102,,cpu_core/L1-dcache-loads/,960513263,99.00,,
10852925,,cpu_core/L1-dcache-load-misses/,960513263,99.00,1.73,of all L1-dcache accesses
680921579,,cpu_core/branch-instructions/,960513263,99.00,,
34078064,,cpu_core/branch-misses/,960513263,99.00,,
4723779473,,cpu_core/instructions/,960513263,99.00,,
3461545702,,cpu_core/cpu-cycles/,960513263,99.00,,
34,,context-switches,960994342,100.00,,
196773,,page-faults,960994342,100.00,,

----- [optimized] H=8192 W=8192 K=3 seed=1234 rep=4/20 exit=0 -----
PROFILING optimized variant=default H=8192 W=8192 K=3 seed=1234
checksum 0.493239
--- perf stat -x, ---
626021391,,cpu_core/L1-dcache-loads/,958602201,99.00,,
10940675,,cpu_core/L1-dcache-load-misses/,958602201,99.00,1.75,of all L1-dcache accesses
680978766,,cpu_core/branch-instructions/,958602201,99.00,,
34067967,,cpu_core/branch-misses/,958602201,99.00,,
4724220597,,cpu_core/instructions/,958602201,99.00,,
3456879677,,cpu_core/cpu-cycles/,958602201,99.00,,
29,,context-switches,959199837,100.00,,
196774,,page-faults,959199837,100.00,,

----- [optimized] H=8192 W=8192 K=3 seed=1234 rep=5/20 exit=0 -----
PROFILING optimized variant=default H=8192 W=8192 K=3 seed=1234
checksum 0.493239
--- perf stat -x, ---
625963348,,cpu_core/L1-dcache-loads/,958160287,99.00,,
10516762,,cpu_core/L1-dcache-load-misses/,958160287,99.00,1.68,of all L1-dcache accesses
680904264,,cpu_core/branch-instructions/,958160287,99.00,,
34055948,,cpu_core/branch-misses/,958160287,99.00,,
4723663607,,cpu_core/instructions/,958160287,99.00,,
3453906389,,cpu_core/cpu-cycles/,958160287,99.00,,
34,,context-switches,958597275,100.00,,
196771,,page-faults,958597275,100.00,,

----- [optimized] H=8192 W=8192 K=3 seed=1234 rep=6/20 exit=0 -----
PROFILING optimized variant=default H=8192 W=8192 K=3 seed=1234
checksum 0.493239
--- perf stat -x, ---
625919865,,cpu_core/L1-dcache-loads/,959271735,99.00,,
10808769,,cpu_core/L1-dcache-load-misses/,959271735,99.00,1.73,of all L1-dcache accesses
680871270,,cpu_core/branch-instructions/,959271735,99.00,,
34067607,,cpu_core/branch-misses/,959271735,99.00,,
4723467422,,cpu_core/instructions/,959271735,99.00,,
3458087127,,cpu_core/cpu-cycles/,959271735,99.00,,
26,,context-switches,959720195,100.00,,
196771,,page-faults,959720195,100.00,,

----- [optimized] H=8192 W=8192 K=3 seed=1234 rep=7/20 exit=0 -----
PROFILING optimized variant=default H=8192 W=8192 K=3 seed=1234
checksum 0.493239
--- perf stat -x, ---
625940967,,cpu_core/L1-dcache-loads/,959642724,99.00,,
10690932,,cpu_core/L1-dcache-load-misses/,959642724,99.00,1.71,of all L1-dcache accesses
680886652,,cpu_core/branch-instructions/,959642724,99.00,,
34060938,,cpu_core/branch-misses/,959642724,99.00,,
4723531304,,cpu_core/instructions/,959642724,99.00,,
3459428057,,cpu_core/cpu-cycles/,959642724,99.00,,
27,,context-switches,960073005,100.00,,
196771,,page-faults,960073005,100.00,,

----- [optimized] H=8192 W=8192 K=3 seed=1234 rep=8/20 exit=0 -----
PROFILING optimized variant=default H=8192 W=8192 K=3 seed=1234
checksum 0.493239
--- perf stat -x, ---
625964194,,cpu_core/L1-dcache-loads/,959216476,99.00,,
10492572,,cpu_core/L1-dcache-load-misses/,959216476,99.00,1.68,of all L1-dcache accesses
680902992,,cpu_core/branch-instructions/,959216476,99.00,,
34068470,,cpu_core/branch-misses/,959216476,99.00,,
4723653741,,cpu_core/instructions/,959216476,99.00,,
3457229881,,cpu_core/cpu-cycles/,959216476,99.00,,
38,,context-switches,959657818,100.00,,
196775,,page-faults,959657818,100.00,,

----- [optimized] H=8192 W=8192 K=3 seed=1234 rep=9/20 exit=0 -----
PROFILING optimized variant=default H=8192 W=8192 K=3 seed=1234
checksum 0.493239
--- perf stat -x, ---
625908544,,cpu_core/L1-dcache-loads/,960049663,99.00,,
10901604,,cpu_core/L1-dcache-load-misses/,960049663,99.00,1.74,of all L1-dcache accesses
680860505,,cpu_core/branch-instructions/,960049663,99.00,,
34065611,,cpu_core/branch-misses/,960049663,99.00,,
4723426601,,cpu_core/instructions/,960049663,99.00,,
3460890598,,cpu_core/cpu-cycles/,960049663,99.00,,
32,,context-switches,960490641,100.00,,
196775,,page-faults,960490641,100.00,,

----- [optimized] H=8192 W=8192 K=3 seed=1234 rep=10/20 exit=0 -----
PROFILING optimized variant=default H=8192 W=8192 K=3 seed=1234
checksum 0.493239
--- perf stat -x, ---
625934037,,cpu_core/L1-dcache-loads/,960023304,99.00,,
10703997,,cpu_core/L1-dcache-load-misses/,960023304,99.00,1.71,of all L1-dcache accesses
680879660,,cpu_core/branch-instructions/,960023304,99.00,,
34068069,,cpu_core/branch-misses/,960023304,99.00,,
4723522837,,cpu_core/instructions/,960023304,99.00,,
3460868963,,cpu_core/cpu-cycles/,960023304,99.00,,
27,,context-switches,960476360,100.00,,
196773,,page-faults,960476360,100.00,,

----- [optimized] H=8192 W=8192 K=3 seed=1234 rep=11/20 exit=0 -----
PROFILING optimized variant=default H=8192 W=8192 K=3 seed=1234
checksum 0.493239
--- perf stat -x, ---
625976610,,cpu_core/L1-dcache-loads/,957830890,99.00,,
10747517,,cpu_core/L1-dcache-load-misses/,957830890,99.00,1.72,of all L1-dcache accesses
680920084,,cpu_core/branch-instructions/,957830890,99.00,,
34061389,,cpu_core/branch-misses/,957830890,99.00,,
4723751539,,cpu_core/instructions/,957830890,99.00,,
3453201994,,cpu_core/cpu-cycles/,957830890,99.00,,
35,,context-switches,958296154,100.00,,
196773,,page-faults,958296154,100.00,,

----- [optimized] H=8192 W=8192 K=3 seed=1234 rep=12/20 exit=0 -----
PROFILING optimized variant=default H=8192 W=8192 K=3 seed=1234
checksum 0.493239
--- perf stat -x, ---
626130755,,cpu_core/L1-dcache-loads/,960205069,99.00,,
11020124,,cpu_core/L1-dcache-load-misses/,960205069,99.00,1.76,of all L1-dcache accesses
681025336,,cpu_core/branch-instructions/,960205069,99.00,,
34060585,,cpu_core/branch-misses/,960205069,99.00,,
4724571847,,cpu_core/instructions/,960205069,99.00,,
3461531101,,cpu_core/cpu-cycles/,960205069,99.00,,
32,,context-switches,960659867,100.00,,
196774,,page-faults,960659867,100.00,,

----- [optimized] H=8192 W=8192 K=3 seed=1234 rep=13/20 exit=0 -----
PROFILING optimized variant=default H=8192 W=8192 K=3 seed=1234
checksum 0.493239
--- perf stat -x, ---
626124966,,cpu_core/L1-dcache-loads/,957910219,99.00,,
10781031,,cpu_core/L1-dcache-load-misses/,957910219,99.00,1.72,of all L1-dcache accesses
681020090,,cpu_core/branch-instructions/,957910219,99.00,,
34056616,,cpu_core/branch-misses/,957910219,99.00,,
4724504507,,cpu_core/instructions/,957910219,99.00,,
3453288158,,cpu_core/cpu-cycles/,957910219,99.00,,
37,,context-switches,958333728,100.00,,
196774,,page-faults,958333728,100.00,,

----- [optimized] H=8192 W=8192 K=3 seed=1234 rep=14/20 exit=0 -----
PROFILING optimized variant=default H=8192 W=8192 K=3 seed=1234
checksum 0.493239
--- perf stat -x, ---
625962422,,cpu_core/L1-dcache-loads/,958215163,99.00,,
10928409,,cpu_core/L1-dcache-load-misses/,958215163,99.00,1.75,of all L1-dcache accesses
680904963,,cpu_core/branch-instructions/,958215163,99.00,,
34057843,,cpu_core/branch-misses/,958215163,99.00,,
4723657712,,cpu_core/instructions/,958215163,99.00,,
3455019870,,cpu_core/cpu-cycles/,958215163,99.00,,
33,,context-switches,958673319,100.00,,
196773,,page-faults,958673319,100.00,,

----- [optimized] H=8192 W=8192 K=3 seed=1234 rep=15/20 exit=0 -----
PROFILING optimized variant=default H=8192 W=8192 K=3 seed=1234
checksum 0.493239
--- perf stat -x, ---
625928102,,cpu_core/L1-dcache-loads/,958797149,99.00,,
10740089,,cpu_core/L1-dcache-load-misses/,958797149,99.00,1.72,of all L1-dcache accesses
680874575,,cpu_core/branch-instructions/,958797149,99.00,,
34056120,,cpu_core/branch-misses/,958797149,99.00,,
4723470811,,cpu_core/instructions/,958797149,99.00,,
3456542052,,cpu_core/cpu-cycles/,958797149,99.00,,
33,,context-switches,959233946,100.00,,
196775,,page-faults,959233946,100.00,,

----- [optimized] H=8192 W=8192 K=3 seed=1234 rep=16/20 exit=0 -----
PROFILING optimized variant=default H=8192 W=8192 K=3 seed=1234
checksum 0.493239
--- perf stat -x, ---
625932055,,cpu_core/L1-dcache-loads/,957069212,99.00,,
10747327,,cpu_core/L1-dcache-load-misses/,957069212,99.00,1.72,of all L1-dcache accesses
680863031,,cpu_core/branch-instructions/,957069212,99.00,,
34062627,,cpu_core/branch-misses/,957069212,99.00,,
4723342377,,cpu_core/instructions/,957069212,99.00,,
3450242750,,cpu_core/cpu-cycles/,957069212,99.00,,
38,,context-switches,957470301,100.00,,
196774,,page-faults,957470301,100.00,,

----- [optimized] H=8192 W=8192 K=3 seed=1234 rep=17/20 exit=0 -----
PROFILING optimized variant=default H=8192 W=8192 K=3 seed=1234
checksum 0.493239
--- perf stat -x, ---
625934959,,cpu_core/L1-dcache-loads/,958049009,99.00,,
10782807,,cpu_core/L1-dcache-load-misses/,958049009,99.00,1.72,of all L1-dcache accesses
680873934,,cpu_core/branch-instructions/,958049009,99.00,,
34054673,,cpu_core/branch-misses/,958049009,99.00,,
4723439986,,cpu_core/instructions/,958049009,99.00,,
3453449943,,cpu_core/cpu-cycles/,958049009,99.00,,
35,,context-switches,958454042,100.00,,
196775,,page-faults,958454042,100.00,,

----- [optimized] H=8192 W=8192 K=3 seed=1234 rep=18/20 exit=0 -----
PROFILING optimized variant=default H=8192 W=8192 K=3 seed=1234
checksum 0.493239
--- perf stat -x, ---
625934256,,cpu_core/L1-dcache-loads/,958111764,99.00,,
11009425,,cpu_core/L1-dcache-load-misses/,958111764,99.00,1.76,of all L1-dcache accesses
680873967,,cpu_core/branch-instructions/,958111764,99.00,,
34050418,,cpu_core/branch-misses/,958111764,99.00,,
4723470129,,cpu_core/instructions/,958111764,99.00,,
3453821729,,cpu_core/cpu-cycles/,958111764,99.00,,
31,,context-switches,958551364,100.00,,
196774,,page-faults,958551364,100.00,,

----- [optimized] H=8192 W=8192 K=3 seed=1234 rep=19/20 exit=0 -----
PROFILING optimized variant=default H=8192 W=8192 K=3 seed=1234
checksum 0.493239
--- perf stat -x, ---
625899810,,cpu_core/L1-dcache-loads/,958925793,99.00,,
10750357,,cpu_core/L1-dcache-load-misses/,958925793,99.00,1.72,of all L1-dcache accesses
680850567,,cpu_core/branch-instructions/,958925793,99.00,,
34060428,,cpu_core/branch-misses/,958925793,99.00,,
4723356319,,cpu_core/instructions/,958925793,99.00,,
3457288007,,cpu_core/cpu-cycles/,958925793,99.00,,
28,,context-switches,959363492,100.00,,
196774,,page-faults,959363492,100.00,,

----- [optimized] H=8192 W=8192 K=3 seed=1234 rep=20/20 exit=0 -----
PROFILING optimized variant=default H=8192 W=8192 K=3 seed=1234
checksum 0.493239
--- perf stat -x, ---
625932438,,cpu_core/L1-dcache-loads/,961192986,99.00,,
10798559,,cpu_core/L1-dcache-load-misses/,961192986,99.00,1.73,of all L1-dcache accesses
680866642,,cpu_core/branch-instructions/,961192986,99.00,,
34088292,,cpu_core/branch-misses/,961192986,99.00,,
4723411529,,cpu_core/instructions/,961192986,99.00,,
3465131336,,cpu_core/cpu-cycles/,961192986,99.00,,
31,,context-switches,961623809,100.00,,
196772,,page-faults,961623809,100.00,,

----- [optimized] H=16384 W=16384 K=3 seed=1234 rep=1/20 exit=0 -----
PROFILING optimized variant=default H=16384 W=16384 K=3 seed=1234
checksum 0.112685
--- perf stat -x, ---
2502755472,,cpu_core/L1-dcache-loads/,3833753939,99.00,,
60531763,,cpu_core/L1-dcache-load-misses/,3833753939,99.00,2.42,of all L1-dcache accesses
2723042927,,cpu_core/branch-instructions/,3833753939,99.00,,
136181890,,cpu_core/branch-misses/,3833753939,99.00,,
18890991145,,cpu_core/instructions/,3833753939,99.00,,
13814152717,,cpu_core/cpu-cycles/,3833753939,99.00,,
139,,context-switches,3834220166,100.00,,
786629,,page-faults,3834220166,100.00,,

----- [optimized] H=16384 W=16384 K=3 seed=1234 rep=2/20 exit=0 -----
PROFILING optimized variant=default H=16384 W=16384 K=3 seed=1234
checksum 0.112685
--- perf stat -x, ---
2502741604,,cpu_core/L1-dcache-loads/,3842488074,99.00,,
61421396,,cpu_core/L1-dcache-load-misses/,3842488074,99.00,2.45,of all L1-dcache accesses
2723012952,,cpu_core/branch-instructions/,3842488074,99.00,,
136181933,,cpu_core/branch-misses/,3842488074,99.00,,
18890781023,,cpu_core/instructions/,3842488074,99.00,,
13844218003,,cpu_core/cpu-cycles/,3842488074,99.00,,
149,,context-switches,3842906919,100.00,,
786627,,page-faults,3842906919,100.00,,

----- [optimized] H=16384 W=16384 K=3 seed=1234 rep=3/20 exit=0 -----
PROFILING optimized variant=default H=16384 W=16384 K=3 seed=1234
checksum 0.112685
--- perf stat -x, ---
2502173488,,cpu_core/L1-dcache-loads/,3090935937,99.00,,
48238803,,cpu_core/L1-dcache-load-misses/,3090935937,99.00,1.93,of all L1-dcache accesses
2722527023,,cpu_core/branch-instructions/,3090935937,99.00,,
136251719,,cpu_core/branch-misses/,3090935937,99.00,,
18888236603,,cpu_core/instructions/,3090935937,99.00,,
11716508640,,cpu_core/cpu-cycles/,3090935937,99.00,,
99,,context-switches,3091343671,100.00,,
786631,,page-faults,3091343671,100.00,,

----- [optimized] H=16384 W=16384 K=3 seed=1234 rep=4/20 exit=0 -----
PROFILING optimized variant=default H=16384 W=16384 K=3 seed=1234
checksum 0.112685
--- perf stat -x, ---
2503164386,,cpu_core/L1-dcache-loads/,3670352704,99.00,,
59562496,,cpu_core/L1-dcache-load-misses/,3670352704,99.00,2.38,of all L1-dcache accesses
2723032867,,cpu_core/branch-instructions/,3670352704,99.00,,
136182291,,cpu_core/branch-misses/,3670352704,99.00,,
18891781786,,cpu_core/instructions/,3670352704,99.00,,
13916310954,,cpu_core/cpu-cycles/,3670352704,99.00,,
124,,context-switches,3670804235,100.00,,
786632,,page-faults,3670804235,100.00,,

----- [optimized] H=16384 W=16384 K=3 seed=1234 rep=5/20 exit=0 -----
PROFILING optimized variant=default H=16384 W=16384 K=3 seed=1234
checksum 0.112685
--- perf stat -x, ---
2503061845,,cpu_core/L1-dcache-loads/,3676172511,99.00,,
59223148,,cpu_core/L1-dcache-load-misses/,3676172511,99.00,2.37,of all L1-dcache accesses
2722970724,,cpu_core/branch-instructions/,3676172511,99.00,,
136202378,,cpu_core/branch-misses/,3676172511,99.00,,
18891399874,,cpu_core/instructions/,3676172511,99.00,,
13938608671,,cpu_core/cpu-cycles/,3676172511,99.00,,
110,,context-switches,3676609371,100.00,,
786629,,page-faults,3676609371,100.00,,

----- [optimized] H=16384 W=16384 K=3 seed=1234 rep=6/20 exit=0 -----
PROFILING optimized variant=default H=16384 W=16384 K=3 seed=1234
checksum 0.112685
--- perf stat -x, ---
2502555884,,cpu_core/L1-dcache-loads/,3679562481,99.00,,
59446410,,cpu_core/L1-dcache-load-misses/,3679562481,99.00,2.38,of all L1-dcache accesses
2722889189,,cpu_core/branch-instructions/,3679562481,99.00,,
136139686,,cpu_core/branch-misses/,3679562481,99.00,,
18890099345,,cpu_core/instructions/,3679562481,99.00,,
13951475035,,cpu_core/cpu-cycles/,3679562481,99.00,,
113,,context-switches,3680056779,100.00,,
786627,,page-faults,3680056779,100.00,,

----- [optimized] H=16384 W=16384 K=3 seed=1234 rep=7/20 exit=0 -----
PROFILING optimized variant=default H=16384 W=16384 K=3 seed=1234
checksum 0.112685
--- perf stat -x, ---
2502430590,,cpu_core/L1-dcache-loads/,3677888518,99.00,,
59661185,,cpu_core/L1-dcache-load-misses/,3677888518,99.00,2.38,of all L1-dcache accesses
2722749989,,cpu_core/branch-instructions/,3677888518,99.00,,
136229914,,cpu_core/branch-misses/,3677888518,99.00,,
18889228696,,cpu_core/instructions/,3677888518,99.00,,
13944766874,,cpu_core/cpu-cycles/,3677888518,99.00,,
122,,context-switches,3678297278,100.00,,
786631,,page-faults,3678297278,100.00,,

----- [optimized] H=16384 W=16384 K=3 seed=1234 rep=8/20 exit=0 -----
PROFILING optimized variant=default H=16384 W=16384 K=3 seed=1234
checksum 0.112685
--- perf stat -x, ---
2502453985,,cpu_core/L1-dcache-loads/,3672534614,99.00,,
59399307,,cpu_core/L1-dcache-load-misses/,3672534614,99.00,2.37,of all L1-dcache accesses
2722789924,,cpu_core/branch-instructions/,3672534614,99.00,,
136188077,,cpu_core/branch-misses/,3672534614,99.00,,
18889463322,,cpu_core/instructions/,3672534614,99.00,,
13925026987,,cpu_core/cpu-cycles/,3672534614,99.00,,
107,,context-switches,3672996572,100.00,,
786630,,page-faults,3672996572,100.00,,

----- [optimized] H=16384 W=16384 K=3 seed=1234 rep=9/20 exit=0 -----
PROFILING optimized variant=default H=16384 W=16384 K=3 seed=1234
checksum 0.112685
--- perf stat -x, ---
2502317702,,cpu_core/L1-dcache-loads/,3671746443,99.00,,
62222060,,cpu_core/L1-dcache-load-misses/,3671746443,99.00,2.49,of all L1-dcache accesses
2722670321,,cpu_core/branch-instructions/,3671746443,99.00,,
136178922,,cpu_core/branch-misses/,3671746443,99.00,,
18888725882,,cpu_core/instructions/,3671746443,99.00,,
13921964202,,cpu_core/cpu-cycles/,3671746443,99.00,,
80,,context-switches,3672142409,100.00,,
786631,,page-faults,3672142409,100.00,,

----- [optimized] H=16384 W=16384 K=3 seed=1234 rep=10/20 exit=0 -----
PROFILING optimized variant=default H=16384 W=16384 K=3 seed=1234
checksum 0.112685
--- perf stat -x, ---
2502420924,,cpu_core/L1-dcache-loads/,3679661151,99.00,,
60215948,,cpu_core/L1-dcache-load-misses/,3679661151,99.00,2.41,of all L1-dcache accesses
2722762422,,cpu_core/branch-instructions/,3679661151,99.00,,
136143096,,cpu_core/branch-misses/,3679661151,99.00,,
18889212856,,cpu_core/instructions/,3679661151,99.00,,
13951491590,,cpu_core/cpu-cycles/,3679661151,99.00,,
109,,context-switches,3680085537,100.00,,
786627,,page-faults,3680085537,100.00,,

----- [optimized] H=16384 W=16384 K=3 seed=1234 rep=11/20 exit=0 -----
PROFILING optimized variant=default H=16384 W=16384 K=3 seed=1234
checksum 0.112685
--- perf stat -x, ---
2502423060,,cpu_core/L1-dcache-loads/,3674109117,99.00,,
60549717,,cpu_core/L1-dcache-load-misses/,3674109117,99.00,2.42,of all L1-dcache accesses
2722756930,,cpu_core/branch-instructions/,3674109117,99.00,,
136143574,,cpu_core/branch-misses/,3674109117,99.00,,
18889224873,,cpu_core/instructions/,3674109117,99.00,,
13930218599,,cpu_core/cpu-cycles/,3674109117,99.00,,
117,,context-switches,3674519544,100.00,,
786631,,page-faults,3674519544,100.00,,

----- [optimized] H=16384 W=16384 K=3 seed=1234 rep=12/20 exit=0 -----
PROFILING optimized variant=default H=16384 W=16384 K=3 seed=1234
checksum 0.112685
--- perf stat -x, ---
2502640482,,cpu_core/L1-dcache-loads/,3678789185,99.00,,
59370036,,cpu_core/L1-dcache-load-misses/,3678789185,99.00,2.37,of all L1-dcache accesses
2722922758,,cpu_core/branch-instructions/,3678789185,99.00,,
136169194,,cpu_core/branch-misses/,3678789185,99.00,,
18890378412,,cpu_core/instructions/,3678789185,99.00,,
13948291836,,cpu_core/cpu-cycles/,3678789185,99.00,,
123,,context-switches,3679203747,100.00,,
786630,,page-faults,3679203747,100.00,,

----- [optimized] H=16384 W=16384 K=3 seed=1234 rep=13/20 exit=0 -----
PROFILING optimized variant=default H=16384 W=16384 K=3 seed=1234
checksum 0.112685
--- perf stat -x, ---
2502463877,,cpu_core/L1-dcache-loads/,3673958731,99.00,,
61014102,,cpu_core/L1-dcache-load-misses/,3673958731,99.00,2.44,of all L1-dcache accesses
2722796374,,cpu_core/branch-instructions/,3673958731,99.00,,
136176378,,cpu_core/branch-misses/,3673958731,99.00,,
18889455998,,cpu_core/instructions/,3673958731,99.00,,
13929798518,,cpu_core/cpu-cycles/,3673958731,99.00,,
123,,context-switches,3674371253,100.00,,
786629,,page-faults,3674371253,100.00,,

----- [optimized] H=16384 W=16384 K=3 seed=1234 rep=14/20 exit=0 -----
PROFILING optimized variant=default H=16384 W=16384 K=3 seed=1234
checksum 0.112685
--- perf stat -x, ---
2502477747,,cpu_core/L1-dcache-loads/,3674711777,99.00,,
59856812,,cpu_core/L1-dcache-load-misses/,3674711777,99.00,2.39,of all L1-dcache accesses
2722806275,,cpu_core/branch-instructions/,3674711777,99.00,,
136203390,,cpu_core/branch-misses/,3674711777,99.00,,
18889489065,,cpu_core/instructions/,3674711777,99.00,,
13932636103,,cpu_core/cpu-cycles/,3674711777,99.00,,
125,,context-switches,3675129680,100.00,,
786630,,page-faults,3675129680,100.00,,

----- [optimized] H=16384 W=16384 K=3 seed=1234 rep=15/20 exit=0 -----
PROFILING optimized variant=default H=16384 W=16384 K=3 seed=1234
checksum 0.112685
--- perf stat -x, ---
2502616288,,cpu_core/L1-dcache-loads/,3675903602,99.00,,
60503775,,cpu_core/L1-dcache-load-misses/,3675903602,99.00,2.42,of all L1-dcache accesses
2722901554,,cpu_core/branch-instructions/,3675903602,99.00,,
136218191,,cpu_core/branch-misses/,3675903602,99.00,,
18890107867,,cpu_core/instructions/,3675903602,99.00,,
13937203102,,cpu_core/cpu-cycles/,3675903602,99.00,,
144,,context-switches,3676331313,100.00,,
786630,,page-faults,3676331313,100.00,,

----- [optimized] H=16384 W=16384 K=3 seed=1234 rep=16/20 exit=0 -----
PROFILING optimized variant=default H=16384 W=16384 K=3 seed=1234
checksum 0.112685
--- perf stat -x, ---
2502556390,,cpu_core/L1-dcache-loads/,3677731490,100.00,,
60303885,,cpu_core/L1-dcache-load-misses/,3677731490,100.00,2.41,of all L1-dcache accesses
2722753785,,cpu_core/branch-instructions/,3677731490,100.00,,
136127803,,cpu_core/branch-misses/,3677731490,100.00,,
18888845878,,cpu_core/instructions/,3677731490,100.00,,
13942278556,,cpu_core/cpu-cycles/,3677731490,100.00,,
141,,context-switches,3677731490,100.00,,
786630,,page-faults,3677731490,100.00,,

----- [optimized] H=16384 W=16384 K=3 seed=1234 rep=17/20 exit=0 -----
PROFILING optimized variant=default H=16384 W=16384 K=3 seed=1234
checksum 0.112685
--- perf stat -x, ---
2502511610,,cpu_core/L1-dcache-loads/,3672931029,99.00,,
59873904,,cpu_core/L1-dcache-load-misses/,3672931029,99.00,2.39,of all L1-dcache accesses
2722824908,,cpu_core/branch-instructions/,3672931029,99.00,,
136185784,,cpu_core/branch-misses/,3672931029,99.00,,
18889647566,,cpu_core/instructions/,3672931029,99.00,,
13925825368,,cpu_core/cpu-cycles/,3672931029,99.00,,
133,,context-switches,3673317974,100.00,,
786631,,page-faults,3673317974,100.00,,

----- [optimized] H=16384 W=16384 K=3 seed=1234 rep=18/20 exit=0 -----
PROFILING optimized variant=default H=16384 W=16384 K=3 seed=1234
checksum 0.112685
--- perf stat -x, ---
2502446404,,cpu_core/L1-dcache-loads/,3035564928,99.00,,
50399516,,cpu_core/L1-dcache-load-misses/,3035564928,99.00,2.01,of all L1-dcache accesses
2722681923,,cpu_core/branch-instructions/,3035564928,99.00,,
136260593,,cpu_core/branch-misses/,3035564928,99.00,,
18889433282,,cpu_core/instructions/,3035564928,99.00,,
11509105627,,cpu_core/cpu-cycles/,3035564928,99.00,,
106,,context-switches,3036019700,100.00,,
786630,,page-faults,3036019700,100.00,,

----- [optimized] H=16384 W=16384 K=3 seed=1234 rep=19/20 exit=0 -----
PROFILING optimized variant=default H=16384 W=16384 K=3 seed=1234
checksum 0.112685
--- perf stat -x, ---
2502549143,,cpu_core/L1-dcache-loads/,3679082364,99.00,,
59408106,,cpu_core/L1-dcache-load-misses/,3679082364,99.00,2.37,of all L1-dcache accesses
2722880180,,cpu_core/branch-instructions/,3679082364,99.00,,
136177265,,cpu_core/branch-misses/,3679082364,99.00,,
18890058927,,cpu_core/instructions/,3679082364,99.00,,
13949560666,,cpu_core/cpu-cycles/,3679082364,99.00,,
123,,context-switches,3679531605,100.00,,
786629,,page-faults,3679531605,100.00,,

----- [optimized] H=16384 W=16384 K=3 seed=1234 rep=20/20 exit=0 -----
PROFILING optimized variant=default H=16384 W=16384 K=3 seed=1234
checksum 0.112685
--- perf stat -x, ---
2502590433,,cpu_core/L1-dcache-loads/,3672971298,99.00,,
58967233,,cpu_core/L1-dcache-load-misses/,3672971298,99.00,2.36,of all L1-dcache accesses
2722889115,,cpu_core/branch-instructions/,3672971298,99.00,,
136193766,,cpu_core/branch-misses/,3672971298,99.00,,
18890049212,,cpu_core/instructions/,3672971298,99.00,,
13926081743,,cpu_core/cpu-cycles/,3672971298,99.00,,
132,,context-switches,3673407435,100.00,,
786630,,page-faults,3673407435,100.00,,
# finished : 2026-09-07T15:00:15+05:30
