label,stage,variant,H,W,K,seed,rep,event,value,unit,counter_runtime_ns,pct_enabled
optimized,optimized,default,64,64,3,1234,1,L1-dcache-loads,632272,,519841,55
optimized,optimized,default,64,64,3,1234,1,L1-dcache-load-misses,24522,,519841,55
optimized,optimized,default,64,64,3,1234,1,branch-instructions,496877,,519841,55
optimized,optimized,default,64,64,3,1234,1,branch-misses,19504,,519841,55
optimized,optimized,default,64,64,3,1234,1,instructions,2855457,,519841,55
optimized,optimized,default,64,64,3,1234,1,cpu-cycles,3485750,,519841,55
optimized,optimized,default,64,64,3,1234,1,context-switches,1,,944684,100
optimized,optimized,default,64,64,3,1234,1,page-faults,143,,944684,100
optimized,optimized,default,64,64,3,1234,2,L1-dcache-loads,645604,,489211,53
optimized,optimized,default,64,64,3,1234,2,L1-dcache-load-misses,22971,,489211,53
optimized,optimized,default,64,64,3,1234,2,branch-instructions,507973,,489211,53
optimized,optimized,default,64,64,3,1234,2,branch-misses,18747,,489211,53
optimized,optimized,default,64,64,3,1234,2,instructions,2921487,,489211,53
optimized,optimized,default,64,64,3,1234,2,cpu-cycles,3363887,,489211,53
optimized,optimized,default,64,64,3,1234,2,context-switches,1,,916050,100
optimized,optimized,default,64,64,3,1234,2,page-faults,143,,916050,100
optimized,optimized,default,64,64,3,1234,3,L1-dcache-loads,639570,,491870,54
optimized,optimized,default,64,64,3,1234,3,L1-dcache-load-misses,23792,,491870,54
optimized,optimized,default,64,64,3,1234,3,branch-instructions,503259,,491870,54
optimized,optimized,default,64,64,3,1234,3,branch-misses,17364,,491870,54
optimized,optimized,default,64,64,3,1234,3,instructions,2889210,,491870,54
optimized,optimized,default,64,64,3,1234,3,cpu-cycles,3325671,,491870,54
optimized,optimized,default,64,64,3,1234,3,context-switches,1,,907468,100
optimized,optimized,default,64,64,3,1234,3,page-faults,144,,907468,100
optimized,optimized,default,64,64,3,1234,4,L1-dcache-loads,624906,,555952,55
optimized,optimized,default,64,64,3,1234,4,L1-dcache-load-misses,24056,,555952,55
optimized,optimized,default,64,64,3,1234,4,branch-instructions,491171,,555952,55
optimized,optimized,default,64,64,3,1234,4,branch-misses,18006,,555952,55
optimized,optimized,default,64,64,3,1234,4,instructions,2823337,,555952,55
optimized,optimized,default,64,64,3,1234,4,cpu-cycles,3654757,,555952,55
optimized,optimized,default,64,64,3,1234,4,context-switches,1,,998373,100
optimized,optimized,default,64,64,3,1234,4,page-faults,143,,998373,100
optimized,optimized,default,64,64,3,1234,5,L1-dcache-loads,633456,,518038,54
optimized,optimized,default,64,64,3,1234,5,L1-dcache-load-misses,23060,,518038,54
optimized,optimized,default,64,64,3,1234,5,branch-instructions,498639,,518038,54
optimized,optimized,default,64,64,3,1234,5,branch-misses,16893,,518038,54
optimized,optimized,default,64,64,3,1234,5,instructions,2860563,,518038,54
optimized,optimized,default,64,64,3,1234,5,cpu-cycles,3467455,,518038,54
optimized,optimized,default,64,64,3,1234,5,context-switches,1,,948582,100
optimized,optimized,default,64,64,3,1234,5,page-faults,142,,948582,100
optimized,optimized,default,64,64,3,1234,6,L1-dcache-loads,581621,,801593,100
optimized,optimized,default,64,64,3,1234,6,L1-dcache-load-misses,20224,,801593,100
optimized,optimized,default,64,64,3,1234,6,branch-instructions,442334,,801593,100
optimized,optimized,default,64,64,3,1234,6,branch-misses,15012,,801593,100
optimized,optimized,default,64,64,3,1234,6,instructions,2527465,,801593,100
optimized,optimized,default,64,64,3,1234,6,cpu-cycles,2702743,,801593,100
optimized,optimized,default,64,64,3,1234,6,context-switches,1,,801593,100
optimized,optimized,default,64,64,3,1234,6,page-faults,140,,801593,100
optimized,optimized,default,64,64,3,1234,7,L1-dcache-loads,629963,,644860,69
optimized,optimized,default,64,64,3,1234,7,L1-dcache-load-misses,23762,,644860,69
optimized,optimized,default,64,64,3,1234,7,branch-instructions,489382,,644860,69
optimized,optimized,default,64,64,3,1234,7,branch-misses,15749,,644860,69
optimized,optimized,default,64,64,3,1234,7,instructions,2793684,,644860,69
optimized,optimized,default,64,64,3,1234,7,cpu-cycles,3389212,,644860,69
optimized,optimized,default,64,64,3,1234,7,context-switches,2,,932531,100
optimized,optimized,default,64,64,3,1234,7,page-faults,143,,932531,100
optimized,optimized,default,64,64,3,1234,8,L1-dcache-loads,640547,,524151,54
optimized,optimized,default,64,64,3,1234,8,L1-dcache-load-misses,26216,,524151,54
optimized,optimized,default,64,64,3,1234,8,branch-instructions,505138,,524151,54
optimized,optimized,default,64,64,3,1234,8,branch-misses,14031,,524151,54
optimized,optimized,default,64,64,3,1234,8,instructions,2896180,,524151,54
optimized,optimized,default,64,64,3,1234,8,cpu-cycles,3568277,,524151,54
optimized,optimized,default,64,64,3,1234,8,context-switches,1,,970525,100
optimized,optimized,default,64,64,3,1234,8,page-faults,145,,970525,100
optimized,optimized,default,64,64,3,1234,9,L1-dcache-loads,654708,,473029,52
optimized,optimized,default,64,64,3,1234,9,L1-dcache-load-misses,23654,,473029,52
optimized,optimized,default,64,64,3,1234,9,branch-instructions,515993,,473029,52
optimized,optimized,default,64,64,3,1234,9,branch-misses,14303,,473029,52
optimized,optimized,default,64,64,3,1234,9,instructions,2964694,,473029,52
optimized,optimized,default,64,64,3,1234,9,cpu-cycles,3317296,,473029,52
optimized,optimized,default,64,64,3,1234,9,context-switches,1,,901865,100
optimized,optimized,default,64,64,3,1234,9,page-faults,140,,901865,100
optimized,optimized,default,64,64,3,1234,10,L1-dcache-loads,640599,,493891,54
optimized,optimized,default,64,64,3,1234,10,L1-dcache-load-misses,25678,,493891,54
optimized,optimized,default,64,64,3,1234,10,branch-instructions,504991,,493891,54
optimized,optimized,default,64,64,3,1234,10,branch-misses,14783,,493891,54
optimized,optimized,default,64,64,3,1234,10,instructions,2895423,,493891,54
optimized,optimized,default,64,64,3,1234,10,cpu-cycles,3343048,,493891,54
optimized,optimized,default,64,64,3,1234,10,context-switches,1,,912546,100
optimized,optimized,default,64,64,3,1234,10,page-faults,144,,912546,100
optimized,optimized,default,64,64,3,1234,11,L1-dcache-loads,615109,,556194,56
optimized,optimized,default,64,64,3,1234,11,L1-dcache-load-misses,22535,,556194,56
optimized,optimized,default,64,64,3,1234,11,branch-instructions,484136,,556194,56
optimized,optimized,default,64,64,3,1234,11,branch-misses,13895,,556194,56
optimized,optimized,default,64,64,3,1234,11,instructions,2782819,,556194,56
optimized,optimized,default,64,64,3,1234,11,cpu-cycles,3628640,,556194,56
optimized,optimized,default,64,64,3,1234,11,context-switches,1,,988586,100
optimized,optimized,default,64,64,3,1234,11,page-faults,141,,988586,100
optimized,optimized,default,64,64,3,1234,12,L1-dcache-loads,639054,,567778,59
optimized,optimized,default,64,64,3,1234,12,L1-dcache-load-misses,24307,,567778,59
optimized,optimized,default,64,64,3,1234,12,branch-instructions,502981,,567778,59
optimized,optimized,default,64,64,3,1234,12,branch-misses,15287,,567778,59
optimized,optimized,default,64,64,3,1234,12,instructions,2869613,,567778,59
optimized,optimized,default,64,64,3,1234,12,cpu-cycles,3328578,,567778,59
optimized,optimized,default,64,64,3,1234,12,context-switches,2,,946654,100
optimized,optimized,default,64,64,3,1234,12,page-faults,143,,946654,100
optimized,optimized,default,64,64,3,1234,13,L1-dcache-loads,671825,,468228,51
optimized,optimized,default,64,64,3,1234,13,L1-dcache-load-misses,24840,,468228,51
optimized,optimized,default,64,64,3,1234,13,branch-instructions,529421,,468228,51
optimized,optimized,default,64,64,3,1234,13,branch-misses,15500,,468228,51
optimized,optimized,default,64,64,3,1234,13,instructions,3037153,,468228,51
optimized,optimized,default,64,64,3,1234,13,cpu-cycles,3338477,,468228,51
optimized,optimized,default,64,64,3,1234,13,context-switches,1,,914743,100
optimized,optimized,default,64,64,3,1234,13,page-faults,141,,914743,100
optimized,optimized,default,64,64,3,1234,14,L1-dcache-loads,663858,,467446,51
optimized,optimized,default,64,64,3,1234,14,L1-dcache-load-misses,24413,,467446,51
optimized,optimized,default,64,64,3,1234,14,branch-instructions,522821,,467446,51
optimized,optimized,default,64,64,3,1234,14,branch-misses,14562,,467446,51
optimized,optimized,default,64,64,3,1234,14,instructions,3005112,,467446,51
optimized,optimized,default,64,64,3,1234,14,cpu-cycles,3337310,,467446,51
optimized,optimized,default,64,64,3,1234,14,context-switches,1,,907291,100
optimized,optimized,default,64,64,3,1234,14,page-faults,141,,907291,100
optimized,optimized,default,64,64,3,1234,15,L1-dcache-loads,580365,,696008,100
optimized,optimized,default,64,64,3,1234,15,L1-dcache-load-misses,19720,,696008,100
optimized,optimized,default,64,64,3,1234,15,branch-instructions,441487,,696008,100
optimized,optimized,default,64,64,3,1234,15,branch-misses,16116,,696008,100
optimized,optimized,default,64,64,3,1234,15,instructions,2519722,,696008,100
optimized,optimized,default,64,64,3,1234,15,cpu-cycles,2564696,,696008,100
optimized,optimized,default,64,64,3,1234,15,context-switches,1,,696008,100
optimized,optimized,default,64,64,3,1234,15,page-faults,140,,696008,100
optimized,optimized,default,64,64,3,1234,16,L1-dcache-loads,655795,,505972,53
optimized,optimized,default,64,64,3,1234,16,L1-dcache-load-misses,27459,,505972,53
optimized,optimized,default,64,64,3,1234,16,branch-instructions,515390,,505972,53
optimized,optimized,default,64,64,3,1234,16,branch-misses,19357,,505972,53
optimized,optimized,default,64,64,3,1234,16,instructions,2962025,,505972,53
optimized,optimized,default,64,64,3,1234,16,cpu-cycles,3498932,,505972,53
optimized,optimized,default,64,64,3,1234,16,context-switches,1,,951943,100
optimized,optimized,default,64,64,3,1234,16,page-faults,145,,951943,100
optimized,optimized,default,64,64,3,1234,17,L1-dcache-loads,580247,,733392,100
optimized,optimized,default,64,64,3,1234,17,L1-dcache-load-misses,18869,,733392,100
optimized,optimized,default,64,64,3,1234,17,branch-instructions,441231,,733392,100
optimized,optimized,default,64,64,3,1234,17,branch-misses,15838,,733392,100
optimized,optimized,default,64,64,3,1234,17,instructions,2520839,,733392,100
optimized,optimized,default,64,64,3,1234,17,cpu-cycles,2578698,,733392,100
optimized,optimized,default,64,64,3,1234,17,context-switches,1,,733392,100
optimized,optimized,default,64,64,3,1234,17,page-faults,140,,733392,100
optimized,optimized,default,64,64,3,1234,18,L1-dcache-loads,688258,,492390,50
optimized,optimized,default,64,64,3,1234,18,L1-dcache-load-misses,26621,,492390,50
optimized,optimized,default,64,64,3,1234,18,branch-instructions,540989,,492390,50
optimized,optimized,default,64,64,3,1234,18,branch-misses,18535,,492390,50
optimized,optimized,default,64,64,3,1234,18,instructions,3110018,,492390,50
optimized,optimized,default,64,64,3,1234,18,cpu-cycles,3569003,,492390,50
optimized,optimized,default,64,64,3,1234,18,context-switches,1,,976759,100
optimized,optimized,default,64,64,3,1234,18,page-faults,143,,976759,100
optimized,optimized,default,64,64,3,1234,19,L1-dcache-loads,601115,,808108,100
optimized,optimized,default,64,64,3,1234,19,L1-dcache-load-misses,20089,,808108,100
optimized,optimized,default,64,64,3,1234,19,branch-instructions,454902,,808108,100
optimized,optimized,default,64,64,3,1234,19,branch-misses,16258,,808108,100
optimized,optimized,default,64,64,3,1234,19,instructions,2605200,,808108,100
optimized,optimized,default,64,64,3,1234,19,cpu-cycles,2872378,,808108,100
optimized,optimized,default,64,64,3,1234,19,context-switches,2,,808108,100
optimized,optimized,default,64,64,3,1234,19,page-faults,140,,808108,100
optimized,optimized,default,64,64,3,1234,20,L1-dcache-loads,682795,,491708,51
optimized,optimized,default,64,64,3,1234,20,L1-dcache-load-misses,25114,,491708,51
optimized,optimized,default,64,64,3,1234,20,branch-instructions,537521,,491708,51
optimized,optimized,default,64,64,3,1234,20,branch-misses,19901,,491708,51
optimized,optimized,default,64,64,3,1234,20,instructions,3082912,,491708,51
optimized,optimized,default,64,64,3,1234,20,cpu-cycles,3498630,,491708,51
optimized,optimized,default,64,64,3,1234,20,context-switches,2,,963184,100
optimized,optimized,default,64,64,3,1234,20,page-faults,142,,963184,100
optimized,optimized,default,128,128,3,1234,1,L1-dcache-loads,769336,,691487,60
optimized,optimized,default,128,128,3,1234,1,L1-dcache-load-misses,24496,,691487,60
optimized,optimized,default,128,128,3,1234,1,branch-instructions,660480,,691487,60
optimized,optimized,default,128,128,3,1234,1,branch-misses,29124,,691487,60
optimized,optimized,default,128,128,3,1234,1,instructions,4049292,,691487,60
optimized,optimized,default,128,128,3,1234,1,cpu-cycles,4197846,,691487,60
optimized,optimized,default,128,128,3,1234,1,context-switches,1,,1147539,100
optimized,optimized,default,128,128,3,1234,1,page-faults,180,,1147539,100
optimized,optimized,default,128,128,3,1234,2,L1-dcache-loads,787206,,677301,58
optimized,optimized,default,128,128,3,1234,2,L1-dcache-load-misses,24756,,677301,58
optimized,optimized,default,128,128,3,1234,2,branch-instructions,677640,,677301,58
optimized,optimized,default,128,128,3,1234,2,branch-misses,29715,,677301,58
optimized,optimized,default,128,128,3,1234,2,instructions,4143928,,677301,58
optimized,optimized,default,128,128,3,1234,2,cpu-cycles,4228933,,677301,58
optimized,optimized,default,128,128,3,1234,2,context-switches,1,,1156157,100
optimized,optimized,default,128,128,3,1234,2,page-faults,179,,1156157,100
optimized,optimized,default,128,128,3,1234,3,L1-dcache-loads,776640,,671808,59
optimized,optimized,default,128,128,3,1234,3,L1-dcache-load-misses,26920,,671808,59
optimized,optimized,default,128,128,3,1234,3,branch-instructions,666099,,671808,59
optimized,optimized,default,128,128,3,1234,3,branch-misses,27645,,671808,59
optimized,optimized,default,128,128,3,1234,3,instructions,4085016,,671808,59
optimized,optimized,default,128,128,3,1234,3,cpu-cycles,4088878,,671808,59
optimized,optimized,default,128,128,3,1234,3,context-switches,1,,1122350,100
optimized,optimized,default,128,128,3,1234,3,page-faults,180,,1122350,100
optimized,optimized,default,128,128,3,1234,4,L1-dcache-loads,735508,,667032,62
optimized,optimized,default,128,128,3,1234,4,L1-dcache-load-misses,23370,,667032,62
optimized,optimized,default,128,128,3,1234,4,branch-instructions,632634,,667032,62
optimized,optimized,default,128,128,3,1234,4,branch-misses,26839,,667032,62
optimized,optimized,default,128,128,3,1234,4,instructions,3875503,,667032,62
optimized,optimized,default,128,128,3,1234,4,cpu-cycles,3895707,,667032,62
optimized,optimized,default,128,128,3,1234,4,context-switches,1,,1066645,100
optimized,optimized,default,128,128,3,1234,4,page-faults,177,,1066645,100
optimized,optimized,default,128,128,3,1234,5,L1-dcache-loads,757989,,719558,60
optimized,optimized,default,128,128,3,1234,5,L1-dcache-load-misses,25871,,719558,60
optimized,optimized,default,128,128,3,1234,5,branch-instructions,653109,,719558,60
optimized,optimized,default,128,128,3,1234,5,branch-misses,27967,,719558,60
optimized,optimized,default,128,128,3,1234,5,instructions,3996197,,719558,60
optimized,optimized,default,128,128,3,1234,5,cpu-cycles,4314581,,719558,60
optimized,optimized,default,128,128,3,1234,5,context-switches,1,,1190304,100
optimized,optimized,default,128,128,3,1234,5,page-faults,177,,1190304,100
optimized,optimized,default,128,128,3,1234,6,L1-dcache-loads,777791,,683348,59
optimized,optimized,default,128,128,3,1234,6,L1-dcache-load-misses,25216,,683348,59
optimized,optimized,default,128,128,3,1234,6,branch-instructions,668722,,683348,59
optimized,optimized,default,128,128,3,1234,6,branch-misses,28757,,683348,59
optimized,optimized,default,128,128,3,1234,6,instructions,4093748,,683348,59
optimized,optimized,default,128,128,3,1234,6,cpu-cycles,4208297,,683348,59
optimized,optimized,default,128,128,3,1234,6,context-switches,1,,1153176,100
optimized,optimized,default,128,128,3,1234,6,page-faults,181,,1153176,100
optimized,optimized,default,128,128,3,1234,7,L1-dcache-loads,762979,,668071,60
optimized,optimized,default,128,128,3,1234,7,L1-dcache-load-misses,26696,,668071,60
optimized,optimized,default,128,128,3,1234,7,branch-instructions,657069,,668071,60
optimized,optimized,default,128,128,3,1234,7,branch-misses,28255,,668071,60
optimized,optimized,default,128,128,3,1234,7,instructions,4021535,,668071,60
optimized,optimized,default,128,128,3,1234,7,cpu-cycles,4054107,,668071,60
optimized,optimized,default,128,128,3,1234,7,context-switches,1,,1112880,100
optimized,optimized,default,128,128,3,1234,7,page-faults,176,,1112880,100
optimized,optimized,default,128,128,3,1234,8,L1-dcache-loads,753121,,687671,61
optimized,optimized,default,128,128,3,1234,8,L1-dcache-load-misses,25319,,687671,61
optimized,optimized,default,128,128,3,1234,8,branch-instructions,647463,,687671,61
optimized,optimized,default,128,128,3,1234,8,branch-misses,27684,,687671,61
optimized,optimized,default,128,128,3,1234,8,instructions,3965613,,687671,61
optimized,optimized,default,128,128,3,1234,8,cpu-cycles,4087110,,687671,61
optimized,optimized,default,128,128,3,1234,8,context-switches,1,,1123027,100
optimized,optimized,default,128,128,3,1234,8,page-faults,177,,1123027,100
optimized,optimized,default,128,128,3,1234,9,L1-dcache-loads,717662,,716327,64
optimized,optimized,default,128,128,3,1234,9,L1-dcache-load-misses,25321,,716327,64
optimized,optimized,default,128,128,3,1234,9,branch-instructions,617377,,716327,64
optimized,optimized,default,128,128,3,1234,9,branch-misses,26327,,716327,64
optimized,optimized,default,128,128,3,1234,9,instructions,3775159,,716327,64
optimized,optimized,default,128,128,3,1234,9,cpu-cycles,4013895,,716327,64
optimized,optimized,default,128,128,3,1234,9,context-switches,1,,1111847,100
optimized,optimized,default,128,128,3,1234,9,page-faults,178,,1111847,100
optimized,optimized,default,128,128,3,1234,10,L1-dcache-loads,756546,,676094,60
optimized,optimized,default,128,128,3,1234,10,L1-dcache-load-misses,25543,,676094,60
optimized,optimized,default,128,128,3,1234,10,branch-instructions,650796,,676094,60
optimized,optimized,default,128,128,3,1234,10,branch-misses,27734,,676094,60
optimized,optimized,default,128,128,3,1234,10,instructions,3984874,,676094,60
optimized,optimized,default,128,128,3,1234,10,cpu-cycles,4046573,,676094,60
optimized,optimized,default,128,128,3,1234,10,context-switches,1,,1109599,100
optimized,optimized,default,128,128,3,1234,10,page-faults,176,,1109599,100
optimized,optimized,default,128,128,3,1234,11,L1-dcache-loads,717104,,998717,93
optimized,optimized,default,128,128,3,1234,11,L1-dcache-load-misses,22849,,998717,93
optimized,optimized,default,128,128,3,1234,11,branch-instructions,588010,,998717,93
optimized,optimized,default,128,128,3,1234,11,branch-misses,24462,,998717,93
optimized,optimized,default,128,128,3,1234,11,instructions,3514561,,998717,93
optimized,optimized,default,128,128,3,1234,11,cpu-cycles,3609254,,998717,93
optimized,optimized,default,128,128,3,1234,11,context-switches,2,,1067363,100
optimized,optimized,default,128,128,3,1234,11,page-faults,177,,1067363,100
optimized,optimized,default,128,128,3,1234,12,L1-dcache-loads,757579,,692613,61
optimized,optimized,default,128,128,3,1234,12,L1-dcache-load-misses,26472,,692613,61
optimized,optimized,default,128,128,3,1234,12,branch-instructions,651768,,692613,61
optimized,optimized,default,128,128,3,1234,12,branch-misses,28557,,692613,61
optimized,optimized,default,128,128,3,1234,12,instructions,3985419,,692613,61
optimized,optimized,default,128,128,3,1234,12,cpu-cycles,4138841,,692613,61
optimized,optimized,default,128,128,3,1234,12,context-switches,1,,1134669,100
optimized,optimized,default,128,128,3,1234,12,page-faults,179,,1134669,100
optimized,optimized,default,128,128,3,1234,13,L1-dcache-loads,738512,,676840,62
optimized,optimized,default,128,128,3,1234,13,L1-dcache-load-misses,23199,,676840,62
optimized,optimized,default,128,128,3,1234,13,branch-instructions,635515,,676840,62
optimized,optimized,default,128,128,3,1234,13,branch-misses,28120,,676840,62
optimized,optimized,default,128,128,3,1234,13,instructions,3889327,,676840,62
optimized,optimized,default,128,128,3,1234,13,cpu-cycles,3953309,,676840,62
optimized,optimized,default,128,128,3,1234,13,context-switches,1,,1083217,100
optimized,optimized,default,128,128,3,1234,13,page-faults,180,,1083217,100
optimized,optimized,default,128,128,3,1234,14,L1-dcache-loads,755265,,688715,61
optimized,optimized,default,128,128,3,1234,14,L1-dcache-load-misses,25743,,688715,61
optimized,optimized,default,128,128,3,1234,14,branch-instructions,649763,,688715,61
optimized,optimized,default,128,128,3,1234,14,branch-misses,28957,,688715,61
optimized,optimized,default,128,128,3,1234,14,instructions,3975211,,688715,61
optimized,optimized,default,128,128,3,1234,14,cpu-cycles,4107036,,688715,61
optimized,optimized,default,128,128,3,1234,14,context-switches,2,,1126576,100
optimized,optimized,default,128,128,3,1234,14,page-faults,180,,1126576,100
optimized,optimized,default,128,128,3,1234,15,L1-dcache-loads,759762,,680170,61
optimized,optimized,default,128,128,3,1234,15,L1-dcache-load-misses,26608,,680170,61
optimized,optimized,default,128,128,3,1234,15,branch-instructions,651256,,680170,61
optimized,optimized,default,128,128,3,1234,15,branch-misses,28032,,680170,61
optimized,optimized,default,128,128,3,1234,15,instructions,3993594,,680170,61
optimized,optimized,default,128,128,3,1234,15,cpu-cycles,4041029,,680170,61
optimized,optimized,default,128,128,3,1234,15,context-switches,1,,1108984,100
optimized,optimized,default,128,128,3,1234,15,page-faults,179,,1108984,100
optimized,optimized,default,128,128,3,1234,16,L1-dcache-loads,759387,,676119,60
optimized,optimized,default,128,128,3,1234,16,L1-dcache-load-misses,24919,,676119,60
optimized,optimized,default,128,128,3,1234,16,branch-instructions,653506,,676119,60
optimized,optimized,default,128,128,3,1234,16,branch-misses,27704,,676119,60
optimized,optimized,default,128,128,3,1234,16,instructions,3995415,,676119,60
optimized,optimized,default,128,128,3,1234,16,cpu-cycles,4048025,,676119,60
optimized,optimized,default,128,128,3,1234,16,context-switches,1,,1108453,100
optimized,optimized,default,128,128,3,1234,16,page-faults,181,,1108453,100
optimized,optimized,default,128,128,3,1234,17,L1-dcache-loads,802855,,663299,57
optimized,optimized,default,128,128,3,1234,17,L1-dcache-load-misses,24571,,663299,57
optimized,optimized,default,128,128,3,1234,17,branch-instructions,690967,,663299,57
optimized,optimized,default,128,128,3,1234,17,branch-misses,28885,,663299,57
optimized,optimized,default,128,128,3,1234,17,instructions,4225945,,663299,57
optimized,optimized,default,128,128,3,1234,17,cpu-cycles,4205241,,663299,57
optimized,optimized,default,128,128,3,1234,17,context-switches,2,,1154418,100
optimized,optimized,default,128,128,3,1234,17,page-faults,181,,1154418,100
optimized,optimized,default,128,128,3,1234,18,L1-dcache-loads,742273,,675776,62
optimized,optimized,default,128,128,3,1234,18,L1-dcache-load-misses,25301,,675776,62
optimized,optimized,default,128,128,3,1234,18,branch-instructions,638457,,675776,62
optimized,optimized,default,128,128,3,1234,18,branch-misses,27029,,675776,62
optimized,optimized,default,128,128,3,1234,18,instructions,3909336,,675776,62
optimized,optimized,default,128,128,3,1234,18,cpu-cycles,3966838,,675776,62
optimized,optimized,default,128,128,3,1234,18,context-switches,1,,1087526,100
optimized,optimized,default,128,128,3,1234,18,page-faults,179,,1087526,100
optimized,optimized,default,128,128,3,1234,19,L1-dcache-loads,763950,,663925,60
optimized,optimized,default,128,128,3,1234,19,L1-dcache-load-misses,23328,,663925,60
optimized,optimized,default,128,128,3,1234,19,branch-instructions,657159,,663925,60
optimized,optimized,default,128,128,3,1234,19,branch-misses,28430,,663925,60
optimized,optimized,default,128,128,3,1234,19,instructions,4021730,,663925,60
optimized,optimized,default,128,128,3,1234,19,cpu-cycles,4009337,,663925,60
optimized,optimized,default,128,128,3,1234,19,context-switches,1,,1100113,100
optimized,optimized,default,128,128,3,1234,19,page-faults,178,,1100113,100
optimized,optimized,default,128,128,3,1234,20,L1-dcache-loads,698302,,1007236,100
optimized,optimized,default,128,128,3,1234,20,L1-dcache-load-misses,20493,,1007236,100
optimized,optimized,default,128,128,3,1234,20,branch-instructions,568334,,1007236,100
optimized,optimized,default,128,128,3,1234,20,branch-misses,23230,,1007236,100
optimized,optimized,default,128,128,3,1234,20,instructions,3395595,,1007236,100
optimized,optimized,default,128,128,3,1234,20,cpu-cycles,3617421,,1007236,100
optimized,optimized,default,128,128,3,1234,20,context-switches,1,,1007236,100
optimized,optimized,default,128,128,3,1234,20,page-faults,178,,1007236,100
optimized,optimized,default,256,256,3,1234,1,L1-dcache-loads,1240354,,1400640,74
optimized,optimized,default,256,256,3,1234,1,L1-dcache-load-misses,31071,,1400640,74
optimized,optimized,default,256,256,3,1234,1,branch-instructions,1201868,,1400640,74
optimized,optimized,default,256,256,3,1234,1,branch-misses,57439,,1400640,74
optimized,optimized,default,256,256,3,1234,1,instructions,7900768,,1400640,74
optimized,optimized,default,256,256,3,1234,1,cpu-cycles,6770546,,1400640,74
optimized,optimized,default,256,256,3,1234,1,context-switches,1,,1869250,100
optimized,optimized,default,256,256,3,1234,1,page-faults,328,,1869250,100
optimized,optimized,default,256,256,3,1234,2,L1-dcache-loads,1237075,,1402352,75
optimized,optimized,default,256,256,3,1234,2,L1-dcache-load-misses,31446,,1402352,75
optimized,optimized,default,256,256,3,1234,2,branch-instructions,1197817,,1402352,75
optimized,optimized,default,256,256,3,1234,2,branch-misses,56110,,1402352,75
optimized,optimized,default,256,256,3,1234,2,instructions,7876173,,1402352,75
optimized,optimized,default,256,256,3,1234,2,cpu-cycles,6756995,,1402352,75
optimized,optimized,default,256,256,3,1234,2,context-switches,1,,1861523,100
optimized,optimized,default,256,256,3,1234,2,page-faults,327,,1861523,100
optimized,optimized,default,256,256,3,1234,3,L1-dcache-loads,1227613,,1462145,75
optimized,optimized,default,256,256,3,1234,3,L1-dcache-load-misses,29195,,1462145,75
optimized,optimized,default,256,256,3,1234,3,branch-instructions,1191163,,1462145,75
optimized,optimized,default,256,256,3,1234,3,branch-misses,54607,,1462145,75
optimized,optimized,default,256,256,3,1234,3,instructions,7827652,,1462145,75
optimized,optimized,default,256,256,3,1234,3,cpu-cycles,7033830,,1462145,75
optimized,optimized,default,256,256,3,1234,3,context-switches,1,,1937173,100
optimized,optimized,default,256,256,3,1234,3,page-faults,325,,1937173,100
optimized,optimized,default,256,256,3,1234,4,L1-dcache-loads,1275187,,1495776,72
optimized,optimized,default,256,256,3,1234,4,L1-dcache-load-misses,30974,,1495776,72
optimized,optimized,default,256,256,3,1234,4,branch-instructions,1238019,,1495776,72
optimized,optimized,default,256,256,3,1234,4,branch-misses,57037,,1495776,72
optimized,optimized,default,256,256,3,1234,4,instructions,8138202,,1495776,72
optimized,optimized,default,256,256,3,1234,4,cpu-cycles,7454942,,1495776,72
optimized,optimized,default,256,256,3,1234,4,context-switches,2,,2064812,100
optimized,optimized,default,256,256,3,1234,4,page-faults,323,,2064812,100
optimized,optimized,default,256,256,3,1234,5,L1-dcache-loads,1237785,,1387162,74
optimized,optimized,default,256,256,3,1234,5,L1-dcache-load-misses,29746,,1387162,74
optimized,optimized,default,256,256,3,1234,5,branch-instructions,1200443,,1387162,74
optimized,optimized,default,256,256,3,1234,5,branch-misses,56098,,1387162,74
optimized,optimized,default,256,256,3,1234,5,instructions,7895060,,1387162,74
optimized,optimized,default,256,256,3,1234,5,cpu-cycles,6731437,,1387162,74
optimized,optimized,default,256,256,3,1234,5,context-switches,1,,1854170,100
optimized,optimized,default,256,256,3,1234,5,page-faults,326,,1854170,100
optimized,optimized,default,256,256,3,1234,6,L1-dcache-loads,1163705,,1760951,100
optimized,optimized,default,256,256,3,1234,6,L1-dcache-load-misses,28385,,1760951,100
optimized,optimized,default,256,256,3,1234,6,branch-instructions,1069954,,1760951,100
optimized,optimized,default,256,256,3,1234,6,branch-misses,48281,,1760951,100
optimized,optimized,default,256,256,3,1234,6,instructions,6871862,,1760951,100
optimized,optimized,default,256,256,3,1234,6,cpu-cycles,6055561,,1760951,100
optimized,optimized,default,256,256,3,1234,6,context-switches,1,,1760951,100
optimized,optimized,default,256,256,3,1234,6,page-faults,327,,1760951,100
optimized,optimized,default,256,256,3,1234,7,L1-dcache-loads,1205122,,1384520,77
optimized,optimized,default,256,256,3,1234,7,L1-dcache-load-misses,28805,,1384520,77
optimized,optimized,default,256,256,3,1234,7,branch-instructions,1168308,,1384520,77
optimized,optimized,default,256,256,3,1234,7,branch-misses,53401,,1384520,77
optimized,optimized,default,256,256,3,1234,7,instructions,7683074,,1384520,77
optimized,optimized,default,256,256,3,1234,7,cpu-cycles,6514305,,1384520,77
optimized,optimized,default,256,256,3,1234,7,context-switches,1,,1797703,100
optimized,optimized,default,256,256,3,1234,7,page-faults,327,,1797703,100
optimized,optimized,default,256,256,3,1234,8,L1-dcache-loads,1197206,,1705222,92
optimized,optimized,default,256,256,3,1234,8,L1-dcache-load-misses,29023,,1705222,92
optimized,optimized,default,256,256,3,1234,8,branch-instructions,1110954,,1705222,92
optimized,optimized,default,256,256,3,1234,8,branch-misses,50193,,1705222,92
optimized,optimized,default,256,256,3,1234,8,instructions,7177050,,1705222,92
optimized,optimized,default,256,256,3,1234,8,cpu-cycles,6355792,,1705222,92
optimized,optimized,default,256,256,3,1234,8,context-switches,2,,1841934,100
optimized,optimized,default,256,256,3,1234,8,page-faults,325,,1841934,100
optimized,optimized,default,256,256,3,1234,9,L1-dcache-loads,1223034,,1386198,75
optimized,optimized,default,256,256,3,1234,9,L1-dcache-load-misses,30831,,1386198,75
optimized,optimized,default,256,256,3,1234,9,branch-instructions,1186196,,1386198,75
optimized,optimized,default,256,256,3,1234,9,branch-misses,55102,,1386198,75
optimized,optimized,default,256,256,3,1234,9,instructions,7793077,,1386198,75
optimized,optimized,default,256,256,3,1234,9,cpu-cycles,6612251,,1386198,75
optimized,optimized,default,256,256,3,1234,9,context-switches,1,,1825569,100
optimized,optimized,default,256,256,3,1234,9,page-faults,327,,1825569,100
optimized,optimized,default,256,256,3,1234,10,L1-dcache-loads,1204036,,1447747,77
optimized,optimized,default,256,256,3,1234,10,L1-dcache-load-misses,29124,,1447747,77
optimized,optimized,default,256,256,3,1234,10,branch-instructions,1166593,,1447747,77
optimized,optimized,default,256,256,3,1234,10,branch-misses,53701,,1447747,77
optimized,optimized,default,256,256,3,1234,10,instructions,7672055,,1447747,77
optimized,optimized,default,256,256,3,1234,10,cpu-cycles,6780799,,1447747,77
optimized,optimized,default,256,256,3,1234,10,context-switches,1,,1877977,100
optimized,optimized,default,256,256,3,1234,10,page-faults,325,,1877977,100
optimized,optimized,default,256,256,3,1234,11,L1-dcache-loads,1227395,,1366212,75
optimized,optimized,default,256,256,3,1234,11,L1-dcache-load-misses,31472,,1366212,75
optimized,optimized,default,256,256,3,1234,11,branch-instructions,1191377,,1366212,75
optimized,optimized,default,256,256,3,1234,11,branch-misses,54199,,1366212,75
optimized,optimized,default,256,256,3,1234,11,instructions,7830349,,1366212,75
optimized,optimized,default,256,256,3,1234,11,cpu-cycles,6568199,,1366212,75
optimized,optimized,default,256,256,3,1234,11,context-switches,1,,1813475,100
optimized,optimized,default,256,256,3,1234,11,page-faults,326,,1813475,100
optimized,optimized,default,256,256,3,1234,12,L1-dcache-loads,1217775,,1424577,76
optimized,optimized,default,256,256,3,1234,12,L1-dcache-load-misses,31290,,1424577,76
optimized,optimized,default,256,256,3,1234,12,branch-instructions,1179728,,1424577,76
optimized,optimized,default,256,256,3,1234,12,branch-misses,54405,,1424577,76
optimized,optimized,default,256,256,3,1234,12,instructions,7751225,,1424577,76
optimized,optimized,default,256,256,3,1234,12,cpu-cycles,6751985,,1424577,76
optimized,optimized,default,256,256,3,1234,12,context-switches,1,,1862185,100
optimized,optimized,default,256,256,3,1234,12,page-faults,329,,1862185,100
optimized,optimized,default,256,256,3,1234,13,L1-dcache-loads,1214890,,1373605,76
optimized,optimized,default,256,256,3,1234,13,L1-dcache-load-misses,29721,,1373605,76
optimized,optimized,default,256,256,3,1234,13,branch-instructions,1179207,,1373605,76
optimized,optimized,default,256,256,3,1234,13,branch-misses,55175,,1373605,76
optimized,optimized,default,256,256,3,1234,13,instructions,7751644,,1373605,76
optimized,optimized,default,256,256,3,1234,13,cpu-cycles,6545107,,1373605,76
optimized,optimized,default,256,256,3,1234,13,context-switches,1,,1805316,100
optimized,optimized,default,256,256,3,1234,13,page-faults,326,,1805316,100
optimized,optimized,default,256,256,3,1234,14,L1-dcache-loads,1239014,,1442369,75
optimized,optimized,default,256,256,3,1234,14,L1-dcache-load-misses,31652,,1442369,75
optimized,optimized,default,256,256,3,1234,14,branch-instructions,1198066,,1442369,75
optimized,optimized,default,256,256,3,1234,14,branch-misses,55271,,1442369,75
optimized,optimized,default,256,256,3,1234,14,instructions,7872212,,1442369,75
optimized,optimized,default,256,256,3,1234,14,cpu-cycles,6913004,,1442369,75
optimized,optimized,default,256,256,3,1234,14,context-switches,2,,1907578,100
optimized,optimized,default,256,256,3,1234,14,page-faults,326,,1907578,100
optimized,optimized,default,256,256,3,1234,15,L1-dcache-loads,1234812,,1398506,74
optimized,optimized,default,256,256,3,1234,15,L1-dcache-load-misses,28120,,1398506,74
optimized,optimized,default,256,256,3,1234,15,branch-instructions,1198905,,1398506,74
optimized,optimized,default,256,256,3,1234,15,branch-misses,54252,,1398506,74
optimized,optimized,default,256,256,3,1234,15,instructions,7881609,,1398506,74
optimized,optimized,default,256,256,3,1234,15,cpu-cycles,6791641,,1398506,74
optimized,optimized,default,256,256,3,1234,15,context-switches,1,,1870024,100
optimized,optimized,default,256,256,3,1234,15,page-faults,326,,1870024,100
optimized,optimized,default,256,256,3,1234,16,L1-dcache-loads,1211167,,1359438,76
optimized,optimized,default,256,256,3,1234,16,L1-dcache-load-misses,27636,,1359438,76
optimized,optimized,default,256,256,3,1234,16,branch-instructions,1175536,,1359438,76
optimized,optimized,default,256,256,3,1234,16,branch-misses,53810,,1359438,76
optimized,optimized,default,256,256,3,1234,16,instructions,7727806,,1359438,76
optimized,optimized,default,256,256,3,1234,16,cpu-cycles,6460278,,1359438,76
optimized,optimized,default,256,256,3,1234,16,context-switches,2,,1780888,100
optimized,optimized,default,256,256,3,1234,16,page-faults,325,,1780888,100
optimized,optimized,default,256,256,3,1234,17,L1-dcache-loads,1235249,,1389454,75
optimized,optimized,default,256,256,3,1234,17,L1-dcache-load-misses,30263,,1389454,75
optimized,optimized,default,256,256,3,1234,17,branch-instructions,1196854,,1389454,75
optimized,optimized,default,256,256,3,1234,17,branch-misses,54935,,1389454,75
optimized,optimized,default,256,256,3,1234,17,instructions,7869492,,1389454,75
optimized,optimized,default,256,256,3,1234,17,cpu-cycles,6708736,,1389454,75
optimized,optimized,default,256,256,3,1234,17,context-switches,1,,1848273,100
optimized,optimized,default,256,256,3,1234,17,page-faults,328,,1848273,100
optimized,optimized,default,256,256,3,1234,18,L1-dcache-loads,1220381,,1492161,76
optimized,optimized,default,256,256,3,1234,18,L1-dcache-load-misses,28303,,1492161,76
optimized,optimized,default,256,256,3,1234,18,branch-instructions,1183488,,1492161,76
optimized,optimized,default,256,256,3,1234,18,branch-misses,54694,,1492161,76
optimized,optimized,default,256,256,3,1234,18,instructions,7775141,,1492161,76
optimized,optimized,default,256,256,3,1234,18,cpu-cycles,7079309,,1492161,76
optimized,optimized,default,256,256,3,1234,18,context-switches,1,,1960436,100
optimized,optimized,default,256,256,3,1234,18,page-faults,328,,1960436,100
optimized,optimized,default,256,256,3,1234,19,L1-dcache-loads,1255384,,1398798,73
optimized,optimized,default,256,256,3,1234,19,L1-dcache-load-misses,29995,,1398798,73
optimized,optimized,default,256,256,3,1234,19,branch-instructions,1217052,,1398798,73
optimized,optimized,default,256,256,3,1234,19,branch-misses,56493,,1398798,73
optimized,optimized,default,256,256,3,1234,19,instructions,8001384,,1398798,73
optimized,optimized,default,256,256,3,1234,19,cpu-cycles,6858578,,1398798,73
optimized,optimized,default,256,256,3,1234,19,context-switches,1,,1891847,100
optimized,optimized,default,256,256,3,1234,19,page-faults,325,,1891847,100
optimized,optimized,default,256,256,3,1234,20,L1-dcache-loads,1243002,,1512432,80
optimized,optimized,default,256,256,3,1234,20,L1-dcache-load-misses,27722,,1512432,80
optimized,optimized,default,256,256,3,1234,20,branch-instructions,1184792,,1512432,80
optimized,optimized,default,256,256,3,1234,20,branch-misses,53798,,1512432,80
optimized,optimized,default,256,256,3,1234,20,instructions,7713404,,1512432,80
optimized,optimized,default,256,256,3,1234,20,cpu-cycles,6733440,,1512432,80
optimized,optimized,default,256,256,3,1234,20,context-switches,2,,1873043,100
optimized,optimized,default,256,256,3,1234,20,page-faults,327,,1873043,100
optimized,optimized,default,512,512,3,1234,1,L1-dcache-loads,3050657,,4369237,90
optimized,optimized,default,512,512,3,1234,1,L1-dcache-load-misses,53873,,4369237,90
optimized,optimized,default,512,512,3,1234,1,branch-instructions,3191405,,4369237,90
optimized,optimized,default,512,512,3,1234,1,branch-misses,157183,,4369237,90
optimized,optimized,default,512,512,3,1234,1,instructions,21773352,,4369237,90
optimized,optimized,default,512,512,3,1234,1,cpu-cycles,17356862,,4369237,90
optimized,optimized,default,512,512,3,1234,1,context-switches,2,,4806293,100
optimized,optimized,default,512,512,3,1234,1,page-faults,904,,4806293,100
optimized,optimized,default,512,512,3,1234,2,L1-dcache-loads,3031447,,4165851,90
optimized,optimized,default,512,512,3,1234,2,L1-dcache-load-misses,57071,,4165851,90
optimized,optimized,default,512,512,3,1234,2,branch-instructions,3174901,,4165851,90
optimized,optimized,default,512,512,3,1234,2,branch-misses,155111,,4165851,90
optimized,optimized,default,512,512,3,1234,2,instructions,21670933,,4165851,90
optimized,optimized,default,512,512,3,1234,2,cpu-cycles,16539692,,4165851,90
optimized,optimized,default,512,512,3,1234,2,context-switches,1,,4581179,100
optimized,optimized,default,512,512,3,1234,2,page-faults,903,,4581179,100
optimized,optimized,default,512,512,3,1234,3,L1-dcache-loads,3015481,,4233075,91
optimized,optimized,default,512,512,3,1234,3,L1-dcache-load-misses,53627,,4233075,91
optimized,optimized,default,512,512,3,1234,3,branch-instructions,3157749,,4233075,91
optimized,optimized,default,512,512,3,1234,3,branch-misses,154457,,4233075,91
optimized,optimized,default,512,512,3,1234,3,instructions,21556653,,4233075,91
optimized,optimized,default,512,512,3,1234,3,cpu-cycles,16713507,,4233075,91
optimized,optimized,default,512,512,3,1234,3,context-switches,1,,4630963,100
optimized,optimized,default,512,512,3,1234,3,page-faults,903,,4630963,100
optimized,optimized,default,512,512,3,1234,4,L1-dcache-loads,3037424,,4175992,90
optimized,optimized,default,512,512,3,1234,4,L1-dcache-load-misses,59906,,4175992,90
optimized,optimized,default,512,512,3,1234,4,branch-instructions,3178900,,4175992,90
optimized,optimized,default,512,512,3,1234,4,branch-misses,155512,,4175992,90
optimized,optimized,default,512,512,3,1234,4,instructions,21696617,,4175992,90
optimized,optimized,default,512,512,3,1234,4,cpu-cycles,16570373,,4175992,90
optimized,optimized,default,512,512,3,1234,4,context-switches,1,,4593721,100
optimized,optimized,default,512,512,3,1234,4,page-faults,904,,4593721,100
optimized,optimized,default,512,512,3,1234,5,L1-dcache-loads,3046376,,4160140,90
optimized,optimized,default,512,512,3,1234,5,L1-dcache-load-misses,57071,,4160140,90
optimized,optimized,default,512,512,3,1234,5,branch-instructions,3190035,,4160140,90
optimized,optimized,default,512,512,3,1234,5,branch-misses,157221,,4160140,90
optimized,optimized,default,512,512,3,1234,5,instructions,21769849,,4160140,90
optimized,optimized,default,512,512,3,1234,5,cpu-cycles,16594121,,4160140,90
optimized,optimized,default,512,512,3,1234,5,context-switches,1,,4594849,100
optimized,optimized,default,512,512,3,1234,5,page-faults,905,,4594849,100
optimized,optimized,default,512,512,3,1234,6,L1-dcache-loads,3043293,,4295618,91
optimized,optimized,default,512,512,3,1234,6,L1-dcache-load-misses,55043,,4295618,91
optimized,optimized,default,512,512,3,1234,6,branch-instructions,3183243,,4295618,91
optimized,optimized,default,512,512,3,1234,6,branch-misses,154285,,4295618,91
optimized,optimized,default,512,512,3,1234,6,instructions,21723480,,4295618,91
optimized,optimized,default,512,512,3,1234,6,cpu-cycles,17048868,,4295618,91
optimized,optimized,default,512,512,3,1234,6,context-switches,1,,4715827,100
optimized,optimized,default,512,512,3,1234,6,page-faults,902,,4715827,100
optimized,optimized,default,512,512,3,1234,7,L1-dcache-loads,3029044,,4169373,90
optimized,optimized,default,512,512,3,1234,7,L1-dcache-load-misses,58764,,4169373,90
optimized,optimized,default,512,512,3,1234,7,branch-instructions,3172441,,4169373,90
optimized,optimized,default,512,512,3,1234,7,branch-misses,155379,,4169373,90
optimized,optimized,default,512,512,3,1234,7,instructions,21653129,,4169373,90
optimized,optimized,default,512,512,3,1234,7,cpu-cycles,16533359,,4169373,90
optimized,optimized,default,512,512,3,1234,7,context-switches,1,,4582296,100
optimized,optimized,default,512,512,3,1234,7,page-faults,903,,4582296,100
optimized,optimized,default,512,512,3,1234,8,L1-dcache-loads,3015925,,4505350,98
optimized,optimized,default,512,512,3,1234,8,L1-dcache-load-misses,57762,,4505350,98
optimized,optimized,default,512,512,3,1234,8,branch-instructions,3088033,,4505350,98
optimized,optimized,default,512,512,3,1234,8,branch-misses,149317,,4505350,98
optimized,optimized,default,512,512,3,1234,8,instructions,20883227,,4505350,98
optimized,optimized,default,512,512,3,1234,8,cpu-cycles,16267010,,4505350,98
optimized,optimized,default,512,512,3,1234,8,context-switches,3,,4566485,100
optimized,optimized,default,512,512,3,1234,8,page-faults,904,,4566485,100
optimized,optimized,default,512,512,3,1234,9,L1-dcache-loads,2995780,,4466270,100
optimized,optimized,default,512,512,3,1234,9,L1-dcache-load-misses,54392,,4466270,100
optimized,optimized,default,512,512,3,1234,9,branch-instructions,3059879,,4466270,100
optimized,optimized,default,512,512,3,1234,9,branch-misses,147949,,4466270,100
optimized,optimized,default,512,512,3,1234,9,instructions,20682239,,4466270,100
optimized,optimized,default,512,512,3,1234,9,cpu-cycles,15938547,,4466270,100
optimized,optimized,default,512,512,3,1234,9,context-switches,2,,4466270,100
optimized,optimized,default,512,512,3,1234,9,page-faults,903,,4466270,100
optimized,optimized,default,512,512,3,1234,10,L1-dcache-loads,3009580,,4215015,91
optimized,optimized,default,512,512,3,1234,10,L1-dcache-load-misses,59568,,4215015,91
optimized,optimized,default,512,512,3,1234,10,branch-instructions,3151641,,4215015,91
optimized,optimized,default,512,512,3,1234,10,branch-misses,153766,,4215015,91
optimized,optimized,default,512,512,3,1234,10,instructions,21507713,,4215015,91
optimized,optimized,default,512,512,3,1234,10,cpu-cycles,16578025,,4215015,91
optimized,optimized,default,512,512,3,1234,10,context-switches,1,,4599510,100
optimized,optimized,default,512,512,3,1234,10,page-faults,904,,4599510,100
optimized,optimized,default,512,512,3,1234,11,L1-dcache-loads,3062583,,4154487,90
optimized,optimized,default,512,512,3,1234,11,L1-dcache-load-misses,53058,,4154487,90
optimized,optimized,default,512,512,3,1234,11,branch-instructions,3206556,,4154487,90
optimized,optimized,default,512,512,3,1234,11,branch-misses,156341,,4154487,90
optimized,optimized,default,512,512,3,1234,11,instructions,21884407,,4154487,90
optimized,optimized,default,512,512,3,1234,11,cpu-cycles,16644365,,4154487,90
optimized,optimized,default,512,512,3,1234,11,context-switches,2,,4611043,100
optimized,optimized,default,512,512,3,1234,11,page-faults,904,,4611043,100
optimized,optimized,default,512,512,3,1234,12,L1-dcache-loads,3040111,,4153622,90
optimized,optimized,default,512,512,3,1234,12,L1-dcache-load-misses,54950,,4153622,90
optimized,optimized,default,512,512,3,1234,12,branch-instructions,3183130,,4153622,90
optimized,optimized,default,512,512,3,1234,12,branch-misses,155348,,4153622,90
optimized,optimized,default,512,512,3,1234,12,instructions,21727321,,4153622,90
optimized,optimized,default,512,512,3,1234,12,cpu-cycles,16530170,,4153622,90
optimized,optimized,default,512,512,3,1234,12,context-switches,1,,4578799,100
optimized,optimized,default,512,512,3,1234,12,page-faults,904,,4578799,100
optimized,optimized,default,512,512,3,1234,13,L1-dcache-loads,3037505,,4322087,90
optimized,optimized,default,512,512,3,1234,13,L1-dcache-load-misses,61754,,4322087,90
optimized,optimized,default,512,512,3,1234,13,branch-instructions,3181527,,4322087,90
optimized,optimized,default,512,512,3,1234,13,branch-misses,156767,,4322087,90
optimized,optimized,default,512,512,3,1234,13,instructions,21713261,,4322087,90
optimized,optimized,default,512,512,3,1234,13,cpu-cycles,17181289,,4322087,90
optimized,optimized,default,512,512,3,1234,13,context-switches,1,,4763176,100
optimized,optimized,default,512,512,3,1234,13,page-faults,904,,4763176,100
optimized,optimized,default,512,512,3,1234,14,L1-dcache-loads,3041794,,4263386,90
optimized,optimized,default,512,512,3,1234,14,L1-dcache-load-misses,56167,,4263386,90
optimized,optimized,default,512,512,3,1234,14,branch-instructions,3183870,,4263386,90
optimized,optimized,default,512,512,3,1234,14,branch-misses,155052,,4263386,90
optimized,optimized,default,512,512,3,1234,14,instructions,21730313,,4263386,90
optimized,optimized,default,512,512,3,1234,14,cpu-cycles,16974340,,4263386,90
optimized,optimized,default,512,512,3,1234,14,context-switches,1,,4697761,100
optimized,optimized,default,512,512,3,1234,14,page-faults,904,,4697761,100
optimized,optimized,default,512,512,3,1234,15,L1-dcache-loads,3058209,,4261074,90
optimized,optimized,default,512,512,3,1234,15,L1-dcache-load-misses,51916,,4261074,90
optimized,optimized,default,512,512,3,1234,15,branch-instructions,3203042,,4261074,90
optimized,optimized,default,512,512,3,1234,15,branch-misses,156546,,4261074,90
optimized,optimized,default,512,512,3,1234,15,instructions,21860835,,4261074,90
optimized,optimized,default,512,512,3,1234,15,cpu-cycles,17076102,,4261074,90
optimized,optimized,default,512,512,3,1234,15,context-switches,1,,4727470,100
optimized,optimized,default,512,512,3,1234,15,page-faults,902,,4727470,100
optimized,optimized,default,512,512,3,1234,16,L1-dcache-loads,3031040,,4273126,91
optimized,optimized,default,512,512,3,1234,16,L1-dcache-load-misses,58619,,4273126,91
optimized,optimized,default,512,512,3,1234,16,branch-instructions,3172207,,4273126,91
optimized,optimized,default,512,512,3,1234,16,branch-misses,156291,,4273126,91
optimized,optimized,default,512,512,3,1234,16,instructions,21648438,,4273126,91
optimized,optimized,default,512,512,3,1234,16,cpu-cycles,16935992,,4273126,91
optimized,optimized,default,512,512,3,1234,16,context-switches,1,,4688299,100
optimized,optimized,default,512,512,3,1234,16,page-faults,903,,4688299,100
optimized,optimized,default,512,512,3,1234,17,L1-dcache-loads,3026958,,4263969,91
optimized,optimized,default,512,512,3,1234,17,L1-dcache-load-misses,59413,,4263969,91
optimized,optimized,default,512,512,3,1234,17,branch-instructions,3169664,,4263969,91
optimized,optimized,default,512,512,3,1234,17,branch-misses,154812,,4263969,91
optimized,optimized,default,512,512,3,1234,17,instructions,21628850,,4263969,91
optimized,optimized,default,512,512,3,1234,17,cpu-cycles,16902300,,4263969,91
optimized,optimized,default,512,512,3,1234,17,context-switches,1,,4678611,100
optimized,optimized,default,512,512,3,1234,17,page-faults,904,,4678611,100
optimized,optimized,default,512,512,3,1234,18,L1-dcache-loads,2997872,,4649864,100
optimized,optimized,default,512,512,3,1234,18,L1-dcache-load-misses,56720,,4649864,100
optimized,optimized,default,512,512,3,1234,18,branch-instructions,3061441,,4649864,100
optimized,optimized,default,512,512,3,1234,18,branch-misses,147550,,4649864,100
optimized,optimized,default,512,512,3,1234,18,instructions,20691336,,4649864,100
optimized,optimized,default,512,512,3,1234,18,cpu-cycles,16576963,,4649864,100
optimized,optimized,default,512,512,3,1234,18,context-switches,1,,4649864,100
optimized,optimized,default,512,512,3,1234,18,page-faults,905,,4649864,100
optimized,optimized,default,512,512,3,1234,19,L1-dcache-loads,3042798,,4158016,90
optimized,optimized,default,512,512,3,1234,19,L1-dcache-load-misses,57738,,4158016,90
optimized,optimized,default,512,512,3,1234,19,branch-instructions,3185451,,4158016,90
optimized,optimized,default,512,512,3,1234,19,branch-misses,155077,,4158016,90
optimized,optimized,default,512,512,3,1234,19,instructions,21740571,,4158016,90
optimized,optimized,default,512,512,3,1234,19,cpu-cycles,16546864,,4158016,90
optimized,optimized,default,512,512,3,1234,19,context-switches,1,,4584982,100
optimized,optimized,default,512,512,3,1234,19,page-faults,904,,4584982,100
optimized,optimized,default,512,512,3,1234,20,L1-dcache-loads,3067855,,4177454,90
optimized,optimized,default,512,512,3,1234,20,L1-dcache-load-misses,54928,,4177454,90
optimized,optimized,default,512,512,3,1234,20,branch-instructions,3210558,,4177454,90
optimized,optimized,default,512,512,3,1234,20,branch-misses,156080,,4177454,90
optimized,optimized,default,512,512,3,1234,20,instructions,21909384,,4177454,90
optimized,optimized,default,512,512,3,1234,20,cpu-cycles,16721039,,4177454,90
optimized,optimized,default,512,512,3,1234,20,context-switches,1,,4639164,100
optimized,optimized,default,512,512,3,1234,20,page-faults,904,,4639164,100
optimized,optimized,default,1024,1024,3,1234,1,L1-dcache-loads,10356828,,15469427,97
optimized,optimized,default,1024,1024,3,1234,1,L1-dcache-load-misses,181936,,15469427,97
optimized,optimized,default,1024,1024,3,1234,1,branch-instructions,11138857,,15469427,97
optimized,optimized,default,1024,1024,3,1234,1,branch-misses,555921,,15469427,97
optimized,optimized,default,1024,1024,3,1234,1,instructions,76954298,,15469427,97
optimized,optimized,default,1024,1024,3,1234,1,cpu-cycles,57194758,,15469427,97
optimized,optimized,default,1024,1024,3,1234,1,context-switches,1,,15875032,100
optimized,optimized,default,1024,1024,3,1234,1,page-faults,3211,,15875032,100
optimized,optimized,default,1024,1024,3,1234,2,L1-dcache-loads,10399183,,15954485,96
optimized,optimized,default,1024,1024,3,1234,2,L1-dcache-load-misses,187683,,15954485,96
optimized,optimized,default,1024,1024,3,1234,2,branch-instructions,11189626,,15954485,96
optimized,optimized,default,1024,1024,3,1234,2,branch-misses,558159,,15954485,96
optimized,optimized,default,1024,1024,3,1234,2,instructions,77303411,,15954485,96
optimized,optimized,default,1024,1024,3,1234,2,cpu-cycles,59429472,,15954485,96
optimized,optimized,default,1024,1024,3,1234,2,context-switches,2,,16468269,100
optimized,optimized,default,1024,1024,3,1234,2,page-faults,3208,,16468269,100
optimized,optimized,default,1024,1024,3,1234,3,L1-dcache-loads,10357516,,15364729,97
optimized,optimized,default,1024,1024,3,1234,3,L1-dcache-load-misses,188175,,15364729,97
optimized,optimized,default,1024,1024,3,1234,3,branch-instructions,11145482,,15364729,97
optimized,optimized,default,1024,1024,3,1234,3,branch-misses,555716,,15364729,97
optimized,optimized,default,1024,1024,3,1234,3,instructions,77004294,,15364729,97
optimized,optimized,default,1024,1024,3,1234,3,cpu-cycles,57007473,,15364729,97
optimized,optimized,default,1024,1024,3,1234,3,context-switches,1,,15800185,100
optimized,optimized,default,1024,1024,3,1234,3,page-faults,3211,,15800185,100
optimized,optimized,default,1024,1024,3,1234,4,L1-dcache-loads,10338882,,15395853,97
optimized,optimized,default,1024,1024,3,1234,4,L1-dcache-load-misses,176104,,15395853,97
optimized,optimized,default,1024,1024,3,1234,4,branch-instructions,11126300,,15395853,97
optimized,optimized,default,1024,1024,3,1234,4,branch-misses,554352,,15395853,97
optimized,optimized,default,1024,1024,3,1234,4,instructions,76869062,,15395853,97
optimized,optimized,default,1024,1024,3,1234,4,cpu-cycles,56925468,,15395853,97
optimized,optimized,default,1024,1024,3,1234,4,context-switches,2,,15805340,100
optimized,optimized,default,1024,1024,3,1234,4,page-faults,3208,,15805340,100
optimized,optimized,default,1024,1024,3,1234,5,L1-dcache-loads,10351701,,15888879,97
optimized,optimized,default,1024,1024,3,1234,5,L1-dcache-load-misses,180861,,15888879,97
optimized,optimized,default,1024,1024,3,1234,5,branch-instructions,11139538,,15888879,97
optimized,optimized,default,1024,1024,3,1234,5,branch-misses,555358,,15888879,97
optimized,optimized,default,1024,1024,3,1234,5,instructions,76961435,,15888879,97
optimized,optimized,default,1024,1024,3,1234,5,cpu-cycles,58921567,,15888879,97
optimized,optimized,default,1024,1024,3,1234,5,context-switches,1,,16330637,100
optimized,optimized,default,1024,1024,3,1234,5,page-faults,3210,,16330637,100
optimized,optimized,default,1024,1024,3,1234,6,L1-dcache-loads,10355927,,15643480,97
optimized,optimized,default,1024,1024,3,1234,6,L1-dcache-load-misses,183516,,15643480,97
optimized,optimized,default,1024,1024,3,1234,6,branch-instructions,11145400,,15643480,97
optimized,optimized,default,1024,1024,3,1234,6,branch-misses,555523,,15643480,97
optimized,optimized,default,1024,1024,3,1234,6,instructions,77010594,,15643480,97
optimized,optimized,default,1024,1024,3,1234,6,cpu-cycles,57939848,,15643480,97
optimized,optimized,default,1024,1024,3,1234,6,context-switches,1,,16091860,100
optimized,optimized,default,1024,1024,3,1234,6,page-faults,3207,,16091860,100
optimized,optimized,default,1024,1024,3,1234,7,L1-dcache-loads,10342344,,15845975,97
optimized,optimized,default,1024,1024,3,1234,7,L1-dcache-load-misses,187770,,15845975,97
optimized,optimized,default,1024,1024,3,1234,7,branch-instructions,11128817,,15845975,97
optimized,optimized,default,1024,1024,3,1234,7,branch-misses,556706,,15845975,97
optimized,optimized,default,1024,1024,3,1234,7,instructions,76882651,,15845975,97
optimized,optimized,default,1024,1024,3,1234,7,cpu-cycles,58713889,,15845975,97
optimized,optimized,default,1024,1024,3,1234,7,context-switches,2,,16267463,100
optimized,optimized,default,1024,1024,3,1234,7,page-faults,3210,,16267463,100
optimized,optimized,default,1024,1024,3,1234,8,L1-dcache-loads,10303450,,15742108,100
optimized,optimized,default,1024,1024,3,1234,8,L1-dcache-load-misses,186101,,15742108,100
optimized,optimized,default,1024,1024,3,1234,8,branch-instructions,11006283,,15742108,100
optimized,optimized,default,1024,1024,3,1234,8,branch-misses,546923,,15742108,100
optimized,optimized,default,1024,1024,3,1234,8,instructions,75826122,,15742108,100
optimized,optimized,default,1024,1024,3,1234,8,cpu-cycles,56681565,,15742108,100
optimized,optimized,default,1024,1024,3,1234,8,context-switches,1,,15742108,100
optimized,optimized,default,1024,1024,3,1234,8,page-faults,3210,,15742108,100
optimized,optimized,default,1024,1024,3,1234,9,L1-dcache-loads,10380849,,15560963,97
optimized,optimized,default,1024,1024,3,1234,9,L1-dcache-load-misses,173814,,15560963,97
optimized,optimized,default,1024,1024,3,1234,9,branch-instructions,11171530,,15560963,97
optimized,optimized,default,1024,1024,3,1234,9,branch-misses,558669,,15560963,97
optimized,optimized,default,1024,1024,3,1234,9,instructions,77184398,,15560963,97
optimized,optimized,default,1024,1024,3,1234,9,cpu-cycles,57819866,,15560963,97
optimized,optimized,default,1024,1024,3,1234,9,context-switches,2,,16041564,100
optimized,optimized,default,1024,1024,3,1234,9,page-faults,3210,,16041564,100
optimized,optimized,default,1024,1024,3,1234,10,L1-dcache-loads,10323810,,15369362,97
optimized,optimized,default,1024,1024,3,1234,10,L1-dcache-load-misses,177710,,15369362,97
optimized,optimized,default,1024,1024,3,1234,10,branch-instructions,11108415,,15369362,97
optimized,optimized,default,1024,1024,3,1234,10,branch-misses,553215,,15369362,97
optimized,optimized,default,1024,1024,3,1234,10,instructions,76747204,,15369362,97
optimized,optimized,default,1024,1024,3,1234,10,cpu-cycles,56817601,,15369362,97
optimized,optimized,default,1024,1024,3,1234,10,context-switches,1,,15749710,100
optimized,optimized,default,1024,1024,3,1234,10,page-faults,3208,,15749710,100
optimized,optimized,default,1024,1024,3,1234,11,L1-dcache-loads,10358452,,15680002,98
optimized,optimized,default,1024,1024,3,1234,11,L1-dcache-load-misses,175878,,15680002,98
optimized,optimized,default,1024,1024,3,1234,11,branch-instructions,11104429,,15680002,98
optimized,optimized,default,1024,1024,3,1234,11,branch-misses,553041,,15680002,98
optimized,optimized,default,1024,1024,3,1234,11,instructions,76621863,,15680002,98
optimized,optimized,default,1024,1024,3,1234,11,cpu-cycles,57226527,,15680002,98
optimized,optimized,default,1024,1024,3,1234,11,context-switches,2,,15944508,100
optimized,optimized,default,1024,1024,3,1234,11,page-faults,3207,,15944508,100
optimized,optimized,default,1024,1024,3,1234,12,L1-dcache-loads,10363671,,15683747,97
optimized,optimized,default,1024,1024,3,1234,12,L1-dcache-load-misses,184058,,15683747,97
optimized,optimized,default,1024,1024,3,1234,12,branch-instructions,11150218,,15683747,97
optimized,optimized,default,1024,1024,3,1234,12,branch-misses,556091,,15683747,97
optimized,optimized,default,1024,1024,3,1234,12,instructions,77036283,,15683747,97
optimized,optimized,default,1024,1024,3,1234,12,cpu-cycles,58221485,,15683747,97
optimized,optimized,default,1024,1024,3,1234,12,context-switches,2,,16130925,100
optimized,optimized,default,1024,1024,3,1234,12,page-faults,3207,,16130925,100
optimized,optimized,default,1024,1024,3,1234,13,L1-dcache-loads,10355350,,15279594,97
optimized,optimized,default,1024,1024,3,1234,13,L1-dcache-load-misses,182168,,15279594,97
optimized,optimized,default,1024,1024,3,1234,13,branch-instructions,11142591,,15279594,97
optimized,optimized,default,1024,1024,3,1234,13,branch-misses,557344,,15279594,97
optimized,optimized,default,1024,1024,3,1234,13,instructions,76982896,,15279594,97
optimized,optimized,default,1024,1024,3,1234,13,cpu-cycles,56600581,,15279594,97
optimized,optimized,default,1024,1024,3,1234,13,context-switches,1,,15706882,100
optimized,optimized,default,1024,1024,3,1234,13,page-faults,3210,,15706882,100
optimized,optimized,default,1024,1024,3,1234,14,L1-dcache-loads,10375726,,15787962,97
optimized,optimized,default,1024,1024,3,1234,14,L1-dcache-load-misses,183875,,15787962,97
optimized,optimized,default,1024,1024,3,1234,14,branch-instructions,11163798,,15787962,97
optimized,optimized,default,1024,1024,3,1234,14,branch-misses,557505,,15787962,97
optimized,optimized,default,1024,1024,3,1234,14,instructions,77131914,,15787962,97
optimized,optimized,default,1024,1024,3,1234,14,cpu-cycles,58631819,,15787962,97
optimized,optimized,default,1024,1024,3,1234,14,context-switches,2,,16260083,100
optimized,optimized,default,1024,1024,3,1234,14,page-faults,3210,,16260083,100
optimized,optimized,default,1024,1024,3,1234,15,L1-dcache-loads,10342647,,15503935,97
optimized,optimized,default,1024,1024,3,1234,15,L1-dcache-load-misses,182009,,15503935,97
optimized,optimized,default,1024,1024,3,1234,15,branch-instructions,11127950,,15503935,97
optimized,optimized,default,1024,1024,3,1234,15,branch-misses,556214,,15503935,97
optimized,optimized,default,1024,1024,3,1234,15,instructions,76883556,,15503935,97
optimized,optimized,default,1024,1024,3,1234,15,cpu-cycles,57400452,,15503935,97
optimized,optimized,default,1024,1024,3,1234,15,context-switches,1,,15915393,100
optimized,optimized,default,1024,1024,3,1234,15,page-faults,3208,,15915393,100
optimized,optimized,default,1024,1024,3,1234,16,L1-dcache-loads,10345374,,15590056,97
optimized,optimized,default,1024,1024,3,1234,16,L1-dcache-load-misses,174723,,15590056,97
optimized,optimized,default,1024,1024,3,1234,16,branch-instructions,11134319,,15590056,97
optimized,optimized,default,1024,1024,3,1234,16,branch-misses,556856,,15590056,97
optimized,optimized,default,1024,1024,3,1234,16,instructions,76937029,,15590056,97
optimized,optimized,default,1024,1024,3,1234,16,cpu-cycles,57682085,,15590056,97
optimized,optimized,default,1024,1024,3,1234,16,context-switches,1,,16023092,100
optimized,optimized,default,1024,1024,3,1234,16,page-faults,3209,,16023092,100
optimized,optimized,default,1024,1024,3,1234,17,L1-dcache-loads,10336664,,15371629,97
optimized,optimized,default,1024,1024,3,1234,17,L1-dcache-load-misses,173270,,15371629,97
optimized,optimized,default,1024,1024,3,1234,17,branch-instructions,11123640,,15371629,97
optimized,optimized,default,1024,1024,3,1234,17,branch-misses,555604,,15371629,97
optimized,optimized,default,1024,1024,3,1234,17,instructions,76849827,,15371629,97
optimized,optimized,default,1024,1024,3,1234,17,cpu-cycles,56862427,,15371629,97
optimized,optimized,default,1024,1024,3,1234,17,context-switches,2,,15776135,100
optimized,optimized,default,1024,1024,3,1234,17,page-faults,3208,,15776135,100
optimized,optimized,default,1024,1024,3,1234,18,L1-dcache-loads,10383172,,15623370,97
optimized,optimized,default,1024,1024,3,1234,18,L1-dcache-load-misses,179048,,15623370,97
optimized,optimized,default,1024,1024,3,1234,18,branch-instructions,11169981,,15623370,97
optimized,optimized,default,1024,1024,3,1234,18,branch-misses,556326,,15623370,97
optimized,optimized,default,1024,1024,3,1234,18,instructions,77173358,,15623370,97
optimized,optimized,default,1024,1024,3,1234,18,cpu-cycles,57811919,,15623370,97
optimized,optimized,default,1024,1024,3,1234,18,context-switches,2,,16084289,100
optimized,optimized,default,1024,1024,3,1234,18,page-faults,3209,,16084289,100
optimized,optimized,default,1024,1024,3,1234,19,L1-dcache-loads,10346869,,15654424,97
optimized,optimized,default,1024,1024,3,1234,19,L1-dcache-load-misses,185105,,15654424,97
optimized,optimized,default,1024,1024,3,1234,19,branch-instructions,11123417,,15654424,97
optimized,optimized,default,1024,1024,3,1234,19,branch-misses,554828,,15654424,97
optimized,optimized,default,1024,1024,3,1234,19,instructions,76806303,,15654424,97
optimized,optimized,default,1024,1024,3,1234,19,cpu-cycles,57673732,,15654424,97
optimized,optimized,default,1024,1024,3,1234,19,context-switches,2,,16024516,100
optimized,optimized,default,1024,1024,3,1234,19,page-faults,3210,,16024516,100
optimized,optimized,default,1024,1024,3,1234,20,L1-dcache-loads,10378562,,15609507,97
optimized,optimized,default,1024,1024,3,1234,20,L1-dcache-load-misses,189361,,15609507,97
optimized,optimized,default,1024,1024,3,1234,20,branch-instructions,11166605,,15609507,97
optimized,optimized,default,1024,1024,3,1234,20,branch-misses,556543,,15609507,97
optimized,optimized,default,1024,1024,3,1234,20,instructions,77148283,,15609507,97
optimized,optimized,default,1024,1024,3,1234,20,cpu-cycles,57847176,,15609507,97
optimized,optimized,default,1024,1024,3,1234,20,context-switches,1,,16078670,100
optimized,optimized,default,1024,1024,3,1234,20,page-faults,3210,,16078670,100
optimized,optimized,default,2048,2048,3,1234,1,L1-dcache-loads,39716020,,61416003,99
optimized,optimized,default,2048,2048,3,1234,1,L1-dcache-load-misses,723498,,61416003,99
optimized,optimized,default,2048,2048,3,1234,1,branch-instructions,43061509,,61416003,99
optimized,optimized,default,2048,2048,3,1234,1,branch-misses,2154783,,61416003,99
optimized,optimized,default,2048,2048,3,1234,1,instructions,298436649,,61416003,99
optimized,optimized,default,2048,2048,3,1234,1,cpu-cycles,222637574,,61416003,99
optimized,optimized,default,2048,2048,3,1234,1,context-switches,4,,61869359,100
optimized,optimized,default,2048,2048,3,1234,1,page-faults,12431,,61869359,100
optimized,optimized,default,2048,2048,3,1234,2,L1-dcache-loads,39579911,,61392379,99
optimized,optimized,default,2048,2048,3,1234,2,L1-dcache-load-misses,689698,,61392379,99
optimized,optimized,default,2048,2048,3,1234,2,branch-instructions,42936965,,61392379,99
optimized,optimized,default,2048,2048,3,1234,2,branch-misses,2152725,,61392379,99
optimized,optimized,default,2048,2048,3,1234,2,instructions,297631253,,61392379,99
optimized,optimized,default,2048,2048,3,1234,2,cpu-cycles,222705310,,61392379,99
optimized,optimized,default,2048,2048,3,1234,2,context-switches,3,,61850509,100
optimized,optimized,default,2048,2048,3,1234,2,page-faults,12428,,61850509,100
optimized,optimized,default,2048,2048,3,1234,3,L1-dcache-loads,39520188,,62186857,100
optimized,optimized,default,2048,2048,3,1234,3,L1-dcache-load-misses,672792,,62186857,100
optimized,optimized,default,2048,2048,3,1234,3,branch-instructions,42788409,,62186857,100
optimized,optimized,default,2048,2048,3,1234,3,branch-misses,2145346,,62186857,100
optimized,optimized,default,2048,2048,3,1234,3,instructions,296378781,,62186857,100
optimized,optimized,default,2048,2048,3,1234,3,cpu-cycles,223860176,,62186857,100
optimized,optimized,default,2048,2048,3,1234,3,context-switches,3,,62186857,100
optimized,optimized,default,2048,2048,3,1234,3,page-faults,12426,,62186857,100
optimized,optimized,default,2048,2048,3,1234,4,L1-dcache-loads,39539442,,60683372,99
optimized,optimized,default,2048,2048,3,1234,4,L1-dcache-load-misses,687688,,60683372,99
optimized,optimized,default,2048,2048,3,1234,4,branch-instructions,42894053,,60683372,99
optimized,optimized,default,2048,2048,3,1234,4,branch-misses,2152167,,60683372,99
optimized,optimized,default,2048,2048,3,1234,4,instructions,297330161,,60683372,99
optimized,optimized,default,2048,2048,3,1234,4,cpu-cycles,219944867,,60683372,99
optimized,optimized,default,2048,2048,3,1234,4,context-switches,2,,61076067,100
optimized,optimized,default,2048,2048,3,1234,4,page-faults,12432,,61076067,100
optimized,optimized,default,2048,2048,3,1234,5,L1-dcache-loads,39558269,,60201126,99
optimized,optimized,default,2048,2048,3,1234,5,L1-dcache-load-misses,680489,,60201126,99
optimized,optimized,default,2048,2048,3,1234,5,branch-instructions,42913769,,60201126,99
optimized,optimized,default,2048,2048,3,1234,5,branch-misses,2152922,,60201126,99
optimized,optimized,default,2048,2048,3,1234,5,instructions,297473837,,60201126,99
optimized,optimized,default,2048,2048,3,1234,5,cpu-cycles,218482785,,60201126,99
optimized,optimized,default,2048,2048,3,1234,5,context-switches,1,,60619553,100
optimized,optimized,default,2048,2048,3,1234,5,page-faults,12428,,60619553,100
optimized,optimized,default,2048,2048,3,1234,6,L1-dcache-loads,39545335,,60329146,99
optimized,optimized,default,2048,2048,3,1234,6,L1-dcache-load-misses,661228,,60329146,99
optimized,optimized,default,2048,2048,3,1234,6,branch-instructions,42901134,,60329146,99
optimized,optimized,default,2048,2048,3,1234,6,branch-misses,2151838,,60329146,99
optimized,optimized,default,2048,2048,3,1234,6,instructions,297383635,,60329146,99
optimized,optimized,default,2048,2048,3,1234,6,cpu-cycles,218857710,,60329146,99
optimized,optimized,default,2048,2048,3,1234,6,context-switches,2,,60732799,100
optimized,optimized,default,2048,2048,3,1234,6,page-faults,12428,,60732799,100
optimized,optimized,default,2048,2048,3,1234,7,L1-dcache-loads,39544540,,60210158,99
optimized,optimized,default,2048,2048,3,1234,7,L1-dcache-load-misses,677167,,60210158,99
optimized,optimized,default,2048,2048,3,1234,7,branch-instructions,42899783,,60210158,99
optimized,optimized,default,2048,2048,3,1234,7,branch-misses,2149953,,60210158,99
optimized,optimized,default,2048,2048,3,1234,7,instructions,297373212,,60210158,99
optimized,optimized,default,2048,2048,3,1234,7,cpu-cycles,218359579,,60210158,99
optimized,optimized,default,2048,2048,3,1234,7,context-switches,4,,60608820,100
optimized,optimized,default,2048,2048,3,1234,7,page-faults,12426,,60608820,100
optimized,optimized,default,2048,2048,3,1234,8,L1-dcache-loads,39626170,,59884673,99
optimized,optimized,default,2048,2048,3,1234,8,L1-dcache-load-misses,686318,,59884673,99
optimized,optimized,default,2048,2048,3,1234,8,branch-instructions,42982439,,59884673,99
optimized,optimized,default,2048,2048,3,1234,8,branch-misses,2153974,,59884673,99
optimized,optimized,default,2048,2048,3,1234,8,instructions,297934393,,59884673,99
optimized,optimized,default,2048,2048,3,1234,8,cpu-cycles,217428412,,59884673,99
optimized,optimized,default,2048,2048,3,1234,8,context-switches,3,,60371884,100
optimized,optimized,default,2048,2048,3,1234,8,page-faults,12431,,60371884,100
optimized,optimized,default,2048,2048,3,1234,9,L1-dcache-loads,39557634,,60142568,99
optimized,optimized,default,2048,2048,3,1234,9,L1-dcache-load-misses,683515,,60142568,99
optimized,optimized,default,2048,2048,3,1234,9,branch-instructions,42909091,,60142568,99
optimized,optimized,default,2048,2048,3,1234,9,branch-misses,2151537,,60142568,99
optimized,optimized,default,2048,2048,3,1234,9,instructions,297428383,,60142568,99
optimized,optimized,default,2048,2048,3,1234,9,cpu-cycles,218133810,,60142568,99
optimized,optimized,default,2048,2048,3,1234,9,context-switches,4,,60541670,100
optimized,optimized,default,2048,2048,3,1234,9,page-faults,12429,,60541670,100
optimized,optimized,default,2048,2048,3,1234,10,L1-dcache-loads,39579133,,60241662,99
optimized,optimized,default,2048,2048,3,1234,10,L1-dcache-load-misses,681790,,60241662,99
optimized,optimized,default,2048,2048,3,1234,10,branch-instructions,42934922,,60241662,99
optimized,optimized,default,2048,2048,3,1234,10,branch-misses,2154875,,60241662,99
optimized,optimized,default,2048,2048,3,1234,10,instructions,297619841,,60241662,99
optimized,optimized,default,2048,2048,3,1234,10,cpu-cycles,218697303,,60241662,99
optimized,optimized,default,2048,2048,3,1234,10,context-switches,2,,60687109,100
optimized,optimized,default,2048,2048,3,1234,10,page-faults,12431,,60687109,100
optimized,optimized,default,2048,2048,3,1234,11,L1-dcache-loads,39534332,,59876387,99
optimized,optimized,default,2048,2048,3,1234,11,L1-dcache-load-misses,680521,,59876387,99
optimized,optimized,default,2048,2048,3,1234,11,branch-instructions,42889739,,59876387,99
optimized,optimized,default,2048,2048,3,1234,11,branch-misses,2149805,,59876387,99
optimized,optimized,default,2048,2048,3,1234,11,instructions,297302007,,59876387,99
optimized,optimized,default,2048,2048,3,1234,11,cpu-cycles,217097946,,59876387,99
optimized,optimized,default,2048,2048,3,1234,11,context-switches,3,,60260404,100
optimized,optimized,default,2048,2048,3,1234,11,page-faults,12430,,60260404,100
optimized,optimized,default,2048,2048,3,1234,12,L1-dcache-loads,39546137,,59878896,99
optimized,optimized,default,2048,2048,3,1234,12,L1-dcache-load-misses,673604,,59878896,99
optimized,optimized,default,2048,2048,3,1234,12,branch-instructions,42902683,,59878896,99
optimized,optimized,default,2048,2048,3,1234,12,branch-misses,2150731,,59878896,99
optimized,optimized,default,2048,2048,3,1234,12,instructions,297396218,,59878896,99
optimized,optimized,default,2048,2048,3,1234,12,cpu-cycles,217187789,,59878896,99
optimized,optimized,default,2048,2048,3,1234,12,context-switches,2,,60282259,100
optimized,optimized,default,2048,2048,3,1234,12,page-faults,12427,,60282259,100
optimized,optimized,default,2048,2048,3,1234,13,L1-dcache-loads,39550221,,61373637,99
optimized,optimized,default,2048,2048,3,1234,13,L1-dcache-load-misses,681260,,61373637,99
optimized,optimized,default,2048,2048,3,1234,13,branch-instructions,42905114,,61373637,99
optimized,optimized,default,2048,2048,3,1234,13,branch-misses,2151271,,61373637,99
optimized,optimized,default,2048,2048,3,1234,13,instructions,297406119,,61373637,99
optimized,optimized,default,2048,2048,3,1234,13,cpu-cycles,222834754,,61373637,99
optimized,optimized,default,2048,2048,3,1234,13,context-switches,2,,61785037,100
optimized,optimized,default,2048,2048,3,1234,13,page-faults,12428,,61785037,100
optimized,optimized,default,2048,2048,3,1234,14,L1-dcache-loads,39540278,,60131799,99
optimized,optimized,default,2048,2048,3,1234,14,L1-dcache-load-misses,713908,,60131799,99
optimized,optimized,default,2048,2048,3,1234,14,branch-instructions,42896270,,60131799,99
optimized,optimized,default,2048,2048,3,1234,14,branch-misses,2152363,,60131799,99
optimized,optimized,default,2048,2048,3,1234,14,instructions,297350548,,60131799,99
optimized,optimized,default,2048,2048,3,1234,14,cpu-cycles,218106688,,60131799,99
optimized,optimized,default,2048,2048,3,1234,14,context-switches,1,,60527212,100
optimized,optimized,default,2048,2048,3,1234,14,page-faults,12428,,60527212,100
optimized,optimized,default,2048,2048,3,1234,15,L1-dcache-loads,39564619,,60336969,99
optimized,optimized,default,2048,2048,3,1234,15,L1-dcache-load-misses,705847,,60336969,99
optimized,optimized,default,2048,2048,3,1234,15,branch-instructions,42918266,,60336969,99
optimized,optimized,default,2048,2048,3,1234,15,branch-misses,2150993,,60336969,99
optimized,optimized,default,2048,2048,3,1234,15,instructions,297493746,,60336969,99
optimized,optimized,default,2048,2048,3,1234,15,cpu-cycles,218927272,,60336969,99
optimized,optimized,default,2048,2048,3,1234,15,context-switches,3,,60753635,100
optimized,optimized,default,2048,2048,3,1234,15,page-faults,12431,,60753635,100
optimized,optimized,default,2048,2048,3,1234,16,L1-dcache-loads,39538605,,60310995,99
optimized,optimized,default,2048,2048,3,1234,16,L1-dcache-load-misses,695206,,60310995,99
optimized,optimized,default,2048,2048,3,1234,16,branch-instructions,42891441,,60310995,99
optimized,optimized,default,2048,2048,3,1234,16,branch-misses,2150049,,60310995,99
optimized,optimized,default,2048,2048,3,1234,16,instructions,297305515,,60310995,99
optimized,optimized,default,2048,2048,3,1234,16,cpu-cycles,218677479,,60310995,99
optimized,optimized,default,2048,2048,3,1234,16,context-switches,4,,60691039,100
optimized,optimized,default,2048,2048,3,1234,16,page-faults,12430,,60691039,100
optimized,optimized,default,2048,2048,3,1234,17,L1-dcache-loads,39573996,,60328275,99
optimized,optimized,default,2048,2048,3,1234,17,L1-dcache-load-misses,694073,,60328275,99
optimized,optimized,default,2048,2048,3,1234,17,branch-instructions,42928714,,60328275,99
optimized,optimized,default,2048,2048,3,1234,17,branch-misses,2152882,,60328275,99
optimized,optimized,default,2048,2048,3,1234,17,instructions,297566885,,60328275,99
optimized,optimized,default,2048,2048,3,1234,17,cpu-cycles,218936917,,60328275,99
optimized,optimized,default,2048,2048,3,1234,17,context-switches,4,,60760059,100
optimized,optimized,default,2048,2048,3,1234,17,page-faults,12431,,60760059,100
optimized,optimized,default,2048,2048,3,1234,18,L1-dcache-loads,39553859,,60349398,99
optimized,optimized,default,2048,2048,3,1234,18,L1-dcache-load-misses,680693,,60349398,99
optimized,optimized,default,2048,2048,3,1234,18,branch-instructions,42909550,,60349398,99
optimized,optimized,default,2048,2048,3,1234,18,branch-misses,2152333,,60349398,99
optimized,optimized,default,2048,2048,3,1234,18,instructions,297434411,,60349398,99
optimized,optimized,default,2048,2048,3,1234,18,cpu-cycles,219008071,,60349398,99
optimized,optimized,default,2048,2048,3,1234,18,context-switches,4,,60759468,100
optimized,optimized,default,2048,2048,3,1234,18,page-faults,12430,,60759468,100
optimized,optimized,default,2048,2048,3,1234,19,L1-dcache-loads,39557405,,59951520,99
optimized,optimized,default,2048,2048,3,1234,19,L1-dcache-load-misses,689397,,59951520,99
optimized,optimized,default,2048,2048,3,1234,19,branch-instructions,42910378,,59951520,99
optimized,optimized,default,2048,2048,3,1234,19,branch-misses,2152770,,59951520,99
optimized,optimized,default,2048,2048,3,1234,19,instructions,297447959,,59951520,99
optimized,optimized,default,2048,2048,3,1234,19,cpu-cycles,217382202,,59951520,99
optimized,optimized,default,2048,2048,3,1234,19,context-switches,3,,60357200,100
optimized,optimized,default,2048,2048,3,1234,19,page-faults,12430,,60357200,100
optimized,optimized,default,2048,2048,3,1234,20,L1-dcache-loads,39568803,,59909231,99
optimized,optimized,default,2048,2048,3,1234,20,L1-dcache-load-misses,683593,,59909231,99
optimized,optimized,default,2048,2048,3,1234,20,branch-instructions,42925073,,59909231,99
optimized,optimized,default,2048,2048,3,1234,20,branch-misses,2152978,,59909231,99
optimized,optimized,default,2048,2048,3,1234,20,instructions,297552662,,59909231,99
optimized,optimized,default,2048,2048,3,1234,20,cpu-cycles,217276098,,59909231,99
optimized,optimized,default,2048,2048,3,1234,20,context-switches,2,,60341024,100
optimized,optimized,default,2048,2048,3,1234,20,page-faults,12430,,60341024,100
optimized,optimized,default,4096,4096,3,1234,1,L1-dcache-loads,156875172,,239203609,99
optimized,optimized,default,4096,4096,3,1234,1,L1-dcache-load-misses,2693817,,239203609,99
optimized,optimized,default,4096,4096,3,1234,1,branch-instructions,170523930,,239203609,99
optimized,optimized,default,4096,4096,3,1234,1,branch-misses,8534854,,239203609,99
optimized,optimized,default,4096,4096,3,1234,1,instructions,1182774586,,239203609,99
optimized,optimized,default,4096,4096,3,1234,1,cpu-cycles,862776491,,239203609,99
optimized,optimized,default,4096,4096,3,1234,1,context-switches,8,,239574853,100
optimized,optimized,default,4096,4096,3,1234,1,page-faults,49302,,239574853,100
optimized,optimized,default,4096,4096,3,1234,2,L1-dcache-loads,156747327,,243214976,99
optimized,optimized,default,4096,4096,3,1234,2,L1-dcache-load-misses,2673975,,243214976,99
optimized,optimized,default,4096,4096,3,1234,2,branch-instructions,170402996,,243214976,99
optimized,optimized,default,4096,4096,3,1234,2,branch-misses,8541399,,243214976,99
optimized,optimized,default,4096,4096,3,1234,2,instructions,1182013684,,243214976,99
optimized,optimized,default,4096,4096,3,1234,2,cpu-cycles,877152755,,243214976,99
optimized,optimized,default,4096,4096,3,1234,2,context-switches,8,,243649420,100
optimized,optimized,default,4096,4096,3,1234,2,page-faults,49299,,243649420,100
optimized,optimized,default,4096,4096,3,1234,3,L1-dcache-loads,156698427,,244330448,99
optimized,optimized,default,4096,4096,3,1234,3,L1-dcache-load-misses,2674730,,244330448,99
optimized,optimized,default,4096,4096,3,1234,3,branch-instructions,170349190,,244330448,99
optimized,optimized,default,4096,4096,3,1234,3,branch-misses,8532776,,244330448,99
optimized,optimized,default,4096,4096,3,1234,3,instructions,1181649916,,244330448,99
optimized,optimized,default,4096,4096,3,1234,3,cpu-cycles,880797765,,244330448,99
optimized,optimized,default,4096,4096,3,1234,3,context-switches,10,,244728697,100
optimized,optimized,default,4096,4096,3,1234,3,page-faults,49302,,244728697,100
optimized,optimized,default,4096,4096,3,1234,4,L1-dcache-loads,156705590,,239284677,99
optimized,optimized,default,4096,4096,3,1234,4,L1-dcache-load-misses,2668686,,239284677,99
optimized,optimized,default,4096,4096,3,1234,4,branch-instructions,170364937,,239284677,99
optimized,optimized,default,4096,4096,3,1234,4,branch-misses,8535504,,239284677,99
optimized,optimized,default,4096,4096,3,1234,4,instructions,1181772526,,239284677,99
optimized,optimized,default,4096,4096,3,1234,4,cpu-cycles,863510455,,239284677,99
optimized,optimized,default,4096,4096,3,1234,4,context-switches,5,,239716703,100
optimized,optimized,default,4096,4096,3,1234,4,page-faults,49302,,239716703,100
optimized,optimized,default,4096,4096,3,1234,5,L1-dcache-loads,156749018,,240310978,99
optimized,optimized,default,4096,4096,3,1234,5,L1-dcache-load-misses,2643864,,240310978,99
optimized,optimized,default,4096,4096,3,1234,5,branch-instructions,170406937,,240310978,99
optimized,optimized,default,4096,4096,3,1234,5,branch-misses,8537935,,240310978,99
optimized,optimized,default,4096,4096,3,1234,5,instructions,1182042655,,240310978,99
optimized,optimized,default,4096,4096,3,1234,5,cpu-cycles,867606338,,240310978,99
optimized,optimized,default,4096,4096,3,1234,5,context-switches,9,,240780989,100
optimized,optimized,default,4096,4096,3,1234,5,page-faults,49300,,240780989,100
optimized,optimized,default,4096,4096,3,1234,6,L1-dcache-loads,156702699,,239269536,99
optimized,optimized,default,4096,4096,3,1234,6,L1-dcache-load-misses,2813330,,239269536,99
optimized,optimized,default,4096,4096,3,1234,6,branch-instructions,170355953,,239269536,99
optimized,optimized,default,4096,4096,3,1234,6,branch-misses,8537100,,239269536,99
optimized,optimized,default,4096,4096,3,1234,6,instructions,1181692905,,239269536,99
optimized,optimized,default,4096,4096,3,1234,6,cpu-cycles,863288453,,239269536,99
optimized,optimized,default,4096,4096,3,1234,6,context-switches,10,,239669334,100
optimized,optimized,default,4096,4096,3,1234,6,page-faults,49299,,239669334,100
optimized,optimized,default,4096,4096,3,1234,7,L1-dcache-loads,156695815,,239764201,99
optimized,optimized,default,4096,4096,3,1234,7,L1-dcache-load-misses,2587995,,239764201,99
optimized,optimized,default,4096,4096,3,1234,7,branch-instructions,170353157,,239764201,99
optimized,optimized,default,4096,4096,3,1234,7,branch-misses,8528527,,239764201,99
optimized,optimized,default,4096,4096,3,1234,7,instructions,1181688225,,239764201,99
optimized,optimized,default,4096,4096,3,1234,7,cpu-cycles,865232324,,239764201,99
optimized,optimized,default,4096,4096,3,1234,7,context-switches,6,,240182016,100
optimized,optimized,default,4096,4096,3,1234,7,page-faults,49301,,240182016,100
optimized,optimized,default,4096,4096,3,1234,8,L1-dcache-loads,156720432,,240613190,99
optimized,optimized,default,4096,4096,3,1234,8,L1-dcache-load-misses,2653603,,240613190,99
optimized,optimized,default,4096,4096,3,1234,8,branch-instructions,170371075,,240613190,99
optimized,optimized,default,4096,4096,3,1234,8,branch-misses,8538366,,240613190,99
optimized,optimized,default,4096,4096,3,1234,8,instructions,1181798805,,240613190,99
optimized,optimized,default,4096,4096,3,1234,8,cpu-cycles,868052064,,240613190,99
optimized,optimized,default,4096,4096,3,1234,8,context-switches,10,,241041265,100
optimized,optimized,default,4096,4096,3,1234,8,page-faults,49301,,241041265,100
optimized,optimized,default,4096,4096,3,1234,9,L1-dcache-loads,156707914,,239804679,99
optimized,optimized,default,4096,4096,3,1234,9,L1-dcache-load-misses,2699526,,239804679,99
optimized,optimized,default,4096,4096,3,1234,9,branch-instructions,170360097,,239804679,99
optimized,optimized,default,4096,4096,3,1234,9,branch-misses,8534707,,239804679,99
optimized,optimized,default,4096,4096,3,1234,9,instructions,1181740108,,239804679,99
optimized,optimized,default,4096,4096,3,1234,9,cpu-cycles,865265707,,239804679,99
optimized,optimized,default,4096,4096,3,1234,9,context-switches,10,,240229360,100
optimized,optimized,default,4096,4096,3,1234,9,page-faults,49300,,240229360,100
optimized,optimized,default,4096,4096,3,1234,10,L1-dcache-loads,156708669,,240088864,99
optimized,optimized,default,4096,4096,3,1234,10,L1-dcache-load-misses,2680823,,240088864,99
optimized,optimized,default,4096,4096,3,1234,10,branch-instructions,170368997,,240088864,99
optimized,optimized,default,4096,4096,3,1234,10,branch-misses,8537129,,240088864,99
optimized,optimized,default,4096,4096,3,1234,10,instructions,1181821011,,240088864,99
optimized,optimized,default,4096,4096,3,1234,10,cpu-cycles,866385825,,240088864,99
optimized,optimized,default,4096,4096,3,1234,10,context-switches,5,,240552559,100
optimized,optimized,default,4096,4096,3,1234,10,page-faults,49298,,240552559,100
optimized,optimized,default,4096,4096,3,1234,11,L1-dcache-loads,156732951,,240065449,99
optimized,optimized,default,4096,4096,3,1234,11,L1-dcache-load-misses,2642773,,240065449,99
optimized,optimized,default,4096,4096,3,1234,11,branch-instructions,170382194,,240065449,99
optimized,optimized,default,4096,4096,3,1234,11,branch-misses,8530124,,240065449,99
optimized,optimized,default,4096,4096,3,1234,11,instructions,1181884343,,240065449,99
optimized,optimized,default,4096,4096,3,1234,11,cpu-cycles,866600645,,240065449,99
optimized,optimized,default,4096,4096,3,1234,11,context-switches,9,,240459083,100
optimized,optimized,default,4096,4096,3,1234,11,page-faults,49301,,240459083,100
optimized,optimized,default,4096,4096,3,1234,12,L1-dcache-loads,156736173,,240494551,99
optimized,optimized,default,4096,4096,3,1234,12,L1-dcache-load-misses,2736925,,240494551,99
optimized,optimized,default,4096,4096,3,1234,12,branch-instructions,170386423,,240494551,99
optimized,optimized,default,4096,4096,3,1234,12,branch-misses,8535816,,240494551,99
optimized,optimized,default,4096,4096,3,1234,12,instructions,1181900285,,240494551,99
optimized,optimized,default,4096,4096,3,1234,12,cpu-cycles,867625987,,240494551,99
optimized,optimized,default,4096,4096,3,1234,12,context-switches,7,,240918277,100
optimized,optimized,default,4096,4096,3,1234,12,page-faults,49302,,240918277,100
optimized,optimized,default,4096,4096,3,1234,13,L1-dcache-loads,156737776,,240380187,99
optimized,optimized,default,4096,4096,3,1234,13,L1-dcache-load-misses,2688839,,240380187,99
optimized,optimized,default,4096,4096,3,1234,13,branch-instructions,170388454,,240380187,99
optimized,optimized,default,4096,4096,3,1234,13,branch-misses,8536371,,240380187,99
optimized,optimized,default,4096,4096,3,1234,13,instructions,1181921905,,240380187,99
optimized,optimized,default,4096,4096,3,1234,13,cpu-cycles,867310459,,240380187,99
optimized,optimized,default,4096,4096,3,1234,13,context-switches,7,,240811938,100
optimized,optimized,default,4096,4096,3,1234,13,page-faults,49301,,240811938,100
optimized,optimized,default,4096,4096,3,1234,14,L1-dcache-loads,156711460,,240101482,99
optimized,optimized,default,4096,4096,3,1234,14,L1-dcache-load-misses,2691991,,240101482,99
optimized,optimized,default,4096,4096,3,1234,14,branch-instructions,170361444,,240101482,99
optimized,optimized,default,4096,4096,3,1234,14,branch-misses,8531735,,240101482,99
optimized,optimized,default,4096,4096,3,1234,14,instructions,1181745657,,240101482,99
optimized,optimized,default,4096,4096,3,1234,14,cpu-cycles,866090347,,240101482,99
optimized,optimized,default,4096,4096,3,1234,14,context-switches,8,,240502798,100
optimized,optimized,default,4096,4096,3,1234,14,page-faults,49302,,240502798,100
optimized,optimized,default,4096,4096,3,1234,15,L1-dcache-loads,156760834,,240250365,99
optimized,optimized,default,4096,4096,3,1234,15,L1-dcache-load-misses,2701037,,240250365,99
optimized,optimized,default,4096,4096,3,1234,15,branch-instructions,170412371,,240250365,99
optimized,optimized,default,4096,4096,3,1234,15,branch-misses,8537338,,240250365,99
optimized,optimized,default,4096,4096,3,1234,15,instructions,1182086506,,240250365,99
optimized,optimized,default,4096,4096,3,1234,15,cpu-cycles,867046235,,240250365,99
optimized,optimized,default,4096,4096,3,1234,15,context-switches,8,,240710870,100
optimized,optimized,default,4096,4096,3,1234,15,page-faults,49302,,240710870,100
optimized,optimized,default,4096,4096,3,1234,16,L1-dcache-loads,156727852,,241133533,99
optimized,optimized,default,4096,4096,3,1234,16,L1-dcache-load-misses,2678228,,241133533,99
optimized,optimized,default,4096,4096,3,1234,16,branch-instructions,170377666,,241133533,99
optimized,optimized,default,4096,4096,3,1234,16,branch-misses,8534631,,241133533,99
optimized,optimized,default,4096,4096,3,1234,16,instructions,1181862185,,241133533,99
optimized,optimized,default,4096,4096,3,1234,16,cpu-cycles,870272635,,241133533,99
optimized,optimized,default,4096,4096,3,1234,16,context-switches,10,,241557593,100
optimized,optimized,default,4096,4096,3,1234,16,page-faults,49302,,241557593,100
optimized,optimized,default,4096,4096,3,1234,17,L1-dcache-loads,156748523,,240020906,99
optimized,optimized,default,4096,4096,3,1234,17,L1-dcache-load-misses,2813148,,240020906,99
optimized,optimized,default,4096,4096,3,1234,17,branch-instructions,170400376,,240020906,99
optimized,optimized,default,4096,4096,3,1234,17,branch-misses,8539122,,240020906,99
optimized,optimized,default,4096,4096,3,1234,17,instructions,1181999065,,240020906,99
optimized,optimized,default,4096,4096,3,1234,17,cpu-cycles,866084725,,240020906,99
optimized,optimized,default,4096,4096,3,1234,17,context-switches,9,,240458481,100
optimized,optimized,default,4096,4096,3,1234,17,page-faults,49301,,240458481,100
optimized,optimized,default,4096,4096,3,1234,18,L1-dcache-loads,156750145,,240455937,99
optimized,optimized,default,4096,4096,3,1234,18,L1-dcache-load-misses,2651473,,240455937,99
optimized,optimized,default,4096,4096,3,1234,18,branch-instructions,170401458,,240455937,99
optimized,optimized,default,4096,4096,3,1234,18,branch-misses,8536642,,240455937,99
optimized,optimized,default,4096,4096,3,1234,18,instructions,1182014574,,240455937,99
optimized,optimized,default,4096,4096,3,1234,18,cpu-cycles,867719881,,240455937,99
optimized,optimized,default,4096,4096,3,1234,18,context-switches,10,,240901385,100
optimized,optimized,default,4096,4096,3,1234,18,page-faults,49298,,240901385,100
optimized,optimized,default,4096,4096,3,1234,19,L1-dcache-loads,156743245,,244444249,99
optimized,optimized,default,4096,4096,3,1234,19,L1-dcache-load-misses,2663142,,244444249,99
optimized,optimized,default,4096,4096,3,1234,19,branch-instructions,170385348,,244444249,99
optimized,optimized,default,4096,4096,3,1234,19,branch-misses,8538670,,244444249,99
optimized,optimized,default,4096,4096,3,1234,19,instructions,1181893964,,244444249,99
optimized,optimized,default,4096,4096,3,1234,19,cpu-cycles,881595707,,244444249,99
optimized,optimized,default,4096,4096,3,1234,19,context-switches,10,,244866236,100
optimized,optimized,default,4096,4096,3,1234,19,page-faults,49302,,244866236,100
optimized,optimized,default,4096,4096,3,1234,20,L1-dcache-loads,156718757,,243535552,99
optimized,optimized,default,4096,4096,3,1234,20,L1-dcache-load-misses,2734846,,243535552,99
optimized,optimized,default,4096,4096,3,1234,20,branch-instructions,170366022,,243535552,99
optimized,optimized,default,4096,4096,3,1234,20,branch-misses,8533671,,243535552,99
optimized,optimized,default,4096,4096,3,1234,20,instructions,1181774863,,243535552,99
optimized,optimized,default,4096,4096,3,1234,20,cpu-cycles,878125074,,243535552,99
optimized,optimized,default,4096,4096,3,1234,20,context-switches,8,,243948118,100
optimized,optimized,default,4096,4096,3,1234,20,page-faults,49302,,243948118,100
optimized,optimized,default,8192,8192,3,1234,1,L1-dcache-loads,625966636,,968325685,99
optimized,optimized,default,8192,8192,3,1234,1,L1-dcache-load-misses,10958258,,968325685,99
optimized,optimized,default,8192,8192,3,1234,1,branch-instructions,680928526,,968325685,99
optimized,optimized,default,8192,8192,3,1234,1,branch-misses,34066167,,968325685,99
optimized,optimized,default,8192,8192,3,1234,1,instructions,4723805190,,968325685,99
optimized,optimized,default,8192,8192,3,1234,1,cpu-cycles,3489117493,,968325685,99
optimized,optimized,default,8192,8192,3,1234,1,context-switches,26,,968750654,100
optimized,optimized,default,8192,8192,3,1234,1,page-faults,196773,,968750654,100
optimized,optimized,default,8192,8192,3,1234,2,L1-dcache-loads,625966233,,963184100,99
optimized,optimized,default,8192,8192,3,1234,2,L1-dcache-load-misses,10883161,,963184100,99
optimized,optimized,default,8192,8192,3,1234,2,branch-instructions,680901560,,963184100,99
optimized,optimized,default,8192,8192,3,1234,2,branch-misses,34068923,,963184100,99
optimized,optimized,default,8192,8192,3,1234,2,instructions,4723622470,,963184100,99
optimized,optimized,default,8192,8192,3,1234,2,cpu-cycles,3472304807,,963184100,99
optimized,optimized,default,8192,8192,3,1234,2,context-switches,31,,963620558,100
optimized,optimized,default,8192,8192,3,1234,2,page-faults,196774,,963620558,100
optimized,optimized,default,8192,8192,3,1234,3,L1-dcache-loads,625969102,,960513263,99
optimized,optimized,default,8192,8192,3,1234,3,L1-dcache-load-misses,10852925,,960513263,99
optimized,optimized,default,8192,8192,3,1234,3,branch-instructions,680921579,,960513263,99
optimized,optimized,default,8192,8192,3,1234,3,branch-misses,34078064,,960513263,99
optimized,optimized,default,8192,8192,3,1234,3,instructions,4723779473,,960513263,99
optimized,optimized,default,8192,8192,3,1234,3,cpu-cycles,3461545702,,960513263,99
optimized,optimized,default,8192,8192,3,1234,3,context-switches,34,,960994342,100
optimized,optimized,default,8192,8192,3,1234,3,page-faults,196773,,960994342,100
optimized,optimized,default,8192,8192,3,1234,4,L1-dcache-loads,626021391,,958602201,99
optimized,optimized,default,8192,8192,3,1234,4,L1-dcache-load-misses,10940675,,958602201,99
optimized,optimized,default,8192,8192,3,1234,4,branch-instructions,680978766,,958602201,99
optimized,optimized,default,8192,8192,3,1234,4,branch-misses,34067967,,958602201,99
optimized,optimized,default,8192,8192,3,1234,4,instructions,4724220597,,958602201,99
optimized,optimized,default,8192,8192,3,1234,4,cpu-cycles,3456879677,,958602201,99
optimized,optimized,default,8192,8192,3,1234,4,context-switches,29,,959199837,100
optimized,optimized,default,8192,8192,3,1234,4,page-faults,196774,,959199837,100
optimized,optimized,default,8192,8192,3,1234,5,L1-dcache-loads,625963348,,958160287,99
optimized,optimized,default,8192,8192,3,1234,5,L1-dcache-load-misses,10516762,,958160287,99
optimized,optimized,default,8192,8192,3,1234,5,branch-instructions,680904264,,958160287,99
optimized,optimized,default,8192,8192,3,1234,5,branch-misses,34055948,,958160287,99
optimized,optimized,default,8192,8192,3,1234,5,instructions,4723663607,,958160287,99
optimized,optimized,default,8192,8192,3,1234,5,cpu-cycles,3453906389,,958160287,99
optimized,optimized,default,8192,8192,3,1234,5,context-switches,34,,958597275,100
optimized,optimized,default,8192,8192,3,1234,5,page-faults,196771,,958597275,100
optimized,optimized,default,8192,8192,3,1234,6,L1-dcache-loads,625919865,,959271735,99
optimized,optimized,default,8192,8192,3,1234,6,L1-dcache-load-misses,10808769,,959271735,99
optimized,optimized,default,8192,8192,3,1234,6,branch-instructions,680871270,,959271735,99
optimized,optimized,default,8192,8192,3,1234,6,branch-misses,34067607,,959271735,99
optimized,optimized,default,8192,8192,3,1234,6,instructions,4723467422,,959271735,99
optimized,optimized,default,8192,8192,3,1234,6,cpu-cycles,3458087127,,959271735,99
optimized,optimized,default,8192,8192,3,1234,6,context-switches,26,,959720195,100
optimized,optimized,default,8192,8192,3,1234,6,page-faults,196771,,959720195,100
optimized,optimized,default,8192,8192,3,1234,7,L1-dcache-loads,625940967,,959642724,99
optimized,optimized,default,8192,8192,3,1234,7,L1-dcache-load-misses,10690932,,959642724,99
optimized,optimized,default,8192,8192,3,1234,7,branch-instructions,680886652,,959642724,99
optimized,optimized,default,8192,8192,3,1234,7,branch-misses,34060938,,959642724,99
optimized,optimized,default,8192,8192,3,1234,7,instructions,4723531304,,959642724,99
optimized,optimized,default,8192,8192,3,1234,7,cpu-cycles,3459428057,,959642724,99
optimized,optimized,default,8192,8192,3,1234,7,context-switches,27,,960073005,100
optimized,optimized,default,8192,8192,3,1234,7,page-faults,196771,,960073005,100
optimized,optimized,default,8192,8192,3,1234,8,L1-dcache-loads,625964194,,959216476,99
optimized,optimized,default,8192,8192,3,1234,8,L1-dcache-load-misses,10492572,,959216476,99
optimized,optimized,default,8192,8192,3,1234,8,branch-instructions,680902992,,959216476,99
optimized,optimized,default,8192,8192,3,1234,8,branch-misses,34068470,,959216476,99
optimized,optimized,default,8192,8192,3,1234,8,instructions,4723653741,,959216476,99
optimized,optimized,default,8192,8192,3,1234,8,cpu-cycles,3457229881,,959216476,99
optimized,optimized,default,8192,8192,3,1234,8,context-switches,38,,959657818,100
optimized,optimized,default,8192,8192,3,1234,8,page-faults,196775,,959657818,100
optimized,optimized,default,8192,8192,3,1234,9,L1-dcache-loads,625908544,,960049663,99
optimized,optimized,default,8192,8192,3,1234,9,L1-dcache-load-misses,10901604,,960049663,99
optimized,optimized,default,8192,8192,3,1234,9,branch-instructions,680860505,,960049663,99
optimized,optimized,default,8192,8192,3,1234,9,branch-misses,34065611,,960049663,99
optimized,optimized,default,8192,8192,3,1234,9,instructions,4723426601,,960049663,99
optimized,optimized,default,8192,8192,3,1234,9,cpu-cycles,3460890598,,960049663,99
optimized,optimized,default,8192,8192,3,1234,9,context-switches,32,,960490641,100
optimized,optimized,default,8192,8192,3,1234,9,page-faults,196775,,960490641,100
optimized,optimized,default,8192,8192,3,1234,10,L1-dcache-loads,625934037,,960023304,99
optimized,optimized,default,8192,8192,3,1234,10,L1-dcache-load-misses,10703997,,960023304,99
optimized,optimized,default,8192,8192,3,1234,10,branch-instructions,680879660,,960023304,99
optimized,optimized,default,8192,8192,3,1234,10,branch-misses,34068069,,960023304,99
optimized,optimized,default,8192,8192,3,1234,10,instructions,4723522837,,960023304,99
optimized,optimized,default,8192,8192,3,1234,10,cpu-cycles,3460868963,,960023304,99
optimized,optimized,default,8192,8192,3,1234,10,context-switches,27,,960476360,100
optimized,optimized,default,8192,8192,3,1234,10,page-faults,196773,,960476360,100
optimized,optimized,default,8192,8192,3,1234,11,L1-dcache-loads,625976610,,957830890,99
optimized,optimized,default,8192,8192,3,1234,11,L1-dcache-load-misses,10747517,,957830890,99
optimized,optimized,default,8192,8192,3,1234,11,branch-instructions,680920084,,957830890,99
optimized,optimized,default,8192,8192,3,1234,11,branch-misses,34061389,,957830890,99
optimized,optimized,default,8192,8192,3,1234,11,instructions,4723751539,,957830890,99
optimized,optimized,default,8192,8192,3,1234,11,cpu-cycles,3453201994,,957830890,99
optimized,optimized,default,8192,8192,3,1234,11,context-switches,35,,958296154,100
optimized,optimized,default,8192,8192,3,1234,11,page-faults,196773,,958296154,100
optimized,optimized,default,8192,8192,3,1234,12,L1-dcache-loads,626130755,,960205069,99
optimized,optimized,default,8192,8192,3,1234,12,L1-dcache-load-misses,11020124,,960205069,99
optimized,optimized,default,8192,8192,3,1234,12,branch-instructions,681025336,,960205069,99
optimized,optimized,default,8192,8192,3,1234,12,branch-misses,34060585,,960205069,99
optimized,optimized,default,8192,8192,3,1234,12,instructions,4724571847,,960205069,99
optimized,optimized,default,8192,8192,3,1234,12,cpu-cycles,3461531101,,960205069,99
optimized,optimized,default,8192,8192,3,1234,12,context-switches,32,,960659867,100
optimized,optimized,default,8192,8192,3,1234,12,page-faults,196774,,960659867,100
optimized,optimized,default,8192,8192,3,1234,13,L1-dcache-loads,626124966,,957910219,99
optimized,optimized,default,8192,8192,3,1234,13,L1-dcache-load-misses,10781031,,957910219,99
optimized,optimized,default,8192,8192,3,1234,13,branch-instructions,681020090,,957910219,99
optimized,optimized,default,8192,8192,3,1234,13,branch-misses,34056616,,957910219,99
optimized,optimized,default,8192,8192,3,1234,13,instructions,4724504507,,957910219,99
optimized,optimized,default,8192,8192,3,1234,13,cpu-cycles,3453288158,,957910219,99
optimized,optimized,default,8192,8192,3,1234,13,context-switches,37,,958333728,100
optimized,optimized,default,8192,8192,3,1234,13,page-faults,196774,,958333728,100
optimized,optimized,default,8192,8192,3,1234,14,L1-dcache-loads,625962422,,958215163,99
optimized,optimized,default,8192,8192,3,1234,14,L1-dcache-load-misses,10928409,,958215163,99
optimized,optimized,default,8192,8192,3,1234,14,branch-instructions,680904963,,958215163,99
optimized,optimized,default,8192,8192,3,1234,14,branch-misses,34057843,,958215163,99
optimized,optimized,default,8192,8192,3,1234,14,instructions,4723657712,,958215163,99
optimized,optimized,default,8192,8192,3,1234,14,cpu-cycles,3455019870,,958215163,99
optimized,optimized,default,8192,8192,3,1234,14,context-switches,33,,958673319,100
optimized,optimized,default,8192,8192,3,1234,14,page-faults,196773,,958673319,100
optimized,optimized,default,8192,8192,3,1234,15,L1-dcache-loads,625928102,,958797149,99
optimized,optimized,default,8192,8192,3,1234,15,L1-dcache-load-misses,10740089,,958797149,99
optimized,optimized,default,8192,8192,3,1234,15,branch-instructions,680874575,,958797149,99
optimized,optimized,default,8192,8192,3,1234,15,branch-misses,34056120,,958797149,99
optimized,optimized,default,8192,8192,3,1234,15,instructions,4723470811,,958797149,99
optimized,optimized,default,8192,8192,3,1234,15,cpu-cycles,3456542052,,958797149,99
optimized,optimized,default,8192,8192,3,1234,15,context-switches,33,,959233946,100
optimized,optimized,default,8192,8192,3,1234,15,page-faults,196775,,959233946,100
optimized,optimized,default,8192,8192,3,1234,16,L1-dcache-loads,625932055,,957069212,99
optimized,optimized,default,8192,8192,3,1234,16,L1-dcache-load-misses,10747327,,957069212,99
optimized,optimized,default,8192,8192,3,1234,16,branch-instructions,680863031,,957069212,99
optimized,optimized,default,8192,8192,3,1234,16,branch-misses,34062627,,957069212,99
optimized,optimized,default,8192,8192,3,1234,16,instructions,4723342377,,957069212,99
optimized,optimized,default,8192,8192,3,1234,16,cpu-cycles,3450242750,,957069212,99
optimized,optimized,default,8192,8192,3,1234,16,context-switches,38,,957470301,100
optimized,optimized,default,8192,8192,3,1234,16,page-faults,196774,,957470301,100
optimized,optimized,default,8192,8192,3,1234,17,L1-dcache-loads,625934959,,958049009,99
optimized,optimized,default,8192,8192,3,1234,17,L1-dcache-load-misses,10782807,,958049009,99
optimized,optimized,default,8192,8192,3,1234,17,branch-instructions,680873934,,958049009,99
optimized,optimized,default,8192,8192,3,1234,17,branch-misses,34054673,,958049009,99
optimized,optimized,default,8192,8192,3,1234,17,instructions,4723439986,,958049009,99
optimized,optimized,default,8192,8192,3,1234,17,cpu-cycles,3453449943,,958049009,99
optimized,optimized,default,8192,8192,3,1234,17,context-switches,35,,958454042,100
optimized,optimized,default,8192,8192,3,1234,17,page-faults,196775,,958454042,100
optimized,optimized,default,8192,8192,3,1234,18,L1-dcache-loads,625934256,,958111764,99
optimized,optimized,default,8192,8192,3,1234,18,L1-dcache-load-misses,11009425,,958111764,99
optimized,optimized,default,8192,8192,3,1234,18,branch-instructions,680873967,,958111764,99
optimized,optimized,default,8192,8192,3,1234,18,branch-misses,34050418,,958111764,99
optimized,optimized,default,8192,8192,3,1234,18,instructions,4723470129,,958111764,99
optimized,optimized,default,8192,8192,3,1234,18,cpu-cycles,3453821729,,958111764,99
optimized,optimized,default,8192,8192,3,1234,18,context-switches,31,,958551364,100
optimized,optimized,default,8192,8192,3,1234,18,page-faults,196774,,958551364,100
optimized,optimized,default,8192,8192,3,1234,19,L1-dcache-loads,625899810,,958925793,99
optimized,optimized,default,8192,8192,3,1234,19,L1-dcache-load-misses,10750357,,958925793,99
optimized,optimized,default,8192,8192,3,1234,19,branch-instructions,680850567,,958925793,99
optimized,optimized,default,8192,8192,3,1234,19,branch-misses,34060428,,958925793,99
optimized,optimized,default,8192,8192,3,1234,19,instructions,4723356319,,958925793,99
optimized,optimized,default,8192,8192,3,1234,19,cpu-cycles,3457288007,,958925793,99
optimized,optimized,default,8192,8192,3,1234,19,context-switches,28,,959363492,100
optimized,optimized,default,8192,8192,3,1234,19,page-faults,196774,,959363492,100
optimized,optimized,default,8192,8192,3,1234,20,L1-dcache-loads,625932438,,961192986,99
optimized,optimized,default,8192,8192,3,1234,20,L1-dcache-load-misses,10798559,,961192986,99
optimized,optimized,default,8192,8192,3,1234,20,branch-instructions,680866642,,961192986,99
optimized,optimized,default,8192,8192,3,1234,20,branch-misses,34088292,,961192986,99
optimized,optimized,default,8192,8192,3,1234,20,instructions,4723411529,,961192986,99
optimized,optimized,default,8192,8192,3,1234,20,cpu-cycles,3465131336,,961192986,99
optimized,optimized,default,8192,8192,3,1234,20,context-switches,31,,961623809,100
optimized,optimized,default,8192,8192,3,1234,20,page-faults,196772,,961623809,100
optimized,optimized,default,16384,16384,3,1234,1,L1-dcache-loads,2502755472,,3833753939,99
optimized,optimized,default,16384,16384,3,1234,1,L1-dcache-load-misses,60531763,,3833753939,99
optimized,optimized,default,16384,16384,3,1234,1,branch-instructions,2723042927,,3833753939,99
optimized,optimized,default,16384,16384,3,1234,1,branch-misses,136181890,,3833753939,99
optimized,optimized,default,16384,16384,3,1234,1,instructions,18890991145,,3833753939,99
optimized,optimized,default,16384,16384,3,1234,1,cpu-cycles,13814152717,,3833753939,99
optimized,optimized,default,16384,16384,3,1234,1,context-switches,139,,3834220166,100
optimized,optimized,default,16384,16384,3,1234,1,page-faults,786629,,3834220166,100
optimized,optimized,default,16384,16384,3,1234,2,L1-dcache-loads,2502741604,,3842488074,99
optimized,optimized,default,16384,16384,3,1234,2,L1-dcache-load-misses,61421396,,3842488074,99
optimized,optimized,default,16384,16384,3,1234,2,branch-instructions,2723012952,,3842488074,99
optimized,optimized,default,16384,16384,3,1234,2,branch-misses,136181933,,3842488074,99
optimized,optimized,default,16384,16384,3,1234,2,instructions,18890781023,,3842488074,99
optimized,optimized,default,16384,16384,3,1234,2,cpu-cycles,13844218003,,3842488074,99
optimized,optimized,default,16384,16384,3,1234,2,context-switches,149,,3842906919,100
optimized,optimized,default,16384,16384,3,1234,2,page-faults,786627,,3842906919,100
optimized,optimized,default,16384,16384,3,1234,3,L1-dcache-loads,2502173488,,3090935937,99
optimized,optimized,default,16384,16384,3,1234,3,L1-dcache-load-misses,48238803,,3090935937,99
optimized,optimized,default,16384,16384,3,1234,3,branch-instructions,2722527023,,3090935937,99
optimized,optimized,default,16384,16384,3,1234,3,branch-misses,136251719,,3090935937,99
optimized,optimized,default,16384,16384,3,1234,3,instructions,18888236603,,3090935937,99
optimized,optimized,default,16384,16384,3,1234,3,cpu-cycles,11716508640,,3090935937,99
optimized,optimized,default,16384,16384,3,1234,3,context-switches,99,,3091343671,100
optimized,optimized,default,16384,16384,3,1234,3,page-faults,786631,,3091343671,100
optimized,optimized,default,16384,16384,3,1234,4,L1-dcache-loads,2503164386,,3670352704,99
optimized,optimized,default,16384,16384,3,1234,4,L1-dcache-load-misses,59562496,,3670352704,99
optimized,optimized,default,16384,16384,3,1234,4,branch-instructions,2723032867,,3670352704,99
optimized,optimized,default,16384,16384,3,1234,4,branch-misses,136182291,,3670352704,99
optimized,optimized,default,16384,16384,3,1234,4,instructions,18891781786,,3670352704,99
optimized,optimized,default,16384,16384,3,1234,4,cpu-cycles,13916310954,,3670352704,99
optimized,optimized,default,16384,16384,3,1234,4,context-switches,124,,3670804235,100
optimized,optimized,default,16384,16384,3,1234,4,page-faults,786632,,3670804235,100
optimized,optimized,default,16384,16384,3,1234,5,L1-dcache-loads,2503061845,,3676172511,99
optimized,optimized,default,16384,16384,3,1234,5,L1-dcache-load-misses,59223148,,3676172511,99
optimized,optimized,default,16384,16384,3,1234,5,branch-instructions,2722970724,,3676172511,99
optimized,optimized,default,16384,16384,3,1234,5,branch-misses,136202378,,3676172511,99
optimized,optimized,default,16384,16384,3,1234,5,instructions,18891399874,,3676172511,99
optimized,optimized,default,16384,16384,3,1234,5,cpu-cycles,13938608671,,3676172511,99
optimized,optimized,default,16384,16384,3,1234,5,context-switches,110,,3676609371,100
optimized,optimized,default,16384,16384,3,1234,5,page-faults,786629,,3676609371,100
optimized,optimized,default,16384,16384,3,1234,6,L1-dcache-loads,2502555884,,3679562481,99
optimized,optimized,default,16384,16384,3,1234,6,L1-dcache-load-misses,59446410,,3679562481,99
optimized,optimized,default,16384,16384,3,1234,6,branch-instructions,2722889189,,3679562481,99
optimized,optimized,default,16384,16384,3,1234,6,branch-misses,136139686,,3679562481,99
optimized,optimized,default,16384,16384,3,1234,6,instructions,18890099345,,3679562481,99
optimized,optimized,default,16384,16384,3,1234,6,cpu-cycles,13951475035,,3679562481,99
optimized,optimized,default,16384,16384,3,1234,6,context-switches,113,,3680056779,100
optimized,optimized,default,16384,16384,3,1234,6,page-faults,786627,,3680056779,100
optimized,optimized,default,16384,16384,3,1234,7,L1-dcache-loads,2502430590,,3677888518,99
optimized,optimized,default,16384,16384,3,1234,7,L1-dcache-load-misses,59661185,,3677888518,99
optimized,optimized,default,16384,16384,3,1234,7,branch-instructions,2722749989,,3677888518,99
optimized,optimized,default,16384,16384,3,1234,7,branch-misses,136229914,,3677888518,99
optimized,optimized,default,16384,16384,3,1234,7,instructions,18889228696,,3677888518,99
optimized,optimized,default,16384,16384,3,1234,7,cpu-cycles,13944766874,,3677888518,99
optimized,optimized,default,16384,16384,3,1234,7,context-switches,122,,3678297278,100
optimized,optimized,default,16384,16384,3,1234,7,page-faults,786631,,3678297278,100
optimized,optimized,default,16384,16384,3,1234,8,L1-dcache-loads,2502453985,,3672534614,99
optimized,optimized,default,16384,16384,3,1234,8,L1-dcache-load-misses,59399307,,3672534614,99
optimized,optimized,default,16384,16384,3,1234,8,branch-instructions,2722789924,,3672534614,99
optimized,optimized,default,16384,16384,3,1234,8,branch-misses,136188077,,3672534614,99
optimized,optimized,default,16384,16384,3,1234,8,instructions,18889463322,,3672534614,99
optimized,optimized,default,16384,16384,3,1234,8,cpu-cycles,13925026987,,3672534614,99
optimized,optimized,default,16384,16384,3,1234,8,context-switches,107,,3672996572,100
optimized,optimized,default,16384,16384,3,1234,8,page-faults,786630,,3672996572,100
optimized,optimized,default,16384,16384,3,1234,9,L1-dcache-loads,2502317702,,3671746443,99
optimized,optimized,default,16384,16384,3,1234,9,L1-dcache-load-misses,62222060,,3671746443,99
optimized,optimized,default,16384,16384,3,1234,9,branch-instructions,2722670321,,3671746443,99
optimized,optimized,default,16384,16384,3,1234,9,branch-misses,136178922,,3671746443,99
optimized,optimized,default,16384,16384,3,1234,9,instructions,18888725882,,3671746443,99
optimized,optimized,default,16384,16384,3,1234,9,cpu-cycles,13921964202,,3671746443,99
optimized,optimized,default,16384,16384,3,1234,9,context-switches,80,,3672142409,100
optimized,optimized,default,16384,16384,3,1234,9,page-faults,786631,,3672142409,100
optimized,optimized,default,16384,16384,3,1234,10,L1-dcache-loads,2502420924,,3679661151,99
optimized,optimized,default,16384,16384,3,1234,10,L1-dcache-load-misses,60215948,,3679661151,99
optimized,optimized,default,16384,16384,3,1234,10,branch-instructions,2722762422,,3679661151,99
optimized,optimized,default,16384,16384,3,1234,10,branch-misses,136143096,,3679661151,99
optimized,optimized,default,16384,16384,3,1234,10,instructions,18889212856,,3679661151,99
optimized,optimized,default,16384,16384,3,1234,10,cpu-cycles,13951491590,,3679661151,99
optimized,optimized,default,16384,16384,3,1234,10,context-switches,109,,3680085537,100
optimized,optimized,default,16384,16384,3,1234,10,page-faults,786627,,3680085537,100
optimized,optimized,default,16384,16384,3,1234,11,L1-dcache-loads,2502423060,,3674109117,99
optimized,optimized,default,16384,16384,3,1234,11,L1-dcache-load-misses,60549717,,3674109117,99
optimized,optimized,default,16384,16384,3,1234,11,branch-instructions,2722756930,,3674109117,99
optimized,optimized,default,16384,16384,3,1234,11,branch-misses,136143574,,3674109117,99
optimized,optimized,default,16384,16384,3,1234,11,instructions,18889224873,,3674109117,99
optimized,optimized,default,16384,16384,3,1234,11,cpu-cycles,13930218599,,3674109117,99
optimized,optimized,default,16384,16384,3,1234,11,context-switches,117,,3674519544,100
optimized,optimized,default,16384,16384,3,1234,11,page-faults,786631,,3674519544,100
optimized,optimized,default,16384,16384,3,1234,12,L1-dcache-loads,2502640482,,3678789185,99
optimized,optimized,default,16384,16384,3,1234,12,L1-dcache-load-misses,59370036,,3678789185,99
optimized,optimized,default,16384,16384,3,1234,12,branch-instructions,2722922758,,3678789185,99
optimized,optimized,default,16384,16384,3,1234,12,branch-misses,136169194,,3678789185,99
optimized,optimized,default,16384,16384,3,1234,12,instructions,18890378412,,3678789185,99
optimized,optimized,default,16384,16384,3,1234,12,cpu-cycles,13948291836,,3678789185,99
optimized,optimized,default,16384,16384,3,1234,12,context-switches,123,,3679203747,100
optimized,optimized,default,16384,16384,3,1234,12,page-faults,786630,,3679203747,100
optimized,optimized,default,16384,16384,3,1234,13,L1-dcache-loads,2502463877,,3673958731,99
optimized,optimized,default,16384,16384,3,1234,13,L1-dcache-load-misses,61014102,,3673958731,99
optimized,optimized,default,16384,16384,3,1234,13,branch-instructions,2722796374,,3673958731,99
optimized,optimized,default,16384,16384,3,1234,13,branch-misses,136176378,,3673958731,99
optimized,optimized,default,16384,16384,3,1234,13,instructions,18889455998,,3673958731,99
optimized,optimized,default,16384,16384,3,1234,13,cpu-cycles,13929798518,,3673958731,99
optimized,optimized,default,16384,16384,3,1234,13,context-switches,123,,3674371253,100
optimized,optimized,default,16384,16384,3,1234,13,page-faults,786629,,3674371253,100
optimized,optimized,default,16384,16384,3,1234,14,L1-dcache-loads,2502477747,,3674711777,99
optimized,optimized,default,16384,16384,3,1234,14,L1-dcache-load-misses,59856812,,3674711777,99
optimized,optimized,default,16384,16384,3,1234,14,branch-instructions,2722806275,,3674711777,99
optimized,optimized,default,16384,16384,3,1234,14,branch-misses,136203390,,3674711777,99
optimized,optimized,default,16384,16384,3,1234,14,instructions,18889489065,,3674711777,99
optimized,optimized,default,16384,16384,3,1234,14,cpu-cycles,13932636103,,3674711777,99
optimized,optimized,default,16384,16384,3,1234,14,context-switches,125,,3675129680,100
optimized,optimized,default,16384,16384,3,1234,14,page-faults,786630,,3675129680,100
optimized,optimized,default,16384,16384,3,1234,15,L1-dcache-loads,2502616288,,3675903602,99
optimized,optimized,default,16384,16384,3,1234,15,L1-dcache-load-misses,60503775,,3675903602,99
optimized,optimized,default,16384,16384,3,1234,15,branch-instructions,2722901554,,3675903602,99
optimized,optimized,default,16384,16384,3,1234,15,branch-misses,136218191,,3675903602,99
optimized,optimized,default,16384,16384,3,1234,15,instructions,18890107867,,3675903602,99
optimized,optimized,default,16384,16384,3,1234,15,cpu-cycles,13937203102,,3675903602,99
optimized,optimized,default,16384,16384,3,1234,15,context-switches,144,,3676331313,100
optimized,optimized,default,16384,16384,3,1234,15,page-faults,786630,,3676331313,100
optimized,optimized,default,16384,16384,3,1234,16,L1-dcache-loads,2502556390,,3677731490,100
optimized,optimized,default,16384,16384,3,1234,16,L1-dcache-load-misses,60303885,,3677731490,100
optimized,optimized,default,16384,16384,3,1234,16,branch-instructions,2722753785,,3677731490,100
optimized,optimized,default,16384,16384,3,1234,16,branch-misses,136127803,,3677731490,100
optimized,optimized,default,16384,16384,3,1234,16,instructions,18888845878,,3677731490,100
optimized,optimized,default,16384,16384,3,1234,16,cpu-cycles,13942278556,,3677731490,100
optimized,optimized,default,16384,16384,3,1234,16,context-switches,141,,3677731490,100
optimized,optimized,default,16384,16384,3,1234,16,page-faults,786630,,3677731490,100
optimized,optimized,default,16384,16384,3,1234,17,L1-dcache-loads,2502511610,,3672931029,99
optimized,optimized,default,16384,16384,3,1234,17,L1-dcache-load-misses,59873904,,3672931029,99
optimized,optimized,default,16384,16384,3,1234,17,branch-instructions,2722824908,,3672931029,99
optimized,optimized,default,16384,16384,3,1234,17,branch-misses,136185784,,3672931029,99
optimized,optimized,default,16384,16384,3,1234,17,instructions,18889647566,,3672931029,99
optimized,optimized,default,16384,16384,3,1234,17,cpu-cycles,13925825368,,3672931029,99
optimized,optimized,default,16384,16384,3,1234,17,context-switches,133,,3673317974,100
optimized,optimized,default,16384,16384,3,1234,17,page-faults,786631,,3673317974,100
optimized,optimized,default,16384,16384,3,1234,18,L1-dcache-loads,2502446404,,3035564928,99
optimized,optimized,default,16384,16384,3,1234,18,L1-dcache-load-misses,50399516,,3035564928,99
optimized,optimized,default,16384,16384,3,1234,18,branch-instructions,2722681923,,3035564928,99
optimized,optimized,default,16384,16384,3,1234,18,branch-misses,136260593,,3035564928,99
optimized,optimized,default,16384,16384,3,1234,18,instructions,18889433282,,3035564928,99
optimized,optimized,default,16384,16384,3,1234,18,cpu-cycles,11509105627,,3035564928,99
optimized,optimized,default,16384,16384,3,1234,18,context-switches,106,,3036019700,100
optimized,optimized,default,16384,16384,3,1234,18,page-faults,786630,,3036019700,100
optimized,optimized,default,16384,16384,3,1234,19,L1-dcache-loads,2502549143,,3679082364,99
optimized,optimized,default,16384,16384,3,1234,19,L1-dcache-load-misses,59408106,,3679082364,99
optimized,optimized,default,16384,16384,3,1234,19,branch-instructions,2722880180,,3679082364,99
optimized,optimized,default,16384,16384,3,1234,19,branch-misses,136177265,,3679082364,99
optimized,optimized,default,16384,16384,3,1234,19,instructions,18890058927,,3679082364,99
optimized,optimized,default,16384,16384,3,1234,19,cpu-cycles,13949560666,,3679082364,99
optimized,optimized,default,16384,16384,3,1234,19,context-switches,123,,3679531605,100
optimized,optimized,default,16384,16384,3,1234,19,page-faults,786629,,3679531605,100
optimized,optimized,default,16384,16384,3,1234,20,L1-dcache-loads,2502590433,,3672971298,99
optimized,optimized,default,16384,16384,3,1234,20,L1-dcache-load-misses,58967233,,3672971298,99
optimized,optimized,default,16384,16384,3,1234,20,branch-instructions,2722889115,,3672971298,99
optimized,optimized,default,16384,16384,3,1234,20,branch-misses,136193766,,3672971298,99
optimized,optimized,default,16384,16384,3,1234,20,instructions,18890049212,,3672971298,99
optimized,optimized,default,16384,16384,3,1234,20,cpu-cycles,13926081743,,3672971298,99
optimized,optimized,default,16384,16384,3,1234,20,context-switches,132,,3673407435,100
optimized,optimized,default,16384,16384,3,1234,20,page-faults,786630,,3673407435,100
