label,stage,variant,H,W,K,seed,rep,exit_status,min_pct_enabled,L1-dcache-loads,L1-dcache-load-misses,branch-instructions,branch-misses,instructions,cpu-cycles,context-switches,page-faults
calibration,calibration,default,64,64,3,1234,1,0,56,591749,16542,468327,18118,2682218,2768517,1,139
calibration,calibration,default,64,64,3,1234,2,0,100,584885,14723,445244,15241,2535589,2278099,2,141
calibration,calibration,default,64,64,3,1234,3,0,53,618738,14848,490936,15640,2805846,2221547,1,139
calibration,calibration,default,64,64,3,1234,4,0,55,599677,14918,474883,14644,2718516,2152208,1,141
calibration,calibration,default,64,64,3,1234,5,0,100,564542,13701,431396,13014,2451565,2064048,1,139
calibration,calibration,default,64,64,3,1234,6,0,54,615916,15078,487785,15893,2791945,2264218,1,139
calibration,calibration,default,64,64,3,1234,7,0,100,564798,14142,431466,12759,2455172,1988604,1,136
calibration,calibration,default,64,64,3,1234,8,0,100,568415,13758,434462,13573,2468311,2147060,1,141
calibration,calibration,default,64,64,3,1234,9,0,53,619253,14992,490838,15254,2809910,2224261,1,140
calibration,calibration,default,64,64,3,1234,10,0,100,566799,14021,432788,14734,2462629,2089216,1,138
calibration,calibration,default,64,64,3,1234,11,0,100,566396,13704,432549,12738,2462535,2031603,1,138
calibration,calibration,default,64,64,3,1234,12,0,52,630248,15218,500109,14852,2855929,2229146,1,141
calibration,calibration,default,64,64,3,1234,13,0,100,568092,13664,433456,13116,2470899,2057407,1,139
calibration,calibration,default,64,64,3,1234,14,0,100,568583,13802,434466,13074,2468903,2106513,1,140
calibration,calibration,default,64,64,3,1234,15,0,100,569603,14067,435015,13694,2474523,2066734,1,139
calibration,calibration,default,64,64,3,1234,16,0,100,570779,14150,435675,15727,2479791,2143500,1,139
calibration,calibration,default,64,64,3,1234,17,0,100,569778,14080,435351,13929,2474073,2078703,1,140
calibration,calibration,default,64,64,3,1234,18,0,100,567648,13905,433667,12915,2466644,2006589,1,139
calibration,calibration,default,64,64,3,1234,19,0,100,566622,13874,432773,13874,2462503,2022509,1,138
calibration,calibration,default,64,64,3,1234,20,0,46,718092,17530,569273,17846,3256782,2673063,1,139
calibration,calibration,default,128,128,3,1234,1,0,60,696601,13616,611687,25259,3728254,2648191,1,160
calibration,calibration,default,128,128,3,1234,2,0,61,690948,13736,605289,24166,3691444,2703963,1,164
calibration,calibration,default,128,128,3,1234,3,0,63,668928,13679,586482,23796,3579038,2565191,1,161
calibration,calibration,default,128,128,3,1234,4,0,100,657561,14215,540527,21614,3216687,2565514,1,162
calibration,calibration,default,128,128,3,1234,5,0,100,657204,14353,540154,20061,3216304,2513948,1,162
calibration,calibration,default,128,128,3,1234,6,0,61,688001,13746,603453,26659,3678491,2669168,1,164
calibration,calibration,default,128,128,3,1234,7,0,98,671167,15262,551368,22395,3282183,2597570,2,164
calibration,calibration,default,128,128,3,1234,8,0,100,659461,14459,542247,20652,3225070,2516503,1,164
calibration,calibration,default,128,128,3,1234,9,0,90,681351,14951,563896,21669,3368123,2643276,2,163
calibration,calibration,default,128,128,3,1234,10,0,62,676452,13333,592819,25209,3615791,2606249,1,162
calibration,calibration,default,128,128,3,1234,11,0,63,668336,13145,586018,23692,3576610,2567859,1,161
calibration,calibration,default,128,128,3,1234,12,0,62,680346,13657,595804,25182,3634906,2704180,1,163
calibration,calibration,default,128,128,3,1234,13,0,62,674054,13647,591399,22855,3604415,2886687,1,162
calibration,calibration,default,128,128,3,1234,14,0,100,658978,14067,541870,19584,3222499,2546217,1,164
calibration,calibration,default,128,128,3,1234,15,0,100,659247,14234,541823,19906,3224851,2471750,1,165
calibration,calibration,default,128,128,3,1234,16,0,100,660247,14434,542227,20339,3231021,2440570,1,162
calibration,calibration,default,128,128,3,1234,17,0,100,657254,14051,540232,18895,3216754,2407102,1,162
calibration,calibration,default,128,128,3,1234,18,0,100,656250,14716,539792,20606,3212036,2491301,1,162
calibration,calibration,default,128,128,3,1234,19,0,100,655697,13979,539201,20970,3210380,2450644,1,162
calibration,calibration,default,128,128,3,1234,20,0,93,680912,14581,563723,19762,3353427,2459995,1,163
calibration,calibration,default,256,256,3,1234,1,0,75,1029368,14039,1050396,54791,6926787,4245202,1,265
calibration,calibration,default,256,256,3,1234,2,0,76,1094348,16404,1099811,53225,7201014,4388620,2,262
calibration,calibration,default,256,256,3,1234,3,0,100,1032687,17233,977247,47563,6282083,4551460,1,263
calibration,calibration,default,256,256,3,1234,4,0,96,1033786,18422,988747,47842,6362732,4204191,2,263
calibration,calibration,default,256,256,3,1234,5,0,85,1044474,15431,1026307,50152,6678826,4140941,2,263
calibration,calibration,default,256,256,3,1234,6,0,100,1020901,16689,970776,46415,6236940,4049381,1,263
calibration,calibration,default,256,256,3,1234,7,0,76,1025037,14183,1045516,52720,6892734,4163884,1,264
calibration,calibration,default,256,256,3,1234,8,0,100,1016436,16572,967529,46043,6215701,3925749,1,263
calibration,calibration,default,256,256,3,1234,9,0,100,1016932,16430,967347,45273,6220125,3970786,1,263
calibration,calibration,default,256,256,3,1234,10,0,76,1021871,13990,1043438,55375,6883330,4150840,1,262
calibration,calibration,default,256,256,3,1234,11,0,75,1039768,13914,1060845,54679,6999971,4169201,1,265
calibration,calibration,default,256,256,3,1234,12,0,76,1019393,15141,1039911,52748,6856269,4113794,1,262
calibration,calibration,default,256,256,3,1234,13,0,72,1079601,15118,1101206,55548,7264510,4432069,1,264
calibration,calibration,default,256,256,3,1234,14,0,100,1018310,15953,969008,46185,6223700,4147394,1,265
calibration,calibration,default,256,256,3,1234,15,0,74,1046149,14322,1067245,53798,7036526,4176923,1,265
calibration,calibration,default,256,256,3,1234,16,0,72,1076487,14490,1096540,55433,7239271,4658092,1,264
calibration,calibration,default,256,256,3,1234,17,0,70,1098844,15344,1122357,56659,7404429,4351051,1,262
calibration,calibration,default,256,256,3,1234,18,0,82,1107271,17285,1082373,52444,7030918,4332986,2,265
calibration,calibration,default,256,256,3,1234,19,0,65,1191756,16497,1217392,63779,8030910,5060149,1,263
calibration,calibration,default,256,256,3,1234,20,0,100,1016105,16121,966861,47423,6217180,4030974,1,263
calibration,calibration,default,512,512,3,1234,1,0,87,2509053,23711,2848259,163337,19649878,10642131,1,646
calibration,calibration,default,512,512,3,1234,2,0,87,2498601,23202,2834427,161715,19555332,10597010,1,649
calibration,calibration,default,512,512,3,1234,3,0,87,2497594,23693,2833816,160289,19545193,10511905,1,647
calibration,calibration,default,512,512,3,1234,4,0,100,2431860,25709,2660407,148202,18132350,10405101,1,651
calibration,calibration,default,512,512,3,1234,5,0,100,2428043,27165,2657353,147410,18119839,10215330,1,648
calibration,calibration,default,512,512,3,1234,6,0,90,2436477,25515,2763391,155479,19059332,10772506,1,649
calibration,calibration,default,512,512,3,1234,7,0,100,2450670,29407,2668344,146272,18221530,10461531,1,646
calibration,calibration,default,512,512,3,1234,8,0,89,2443090,24497,2771239,155713,19112771,10032696,1,647
calibration,calibration,default,512,512,3,1234,9,0,100,2432426,28001,2660299,147155,18132733,10011641,1,650
calibration,calibration,default,512,512,3,1234,10,0,89,2457178,27194,2780430,156885,19168195,10398501,2,651
calibration,calibration,default,512,512,3,1234,11,0,100,2431418,28745,2659938,146856,18130643,10037704,1,650
calibration,calibration,default,512,512,3,1234,12,0,89,2450025,25503,2779853,157108,19175540,10240181,1,645
calibration,calibration,default,512,512,3,1234,13,0,88,2477497,25196,2810068,159004,19385313,10474350,1,650
calibration,calibration,default,512,512,3,1234,14,0,95,2470154,28016,2729387,151132,18664675,10280669,2,651
calibration,calibration,default,512,512,3,1234,15,0,90,2415730,24811,2738594,156702,18892537,10289716,1,647
calibration,calibration,default,512,512,3,1234,16,0,100,2434155,29222,2661338,146690,18142971,10359206,1,645
calibration,calibration,default,512,512,3,1234,17,0,89,2440004,25237,2767658,156344,19090657,10106748,1,647
calibration,calibration,default,512,512,3,1234,18,0,100,2427622,28676,2656773,148428,18113661,10034324,1,647
calibration,calibration,default,512,512,3,1234,19,0,100,2424870,28381,2655157,147968,18100277,9994547,0,649
calibration,calibration,default,512,512,3,1234,20,0,90,2425453,24845,2750503,156675,18969827,10044638,1,651
calibration,calibration,default,1024,1024,3,1234,1,0,96,8104395,58031,9552066,558865,66879613,34959423,2,2185
calibration,calibration,default,1024,1024,3,1234,2,0,100,8072435,59655,9414132,550340,65687856,34837155,0,2186
calibration,calibration,default,1024,1024,3,1234,3,0,96,8097829,53949,9555613,560693,66915621,34422127,1,2189
calibration,calibration,default,1024,1024,3,1234,4,0,96,8087362,52259,9543883,555979,66835049,35757201,1,2186
calibration,calibration,default,1024,1024,3,1234,5,0,100,8072039,56218,9414002,547831,65689824,35596021,1,2185
calibration,calibration,default,1024,1024,3,1234,6,0,96,8105360,56016,9563603,560453,66969842,34946864,1,2184
calibration,calibration,default,1024,1024,3,1234,7,0,100,8065587,59237,9409906,544417,65662765,34421188,1,2187
calibration,calibration,default,1024,1024,3,1234,8,0,100,8071542,57590,9413463,546160,65683598,35147643,0,2188
calibration,calibration,default,1024,1024,3,1234,9,0,96,8094513,56614,9551426,556656,66886152,34790148,1,2186
calibration,calibration,default,1024,1024,3,1234,10,0,97,8173876,61607,9576655,554423,67141927,36188393,1,2184
calibration,calibration,default,1024,1024,3,1234,11,0,96,8123860,58571,9580984,562790,67088496,35186853,1,2184
calibration,calibration,default,1024,1024,3,1234,12,0,96,8095537,53366,9549637,562658,66872909,35603622,1,2187
calibration,calibration,default,1024,1024,3,1234,13,0,96,8163324,56656,9625936,565373,67378513,35821617,1,2185
calibration,calibration,default,1024,1024,3,1234,14,0,96,8107959,52434,9567170,562390,66996815,36324205,1,2188
calibration,calibration,default,1024,1024,3,1234,15,0,100,8072366,60194,9413752,543873,65689772,35286970,1,2183
calibration,calibration,default,1024,1024,3,1234,16,0,100,8065257,51280,9409782,549591,65661722,35055495,1,2186
calibration,calibration,default,1024,1024,3,1234,17,0,96,8095988,53560,9554557,560354,66907911,34982376,1,2185
calibration,calibration,default,1024,1024,3,1234,18,0,96,8077291,54308,9531587,555041,66747743,34680135,1,2188
calibration,calibration,default,1024,1024,3,1234,19,0,96,8122227,52690,9580905,562552,67085660,35686838,1,2186
calibration,calibration,default,1024,1024,3,1234,20,0,96,8086769,54008,9543765,564531,66835698,35425270,1,2183
calibration,calibration,default,2048,2048,3,1234,1,0,98,30840815,178270,36785447,2164338,258667799,137887484,1,8332
calibration,calibration,default,2048,2048,3,1234,2,0,98,30744768,168509,36701942,2159922,258104610,136443991,1,8332
calibration,calibration,default,2048,2048,3,1234,3,0,98,30775170,174919,36732052,2167908,258316759,137044575,1,8332
calibration,calibration,default,2048,2048,3,1234,4,0,98,30688743,165790,36626608,2159730,257570445,136201443,2,8334
calibration,calibration,default,2048,2048,3,1234,5,0,98,30776545,170416,36732356,2168287,258319504,136918202,2,8333
calibration,calibration,default,2048,2048,3,1234,6,0,98,30756283,169255,36709800,2167841,258161949,136739950,1,8333
calibration,calibration,default,2048,2048,3,1234,7,0,98,30692283,170172,36635820,2155948,257643531,136816864,1,8333
calibration,calibration,default,2048,2048,3,1234,8,0,98,30808499,165989,36765258,2165297,258541340,139814338,2,8337
calibration,calibration,default,2048,2048,3,1234,9,0,100,30593237,173198,36400670,2141898,255744838,136899602,1,8335
calibration,calibration,default,2048,2048,3,1234,10,0,98,30783443,168299,36745211,2167748,258410322,138361085,1,8333
calibration,calibration,default,2048,2048,3,1234,11,0,98,30882748,174879,36860153,2172491,259211313,137555392,1,8335
calibration,calibration,default,2048,2048,3,1234,12,0,100,30594616,173892,36401915,2142890,255751903,137891402,1,8337
calibration,calibration,default,2048,2048,3,1234,13,0,98,30838660,172644,36806361,2170653,258836487,137018440,1,8335
calibration,calibration,default,2048,2048,3,1234,14,0,98,30831437,171196,36796887,2170195,258767997,138180627,1,8336
calibration,calibration,default,2048,2048,3,1234,15,0,98,30806508,170105,36755096,2168996,258426701,139601951,2,8334
calibration,calibration,default,2048,2048,3,1234,16,0,98,30791577,170947,36750385,2166800,258441237,138787995,1,8335
calibration,calibration,default,2048,2048,3,1234,17,0,98,30797404,165063,36759494,2175180,258507811,142408879,1,8335
calibration,calibration,default,2048,2048,3,1234,18,0,98,30834333,173110,36802702,2174792,258817373,138018833,1,8335
calibration,calibration,default,2048,2048,3,1234,19,0,98,30833944,171450,36803209,2168343,258816797,138875377,1,8334
calibration,calibration,default,2048,2048,3,1234,20,0,98,30839354,169407,36808520,2169561,258850179,139204162,1,8334
calibration,calibration,default,4096,4096,3,1234,1,0,99,121199966,672945,144975178,8540749,1020550567,547921796,2,32916
calibration,calibration,default,4096,4096,3,1234,2,0,100,120781662,674936,144427475,8517956,1016514618,542555886,4,32916
calibration,calibration,default,4096,4096,3,1234,3,0,99,120867483,658337,144649348,8533971,1018330455,540197587,1,32917
calibration,calibration,default,4096,4096,3,1234,4,0,100,120776785,663637,144423050,8526937,1016489729,542982060,2,32918
calibration,calibration,default,4096,4096,3,1234,5,0,99,120867929,657779,144648794,8531015,1018312134,542283805,3,32917
calibration,calibration,default,4096,4096,3,1234,6,0,99,121065516,653556,144888763,8547685,1020021346,544899701,4,32918
calibration,calibration,default,4096,4096,3,1234,7,0,99,121057333,612669,144872031,8555928,1019897156,561860697,2,32917
calibration,calibration,default,4096,4096,3,1234,8,0,99,120789650,670129,144449381,8516159,1016682050,545360224,3,32920
calibration,calibration,default,4096,4096,3,1234,9,0,100,120789100,668320,144432040,8513900,1016541573,548299161,1,32920
calibration,calibration,default,4096,4096,3,1234,10,0,99,120911251,667728,144697688,8533818,1018658561,541913315,1,32920
calibration,calibration,default,4096,4096,3,1234,11,0,99,121035001,659998,144853250,8546866,1019770480,540785158,2,32918
calibration,calibration,default,4096,4096,3,1234,12,0,99,121016559,664846,144824401,8542815,1019551687,541866580,2,32920
calibration,calibration,default,4096,4096,3,1234,13,0,99,120875176,657524,144656061,8532197,1018368595,542745024,2,32918
calibration,calibration,default,4096,4096,3,1234,14,0,99,120807967,655873,144478385,8519658,1016912717,540120851,2,32917
calibration,calibration,default,4096,4096,3,1234,15,0,99,121045856,663386,144864091,8556406,1019841371,541602103,2,32920
calibration,calibration,default,4096,4096,3,1234,16,0,99,121023312,656440,144832094,8541248,1019615853,540492543,2,32919
calibration,calibration,default,4096,4096,3,1234,17,0,99,120848367,657684,144624798,8535119,1018153399,540158312,3,32918
calibration,calibration,default,4096,4096,3,1234,18,0,99,121012820,656326,144820491,8550788,1019534984,543840311,2,32918
calibration,calibration,default,4096,4096,3,1234,19,0,99,121013128,678440,144823026,8543416,1019546759,541380713,3,32919
calibration,calibration,default,4096,4096,3,1234,20,0,99,121025828,666353,144838566,8546943,1019658824,540139556,1,32920
calibration,calibration,default,8192,8192,3,1234,1,0,99,482457779,2629512,577586369,34025284,4067024839,2167871130,3,131238
calibration,calibration,default,8192,8192,3,1234,2,0,99,482502500,2626766,577639946,34046709,4067398494,2159587855,6,131237
calibration,calibration,default,8192,8192,3,1234,3,0,99,482463456,2663901,577580623,34021002,4066947760,2158540709,5,131240
calibration,calibration,default,8192,8192,3,1234,4,0,99,482465373,2666615,577584382,34055026,4066963133,2168236339,3,131239
calibration,calibration,default,8192,8192,3,1234,5,0,99,482500564,2655567,577616590,34030650,4067167899,2170895075,3,131240
calibration,calibration,default,8192,8192,3,1234,6,0,99,482451553,2663141,577570110,34036995,4066868596,2175675830,7,131240
calibration,calibration,default,8192,8192,3,1234,7,0,99,482452993,2714870,577571406,34042633,4066878946,2175347119,2,131240
calibration,calibration,default,8192,8192,3,1234,8,0,99,482456948,2648237,577575344,34035125,4066922523,2169328730,6,131236
calibration,calibration,default,8192,8192,3,1234,9,0,99,482406724,2628919,577528324,34035433,4066623893,2163996904,7,131238
calibration,calibration,default,8192,8192,3,1234,10,0,99,482264791,2668787,577359427,34023086,4065443238,2168973168,1,131240
calibration,calibration,default,8192,8192,3,1234,11,0,99,482269198,2653308,577360937,34042481,4065446330,2174491472,6,131239
calibration,calibration,default,8192,8192,3,1234,12,0,99,482493220,2697438,577609279,34060685,4067130588,2179801205,7,131237
calibration,calibration,default,8192,8192,3,1234,13,0,99,482286601,2679491,577382981,34025755,4065605219,2167680410,2,131238
calibration,calibration,default,8192,8192,3,1234,14,0,99,482502120,2661734,577626524,34063750,4067261661,2167635889,7,131240
calibration,calibration,default,8192,8192,3,1234,15,0,99,482390404,2678534,577492715,34044396,4066330086,2172523256,7,131239
calibration,calibration,default,8192,8192,3,1234,16,0,99,482329395,2700043,577403639,34035889,4065677096,2181672441,6,131239
calibration,calibration,default,8192,8192,3,1234,17,0,99,482412844,2677381,577506045,34043355,4066392917,2175711732,3,131238
calibration,calibration,default,8192,8192,3,1234,18,0,99,482352621,2684803,577423162,34047378,4065810487,2181707176,6,131238
calibration,calibration,default,8192,8192,3,1234,19,0,99,482365798,2640984,577465763,34034945,4066147141,2181386290,6,131239
calibration,calibration,default,8192,8192,3,1234,20,0,99,482447296,2625149,577573106,34048545,4066932929,2167144558,4,131241
calibration,calibration,default,16384,16384,3,1234,1,0,99,1928788065,10402925,2309587959,135980891,16262470168,8635048317,16,524486
calibration,calibration,default,16384,16384,3,1234,2,0,99,1928993957,10446135,2309763316,136012766,16263646856,8649106649,19,524484
calibration,calibration,default,16384,16384,3,1234,3,0,99,1928666492,10298466,2309421499,135979727,16261388007,8633609960,12,524488
calibration,calibration,default,16384,16384,3,1234,4,0,100,1928633305,10456885,2309250855,135973373,16259921696,8663460329,16,524485
calibration,calibration,default,16384,16384,3,1234,5,0,99,1928811342,10402499,2309608546,136028751,16262798764,8702514427,13,524487
calibration,calibration,default,16384,16384,3,1234,6,0,99,1928899133,10305707,2309688707,136033504,16263263639,8683112048,15,524483
calibration,calibration,default,16384,16384,3,1234,7,0,99,1928731070,10355797,2309550183,136056635,16262480745,8658522766,16,524487
calibration,calibration,default,16384,16384,3,1234,8,0,99,1928943971,10417323,2309733243,136011023,16263505195,8688641893,14,524487
calibration,calibration,default,16384,16384,3,1234,9,0,99,1928805969,10455414,2309550211,135969311,16262164039,8677309647,19,524485
calibration,calibration,default,16384,16384,3,1234,10,0,99,1928774035,10301722,2309583986,136051761,16262683962,8687368069,12,524487
calibration,calibration,default,16384,16384,3,1234,11,0,99,1928884081,10397243,2309670639,136007323,16263137151,8670756255,19,524488
calibration,calibration,default,16384,16384,3,1234,12,0,99,1928595517,10417494,2309366490,136009045,16261110078,8646145223,14,524487
calibration,calibration,default,16384,16384,3,1234,13,0,99,1928770492,10296421,2309540294,135992433,16262210037,8661937730,16,524483
calibration,calibration,default,16384,16384,3,1234,14,0,99,1928764098,10439247,2309516955,136053205,16261990127,8653401191,12,524486
calibration,calibration,default,16384,16384,3,1234,15,0,99,1928660530,10333721,2309412452,135967326,16261366478,8661009273,11,524486
calibration,calibration,default,16384,16384,3,1234,16,0,99,1928691613,10288073,2309476751,136000580,16261872823,8649843943,17,524487
calibration,calibration,default,16384,16384,3,1234,17,0,100,1928649744,10401840,2309263832,135999825,16259924200,8646762829,22,524486
calibration,calibration,default,16384,16384,3,1234,18,0,99,1928706785,10280874,2309461636,135996586,16261679636,8671460285,15,524488
calibration,calibration,default,16384,16384,3,1234,19,0,100,1928698404,10492159,2309308233,135962886,16260237667,8651474884,16,524487
calibration,calibration,default,16384,16384,3,1234,20,0,99,1928803549,10315539,2309606562,136001403,16262814064,8653929480,17,524486
naive,naive,default,64,64,3,1234,1,0,56,727834,15287,573516,17876,3269420,2641371,1,144
naive,naive,default,64,64,3,1234,2,0,56,729103,16270,573756,18146,3278036,2561074,1,144
naive,naive,default,64,64,3,1234,3,0,100,650436,16549,496449,16607,2825728,2475948,1,141
naive,naive,default,64,64,3,1234,4,0,100,656047,17137,500438,16514,2849468,2373781,1,144
naive,naive,default,64,64,3,1234,5,0,59,702844,17127,553685,17541,3160598,2547381,1,143
naive,naive,default,64,64,3,1234,6,0,69,594474,27499,467988,14788,2673656,3531117,1,142
naive,naive,default,64,64,3,1234,7,0,90,671699,16113,516492,17160,2932564,2511492,2,142
naive,naive,default,64,64,3,1234,8,0,91,679689,18279,522305,17175,2961032,2936637,2,144
naive,naive,default,64,64,3,1234,9,0,100,652147,16043,497879,16489,2831624,2556081,1,144
naive,naive,default,64,64,3,1234,10,0,57,718255,17423,565989,17728,3228395,2482938,1,144
naive,naive,default,64,64,3,1234,11,0,66,619989,15198,488081,15425,2788795,2141230,1,144
naive,naive,default,64,64,3,1234,12,0,59,696088,15890,548457,17394,3128659,2688499,1,144
naive,naive,default,64,64,3,1234,13,0,100,650484,16223,497300,16321,2825539,2415753,1,142
naive,naive,default,64,64,3,1234,14,0,57,716038,16877,564093,17620,3222648,2437759,1,145
naive,naive,default,64,64,3,1234,15,0,58,709838,17328,559461,17531,3191837,2424151,1,143
naive,naive,default,64,64,3,1234,16,0,61,689888,16896,544037,17623,3101192,2544605,2,142
naive,naive,default,64,64,3,1234,17,0,100,650581,14532,497227,15145,2827543,2230218,1,143
naive,naive,default,64,64,3,1234,18,0,57,713855,15111,562164,15958,3213000,2374124,1,141
naive,naive,default,64,64,3,1234,19,0,59,700772,14357,551556,16429,3147808,2287327,1,144
naive,naive,default,64,64,3,1234,20,0,71,573132,27574,451096,13736,2578326,3773600,1,142
naive,naive,default,128,128,3,1234,1,0,70,1042795,17969,868197,24678,5136085,3595381,1,181
naive,naive,default,128,128,3,1234,2,0,66,1109136,14060,923691,24360,5463596,3204666,1,178
naive,naive,default,128,128,3,1234,3,0,65,1124368,13673,936195,24433,5541968,3073282,1,177
naive,naive,default,128,128,3,1234,4,0,57,1272200,15027,1060085,27337,6271550,3469586,1,179
naive,naive,default,128,128,3,1234,5,0,77,1153013,16787,937047,24115,5509699,3343905,2,179
naive,naive,default,128,128,3,1234,6,0,100,969858,14831,781902,21516,4581125,2893358,1,177
naive,naive,default,128,128,3,1234,7,0,100,972074,14851,783766,21174,4588197,2836662,1,180
naive,naive,default,128,128,3,1234,8,0,59,1243124,14862,1035223,26218,6130427,3315168,1,178
naive,naive,default,128,128,3,1234,9,0,91,1022037,15388,827770,21881,4850606,3311414,2,180
naive,naive,default,128,128,3,1234,10,0,100,973193,14598,784221,22473,4594057,2925661,1,179
naive,naive,default,128,128,3,1234,11,0,67,1110220,14025,924257,23836,5460048,2960937,2,179
naive,naive,default,128,128,3,1234,12,0,65,1131772,13598,941972,24736,5575916,2989641,1,178
naive,naive,default,128,128,3,1234,13,0,65,1127450,13487,938690,23920,5553797,3042018,1,181
naive,naive,default,128,128,3,1234,14,0,91,1011638,15336,818405,22995,4804417,3080058,2,178
naive,naive,default,128,128,3,1234,15,0,86,1047316,15249,848039,22362,4983909,3147404,2,179
naive,naive,default,128,128,3,1234,16,0,64,1143142,13627,952081,24497,5634023,3246067,1,179
naive,naive,default,128,128,3,1234,17,0,64,1147987,13723,955780,24932,5655491,3073753,1,177
naive,naive,default,128,128,3,1234,18,0,100,974411,15653,784865,21440,4600318,2929565,1,178
naive,naive,default,128,128,3,1234,19,0,56,1295059,15638,1078793,27421,6384054,3445969,1,175
naive,naive,default,128,128,3,1234,20,0,100,970908,15404,782988,21983,4584694,2852097,1,178
naive,naive,default,256,256,3,1234,1,0,100,2272673,17588,1939855,47681,11709434,5526855,1,326
naive,naive,default,256,256,3,1234,2,0,86,2438313,14724,2109379,50348,12775996,5482088,2,327
naive,naive,default,256,256,3,1234,3,0,81,2491911,13508,2164310,51513,13143339,5468264,1,328
naive,naive,default,256,256,3,1234,4,0,100,2275192,16595,1941649,45399,11716665,5202689,0,327
naive,naive,default,256,256,3,1234,5,0,90,2392243,16401,2057541,50544,12454089,5485496,2,327
naive,naive,default,256,256,3,1234,6,0,100,2275478,16694,1942137,46631,11722220,5281745,1,328
naive,naive,default,256,256,3,1234,7,0,80,2510428,13948,2181194,50788,13247516,5493534,1,325
naive,naive,default,256,256,3,1234,8,0,100,2267059,16916,1934770,47644,11683141,5319816,1,323
naive,naive,default,256,256,3,1234,9,0,81,2508060,14109,2178519,52001,13230319,5547267,1,326
naive,naive,default,256,256,3,1234,10,0,81,2501821,14030,2172318,50544,13197850,5381356,1,323
naive,naive,default,256,256,3,1234,11,0,100,2271590,17416,1938775,46074,11701668,5284335,1,327
naive,naive,default,256,256,3,1234,12,0,75,2697785,14766,2344035,53931,14237085,5893657,1,324
naive,naive,default,256,256,3,1234,13,0,81,2491304,14397,2163971,49708,13145014,5326706,1,327
naive,naive,default,256,256,3,1234,14,0,89,2423832,16436,2083961,50525,12610553,5608360,2,327
naive,naive,default,256,256,3,1234,15,0,83,2483151,13921,2151636,51361,13042878,5554970,1,325
naive,naive,default,256,256,3,1234,16,0,80,2540533,13931,2206889,52519,13402897,5600592,1,325
naive,naive,default,256,256,3,1234,17,0,100,2277753,16529,1943476,46661,11730398,5579361,1,328
naive,naive,default,256,256,3,1234,18,0,81,2492767,14930,2165076,51712,13147624,5437088,1,327
naive,naive,default,256,256,3,1234,19,0,82,2478500,13622,2152880,49799,13074956,5408020,1,326
naive,naive,default,256,256,3,1234,20,0,81,2503890,14480,2175278,51160,13211363,5478359,1,328
naive,naive,default,512,512,3,1234,1,0,94,7672748,28407,6771899,155057,41517677,15600302,2,901
naive,naive,default,512,512,3,1234,2,0,100,7437187,32420,6537443,152192,40013499,15424341,1,903
naive,naive,default,512,512,3,1234,3,0,93,7732843,28691,6837484,157435,41935385,15461098,1,903
naive,naive,default,512,512,3,1234,4,0,100,7434295,32862,6535014,151548,40007260,15115015,1,901
naive,naive,default,512,512,3,1234,5,0,93,7729411,22222,6835172,157426,41921217,15539430,1,905
naive,naive,default,512,512,3,1234,6,0,100,7438103,29755,6538961,151119,40017857,15217857,1,905
naive,naive,default,512,512,3,1234,7,0,93,7741773,25489,6845526,153433,41982233,15280121,1,904
naive,naive,default,512,512,3,1234,8,0,100,7438534,29786,6539012,150445,40019961,15214442,1,903
naive,naive,default,512,512,3,1234,9,0,93,7732063,24577,6837090,156104,41934808,15433771,1,903
naive,naive,default,512,512,3,1234,10,0,93,7753593,27971,6852053,155214,42025135,15378567,2,905
naive,naive,default,512,512,3,1234,11,0,93,7701506,27148,6809352,154552,41763638,15426624,1,903
naive,naive,default,512,512,3,1234,12,0,93,7720088,23287,6827167,154975,41873915,15407046,1,902
naive,naive,default,512,512,3,1234,13,0,92,7810671,26750,6906418,158486,42356605,15663857,1,902
naive,naive,default,512,512,3,1234,14,0,100,7431389,26572,6533978,147567,39989701,14882222,0,902
naive,naive,default,512,512,3,1234,15,0,93,7730097,26290,6834584,155743,41922483,15316614,1,902
naive,naive,default,512,512,3,1234,16,0,92,7747372,23163,6851002,155573,42019756,15210575,1,904
naive,naive,default,512,512,3,1234,17,0,93,7692059,23382,6802175,152762,41719209,15364306,1,903
naive,naive,default,512,512,3,1234,18,0,92,7793999,26013,6887493,155327,42246251,15514493,2,904
naive,naive,default,512,512,3,1234,19,0,100,7433664,29637,6535010,149759,40000071,15113252,1,902
naive,naive,default,512,512,3,1234,20,0,93,7725520,25374,6831156,154407,41898229,15325115,1,903
naive,naive,default,1024,1024,3,1234,1,0,100,28088334,74518,24926308,551272,153224002,56268412,2,3208
naive,naive,default,1024,1024,3,1234,2,0,99,28189059,61691,25022440,550082,153824898,55031329,1,3209
naive,naive,default,1024,1024,3,1234,3,0,100,28080111,67536,24921268,554597,153192518,55663019,1,3211
naive,naive,default,1024,1024,3,1234,4,0,97,28652333,60968,25467856,561431,156644830,56259443,1,3211
naive,naive,default,1024,1024,3,1234,5,0,97,28647192,65682,25464955,560386,156626070,56703680,1,3207
naive,naive,default,1024,1024,3,1234,6,0,96,28729760,61308,25538223,561977,157073945,56100944,1,3209
naive,naive,default,1024,1024,3,1234,7,0,97,28660299,59432,25476501,562580,156697682,55903280,1,3206
naive,naive,default,1024,1024,3,1234,8,0,97,28538841,64711,25359159,557139,155941215,55788680,2,3209
naive,naive,default,1024,1024,3,1234,9,0,100,28081405,74600,24922270,550954,153195165,56045886,1,3209
naive,naive,default,1024,1024,3,1234,10,0,97,28669519,59150,25483390,561996,156739934,55870713,1,3210
naive,naive,default,1024,1024,3,1234,11,0,97,28646904,63354,25462089,558287,156607676,56332593,1,3208
naive,naive,default,1024,1024,3,1234,12,0,98,28415590,62272,25235823,557155,155168861,55768737,2,3210
naive,naive,default,1024,1024,3,1234,13,0,97,28635783,52287,25454981,562330,156562775,59699779,1,3206
naive,naive,default,1024,1024,3,1234,14,0,100,28078212,47465,24919117,548101,153182378,55952593,0,3208
naive,naive,default,1024,1024,3,1234,15,0,97,28629170,61488,25447183,561794,156515772,55928920,1,3210
naive,naive,default,1024,1024,3,1234,16,0,97,28642872,66243,25460058,559351,156597919,56158207,1,3209
naive,naive,default,1024,1024,3,1234,17,0,96,28701749,62191,25513554,564183,156923801,56213025,1,3209
naive,naive,default,1024,1024,3,1234,18,0,100,28077250,68395,24918568,547158,153177365,55558139,0,3208
naive,naive,default,1024,1024,3,1234,19,0,97,28506412,57724,25338571,558432,155849978,56043233,1,3210
naive,naive,default,1024,1024,3,1234,20,0,97,28646256,67446,25461779,560109,156608868,55936386,1,3208
naive,naive,default,2048,2048,3,1234,1,0,100,110619445,229991,98429944,2153431,605773570,215758452,1,12427
naive,naive,default,2048,2048,3,1234,2,0,99,111415143,202090,99179491,2164383,610474308,215841806,2,12428
naive,naive,default,2048,2048,3,1234,3,0,99,111215144,249367,98992938,2160851,609326143,216126086,5,12428
naive,naive,default,2048,2048,3,1234,4,0,99,111212030,211767,98999113,2158836,609362365,216855805,2,12429
naive,naive,default,2048,2048,3,1234,5,0,99,111432126,208611,99196190,2160590,610572701,216452807,1,12429
naive,naive,default,2048,2048,3,1234,6,0,99,111453010,179770,99214239,2162212,610685119,217335982,1,12430
naive,naive,default,2048,2048,3,1234,7,0,99,111471574,263570,99229963,2164661,610784794,216722547,1,12430
naive,naive,default,2048,2048,3,1234,8,0,99,111264961,199651,99044647,2168304,609641174,216780181,3,12429
naive,naive,default,2048,2048,3,1234,9,0,99,111116818,236962,98914574,2153295,608840178,214876639,2,12431
naive,naive,default,2048,2048,3,1234,10,0,99,111434552,256486,99196469,2161205,610571045,215954510,2,12428
naive,naive,default,2048,2048,3,1234,11,0,99,111298954,214412,99067758,2156982,609791387,215912573,3,12431
naive,naive,default,2048,2048,3,1234,12,0,99,111375092,251391,99144385,2167045,610257380,215775205,2,12428
naive,naive,default,2048,2048,3,1234,13,0,99,110777902,209397,98578784,2156022,606690756,216318436,2,12430
naive,naive,default,2048,2048,3,1234,14,0,99,111308264,255211,99083713,2157593,609858481,215528429,2,12428
naive,naive,default,2048,2048,3,1234,15,0,98,111493518,243942,99251858,2162838,610913646,216362298,1,12431
naive,naive,default,2048,2048,3,1234,16,0,99,111396378,206651,99162426,2158806,610370294,216415281,1,12427
naive,naive,default,2048,2048,3,1234,17,0,99,111376972,171254,99146757,2162321,610267748,217414535,1,12429
naive,naive,default,2048,2048,3,1234,18,0,98,111489347,187242,99246556,2162708,610885172,217646801,1,12428
naive,naive,default,2048,2048,3,1234,19,0,99,111196629,252344,98982516,2158163,609258991,216611387,3,12428
naive,naive,default,2048,2048,3,1234,20,0,98,111508100,245591,99262537,2166599,610980586,217944882,1,12430
naive,naive,default,4096,4096,3,1234,1,0,99,442072190,934796,393634574,8561136,2423508973,872075994,4,49301
naive,naive,default,4096,4096,3,1234,2,0,99,441940626,911236,393540422,8550823,2422868699,856850035,4,49300
naive,naive,default,4096,4096,3,1234,3,0,99,441838078,968563,393446417,8549619,2422294866,855994757,1,49301
naive,naive,default,4096,4096,3,1234,4,0,99,441684468,937180,393311185,8538669,2421474679,853909166,4,49300
naive,naive,default,4096,4096,3,1234,5,0,99,441428861,793317,393054887,8539500,2419834705,859339664,3,49302
naive,naive,default,4096,4096,3,1234,6,0,99,441744013,780963,393364005,8540149,2421783867,857937940,1,49300
naive,naive,default,4096,4096,3,1234,7,0,99,441887649,870033,393490624,8544663,2422569955,856854342,1,49302
naive,naive,default,4096,4096,3,1234,8,0,99,441738112,961328,393355427,8550371,2421740822,854172080,2,49298
naive,naive,default,4096,4096,3,1234,9,0,99,441916413,838575,393515090,8544683,2422743082,855988464,3,49303
naive,naive,default,4096,4096,3,1234,10,0,99,441545189,891505,393179996,8547652,2420652847,866193864,5,49301
naive,naive,default,4096,4096,3,1234,11,0,99,442055528,882194,393634628,8549883,2423463104,856545587,1,49303
naive,naive,default,4096,4096,3,1234,12,0,100,441011117,771607,392661598,8529699,2417393417,855094380,3,49299
naive,naive,default,4096,4096,3,1234,13,0,100,440986082,921963,392645977,8525192,2417276323,853807906,2,49298
naive,naive,default,4096,4096,3,1234,14,0,100,440990056,834004,392648789,8528524,2417308182,852110883,0,49302
naive,naive,default,4096,4096,3,1234,15,0,99,441513134,874098,393123109,8537819,2420245800,857301413,1,49303
naive,naive,default,4096,4096,3,1234,16,0,99,441789659,989233,393395375,8552589,2421972380,854482344,4,49301
naive,naive,default,4096,4096,3,1234,17,0,99,441612792,990527,393238786,8537876,2421024917,853953248,5,49301
naive,naive,default,4096,4096,3,1234,18,0,99,441516046,827749,393148393,8547547,2420450779,856032548,2,49302
naive,naive,default,4096,4096,3,1234,19,0,99,441886813,810469,393486745,8546731,2422535445,856253724,3,49302
naive,naive,default,4096,4096,3,1234,20,0,100,441028441,871885,392677717,8534039,2417475267,857130276,3,49300
naive,naive,default,8192,8192,3,1234,1,0,100,1763175165,3908666,1570284079,34067647,9668368135,3415201432,5,196775
naive,naive,default,8192,8192,3,1234,2,0,99,1764239207,3879095,1571289788,34095194,9674655169,3415651475,10,196775
naive,naive,default,8192,8192,3,1234,3,0,100,1763236777,4084105,1570351148,34064024,9668816158,3403834564,3,196771
naive,naive,default,8192,8192,3,1234,4,0,99,1763923118,4203088,1571007658,34084626,9672968428,3418444611,7,196775
naive,naive,default,8192,8192,3,1234,5,0,99,1763827827,3532059,1570914079,34069811,9672330254,3408635745,7,196776
naive,naive,default,8192,8192,3,1234,6,0,99,1763823757,3905044,1570912107,34071394,9672319709,3410047484,14,196772
naive,naive,default,8192,8192,3,1234,7,0,99,1763596715,3893452,1570700069,34075290,9671012754,3405639163,5,196773
naive,naive,default,8192,8192,3,1234,8,0,100,1763188595,3852286,1570309744,34058813,9668572624,3409351472,6,196772
naive,naive,default,8192,8192,3,1234,9,0,100,1763247531,4236682,1570357591,34043964,9668831121,3419067876,6,196774
naive,naive,default,8192,8192,3,1234,10,0,99,1764121931,3734852,1571184089,34084432,9674006394,3411764575,7,196770
naive,naive,default,8192,8192,3,1234,11,0,99,1763782816,4077123,1570879588,34068344,9672146903,3415585249,12,196774
naive,naive,default,8192,8192,3,1234,12,0,99,1764033227,4010744,1571103696,34068733,9673502823,3400179509,7,196775
naive,naive,default,8192,8192,3,1234,13,0,99,1763738009,3795595,1570839008,34091931,9671921532,3403513202,10,196771
naive,naive,default,8192,8192,3,1234,14,0,100,1763224981,4020324,1570341598,34084304,9668735460,3417460965,8,196774
naive,naive,default,8192,8192,3,1234,15,0,99,1764070871,3796419,1571133278,34090563,9673648776,3411863300,7,196773
naive,naive,default,8192,8192,3,1234,16,0,100,1763189109,3947369,1570314957,34082019,9668593870,3408705269,6,196771
naive,naive,default,8192,8192,3,1234,17,0,99,1763804081,3992511,1570896421,34083412,9672249538,3410092306,10,196774
naive,naive,default,8192,8192,3,1234,18,0,99,1763803423,3799440,1570897211,34099483,9672255622,3410352269,6,196774
naive,naive,default,8192,8192,3,1234,19,0,99,1763843400,4124542,1570935034,34078746,9672490934,3411207881,12,196774
naive,naive,default,8192,8192,3,1234,20,0,99,1763825637,3903679,1570916233,34075392,9672344450,3411864574,6,196775
naive,naive,default,16384,16384,3,1234,1,0,99,7053986146,30378872,6283685829,136126278,38690485758,13526409946,23,786631
naive,naive,default,16384,16384,3,1234,2,0,100,7052796324,29950812,6282530276,136125544,38683344628,13529517597,25,786630
naive,naive,default,16384,16384,3,1234,3,0,99,7053484176,29282829,6283194947,136271833,38687424844,13556663061,23,786628
naive,naive,default,16384,16384,3,1234,4,0,100,7052773590,28051953,6282517442,136182232,38683237930,13558666449,21,786631
naive,naive,default,16384,16384,3,1234,5,0,99,7053810420,28375093,6283474794,136164092,38689188853,13556952492,20,786629
naive,naive,default,16384,16384,3,1234,6,0,99,7053396452,29282843,6283107745,136232850,38686956166,13525136244,26,786629
naive,naive,default,16384,16384,3,1234,7,0,99,7053671316,28827764,6283368006,136117404,38688643570,13510768751,18,786628
naive,naive,default,16384,16384,3,1234,8,0,99,7053537591,28416854,6283232479,136248447,38687713063,13550724535,23,786631
naive,naive,default,16384,16384,3,1234,9,0,100,7052823132,28898194,6282545925,136176936,38683435754,13539456918,26,786630
naive,naive,default,16384,16384,3,1234,10,0,99,7053431985,29724375,6283139919,136190428,38687136742,13536772950,20,786628
naive,naive,default,16384,16384,3,1234,11,0,99,7053724501,29750710,6283409417,136164985,38688782724,13535721622,19,786628
naive,naive,default,16384,16384,3,1234,12,0,99,7053493153,29546564,6283175614,136150180,38687311253,13558413899,24,786627
naive,naive,default,16384,16384,3,1234,13,0,99,7053372271,29273721,6283078935,136215508,38686824684,13540447801,22,786631
naive,naive,default,16384,16384,3,1234,14,0,99,7053072210,29384353,6282795547,136167527,38684989003,13530404747,22,786628
naive,naive,default,16384,16384,3,1234,15,0,99,7053443033,28963797,6283145862,136161751,38687162139,13553454524,24,786628
naive,naive,default,16384,16384,3,1234,16,0,100,7052874275,29396156,6282599111,136192928,38683725238,13551610584,24,786627
naive,naive,default,16384,16384,3,1234,17,0,99,7053222599,29214340,6282951241,136171799,38686154265,13527298337,22,786628
naive,naive,default,16384,16384,3,1234,18,0,99,7053757944,29597429,6283436267,136227282,38689008973,13534736198,15,786631
naive,naive,default,16384,16384,3,1234,19,0,100,7052688928,29157571,6282448651,136099385,38682888345,13508913273,15,786632
naive,naive,default,16384,16384,3,1234,20,0,100,7052871136,29205091,6282602326,136139316,38683718570,13551709779,18,786631
reorder_base,reorder,default,64,64,3,1234,1,0,100,644449,14451,474105,15287,2744651,2148024,0,141
reorder_base,reorder,default,64,64,3,1234,2,0,58,704889,14935,523531,18475,3078292,2539164,1,142
reorder_base,reorder,default,64,64,3,1234,3,0,58,699608,16781,519497,18004,3058280,2416753,1,141
reorder_base,reorder,default,64,64,3,1234,4,0,48,849798,19920,631345,22248,3710870,2931791,1,141
reorder_base,reorder,default,64,64,3,1234,5,0,100,647908,15151,476729,15014,2760886,2203624,0,142
reorder_base,reorder,default,64,64,3,1234,6,0,100,649863,14256,477719,15189,2768407,2134380,0,143
reorder_base,reorder,default,64,64,3,1234,7,0,45,898590,21839,667350,23265,3922325,2927566,1,143
reorder_base,reorder,default,64,64,3,1234,8,0,69,716069,15559,531608,17690,3099550,2498664,1,145
reorder_base,reorder,default,64,64,3,1234,9,0,59,695493,14736,516713,18143,3035338,2524810,1,140
reorder_base,reorder,default,64,64,3,1234,10,0,100,644204,16067,473785,16972,2745826,2485711,1,139
reorder_base,reorder,default,64,64,3,1234,11,0,57,720125,15925,534951,18715,3141447,2452728,1,143
reorder_base,reorder,default,64,64,3,1234,12,0,95,660117,16495,486986,15863,2817086,2262725,1,142
reorder_base,reorder,default,64,64,3,1234,13,0,58,706577,16730,524601,18766,3088141,2510174,1,140
reorder_base,reorder,default,64,64,3,1234,14,0,55,759652,18356,565533,19956,3313718,2981992,1,143
reorder_base,reorder,default,64,64,3,1234,15,0,99,651643,14668,479430,15505,2773989,2236922,1,144
reorder_base,reorder,default,64,64,3,1234,16,0,67,694342,16181,517120,18533,3019244,2635644,2,144
reorder_base,reorder,default,64,64,3,1234,17,0,56,726484,14785,539461,18376,3172915,2470964,1,142
reorder_base,reorder,default,64,64,3,1234,18,0,51,801658,16553,595418,18756,3499785,2819173,1,140
reorder_base,reorder,default,64,64,3,1234,19,0,57,720370,14757,534720,16772,3145728,2480331,1,141
reorder_base,reorder,default,64,64,3,1234,20,0,55,743571,14903,552731,16921,3246995,2492626,1,144
reorder_base,reorder,default,128,128,3,1234,1,0,64,1149367,14280,835159,27739,5294636,3110320,1,179
reorder_base,reorder,default,128,128,3,1234,2,0,100,969497,14576,703805,22136,4341251,2685060,0,179
reorder_base,reorder,default,128,128,3,1234,3,0,100,967879,15902,702468,23290,4336905,2812658,1,177
reorder_base,reorder,default,128,128,3,1234,4,0,66,1121947,15249,814571,24937,5155994,2805950,1,180
reorder_base,reorder,default,128,128,3,1234,5,0,65,1111580,14146,807421,26487,5121492,2849227,1,178
reorder_base,reorder,default,128,128,3,1234,6,0,62,1183357,15817,860367,28340,5449910,3090087,1,177
reorder_base,reorder,default,128,128,3,1234,7,0,69,1120246,16056,817489,24915,5138430,2946143,2,180
reorder_base,reorder,default,128,128,3,1234,8,0,62,1169940,15818,850645,25536,5390194,2968949,1,178
reorder_base,reorder,default,128,128,3,1234,9,0,100,970418,14725,704591,20134,4344577,2742390,0,179
reorder_base,reorder,default,128,128,3,1234,10,0,100,981138,15646,711189,21088,4387979,2636524,0,180
reorder_base,reorder,default,128,128,3,1234,11,0,64,1140618,15797,829068,25466,5255305,2831304,1,180
reorder_base,reorder,default,128,128,3,1234,12,0,64,1141459,17336,830063,23889,5260114,2818069,1,178
reorder_base,reorder,default,128,128,3,1234,13,0,65,1133736,14468,823473,26580,5222437,2933631,1,176
reorder_base,reorder,default,128,128,3,1234,14,0,95,1012003,17695,734962,22534,4535909,2866178,1,178
reorder_base,reorder,default,128,128,3,1234,15,0,65,1129056,16178,820392,25848,5200510,2935437,1,179
reorder_base,reorder,default,128,128,3,1234,16,0,64,1137157,13971,826931,25512,5240852,2950310,1,176
reorder_base,reorder,default,128,128,3,1234,17,0,63,1148479,14069,834594,25878,5290072,2991861,1,177
reorder_base,reorder,default,128,128,3,1234,18,0,100,969277,14893,703806,21234,4341519,2681798,0,178
reorder_base,reorder,default,128,128,3,1234,19,0,65,1127527,15931,819312,26424,5192035,2926990,1,179
reorder_base,reorder,default,128,128,3,1234,20,0,71,1097614,15664,801158,24682,5028227,2909423,2,180
reorder_base,reorder,default,256,256,3,1234,1,0,79,2545788,18888,1813147,52599,12195121,5095062,1,325
reorder_base,reorder,default,256,256,3,1234,2,0,100,2268400,20879,1618345,49240,10696534,5175952,1,325
reorder_base,reorder,default,256,256,3,1234,3,0,100,2264185,20323,1614817,47320,10677598,4813389,0,326
reorder_base,reorder,default,256,256,3,1234,4,0,79,2555231,19671,1819568,54187,12239206,5120562,1,326
reorder_base,reorder,default,256,256,3,1234,5,0,79,2558580,16105,1822152,53471,12255793,5063112,1,327
reorder_base,reorder,default,256,256,3,1234,6,0,80,2532507,19004,1803581,53348,12129968,5156934,1,325
reorder_base,reorder,default,256,256,3,1234,7,0,79,2562112,16684,1824814,53927,12268974,5192050,1,326
reorder_base,reorder,default,256,256,3,1234,8,0,79,2561859,17484,1824787,52965,12264979,5192140,1,326
reorder_base,reorder,default,256,256,3,1234,9,0,79,2554764,20961,1818371,53384,12230368,5186593,1,325
reorder_base,reorder,default,256,256,3,1234,10,0,83,2515348,24934,1792268,54753,12001095,5264689,1,326
reorder_base,reorder,default,256,256,3,1234,11,0,95,2335753,18910,1664978,50998,11039475,5183200,2,328
reorder_base,reorder,default,256,256,3,1234,12,0,100,2286229,18954,1630341,50544,10769900,5169756,2,327
reorder_base,reorder,default,256,256,3,1234,13,0,96,2314252,19337,1651738,48606,10935044,4943117,1,326
reorder_base,reorder,default,256,256,3,1234,14,0,80,2523085,16876,1796868,53866,12084925,5138956,1,325
reorder_base,reorder,default,256,256,3,1234,15,0,94,2363355,18544,1683975,49343,11169004,5033794,1,329
reorder_base,reorder,default,256,256,3,1234,16,0,79,2566414,16253,1826995,53696,12283125,5241413,1,325
reorder_base,reorder,default,256,256,3,1234,17,0,79,2606589,18570,1853139,54951,12459046,5462297,1,327
reorder_base,reorder,default,256,256,3,1234,18,0,100,2268712,23241,1618691,48868,10698650,5108989,1,324
reorder_base,reorder,default,256,256,3,1234,19,0,77,2617687,20209,1864102,55446,12534003,5355164,1,326
reorder_base,reorder,default,256,256,3,1234,20,0,79,2546146,18705,1813046,52860,12193737,5062707,1,326
reorder_base,reorder,default,512,512,3,1234,1,0,93,7736370,58842,5455538,156761,37606174,14143759,1,903
reorder_base,reorder,default,512,512,3,1234,2,0,100,7431005,62032,5245722,151524,35939720,14044124,1,903
reorder_base,reorder,default,512,512,3,1234,3,0,92,7779447,49006,5486881,156759,37818039,13778282,1,904
reorder_base,reorder,default,512,512,3,1234,4,0,93,7744555,67886,5461949,160051,37640687,14279720,1,903
reorder_base,reorder,default,512,512,3,1234,5,0,98,7483028,62556,5280844,153225,36222630,14176876,2,903
reorder_base,reorder,default,512,512,3,1234,6,0,92,7803488,55181,5503221,158830,37934249,14239455,1,901
reorder_base,reorder,default,512,512,3,1234,7,0,92,7766479,69277,5476891,156849,37738969,14094216,2,901
reorder_base,reorder,default,512,512,3,1234,8,0,97,7555706,52431,5331615,154469,36563660,14436511,3,902
reorder_base,reorder,default,512,512,3,1234,9,0,98,7519170,53463,5307671,156048,36378653,14160604,1,906
reorder_base,reorder,default,512,512,3,1234,10,0,92,7794682,56801,5497440,159015,37890602,14255627,1,900
reorder_base,reorder,default,512,512,3,1234,11,0,96,7618183,52808,5375320,156545,36902305,14227517,1,901
reorder_base,reorder,default,512,512,3,1234,12,0,100,7430578,51447,5244805,153069,35935500,13919688,0,904
reorder_base,reorder,default,512,512,3,1234,13,0,92,7789324,54055,5493725,160893,37864130,14222749,1,904
reorder_base,reorder,default,512,512,3,1234,14,0,92,7754289,68329,5469277,158453,37691659,14480226,1,903
reorder_base,reorder,default,512,512,3,1234,15,0,100,7436717,55877,5249348,152916,35962929,14139855,1,906
reorder_base,reorder,default,512,512,3,1234,16,0,92,7756832,36788,5470985,158692,37706329,14324712,2,902
reorder_base,reorder,default,512,512,3,1234,17,0,92,7785401,65865,5490061,158897,37842249,14199389,1,902
reorder_base,reorder,default,512,512,3,1234,18,0,100,7429733,70990,5244318,151446,35931213,14074221,0,905
reorder_base,reorder,default,512,512,3,1234,19,0,92,7793158,64157,5496534,159178,37882653,14206761,2,903
reorder_base,reorder,default,512,512,3,1234,20,0,92,7795530,48438,5497832,159393,37891529,14161634,1,904
reorder_base,reorder,default,1024,1024,3,1234,1,0,96,28781817,179840,20192272,573296,140191865,52502829,1,3208
reorder_base,reorder,default,1024,1024,3,1234,2,0,98,28368346,189602,19906211,562007,138022210,52238581,1,3209
reorder_base,reorder,default,1024,1024,3,1234,3,0,98,28338653,261920,19884520,560865,137900211,55550426,1,3210
reorder_base,reorder,default,1024,1024,3,1234,4,0,96,28956306,231863,20315417,572575,141047937,53331254,2,3209
reorder_base,reorder,default,1024,1024,3,1234,5,0,99,28235679,229789,19815034,558999,137372550,52290818,2,3208
reorder_base,reorder,default,1024,1024,3,1234,6,0,100,28076024,195531,19703261,555519,136569666,51920043,1,3211
reorder_base,reorder,default,1024,1024,3,1234,7,0,96,28926643,205688,20293519,573272,140895774,52538938,2,3206
reorder_base,reorder,default,1024,1024,3,1234,8,0,100,28090013,216892,19712452,561395,136628490,56394112,3,3206
reorder_base,reorder,default,1024,1024,3,1234,9,0,96,28787014,208201,20193805,569532,140196437,52084497,2,3209
reorder_base,reorder,default,1024,1024,3,1234,10,0,96,28712318,194069,20144492,568346,139856948,52152838,1,3211
reorder_base,reorder,default,1024,1024,3,1234,11,0,100,28099429,198496,19718924,557278,136667377,51680437,3,3212
reorder_base,reorder,default,1024,1024,3,1234,12,0,96,28794884,187926,20201538,569766,140258008,52802523,2,3210
reorder_base,reorder,default,1024,1024,3,1234,13,0,96,28832755,190639,20228761,571510,140445016,52994056,1,3210
reorder_base,reorder,default,1024,1024,3,1234,14,0,96,28967511,201545,20322300,573637,141092280,52933351,2,3208
reorder_base,reorder,default,1024,1024,3,1234,15,0,100,28083315,223929,19707609,554616,136601484,51440361,0,3210
reorder_base,reorder,default,1024,1024,3,1234,16,0,96,28823480,175688,20222805,569526,140406199,52529689,1,3210
reorder_base,reorder,default,1024,1024,3,1234,17,0,97,28684626,188084,20125177,569418,139723245,53664510,1,3208
reorder_base,reorder,default,1024,1024,3,1234,18,0,99,28193777,195591,19785887,557913,137167423,52176213,1,3210
reorder_base,reorder,default,1024,1024,3,1234,19,0,97,28661696,194008,20108884,566146,139612228,51748734,1,3210
reorder_base,reorder,default,1024,1024,3,1234,20,0,100,28077609,203069,19704086,556399,136578427,51975606,0,3209
reorder_base,reorder,default,2048,2048,3,1234,1,0,99,111459686,990652,78099217,2177502,543303010,222810030,2,12427
reorder_base,reorder,default,2048,2048,3,1234,2,0,100,110603185,1082873,77503753,2163389,538943893,220312489,1,12429
reorder_base,reorder,default,2048,2048,3,1234,3,0,99,111438269,1024172,78084428,2176867,543207231,222436998,2,12427
reorder_base,reorder,default,2048,2048,3,1234,4,0,100,110629360,1022576,77520008,2161427,539053156,221933789,2,12429
reorder_base,reorder,default,2048,2048,3,1234,5,0,100,110642210,1025015,77530808,2161225,539118418,219487905,2,12429
reorder_base,reorder,default,2048,2048,3,1234,6,0,98,111514061,1058155,78136648,2178648,543574932,220823116,1,12429
reorder_base,reorder,default,2048,2048,3,1234,7,0,99,111214974,1038434,77926373,2173799,542104903,221656097,3,12427
reorder_base,reorder,default,2048,2048,3,1234,8,0,99,111390598,1074377,78050622,2176145,542973049,220791386,2,12426
reorder_base,reorder,default,2048,2048,3,1234,9,0,99,111117266,1070012,77857942,2170568,541633075,220468390,2,12431
reorder_base,reorder,default,2048,2048,3,1234,10,0,99,111254342,1069175,77956071,2172520,542316842,220841810,2,12428
reorder_base,reorder,default,2048,2048,3,1234,11,0,99,111473735,1006275,78109508,2176540,543375752,222707348,1,12429
reorder_base,reorder,default,2048,2048,3,1234,12,0,100,110606123,1091996,77506788,2159677,538958391,219330109,0,12428
reorder_base,reorder,default,2048,2048,3,1234,13,0,99,111463308,1113455,78101202,2175595,543321220,219411845,1,12430
reorder_base,reorder,default,2048,2048,3,1234,14,0,99,111160321,1085161,77888832,2171612,541839637,220359928,2,12431
reorder_base,reorder,default,2048,2048,3,1234,15,0,98,111481412,1104392,78114384,2177588,543420139,219954325,1,12430
reorder_base,reorder,default,2048,2048,3,1234,16,0,100,110612486,1082637,77510705,2162503,538985694,219914095,0,12429
reorder_base,reorder,default,2048,2048,3,1234,17,0,99,111441271,1086850,78086028,2180375,543221137,221516722,1,12428
reorder_base,reorder,default,2048,2048,3,1234,18,0,100,110615411,1019279,77512360,2159558,538998773,220437581,1,12430
reorder_base,reorder,default,2048,2048,3,1234,19,0,98,111510313,1138592,78134307,2180011,543560052,220134979,1,12429
reorder_base,reorder,default,2048,2048,3,1234,20,0,99,111115007,1042000,77858594,2170504,541638335,220992406,1,12428
reorder_base,reorder,default,4096,4096,3,1234,1,0,100,441136444,4921745,308989668,8557735,2150318572,918031351,3,49300
reorder_base,reorder,default,4096,4096,3,1234,2,0,99,441906148,5089393,309513710,8570216,2154237808,913370277,1,49299
reorder_base,reorder,default,4096,4096,3,1234,3,0,99,441528266,4987410,309241684,8581129,2152350380,915671997,3,49301
reorder_base,reorder,default,4096,4096,3,1234,4,0,99,441858632,5114417,309477997,8578154,2153985715,915862306,2,49302
reorder_base,reorder,default,4096,4096,3,1234,5,0,99,441431004,4911338,309179913,8570030,2151874376,915739546,5,49302
reorder_base,reorder,default,4096,4096,3,1234,6,0,99,441493514,4947344,309219877,8566465,2152212159,917791915,1,49300
reorder_base,reorder,default,4096,4096,3,1234,7,0,99,441512778,4898736,309243202,8568649,2152342219,915432208,3,49301
reorder_base,reorder,default,4096,4096,3,1234,8,0,99,441850620,5036704,309471255,8586973,2153932318,920445742,2,49302
reorder_base,reorder,default,4096,4096,3,1234,9,0,99,441608451,4943320,309308972,8577361,2152779864,916977757,4,49300
reorder_base,reorder,default,4096,4096,3,1234,10,0,99,441693585,4931821,309363219,8578167,2153179316,926411141,2,49301
reorder_base,reorder,default,4096,4096,3,1234,11,0,99,441521899,4897342,309242645,8573684,2152323288,915619229,6,49301
reorder_base,reorder,default,4096,4096,3,1234,12,0,99,441768998,5001444,309418731,8575728,2153512431,914554371,6,49302
reorder_base,reorder,default,4096,4096,3,1234,13,0,100,440999051,5080353,308880718,8559855,2149587430,915633896,2,49302
reorder_base,reorder,default,4096,4096,3,1234,14,0,99,441505372,5013014,309230138,8579659,2152250813,917572994,2,49304
reorder_base,reorder,default,4096,4096,3,1234,15,0,99,441517737,4929674,309238048,8578426,2152303328,919270796,3,49300
reorder_base,reorder,default,4096,4096,3,1234,16,0,99,441501565,5077848,309227007,8574423,2152218721,915409482,6,49299
reorder_base,reorder,default,4096,4096,3,1234,17,0,99,441510410,5058292,309233135,8574295,2152273607,916415108,3,49301
reorder_base,reorder,default,4096,4096,3,1234,18,0,99,441533670,5028467,309251976,8571420,2152325837,915713190,1,49302
reorder_base,reorder,default,4096,4096,3,1234,19,0,99,441738120,4906625,309395153,8570504,2153404677,921374258,3,49300
reorder_base,reorder,default,4096,4096,3,1234,20,0,99,441723378,5013719,309385076,8578031,2153335956,919119163,2,49302
reorder_base,reorder,default,8192,8192,3,1234,1,0,99,1764063143,20003086,1235577159,34151368,8600479782,3684092153,4,196774
reorder_base,reorder,default,8192,8192,3,1234,2,0,99,1764162041,19802671,1235666546,34128510,8601095486,3681911973,4,196771
reorder_base,reorder,default,8192,8192,3,1234,3,0,99,1764186980,19978629,1235684267,34132684,8601186829,3690113382,3,196775
reorder_base,reorder,default,8192,8192,3,1234,4,0,100,1763328251,19831170,1235089302,34124436,8596788653,3687207709,10,196771
reorder_base,reorder,default,8192,8192,3,1234,5,0,99,1763803401,20021581,1235408481,34125812,8599282634,3674065160,6,196773
reorder_base,reorder,default,8192,8192,3,1234,6,0,99,1763804199,20145275,1235409913,34111932,8599284903,3683694664,9,196775
reorder_base,reorder,default,8192,8192,3,1234,7,0,99,1763779811,19842276,1235391023,34133925,8599156155,3686650071,7,196773
reorder_base,reorder,default,8192,8192,3,1234,8,0,99,1764118431,20115294,1235624092,34132946,8600813083,3692791023,7,196775
reorder_base,reorder,default,8192,8192,3,1234,9,0,99,1764459461,19922011,1235872609,34158567,8602515260,3679033487,5,196775
reorder_base,reorder,default,8192,8192,3,1234,10,0,99,1763827136,19824387,1235421676,34127715,8599397646,3691937810,6,196772
reorder_base,reorder,default,8192,8192,3,1234,11,0,99,1764050935,19885975,1235590513,34145555,8600525874,3689581983,5,196772
reorder_base,reorder,default,8192,8192,3,1234,12,0,99,1763953382,19926555,1235512067,34119624,8600050726,3679468287,6,196774
reorder_base,reorder,default,8192,8192,3,1234,13,0,99,1764302637,20247097,1235750086,34126982,8601763087,3680423886,6,196774
reorder_base,reorder,default,8192,8192,3,1234,14,0,99,1764002388,19966369,1235545225,34128480,8600299857,3685048688,5,196775
reorder_base,reorder,default,8192,8192,3,1234,15,0,99,1763810884,19965558,1235413324,34149050,8599328786,3689613314,7,196774
reorder_base,reorder,default,8192,8192,3,1234,16,0,99,1763830256,20048144,1235435516,34123731,8599448091,3671930245,8,196775
reorder_base,reorder,default,8192,8192,3,1234,17,0,99,1763920686,20072531,1235491525,34128159,8599888857,3684423484,9,196772
reorder_base,reorder,default,8192,8192,3,1234,18,0,100,1763231752,20172219,1235010134,34105654,8596351089,3672943288,1,196776
reorder_base,reorder,default,8192,8192,3,1234,19,0,99,1764121362,19995714,1235629295,34143129,8600856727,3684507527,6,196775
reorder_base,reorder,default,8192,8192,3,1234,20,0,99,1764290748,20144355,1235754781,34122593,8601683236,3670672013,6,196775
reorder_base,reorder,default,16384,16384,3,1234,1,0,99,7054198568,80487002,4941832039,136208080,34398225816,14685509078,20,786627
reorder_base,reorder,default,16384,16384,3,1234,2,0,99,7053828963,80423268,4941505646,136196919,34396114008,14673828082,22,786630
reorder_base,reorder,default,16384,16384,3,1234,3,0,99,7053628784,80563779,4941352945,136302548,34395243025,14652384100,22,786630
reorder_base,reorder,default,16384,16384,3,1234,4,0,99,7053854252,81018448,4941510514,136260092,34396252414,14666401899,22,786630
reorder_base,reorder,default,16384,16384,3,1234,5,0,99,7053978958,80564304,4941614698,136307654,34396838429,14680779833,17,786630
reorder_base,reorder,default,16384,16384,3,1234,6,0,99,7053671400,80274000,4941388531,136297530,34395349947,14683611187,19,786629
reorder_base,reorder,default,16384,16384,3,1234,7,0,99,7053909452,80874693,4941566611,136332716,34396560882,14681387518,22,786629
reorder_base,reorder,default,16384,16384,3,1234,8,0,99,7054228122,81087768,4941810015,136224252,34398066574,14696078540,18,786631
reorder_base,reorder,default,16384,16384,3,1234,9,0,99,7053882718,80540889,4941539425,136224050,34396352129,14696606902,23,786628
reorder_base,reorder,default,16384,16384,3,1234,10,0,99,7053806067,80639403,4941491974,136214667,34395951175,14668639876,19,786631
reorder_base,reorder,default,16384,16384,3,1234,11,0,99,7054027608,80315243,4941671889,136272189,34397010298,14713858728,26,786629
reorder_base,reorder,default,16384,16384,3,1234,12,0,99,7053702198,80537310,4941420076,136222415,34395460679,14686734578,20,786630
reorder_base,reorder,default,16384,16384,3,1234,13,0,99,7054026178,80700638,4941657220,136338976,34397014901,14727964050,24,786627
reorder_base,reorder,default,16384,16384,3,1234,14,0,99,7054178386,80416356,4941754368,136263638,34397745965,14672732488,23,786632
reorder_base,reorder,default,16384,16384,3,1234,15,0,99,7053658726,80868291,4941352275,136230356,34395211956,14698633277,21,786631
reorder_base,reorder,default,16384,16384,3,1234,16,0,99,7053602110,80373090,4941356729,136279760,34394865590,14695209070,22,786630
reorder_base,reorder,default,16384,16384,3,1234,17,0,99,7053783068,80317261,4941486972,136250539,34395858039,14710610326,26,786627
reorder_base,reorder,default,16384,16384,3,1234,18,0,99,7053744673,80797475,4941449440,136311726,34395650786,14691200152,21,786630
reorder_base,reorder,default,16384,16384,3,1234,19,0,99,7054068437,81063139,4941666375,136240474,34397224265,14666700272,26,786630
reorder_base,reorder,default,16384,16384,3,1234,20,0,100,7053250247,80277066,4941111418,136214940,34393062319,14690588208,19,786627
unroll_v4,unroll,conv_unroll_v4,64,64,3,1234,1,0,60,665055,14357,462500,16800,2800910,2697267,1,143
unroll_v4,unroll,conv_unroll_v4,64,64,3,1234,2,0,56,707250,15203,491520,17418,2978530,2479295,1,141
unroll_v4,unroll,conv_unroll_v4,64,64,3,1234,3,0,94,677413,15497,477951,15333,2820244,2384722,2,146
unroll_v4,unroll,conv_unroll_v4,64,64,3,1234,4,0,56,713443,16358,495823,18009,3003987,2550887,2,141
unroll_v4,unroll,conv_unroll_v4,64,64,3,1234,5,0,56,713966,15253,495880,17549,3011172,2418075,1,141
unroll_v4,unroll,conv_unroll_v4,64,64,3,1234,6,0,56,710127,14892,494150,17080,2992176,2507969,1,141
unroll_v4,unroll,conv_unroll_v4,64,64,3,1234,7,0,56,712444,16532,494744,18069,3003778,2509656,1,142
unroll_v4,unroll,conv_unroll_v4,64,64,3,1234,8,0,56,711892,16987,495387,18112,2999773,2589677,1,142
unroll_v4,unroll,conv_unroll_v4,64,64,3,1234,9,0,100,642586,14990,453546,16496,2676454,2386440,1,144
unroll_v4,unroll,conv_unroll_v4,64,64,3,1234,10,0,57,701438,17349,487826,17601,2953474,2332112,1,144
unroll_v4,unroll,conv_unroll_v4,64,64,3,1234,11,0,100,639292,15346,450864,16480,2664266,2296769,1,143
unroll_v4,unroll,conv_unroll_v4,64,64,3,1234,12,0,57,694787,17129,482871,17546,2925141,2446929,1,141
unroll_v4,unroll,conv_unroll_v4,64,64,3,1234,13,0,56,702703,15040,488285,17720,2960694,2395197,1,141
unroll_v4,unroll,conv_unroll_v4,64,64,3,1234,14,0,100,638601,16587,450415,16629,2658510,2453609,1,142
unroll_v4,unroll,conv_unroll_v4,64,64,3,1234,15,0,58,691614,17338,480374,17409,2912806,2384928,1,142
unroll_v4,unroll,conv_unroll_v4,64,64,3,1234,16,0,51,785605,19783,546448,20169,3310520,2827617,1,142
unroll_v4,unroll,conv_unroll_v4,64,64,3,1234,17,0,54,755477,15805,527487,18087,3187889,2626296,2,142
unroll_v4,unroll,conv_unroll_v4,64,64,3,1234,18,0,58,689156,14113,478594,15090,2902480,2512897,1,143
unroll_v4,unroll,conv_unroll_v4,64,64,3,1234,19,0,56,706466,14870,490467,16120,2977017,2475171,1,142
unroll_v4,unroll,conv_unroll_v4,64,64,3,1234,20,0,54,731984,15040,508821,15129,3081253,2470277,1,142
unroll_v4,unroll,conv_unroll_v4,128,128,3,1234,1,0,100,928281,14863,600160,22236,3938038,2877279,1,178
unroll_v4,unroll,conv_unroll_v4,128,128,3,1234,2,0,63,1095547,14248,678879,23452,4709623,2813098,1,179
unroll_v4,unroll,conv_unroll_v4,128,128,3,1234,3,0,87,994049,15851,636213,22901,4222701,2829202,2,179
unroll_v4,unroll,conv_unroll_v4,128,128,3,1234,4,0,65,1053554,14169,652816,25447,4525709,2993411,1,179
unroll_v4,unroll,conv_unroll_v4,128,128,3,1234,5,0,63,1091745,14133,676595,23399,4690562,2892143,1,176
unroll_v4,unroll,conv_unroll_v4,128,128,3,1234,6,0,87,1008009,15555,649627,22044,4279737,2925536,1,178
unroll_v4,unroll,conv_unroll_v4,128,128,3,1234,7,0,83,1004345,15426,640536,23054,4277840,3090689,2,179
unroll_v4,unroll,conv_unroll_v4,128,128,3,1234,8,0,61,1124128,14417,697424,25915,4826950,3198711,1,179
unroll_v4,unroll,conv_unroll_v4,128,128,3,1234,9,0,58,1173695,15390,727843,28055,5041797,3180986,1,179
unroll_v4,unroll,conv_unroll_v4,128,128,3,1234,10,0,63,1085909,13789,673640,24689,4663545,2953322,1,179
unroll_v4,unroll,conv_unroll_v4,128,128,3,1234,11,0,100,928329,15212,600207,21519,3935324,3061160,1,178
unroll_v4,unroll,conv_unroll_v4,128,128,3,1234,12,0,65,1061111,13655,657868,24576,4559018,2816386,1,177
unroll_v4,unroll,conv_unroll_v4,128,128,3,1234,13,0,65,1085967,14803,674349,24959,4660017,2910120,2,177
unroll_v4,unroll,conv_unroll_v4,128,128,3,1234,14,0,63,1080371,13816,669767,24558,4644804,2837402,1,175
unroll_v4,unroll,conv_unroll_v4,128,128,3,1234,15,0,64,1085064,14260,673842,22976,4660854,2902461,1,180
unroll_v4,unroll,conv_unroll_v4,128,128,3,1234,16,0,61,1166532,15427,731810,25936,5010453,3189570,1,179
unroll_v4,unroll,conv_unroll_v4,128,128,3,1234,17,0,100,926401,14583,598815,21697,3928934,2761753,1,179
unroll_v4,unroll,conv_unroll_v4,128,128,3,1234,18,0,98,942529,15238,609304,22105,3996383,2811956,2,180
unroll_v4,unroll,conv_unroll_v4,128,128,3,1234,19,0,64,1076514,13774,666930,25551,4625885,2889770,1,178
unroll_v4,unroll,conv_unroll_v4,128,128,3,1234,20,0,63,1081005,14050,670131,24225,4643830,2943048,1,178
unroll_v4,unroll,conv_unroll_v4,256,256,3,1234,1,0,79,2326136,18087,1291788,52477,10158416,5285319,1,326
unroll_v4,unroll,conv_unroll_v4,256,256,3,1234,2,0,94,2177721,18546,1243695,48344,9447841,5083190,2,328
unroll_v4,unroll,conv_unroll_v4,256,256,3,1234,3,0,79,2325859,16683,1291218,52236,10156742,5026082,1,323
unroll_v4,unroll,conv_unroll_v4,256,256,3,1234,4,0,74,2496103,16222,1385921,54631,10904798,5390069,1,325
unroll_v4,unroll,conv_unroll_v4,256,256,3,1234,5,0,80,2301865,14484,1280021,51388,10053505,4922221,1,329
unroll_v4,unroll,conv_unroll_v4,256,256,3,1234,6,0,100,2096423,19144,1205619,47398,9087868,4933379,1,328
unroll_v4,unroll,conv_unroll_v4,256,256,3,1234,7,0,79,2345826,17762,1304168,52606,10238520,5095927,1,326
unroll_v4,unroll,conv_unroll_v4,256,256,3,1234,8,0,79,2321141,17441,1288863,53851,10136291,5084170,1,324
unroll_v4,unroll,conv_unroll_v4,256,256,3,1234,9,0,80,2299777,16395,1278437,49977,10046606,4977820,1,326
unroll_v4,unroll,conv_unroll_v4,256,256,3,1234,10,0,86,2255556,17435,1273233,49063,9813167,4978294,1,326
unroll_v4,unroll,conv_unroll_v4,256,256,3,1234,11,0,79,2342489,17104,1304427,52726,10223020,5152047,1,325
unroll_v4,unroll,conv_unroll_v4,256,256,3,1234,12,0,79,2328073,16085,1294553,51837,10167097,5034269,1,327
unroll_v4,unroll,conv_unroll_v4,256,256,3,1234,13,0,100,2088524,18607,1199362,45508,9050579,4925783,0,328
unroll_v4,unroll,conv_unroll_v4,256,256,3,1234,14,0,79,2330252,15364,1295624,52679,10177047,4945933,1,324
unroll_v4,unroll,conv_unroll_v4,256,256,3,1234,15,0,79,2317318,15413,1286058,52176,10119447,4929588,1,324
unroll_v4,unroll,conv_unroll_v4,256,256,3,1234,16,0,100,2089103,17927,1200325,45328,9056669,4683048,0,325
unroll_v4,unroll,conv_unroll_v4,256,256,3,1234,17,0,95,2158006,19769,1236903,46376,9363515,5004633,2,328
unroll_v4,unroll,conv_unroll_v4,256,256,3,1234,18,0,80,2312136,16050,1284100,50294,10098351,4901160,1,326
unroll_v4,unroll,conv_unroll_v4,256,256,3,1234,19,0,88,2239453,17430,1270328,48620,9734169,4917446,1,326
unroll_v4,unroll,conv_unroll_v4,256,256,3,1234,20,0,79,2318016,15405,1287327,53352,10121471,5057772,1,325
unroll_v4,unroll,conv_unroll_v4,512,512,3,1234,1,0,92,7045024,37634,3722403,152441,30988645,13502069,2,902
unroll_v4,unroll,conv_unroll_v4,512,512,3,1234,2,0,92,6984961,35568,3684075,151700,30723896,13470140,1,904
unroll_v4,unroll,conv_unroll_v4,512,512,3,1234,3,0,92,6985267,35886,3684270,151458,30726343,13344320,1,903
unroll_v4,unroll,conv_unroll_v4,512,512,3,1234,4,0,94,6846273,34109,3610016,149695,30116220,13315894,1,903
unroll_v4,unroll,conv_unroll_v4,512,512,3,1234,5,0,100,6718559,39266,3589860,145235,29472998,13317725,0,902
unroll_v4,unroll,conv_unroll_v4,512,512,3,1234,6,0,94,6934737,38394,3678878,153071,30472184,13478545,2,903
unroll_v4,unroll,conv_unroll_v4,512,512,3,1234,7,0,92,6994076,35387,3688825,153744,30765948,13500766,1,901
unroll_v4,unroll,conv_unroll_v4,512,512,3,1234,8,0,91,7049163,35787,3718125,154744,31005246,13699133,1,903
unroll_v4,unroll,conv_unroll_v4,512,512,3,1234,9,0,92,7016359,37462,3701539,154467,30862283,13562134,1,902
unroll_v4,unroll,conv_unroll_v4,512,512,3,1234,10,0,92,6977081,36798,3680682,153113,30689311,13733079,1,906
unroll_v4,unroll,conv_unroll_v4,512,512,3,1234,11,0,94,6846912,34738,3611864,151360,30117032,13221473,1,905
unroll_v4,unroll,conv_unroll_v4,512,512,3,1234,12,0,100,6712854,41347,3587151,149202,29453446,13653815,1,902
unroll_v4,unroll,conv_unroll_v4,512,512,3,1234,13,0,91,7062885,37190,3725117,155675,31069490,13518334,1,904
unroll_v4,unroll,conv_unroll_v4,512,512,3,1234,14,0,97,6806293,37577,3617365,149256,29891161,13376333,1,901
unroll_v4,unroll,conv_unroll_v4,512,512,3,1234,15,0,96,6903060,41336,3672799,152603,30309145,14010667,3,903
unroll_v4,unroll,conv_unroll_v4,512,512,3,1234,16,0,100,6715678,39892,3589333,148024,29464235,13400779,1,905
unroll_v4,unroll,conv_unroll_v4,512,512,3,1234,17,0,91,7042208,36581,3713617,154483,30977439,13563694,1,904
unroll_v4,unroll,conv_unroll_v4,512,512,3,1234,18,0,92,7021036,36221,3703210,154069,30885740,13456267,1,903
unroll_v4,unroll,conv_unroll_v4,512,512,3,1234,19,0,91,7056801,36597,3722079,156280,31043506,13843094,2,903
unroll_v4,unroll,conv_unroll_v4,512,512,3,1234,20,0,92,7025249,36761,3705661,154456,30902441,13608077,1,902
unroll_v4,unroll,conv_unroll_v4,1024,1024,3,1234,1,0,96,25866961,132416,13424232,562915,114027076,49764187,1,3208
unroll_v4,unroll,conv_unroll_v4,1024,1024,3,1234,2,0,99,25266452,131346,13158759,551771,111308799,49392238,2,3209
unroll_v4,unroll,conv_unroll_v4,1024,1024,3,1234,3,0,97,25499448,127128,13233117,554545,112407939,48890050,1,3209
unroll_v4,unroll,conv_unroll_v4,1024,1024,3,1234,4,0,97,25653975,124949,13312451,556392,113089297,48992540,1,3206
unroll_v4,unroll,conv_unroll_v4,1024,1024,3,1234,5,0,97,25673068,127227,13322502,555989,113173936,49147049,1,3207
unroll_v4,unroll,conv_unroll_v4,1024,1024,3,1234,6,0,98,25444782,128696,13234913,552353,112118489,48883706,2,3211
unroll_v4,unroll,conv_unroll_v4,1024,1024,3,1234,7,0,99,25330229,130234,13176243,552160,111609433,48639591,1,3209
unroll_v4,unroll,conv_unroll_v4,1024,1024,3,1234,8,0,97,25715610,128529,13343178,560402,113338379,49308846,1,3211
unroll_v4,unroll,conv_unroll_v4,1024,1024,3,1234,9,0,99,25287047,134476,13165156,548919,111406058,48593553,2,3208
unroll_v4,unroll,conv_unroll_v4,1024,1024,3,1234,10,0,97,25599824,130699,13304238,556770,112826898,49680774,2,3209
unroll_v4,unroll,conv_unroll_v4,1024,1024,3,1234,11,0,96,25961989,129650,13471842,564266,114449073,50263243,1,3207
unroll_v4,unroll,conv_unroll_v4,1024,1024,3,1234,12,0,96,25727929,129173,13351397,557784,113415049,49292353,1,3210
unroll_v4,unroll,conv_unroll_v4,1024,1024,3,1234,13,0,97,25529070,127675,13248739,554336,112539950,48904146,1,3210
unroll_v4,unroll,conv_unroll_v4,1024,1024,3,1234,14,0,97,25720471,120212,13347632,559032,113378139,50418050,1,3209
unroll_v4,unroll,conv_unroll_v4,1024,1024,3,1234,15,0,96,25819248,129093,13400722,561830,113812125,50100212,2,3213
unroll_v4,unroll,conv_unroll_v4,1024,1024,3,1234,16,0,98,25481734,129404,13255970,554148,112268844,51217738,2,3208
unroll_v4,unroll,conv_unroll_v4,1024,1024,3,1234,17,0,99,25266805,126672,13157282,551719,111312788,50138561,1,3210
unroll_v4,unroll,conv_unroll_v4,1024,1024,3,1234,18,0,99,25274780,132515,13160962,549243,111349763,49656601,2,3208
unroll_v4,unroll,conv_unroll_v4,1024,1024,3,1234,19,0,97,25593390,127664,13281650,556763,112822657,49678961,1,3210
unroll_v4,unroll,conv_unroll_v4,1024,1024,3,1234,20,0,97,25729240,127241,13353088,559481,113419348,50286456,1,3211
unroll_v4,unroll,conv_unroll_v4,2048,2048,3,1234,1,0,98,100578659,584781,51971291,2175792,443606987,195001050,1,12430
unroll_v4,unroll,conv_unroll_v4,2048,2048,3,1234,2,0,99,99600882,578354,51461212,2155405,439328082,191622992,2,12429
unroll_v4,unroll,conv_unroll_v4,2048,2048,3,1234,3,0,98,99917246,583299,51624393,2163502,440725179,192238536,2,12430
unroll_v4,unroll,conv_unroll_v4,2048,2048,3,1234,4,0,99,99715404,574572,51518869,2159418,439834458,191641103,1,12430
unroll_v4,unroll,conv_unroll_v4,2048,2048,3,1234,5,0,98,99972161,584447,51652091,2166699,440964726,192493671,1,12430
unroll_v4,unroll,conv_unroll_v4,2048,2048,3,1234,6,0,98,99969886,567409,51650390,2168096,440958831,192463045,1,12429
unroll_v4,unroll,conv_unroll_v4,2048,2048,3,1234,7,0,98,99951584,592280,51641356,2167172,440875410,193243311,1,12427
unroll_v4,unroll,conv_unroll_v4,2048,2048,3,1234,8,0,100,99060045,581816,51230114,2152854,436869222,191323106,1,12432
unroll_v4,unroll,conv_unroll_v4,2048,2048,3,1234,9,0,99,99672162,589077,51500700,2159312,439634095,191354741,3,12426
unroll_v4,unroll,conv_unroll_v4,2048,2048,3,1234,10,0,99,99682067,567055,51505363,2161225,439701660,192148629,2,12429
unroll_v4,unroll,conv_unroll_v4,2048,2048,3,1234,11,0,98,99936238,575454,51636005,2164554,440804913,192587697,2,12429
unroll_v4,unroll,conv_unroll_v4,2048,2048,3,1234,12,0,99,99628958,572761,51473877,2157344,439456602,191703003,1,12430
unroll_v4,unroll,conv_unroll_v4,2048,2048,3,1234,13,0,99,99673237,588994,51503526,2158307,439642990,192307792,4,12431
unroll_v4,unroll,conv_unroll_v4,2048,2048,3,1234,14,0,98,99895105,588912,51611942,2163477,440624317,193226320,1,12430
unroll_v4,unroll,conv_unroll_v4,2048,2048,3,1234,15,0,98,100147694,600014,51742233,2170696,441743919,192428896,1,12429
unroll_v4,unroll,conv_unroll_v4,2048,2048,3,1234,16,0,99,99696205,589723,51516529,2158007,439737793,191930551,4,12428
unroll_v4,unroll,conv_unroll_v4,2048,2048,3,1234,17,0,98,99944378,589542,51638512,2165365,440843492,192354973,1,12429
unroll_v4,unroll,conv_unroll_v4,2048,2048,3,1234,18,0,98,99881383,583073,51605645,2162774,440565381,192134552,1,12427
unroll_v4,unroll,conv_unroll_v4,2048,2048,3,1234,19,0,98,99901757,595228,51624116,2164421,440652890,192538015,2,12432
unroll_v4,unroll,conv_unroll_v4,2048,2048,3,1234,20,0,98,99878552,587376,51602648,2162386,440556005,191899673,1,12429
unroll_v4,unroll,conv_unroll_v4,4096,4096,3,1234,1,0,99,395854828,2292457,204403164,8551099,1746686224,765953115,2,49301
unroll_v4,unroll,conv_unroll_v4,4096,4096,3,1234,2,0,99,395438003,2276892,204160449,8557247,1744731465,761886555,4,49302
unroll_v4,unroll,conv_unroll_v4,4096,4096,3,1234,3,0,99,395693711,2214354,204280493,8559658,1745851506,761480165,3,49299
unroll_v4,unroll,conv_unroll_v4,4096,4096,3,1234,4,0,100,394801408,2251609,203872288,8533693,1741831646,759962593,2,49301
unroll_v4,unroll,conv_unroll_v4,4096,4096,3,1234,5,0,100,394802095,2226119,203872453,8525250,1741833374,760863111,1,49302
unroll_v4,unroll,conv_unroll_v4,4096,4096,3,1234,6,0,100,394786312,2203539,203863042,8538500,1741771720,761316798,3,49301
unroll_v4,unroll,conv_unroll_v4,4096,4096,3,1234,7,0,99,395620787,2249041,204244385,8552743,1745529202,762779467,1,49304
unroll_v4,unroll,conv_unroll_v4,4096,4096,3,1234,8,0,99,394966299,2256339,203950246,8549208,1742571822,760804043,2,49302
unroll_v4,unroll,conv_unroll_v4,4096,4096,3,1234,9,0,100,394801027,2191248,203870783,8543862,1741826927,757762260,2,49302
unroll_v4,unroll,conv_unroll_v4,4096,4096,3,1234,10,0,99,395762957,2292734,204320060,8556989,1746154660,763440951,4,49301
unroll_v4,unroll,conv_unroll_v4,4096,4096,3,1234,11,0,99,395733851,2235595,204305796,8550866,1746021173,761466353,3,49301
unroll_v4,unroll,conv_unroll_v4,4096,4096,3,1234,12,0,99,395666166,2260508,204267226,8550607,1745724490,761540963,2,49301
unroll_v4,unroll,conv_unroll_v4,4096,4096,3,1234,13,0,99,395766736,2200891,204318336,8557359,1746168896,759237087,3,49303
unroll_v4,unroll,conv_unroll_v4,4096,4096,3,1234,14,0,99,395768617,2196704,204320665,8554797,1746177252,760628500,3,49300
unroll_v4,unroll,conv_unroll_v4,4096,4096,3,1234,15,0,99,395498190,2230335,204178441,8562345,1744986110,760780735,1,49300
unroll_v4,unroll,conv_unroll_v4,4096,4096,3,1234,16,0,99,395678677,2210016,204271940,8550453,1745778649,762180971,1,49300
unroll_v4,unroll,conv_unroll_v4,4096,4096,3,1234,17,0,99,395795978,2231714,204335907,8552432,1746295372,760886707,1,49299
unroll_v4,unroll,conv_unroll_v4,4096,4096,3,1234,18,0,99,395663743,2323642,204265216,8555676,1745716894,761315337,2,49303
unroll_v4,unroll,conv_unroll_v4,4096,4096,3,1234,19,0,99,395808280,2232080,204341143,8554272,1746349264,759913001,3,49301
unroll_v4,unroll,conv_unroll_v4,4096,4096,3,1234,20,0,100,394800203,2235639,203875629,8537160,1741872259,760211837,2,49301
unroll_v4,unroll,conv_unroll_v4,8192,8192,3,1234,1,0,99,1579402797,5889259,815649836,34091348,6970916949,2986549091,6,196774
unroll_v4,unroll,conv_unroll_v4,8192,8192,3,1234,2,0,99,1579085230,5840559,815510975,34069565,6969667973,2987193212,4,196771
unroll_v4,unroll,conv_unroll_v4,8192,8192,3,1234,3,0,99,1579285557,5952234,815604141,34147673,6970489026,2980356551,8,196772
unroll_v4,unroll,conv_unroll_v4,8192,8192,3,1234,4,0,99,1579477481,5930758,815701470,34091233,6971373787,2992201814,2,196772
unroll_v4,unroll,conv_unroll_v4,8192,8192,3,1234,5,0,99,1578903527,5922248,815424274,34098093,6968781485,2978799595,6,196773
unroll_v4,unroll,conv_unroll_v4,8192,8192,3,1234,6,0,99,1579639810,6133825,815682360,34109982,6971023341,2983785820,8,196775
unroll_v4,unroll,conv_unroll_v4,8192,8192,3,1234,7,0,99,1579119703,5733566,815538037,34131961,6969782154,2989516755,9,196770
unroll_v4,unroll,conv_unroll_v4,8192,8192,3,1234,8,0,99,1579082022,5972941,815502795,34139250,6969591351,2982134933,10,196774
unroll_v4,unroll,conv_unroll_v4,8192,8192,3,1234,9,0,99,1579405302,6094243,815668458,34120088,6971038364,2992264198,2,196773
unroll_v4,unroll,conv_unroll_v4,8192,8192,3,1234,10,0,99,1579012580,5906308,815452685,34127321,6969299130,2976999469,3,196771
unroll_v4,unroll,conv_unroll_v4,8192,8192,3,1234,11,0,99,1578995788,6003899,815444245,34120503,6969239891,2985595390,3,196774
unroll_v4,unroll,conv_unroll_v4,8192,8192,3,1234,12,0,99,1579157650,5824566,815555898,34096518,6969996786,2981651043,9,196772
unroll_v4,unroll,conv_unroll_v4,8192,8192,3,1234,13,0,99,1579193666,5757903,815547118,34107050,6970077630,2982668408,7,196770
unroll_v4,unroll,conv_unroll_v4,8192,8192,3,1234,14,0,99,1579035006,5754513,815472510,34127878,6969380548,2990076292,4,196774
unroll_v4,unroll,conv_unroll_v4,8192,8192,3,1234,15,0,99,1579358215,5921212,815636888,34072093,6970804471,2975052759,5,196775
unroll_v4,unroll,conv_unroll_v4,8192,8192,3,1234,16,0,100,1578458614,6347950,815223159,34129646,6966792462,2987249121,5,196775
unroll_v4,unroll,conv_unroll_v4,8192,8192,3,1234,17,0,100,1578426340,5831104,815200305,34089976,6966652730,2985744364,6,196773
unroll_v4,unroll,conv_unroll_v4,8192,8192,3,1234,18,0,99,1579284439,5983456,815606368,34101349,6970523403,2984889318,6,196774
unroll_v4,unroll,conv_unroll_v4,8192,8192,3,1234,19,0,99,1578998172,5913055,815448545,34120826,6969253993,2988949664,5,196772
unroll_v4,unroll,conv_unroll_v4,8192,8192,3,1234,20,0,99,1579474542,5896240,815712912,34098250,6971374936,2978836911,5,196774
unroll_v4,unroll,conv_unroll_v4,16384,16384,3,1234,1,0,99,6314956225,26150206,3262782158,136317310,27881354990,11877413380,21,786630
unroll_v4,unroll,conv_unroll_v4,16384,16384,3,1234,2,0,99,6315729867,26276068,3262665961,136137285,27880028681,11890828076,17,786628
unroll_v4,unroll,conv_unroll_v4,16384,16384,3,1234,3,0,99,6314871038,26071126,3262641374,136380326,27880517528,11886887443,22,786631
unroll_v4,unroll,conv_unroll_v4,16384,16384,3,1234,4,0,99,6314966567,26095341,3262722046,136272185,27880982829,11882093750,17,786631
unroll_v4,unroll,conv_unroll_v4,16384,16384,3,1234,5,0,99,6314995370,26886472,3262760263,136172289,27881133692,11875418115,18,786626
unroll_v4,unroll,conv_unroll_v4,16384,16384,3,1234,6,0,99,6314493390,25598688,3262458070,136229343,27878888571,11872968015,27,786628
unroll_v4,unroll,conv_unroll_v4,16384,16384,3,1234,7,0,99,6314171054,26139740,3262363134,136240199,27877492875,11872132047,17,786630
unroll_v4,unroll,conv_unroll_v4,16384,16384,3,1234,8,0,99,6314990426,25898228,3262729918,136307541,27881050293,11891595719,25,786628
unroll_v4,unroll,conv_unroll_v4,16384,16384,3,1234,9,0,99,6314845293,25593207,3262629095,136188163,27880401581,11868875924,18,786628
unroll_v4,unroll,conv_unroll_v4,16384,16384,3,1234,10,0,99,6314840232,25925304,3262638382,136288979,27880438179,11878980635,11,786627
unroll_v4,unroll,conv_unroll_v4,16384,16384,3,1234,11,0,99,6314886410,26147631,3262655597,136463537,27880678615,11883938442,24,786627
unroll_v4,unroll,conv_unroll_v4,16384,16384,3,1234,12,0,99,6314945457,26582769,3262729075,136289969,27880924194,11897507725,21,786629
unroll_v4,unroll,conv_unroll_v4,16384,16384,3,1234,13,0,99,6314559578,25976603,3262501234,136226037,27879213267,11868072587,19,786629
unroll_v4,unroll,conv_unroll_v4,16384,16384,3,1234,14,0,100,6313918251,26400677,3262213544,136346491,27876305780,11878694987,24,786631
unroll_v4,unroll,conv_unroll_v4,16384,16384,3,1234,15,0,99,6314679516,26183675,3262532769,136369372,27879682339,11889767455,20,786629
unroll_v4,unroll,conv_unroll_v4,16384,16384,3,1234,16,0,99,6314894689,26332341,3262644109,136409945,27880625732,11890364346,20,786631
unroll_v4,unroll,conv_unroll_v4,16384,16384,3,1234,17,0,99,6315054280,26002032,3262780604,136397490,27881358166,11901903057,21,786632
unroll_v4,unroll,conv_unroll_v4,16384,16384,3,1234,18,0,99,6314480143,26344090,3262447025,136381999,27878808897,11880260283,26,786631
unroll_v4,unroll,conv_unroll_v4,16384,16384,3,1234,19,0,99,6314878557,26008360,3262637211,136352001,27880569939,11874435105,23,786628
unroll_v4,unroll,conv_unroll_v4,16384,16384,3,1234,20,0,99,6314659270,25813054,3262572295,136373226,27879636174,11876971644,19,786632
unroll_v5,unroll,conv_unroll_v5,64,64,3,1234,1,0,57,663680,16115,479065,17589,2823122,2502738,1,144
unroll_v5,unroll,conv_unroll_v5,64,64,3,1234,2,0,57,658001,17093,475346,17624,2797220,2501794,1,141
unroll_v5,unroll,conv_unroll_v5,64,64,3,1234,3,0,56,675546,15548,487232,17736,2871762,2463840,1,142
unroll_v5,unroll,conv_unroll_v5,64,64,3,1234,4,0,51,736321,17891,530938,19899,3130757,2816544,1,141
unroll_v5,unroll,conv_unroll_v5,64,64,3,1234,5,0,56,671357,16388,484622,17913,2853665,2459356,1,144
unroll_v5,unroll,conv_unroll_v5,64,64,3,1234,6,0,45,823996,18441,595603,21783,3506298,2908889,1,140
unroll_v5,unroll,conv_unroll_v5,64,64,3,1234,7,0,58,654568,14600,472046,17420,2781255,2455793,1,143
unroll_v5,unroll,conv_unroll_v5,64,64,3,1234,8,0,54,698341,15963,504793,18682,2966386,2721503,1,142
unroll_v5,unroll,conv_unroll_v5,64,64,3,1234,9,0,58,658377,16304,476136,17567,2800413,2386006,1,144
unroll_v5,unroll,conv_unroll_v5,64,64,3,1234,10,0,57,672194,17261,484351,17745,2860210,2637934,1,143
unroll_v5,unroll,conv_unroll_v5,64,64,3,1234,11,0,58,653786,17160,472484,17427,2778177,2653573,1,140
unroll_v5,unroll,conv_unroll_v5,64,64,3,1234,12,0,56,676006,17589,487467,17975,2873682,2603695,1,142
unroll_v5,unroll,conv_unroll_v5,64,64,3,1234,13,0,56,666563,15316,481540,18028,2834087,2395905,1,142
unroll_v5,unroll,conv_unroll_v5,64,64,3,1234,14,0,57,667319,17003,481994,17933,2838624,2471354,1,144
unroll_v5,unroll,conv_unroll_v5,64,64,3,1234,15,0,57,659017,17073,475888,17671,2801190,2489520,1,142
unroll_v5,unroll,conv_unroll_v5,64,64,3,1234,16,0,55,690162,15189,498145,17107,2935004,2556177,1,144
unroll_v5,unroll,conv_unroll_v5,64,64,3,1234,17,0,42,884365,19131,639239,20509,3763270,3134766,1,140
unroll_v5,unroll,conv_unroll_v5,64,64,3,1234,18,0,54,699190,15189,505001,16290,2975956,2416779,1,144
unroll_v5,unroll,conv_unroll_v5,64,64,3,1234,19,0,56,667674,14277,482228,14146,2837360,2224111,1,142
unroll_v5,unroll,conv_unroll_v5,64,64,3,1234,20,0,55,683458,14628,493426,16143,2907324,2359122,1,144
unroll_v5,unroll,conv_unroll_v5,128,128,3,1234,1,0,62,974854,13641,661523,24473,4295449,2869437,1,179
unroll_v5,unroll,conv_unroll_v5,128,128,3,1234,2,0,64,945463,13214,641391,24803,4166415,2832399,1,181
unroll_v5,unroll,conv_unroll_v5,128,128,3,1234,3,0,90,888127,14780,613904,22005,3842694,2983333,2,179
unroll_v5,unroll,conv_unroll_v5,128,128,3,1234,4,0,64,944852,13128,640726,24320,4165936,2864738,1,175
unroll_v5,unroll,conv_unroll_v5,128,128,3,1234,5,0,65,930920,13262,631503,25183,4101321,2876072,1,178
unroll_v5,unroll,conv_unroll_v5,128,128,3,1234,6,0,62,964640,13780,654630,26100,4251810,2843342,1,178
unroll_v5,unroll,conv_unroll_v5,128,128,3,1234,7,0,62,973434,13530,660371,23860,4291348,2784294,1,179
unroll_v5,unroll,conv_unroll_v5,128,128,3,1234,8,0,64,949702,13569,644590,24652,4183658,2919601,1,177
unroll_v5,unroll,conv_unroll_v5,128,128,3,1234,9,0,61,986482,13692,669155,26172,4347389,3196709,1,180
unroll_v5,unroll,conv_unroll_v5,128,128,3,1234,10,0,79,926124,15170,635775,23561,4027969,2909623,2,179
unroll_v5,unroll,conv_unroll_v5,128,128,3,1234,11,0,65,936720,13032,634850,24863,4129390,2869644,1,177
unroll_v5,unroll,conv_unroll_v5,128,128,3,1234,12,0,63,966452,13536,655733,24969,4255890,3071130,1,180
unroll_v5,unroll,conv_unroll_v5,128,128,3,1234,13,0,100,838220,13742,579159,20241,3616357,2709262,0,177
unroll_v5,unroll,conv_unroll_v5,128,128,3,1234,14,0,63,955690,13666,647596,25993,4212448,2865322,1,180
unroll_v5,unroll,conv_unroll_v5,128,128,3,1234,15,0,100,841621,14237,581643,20521,3630253,2606507,0,180
unroll_v5,unroll,conv_unroll_v5,128,128,3,1234,16,0,63,953745,13540,647334,25884,4202581,2793380,1,179
unroll_v5,unroll,conv_unroll_v5,128,128,3,1234,17,0,63,952305,13625,645984,25980,4197113,2891647,1,179
unroll_v5,unroll,conv_unroll_v5,128,128,3,1234,18,0,64,944458,13415,640894,24847,4161720,2825218,1,178
unroll_v5,unroll,conv_unroll_v5,128,128,3,1234,19,0,61,981661,13575,665911,25191,4326184,2952307,1,180
unroll_v5,unroll,conv_unroll_v5,128,128,3,1234,20,0,56,1075659,15152,729813,29179,4742900,3250251,1,177
unroll_v5,unroll,conv_unroll_v5,256,256,3,1234,1,0,100,1749364,16329,1130886,46479,7870737,4758281,0,324
unroll_v5,unroll,conv_unroll_v5,256,256,3,1234,2,0,78,1927507,14786,1224380,54351,8799524,4853906,1,327
unroll_v5,unroll,conv_unroll_v5,256,256,3,1234,3,0,79,1914217,14846,1216056,51130,8738055,4702419,1,326
unroll_v5,unroll,conv_unroll_v5,256,256,3,1234,4,0,79,1911576,14131,1212898,51471,8726223,4710512,1,326
unroll_v5,unroll,conv_unroll_v5,256,256,3,1234,5,0,85,1889869,16359,1210805,49902,8571582,4948961,2,324
unroll_v5,unroll,conv_unroll_v5,256,256,3,1234,6,0,77,1964299,14543,1246695,53075,8965376,4971961,1,326
unroll_v5,unroll,conv_unroll_v5,256,256,3,1234,7,0,78,1932593,15644,1227021,53544,8814890,4971293,1,326
unroll_v5,unroll,conv_unroll_v5,256,256,3,1234,8,0,100,1755244,16771,1135712,46076,7896690,4537674,0,327
unroll_v5,unroll,conv_unroll_v5,256,256,3,1234,9,0,95,1793715,16601,1158631,48698,8087519,4759881,1,325
unroll_v5,unroll,conv_unroll_v5,256,256,3,1234,10,0,98,1777189,17184,1148778,44985,7997347,4573925,1,324
unroll_v5,unroll,conv_unroll_v5,256,256,3,1234,11,0,79,1923705,14745,1222219,51635,8778623,4777096,1,328
unroll_v5,unroll,conv_unroll_v5,256,256,3,1234,12,0,79,1915874,15447,1216953,51844,8742343,4822394,1,326
unroll_v5,unroll,conv_unroll_v5,256,256,3,1234,13,0,77,1955816,14963,1241672,53228,8926613,4998060,1,326
unroll_v5,unroll,conv_unroll_v5,256,256,3,1234,14,0,81,1853177,13777,1176308,49038,8457041,4589192,1,326
unroll_v5,unroll,conv_unroll_v5,256,256,3,1234,15,0,72,2104119,13647,1336086,58430,9608018,5415363,1,324
unroll_v5,unroll,conv_unroll_v5,256,256,3,1234,16,0,78,1934233,14784,1229371,53246,8826036,4837238,1,328
unroll_v5,unroll,conv_unroll_v5,256,256,3,1234,17,0,77,1965698,16034,1248983,54605,8971461,5042785,1,328
unroll_v5,unroll,conv_unroll_v5,256,256,3,1234,18,0,84,1799894,14489,1142458,50143,8213381,4639212,1,324
unroll_v5,unroll,conv_unroll_v5,256,256,3,1234,19,0,100,1757443,18118,1135838,48442,7906213,4936514,1,325
unroll_v5,unroll,conv_unroll_v5,256,256,3,1234,20,0,78,1929729,16585,1225712,53342,8807325,4896323,1,326
unroll_v5,unroll,conv_unroll_v5,512,512,3,1234,1,0,93,5561146,27342,3424381,154803,25785337,12813659,2,900
unroll_v5,unroll,conv_unroll_v5,512,512,3,1234,2,0,91,5606310,27994,3443117,155686,26022301,12820850,1,905
unroll_v5,unroll,conv_unroll_v5,512,512,3,1234,3,0,91,5626805,26397,3456474,155948,26116202,12821691,1,905
unroll_v5,unroll,conv_unroll_v5,512,512,3,1234,4,0,92,5582728,26955,3429148,156758,25913080,12812593,1,904
unroll_v5,unroll,conv_unroll_v5,512,512,3,1234,5,0,96,5486414,28450,3387453,152058,25367569,13088643,2,903
unroll_v5,unroll,conv_unroll_v5,512,512,3,1234,6,0,100,5388876,33310,3335687,149300,24871137,12819360,2,903
unroll_v5,unroll,conv_unroll_v5,512,512,3,1234,7,0,91,5608295,27550,3445124,155398,26030253,12598036,1,902
unroll_v5,unroll,conv_unroll_v5,512,512,3,1234,8,0,97,5479566,31120,3384404,152381,25326082,12757968,3,904
unroll_v5,unroll,conv_unroll_v5,512,512,3,1234,9,0,91,5608233,27181,3444828,157274,26029294,12950433,1,905
unroll_v5,unroll,conv_unroll_v5,512,512,3,1234,10,0,100,5367214,30039,3321315,148654,24784236,12470517,1,902
unroll_v5,unroll,conv_unroll_v5,512,512,3,1234,11,0,100,5369350,30116,3322787,148098,24791186,12451067,0,902
unroll_v5,unroll,conv_unroll_v5,512,512,3,1234,12,0,91,5621971,26316,3452726,156005,26093340,12695131,1,904
unroll_v5,unroll,conv_unroll_v5,512,512,3,1234,13,0,91,5583555,26531,3427436,155137,25913934,12703759,1,902
unroll_v5,unroll,conv_unroll_v5,512,512,3,1234,14,0,91,5617016,25332,3450010,156149,26072381,12982126,1,906
unroll_v5,unroll,conv_unroll_v5,512,512,3,1234,15,0,96,5518866,30389,3407619,152633,25514426,12919545,3,902
unroll_v5,unroll,conv_unroll_v5,512,512,3,1234,16,0,95,5518788,30308,3406908,152007,25519558,12807489,2,902
unroll_v5,unroll,conv_unroll_v5,512,512,3,1234,17,0,91,5651170,26310,3471458,157299,26222026,13365150,2,902
unroll_v5,unroll,conv_unroll_v5,512,512,3,1234,18,0,93,5568848,28187,3431029,155127,25810480,13106392,2,903
unroll_v5,unroll,conv_unroll_v5,512,512,3,1234,19,0,91,5600457,27651,3439427,155590,25998058,12771287,1,901
unroll_v5,unroll,conv_unroll_v5,512,512,3,1234,20,0,90,5663760,27609,3479247,157038,26286905,12904954,1,903
unroll_v5,unroll,conv_unroll_v5,1024,1024,3,1234,1,0,96,20353049,56429,12368526,563011,94981025,46055188,1,3212
unroll_v5,unroll,conv_unroll_v5,1024,1024,3,1234,2,0,96,20269655,55575,12317837,560072,94592865,48644753,1,3209
unroll_v5,unroll,conv_unroll_v5,1024,1024,3,1234,3,0,100,19824720,63675,12075127,546844,92371386,45306997,1,3208
unroll_v5,unroll,conv_unroll_v5,1024,1024,3,1234,4,0,96,20202245,55661,12277141,558023,94277364,45868724,1,3209
unroll_v5,unroll,conv_unroll_v5,1024,1024,3,1234,5,0,97,20195875,59275,12273028,558323,94240420,46792054,1,3211
unroll_v5,unroll,conv_unroll_v5,1024,1024,3,1234,6,0,96,20220326,58878,12288195,558521,94358054,46155694,1,3211
unroll_v5,unroll,conv_unroll_v5,1024,1024,3,1234,7,0,96,20218799,59495,12286871,558590,94349585,45611033,1,3210
unroll_v5,unroll,conv_unroll_v5,1024,1024,3,1234,8,0,96,20261426,55139,12313330,560566,94550131,46848214,1,3207
unroll_v5,unroll,conv_unroll_v5,1024,1024,3,1234,9,0,100,19925739,66846,12133559,547952,92849412,45994328,1,3211
unroll_v5,unroll,conv_unroll_v5,1024,1024,3,1234,10,0,96,20210259,60548,12282199,558858,94310711,46119246,1,3209
unroll_v5,unroll,conv_unroll_v5,1024,1024,3,1234,11,0,96,20327625,59874,12349548,560287,94865785,46514265,1,3209
unroll_v5,unroll,conv_unroll_v5,1024,1024,3,1234,12,0,96,20302585,61987,12337840,561915,94742385,46325347,1,3211
unroll_v5,unroll,conv_unroll_v5,1024,1024,3,1234,13,0,97,20180102,60273,12269562,557184,94160478,45528492,2,3211
unroll_v5,unroll,conv_unroll_v5,1024,1024,3,1234,14,0,96,20234512,56194,12296643,559183,94429563,45735771,1,3209
unroll_v5,unroll,conv_unroll_v5,1024,1024,3,1234,15,0,96,20206459,53335,12279743,558902,94293411,49257472,1,3210
unroll_v5,unroll,conv_unroll_v5,1024,1024,3,1234,16,0,97,20136358,59594,12236702,558311,93973147,46014581,1,3207
unroll_v5,unroll,conv_unroll_v5,1024,1024,3,1234,17,0,96,20237612,60830,12298111,559578,94437793,45533013,1,3210
unroll_v5,unroll,conv_unroll_v5,1024,1024,3,1234,18,0,96,20194214,53872,12272118,559188,94239687,46297059,1,3209
unroll_v5,unroll,conv_unroll_v5,1024,1024,3,1234,19,0,99,19914311,74302,12127103,550756,92817390,46473645,3,3207
unroll_v5,unroll,conv_unroll_v5,1024,1024,3,1234,20,0,97,20167053,59983,12255973,558146,94113977,45324317,2,3210
unroll_v5,unroll,conv_unroll_v5,2048,2048,3,1234,1,0,100,77586759,244857,47045877,2146748,362488186,176459991,0,12428
unroll_v5,unroll,conv_unroll_v5,2048,2048,3,1234,2,0,99,77950578,234381,47236544,2156171,364335752,176690643,1,12429
unroll_v5,unroll,conv_unroll_v5,2048,2048,3,1234,3,0,99,77892138,237357,47219087,2157161,363964545,177352307,2,12429
unroll_v5,unroll,conv_unroll_v5,2048,2048,3,1234,4,0,100,77588655,240984,47050256,2146498,362508837,177632608,1,12430
unroll_v5,unroll,conv_unroll_v5,2048,2048,3,1234,5,0,100,77558654,250137,47027083,2145411,362366392,175868561,1,12428
unroll_v5,unroll,conv_unroll_v5,2048,2048,3,1234,6,0,98,78249034,235092,47418446,2165501,365726821,178007772,1,12428
unroll_v5,unroll,conv_unroll_v5,2048,2048,3,1234,7,0,99,78066738,248071,47309437,2162265,364867458,177671859,2,12431
unroll_v5,unroll,conv_unroll_v5,2048,2048,3,1234,8,0,98,78268546,256826,47430307,2167244,365809746,178501529,1,12431
unroll_v5,unroll,conv_unroll_v5,2048,2048,3,1234,9,0,100,77599283,242025,47053331,2144329,362533432,176912892,1,12429
unroll_v5,unroll,conv_unroll_v5,2048,2048,3,1234,10,0,98,78267013,241110,47429053,2165235,365810296,177139731,1,12431
unroll_v5,unroll,conv_unroll_v5,2048,2048,3,1234,11,0,98,78287400,236634,47440967,2166403,365903042,178050044,1,12430
unroll_v5,unroll,conv_unroll_v5,2048,2048,3,1234,12,0,100,77568619,238062,47034158,2145965,362405219,176514649,1,12429
unroll_v5,unroll,conv_unroll_v5,2048,2048,3,1234,13,0,98,78243171,240231,47414643,2166647,365693670,177639551,1,12429
unroll_v5,unroll,conv_unroll_v5,2048,2048,3,1234,14,0,99,77968186,230817,47247976,2157157,364414940,176840740,1,12430
unroll_v5,unroll,conv_unroll_v5,2048,2048,3,1234,15,0,98,78229689,244894,47406093,2166498,365627221,178014086,2,12430
unroll_v5,unroll,conv_unroll_v5,2048,2048,3,1234,16,0,98,78221089,230200,47401585,2167290,365594850,178630139,1,12431
unroll_v5,unroll,conv_unroll_v5,2048,2048,3,1234,17,0,98,78216893,238815,47398982,2163810,365566257,177473913,1,12431
unroll_v5,unroll,conv_unroll_v5,2048,2048,3,1234,18,0,98,78280479,241377,47436977,2165499,365864264,177380202,1,12429
unroll_v5,unroll,conv_unroll_v5,2048,2048,3,1234,19,0,98,78233017,242467,47409079,2163086,365652401,177394915,1,12428
unroll_v5,unroll,conv_unroll_v5,2048,2048,3,1234,20,0,100,77572618,241670,47035700,2145599,362419760,176517293,0,12427
unroll_v5,unroll,conv_unroll_v5,4096,4096,3,1234,1,0,99,309713110,992934,187620817,8564419,1448374946,713695922,1,49303
unroll_v5,unroll,conv_unroll_v5,4096,4096,3,1234,2,0,100,308786052,986744,187061698,8536329,1443812910,706440003,2,49301
unroll_v5,unroll,conv_unroll_v5,4096,4096,3,1234,3,0,99,309605304,976101,187529338,8549528,1447783531,710121593,4,49303
unroll_v5,unroll,conv_unroll_v5,4096,4096,3,1234,4,0,99,309091645,984039,187241175,8550786,1445266884,708396613,3,49302
unroll_v5,unroll,conv_unroll_v5,4096,4096,3,1234,5,0,99,309574292,1015780,187513813,8551460,1447666083,708472020,1,49301
unroll_v5,unroll,conv_unroll_v5,4096,4096,3,1234,6,0,99,309588499,1012454,187523350,8563394,1447718903,708644043,1,49299
unroll_v5,unroll,conv_unroll_v5,4096,4096,3,1234,7,0,99,309316377,954583,187357490,8538722,1446455426,707127397,2,49300
unroll_v5,unroll,conv_unroll_v5,4096,4096,3,1234,8,0,99,309504466,1002957,187474720,8561394,1447330549,709057963,3,49301
unroll_v5,unroll,conv_unroll_v5,4096,4096,3,1234,9,0,99,309306189,967106,187353695,8555175,1446405417,707748179,2,49302
unroll_v5,unroll,conv_unroll_v5,4096,4096,3,1234,10,0,99,309523320,990690,187483970,8551608,1447418878,708318972,2,49301
unroll_v5,unroll,conv_unroll_v5,4096,4096,3,1234,11,0,99,309577855,1013568,187517132,8556084,1447672709,708634003,2,49302
unroll_v5,unroll,conv_unroll_v5,4096,4096,3,1234,12,0,99,309373257,1014000,187393377,8548542,1446710798,707961886,3,49303
unroll_v5,unroll,conv_unroll_v5,4096,4096,3,1234,13,0,99,309285585,971271,187341483,8542595,1446290805,708712308,4,49303
unroll_v5,unroll,conv_unroll_v5,4096,4096,3,1234,14,0,99,309509835,963742,187473792,8546530,1447357118,708822539,1,49303
unroll_v5,unroll,conv_unroll_v5,4096,4096,3,1234,15,0,99,309566445,1019003,187510171,8551529,1447624053,708958435,1,49301
unroll_v5,unroll,conv_unroll_v5,4096,4096,3,1234,16,0,99,309293836,975687,187344826,8542582,1446321130,708464986,6,49300
unroll_v5,unroll,conv_unroll_v5,4096,4096,3,1234,17,0,99,309615384,988720,187551669,8549384,1447886265,707738804,2,49302
unroll_v5,unroll,conv_unroll_v5,4096,4096,3,1234,18,0,99,309061297,987429,187233243,8542328,1445203606,708349726,3,49302
unroll_v5,unroll,conv_unroll_v5,4096,4096,3,1234,19,0,99,309360552,977974,187390324,8551330,1446671684,707472006,1,49298
unroll_v5,unroll,conv_unroll_v5,4096,4096,3,1234,20,0,99,309593502,1055361,187530553,8550237,1447763164,708789072,2,49303
unroll_v5,unroll,conv_unroll_v5,8192,8192,3,1234,1,0,99,1235253587,4325210,748483342,34126642,5778883511,2836115627,5,196773
unroll_v5,unroll,conv_unroll_v5,8192,8192,3,1234,2,0,100,1234512355,4416891,748088459,34110780,5775389719,2823902860,7,196772
unroll_v5,unroll,conv_unroll_v5,8192,8192,3,1234,3,0,99,1235291132,4374629,748526820,34128349,5779160541,2829925597,9,196773
unroll_v5,unroll,conv_unroll_v5,8192,8192,3,1234,4,0,99,1235261465,4567300,748507867,34105454,5779054150,2830693086,6,196774
unroll_v5,unroll,conv_unroll_v5,8192,8192,3,1234,5,0,99,1235273509,4397376,748519223,34118408,5779109620,2824963388,5,196776
unroll_v5,unroll,conv_unroll_v5,8192,8192,3,1234,6,0,99,1235335076,4379576,748561815,34091949,5779410647,2826560259,5,196775
unroll_v5,unroll,conv_unroll_v5,8192,8192,3,1234,7,0,99,1235069032,4443641,748402023,34055592,5778146661,2825412744,6,196773
unroll_v5,unroll,conv_unroll_v5,8192,8192,3,1234,8,0,99,1234866651,4394270,748265027,34083685,5777217615,2821903767,8,196774
unroll_v5,unroll,conv_unroll_v5,8192,8192,3,1234,9,0,99,1235227519,4353051,748484165,34076091,5778898123,2828273240,5,196775
unroll_v5,unroll,conv_unroll_v5,8192,8192,3,1234,10,0,99,1235010330,4397336,748366413,34101109,5777909313,2826657515,6,196773
unroll_v5,unroll,conv_unroll_v5,8192,8192,3,1234,11,0,99,1234934563,4402632,748314583,34124985,5777547004,2821860212,5,196775
unroll_v5,unroll,conv_unroll_v5,8192,8192,3,1234,12,0,99,1235198607,4539860,748477143,34100589,5778787169,2828009333,8,196773
unroll_v5,unroll,conv_unroll_v5,8192,8192,3,1234,13,0,99,1234918387,4362141,748303390,34094971,5777470493,2826216896,11,196773
unroll_v5,unroll,conv_unroll_v5,8192,8192,3,1234,14,0,99,1235290223,4459893,748535347,34098660,5779215311,2820005675,4,196774
unroll_v5,unroll,conv_unroll_v5,8192,8192,3,1234,15,0,99,1235194532,4369602,748470876,34087697,5778765200,2822214764,4,196774
unroll_v5,unroll,conv_unroll_v5,8192,8192,3,1234,16,0,99,1235041654,4479930,748386634,34121293,5778013906,2837119268,10,196773
unroll_v5,unroll,conv_unroll_v5,8192,8192,3,1234,17,0,99,1235252701,4417085,748502539,34104874,5779023058,2821329392,6,196774
unroll_v5,unroll,conv_unroll_v5,8192,8192,3,1234,18,0,99,1235252854,4501917,748510080,34126257,5779010993,2827844597,7,196774
unroll_v5,unroll,conv_unroll_v5,8192,8192,3,1234,19,0,99,1235289116,4417634,748537815,34076206,5779212354,2830246595,4,196770
unroll_v5,unroll,conv_unroll_v5,8192,8192,3,1234,20,0,99,1235269398,4368279,748517152,34091220,5779105717,2816196282,4,196773
unroll_v5,unroll,conv_unroll_v5,16384,16384,3,1234,1,0,99,4938961591,32049523,2994281737,136352267,23115628689,11275200539,20,786631
unroll_v5,unroll,conv_unroll_v5,16384,16384,3,1234,2,0,99,4938499822,32404955,2993907659,136276875,23112998029,11288016337,23,786630
unroll_v5,unroll,conv_unroll_v5,16384,16384,3,1234,3,0,99,4938801951,32408127,2994071142,136244332,23114388268,11289150668,17,786630
unroll_v5,unroll,conv_unroll_v5,16384,16384,3,1234,4,0,99,4938697489,32091829,2994003012,136354035,23113922732,11286666138,21,786630
unroll_v5,unroll,conv_unroll_v5,16384,16384,3,1234,5,0,99,4938376315,31969203,2993806150,136301053,23112463154,11286969581,18,786630
unroll_v5,unroll,conv_unroll_v5,16384,16384,3,1234,6,0,99,4938724996,32406911,2994032972,136262867,23114080799,11276366080,23,786631
unroll_v5,unroll,conv_unroll_v5,16384,16384,3,1234,7,0,99,4938735585,32273371,2994039777,136308296,23114126028,11294634441,18,786630
unroll_v5,unroll,conv_unroll_v5,16384,16384,3,1234,8,0,99,4938850248,32111995,2994124787,136224114,23114668592,11293344680,15,786631
unroll_v5,unroll,conv_unroll_v5,16384,16384,3,1234,9,0,99,4938716303,32598584,2994057209,136297411,23113945352,11292495546,25,786628
unroll_v5,unroll,conv_unroll_v5,16384,16384,3,1234,10,0,99,4938888308,32085229,2994147236,136299152,23114928004,11306397509,17,786627
unroll_v5,unroll,conv_unroll_v5,16384,16384,3,1234,11,0,99,4938600262,32129987,2993974191,136205660,23113468693,11285752702,24,786627
unroll_v5,unroll,conv_unroll_v5,16384,16384,3,1234,12,0,99,4938711034,32239306,2994007087,136245375,23113994479,11277053448,18,786630
unroll_v5,unroll,conv_unroll_v5,16384,16384,3,1234,13,0,99,4938779251,32195291,2994064174,136311593,23114355481,11288801153,19,786630
unroll_v5,unroll,conv_unroll_v5,16384,16384,3,1234,14,0,99,4938485534,32623052,2993884485,136226568,23112959277,11292096173,19,786631
unroll_v5,unroll,conv_unroll_v5,16384,16384,3,1234,15,0,99,4938773206,32855821,2994087457,136328921,23114271942,11310062100,26,786630
unroll_v5,unroll,conv_unroll_v5,16384,16384,3,1234,16,0,99,4938496417,32675839,2993910801,136405067,23113019223,11295785828,20,786628
unroll_v5,unroll,conv_unroll_v5,16384,16384,3,1234,17,0,99,4938751781,32107841,2994073616,136296727,23114195759,11310732023,27,786628
unroll_v5,unroll,conv_unroll_v5,16384,16384,3,1234,18,0,99,4938449140,31995369,2993848865,136424965,23112761940,11285188418,21,786629
unroll_v5,unroll,conv_unroll_v5,16384,16384,3,1234,19,0,99,4938208513,32255593,2993724822,136298472,23111478188,11289300531,23,786630
unroll_v5,unroll,conv_unroll_v5,16384,16384,3,1234,20,0,99,4938532469,32277533,2993922262,136267002,23113205211,11293918946,22,786630
simd128_v2,simd,conv_simd128_v2,64,64,3,1234,1,0,67,531137,12813,419417,15183,2396638,2180565,1,140
simd128_v2,simd,conv_simd128_v2,64,64,3,1234,2,0,57,626654,15081,494140,17558,2829014,2507885,1,142
simd128_v2,simd,conv_simd128_v2,64,64,3,1234,3,0,67,532362,15165,419785,15116,2401224,1992853,1,143
simd128_v2,simd,conv_simd128_v2,64,64,3,1234,4,0,53,673501,16125,531539,18970,3040666,2715575,1,145
simd128_v2,simd,conv_simd128_v2,64,64,3,1234,5,0,100,589182,14805,450014,16412,2557386,2309376,1,141
simd128_v2,simd,conv_simd128_v2,64,64,3,1234,6,0,55,649256,16713,512315,18549,2928546,2498752,1,142
simd128_v2,simd,conv_simd128_v2,64,64,3,1234,7,0,55,649569,16563,512111,18589,2933339,2561305,1,142
simd128_v2,simd,conv_simd128_v2,64,64,3,1234,8,0,56,634834,16590,500579,18132,2865773,2620250,1,144
simd128_v2,simd,conv_simd128_v2,64,64,3,1234,9,0,60,589718,16523,466255,16726,2663922,2536932,1,142
simd128_v2,simd,conv_simd128_v2,64,64,3,1234,10,0,59,607904,15632,480476,17273,2743906,2602624,1,143
simd128_v2,simd,conv_simd128_v2,64,64,3,1234,11,0,58,619506,15250,488959,17749,2798114,2527377,1,142
simd128_v2,simd,conv_simd128_v2,64,64,3,1234,12,0,100,598004,17185,455230,16796,2596937,2466240,1,142
simd128_v2,simd,conv_simd128_v2,64,64,3,1234,13,0,57,622817,17344,491406,17696,2812310,2424408,1,141
simd128_v2,simd,conv_simd128_v2,64,64,3,1234,14,0,52,674864,16163,533530,18379,3046498,2930189,1,143
simd128_v2,simd,conv_simd128_v2,64,64,3,1234,15,0,100,594996,14057,453884,15113,2582672,2300838,1,143
simd128_v2,simd,conv_simd128_v2,64,64,3,1234,16,0,55,640366,16144,505363,18401,2889351,2403461,1,143
simd128_v2,simd,conv_simd128_v2,64,64,3,1234,17,0,56,635683,15144,501837,14762,2867933,2155575,1,143
simd128_v2,simd,conv_simd128_v2,64,64,3,1234,18,0,55,645789,14692,509209,14482,2915595,2277726,1,143
simd128_v2,simd,conv_simd128_v2,64,64,3,1234,19,0,48,725938,16928,572897,17541,3278648,3466692,1,141
simd128_v2,simd,conv_simd128_v2,64,64,3,1234,20,0,56,633064,14418,499134,14289,2855778,2341433,1,144
simd128_v2,simd,conv_simd128_v2,128,128,3,1234,1,0,59,859949,13855,736699,23823,4436743,3000326,1,179
simd128_v2,simd,conv_simd128_v2,128,128,3,1234,2,0,60,849839,14187,725780,24692,4382554,3023697,1,178
simd128_v2,simd,conv_simd128_v2,128,128,3,1234,3,0,63,814798,13349,696236,22107,4200334,2784324,1,179
simd128_v2,simd,conv_simd128_v2,128,128,3,1234,4,0,95,770617,14963,630672,20974,3730391,2805053,2,180
simd128_v2,simd,conv_simd128_v2,128,128,3,1234,5,0,84,799365,15513,657618,22616,3918086,2771985,2,177
simd128_v2,simd,conv_simd128_v2,128,128,3,1234,6,0,61,832236,14014,712551,23194,4290964,2863514,1,179
simd128_v2,simd,conv_simd128_v2,128,128,3,1234,7,0,63,810755,13798,692026,24134,4184756,2887254,1,175
simd128_v2,simd,conv_simd128_v2,128,128,3,1234,8,0,60,861798,14407,736227,24844,4441252,3222858,1,179
simd128_v2,simd,conv_simd128_v2,128,128,3,1234,9,0,62,825219,14164,705329,24647,4253573,2790475,1,177
simd128_v2,simd,conv_simd128_v2,128,128,3,1234,10,0,79,739223,12662,623764,21416,3727401,2576788,2,175
simd128_v2,simd,conv_simd128_v2,128,128,3,1234,11,0,62,818818,13505,701394,24801,4225363,2968616,1,178
simd128_v2,simd,conv_simd128_v2,128,128,3,1234,12,0,62,819715,13837,701478,24106,4232579,2841815,1,175
simd128_v2,simd,conv_simd128_v2,128,128,3,1234,13,0,94,764386,14884,626761,21478,3711256,2799943,2,176
simd128_v2,simd,conv_simd128_v2,128,128,3,1234,14,0,62,818923,13850,700825,24605,4224998,2737783,1,179
simd128_v2,simd,conv_simd128_v2,128,128,3,1234,15,0,61,832698,13818,713523,23330,4297854,2802367,1,177
simd128_v2,simd,conv_simd128_v2,128,128,3,1234,16,0,100,753203,14480,612709,21652,3630036,2742897,1,179
simd128_v2,simd,conv_simd128_v2,128,128,3,1234,17,0,63,813585,13730,694481,22591,4192034,2770945,1,179
simd128_v2,simd,conv_simd128_v2,128,128,3,1234,18,0,61,827466,13579,709052,22750,4271859,2737997,1,176
simd128_v2,simd,conv_simd128_v2,128,128,3,1234,19,0,60,842668,14204,721269,24985,4351729,2861453,1,178
simd128_v2,simd,conv_simd128_v2,128,128,3,1234,20,0,100,751536,14597,611907,21176,3621921,2681558,1,180
simd128_v2,simd,conv_simd128_v2,256,256,3,1234,1,0,82,1396092,14062,1310474,51185,8322760,4543443,1,326
simd128_v2,simd,conv_simd128_v2,256,256,3,1234,2,0,78,1460161,13601,1371100,52141,8704620,4845253,1,327
simd128_v2,simd,conv_simd128_v2,256,256,3,1234,3,0,77,1488225,15141,1396115,51763,8864411,4745257,1,327
simd128_v2,simd,conv_simd128_v2,256,256,3,1234,4,0,78,1471084,14340,1380820,51584,8768069,4637840,1,327
simd128_v2,simd,conv_simd128_v2,256,256,3,1234,5,0,73,1564293,16725,1468165,55788,9318202,5129190,1,327
simd128_v2,simd,conv_simd128_v2,256,256,3,1234,6,0,77,1488884,15212,1396675,54482,8851468,4908405,2,324
simd128_v2,simd,conv_simd128_v2,256,256,3,1234,7,0,78,1458062,13344,1368784,51526,8694618,4814217,1,325
simd128_v2,simd,conv_simd128_v2,256,256,3,1234,8,0,84,1509372,16415,1384489,49652,8710647,4960085,1,327
simd128_v2,simd,conv_simd128_v2,256,256,3,1234,9,0,84,1469993,16040,1355445,50428,8549028,4878438,2,328
simd128_v2,simd,conv_simd128_v2,256,256,3,1234,10,0,78,1469132,14447,1379318,51724,8753640,4646784,1,326
simd128_v2,simd,conv_simd128_v2,256,256,3,1234,11,0,77,1480599,15220,1387726,52924,8813211,4822154,1,327
simd128_v2,simd,conv_simd128_v2,256,256,3,1234,12,0,100,1386205,17265,1249645,47089,7815696,4807814,1,326
simd128_v2,simd,conv_simd128_v2,256,256,3,1234,13,0,78,1454636,13477,1365741,53487,8672954,4667013,1,325
simd128_v2,simd,conv_simd128_v2,256,256,3,1234,14,0,72,1580417,15698,1482602,55483,9410830,5039965,1,325
simd128_v2,simd,conv_simd128_v2,256,256,3,1234,15,0,76,1513014,14800,1420820,53330,9016410,4791651,1,324
simd128_v2,simd,conv_simd128_v2,256,256,3,1234,16,0,100,1389278,17233,1252464,45533,7830283,4620384,1,325
simd128_v2,simd,conv_simd128_v2,256,256,3,1234,17,0,75,1522852,13830,1429677,55085,9074666,4896216,1,327
simd128_v2,simd,conv_simd128_v2,256,256,3,1234,18,0,77,1478486,14426,1387942,51768,8808014,4716775,1,328
simd128_v2,simd,conv_simd128_v2,256,256,3,1234,19,0,74,1543680,14715,1448932,54810,9199264,4928001,1,328
simd128_v2,simd,conv_simd128_v2,256,256,3,1234,20,0,77,1472160,13824,1381958,51145,8777678,4630434,1,323
simd128_v2,simd,conv_simd128_v2,512,512,3,1234,1,0,90,4022082,25707,3970884,155000,25839470,12328194,1,902
simd128_v2,simd,conv_simd128_v2,512,512,3,1234,2,0,91,3992556,26201,3941559,155646,25649238,12191488,1,903
simd128_v2,simd,conv_simd128_v2,512,512,3,1234,3,0,100,3894251,30064,3782736,148542,24468269,12506190,1,905
simd128_v2,simd,conv_simd128_v2,512,512,3,1234,4,0,91,4000917,26273,3951228,154078,25710551,11969603,1,903
simd128_v2,simd,conv_simd128_v2,512,512,3,1234,5,0,91,3979488,24495,3929830,152849,25576315,12056220,1,904
simd128_v2,simd,conv_simd128_v2,512,512,3,1234,6,0,90,4041150,27459,3990321,155400,25963315,12485138,1,903
simd128_v2,simd,conv_simd128_v2,512,512,3,1234,7,0,91,4002652,25296,3952146,154665,25720509,12305399,1,902
simd128_v2,simd,conv_simd128_v2,512,512,3,1234,8,0,91,3989946,25064,3939955,156966,25635226,12235263,1,903
simd128_v2,simd,conv_simd128_v2,512,512,3,1234,9,0,91,4003212,25900,3952872,153959,25726839,12283178,1,904
simd128_v2,simd,conv_simd128_v2,512,512,3,1234,10,0,100,3896748,31647,3784241,148176,24476755,12322904,1,905
simd128_v2,simd,conv_simd128_v2,512,512,3,1234,11,0,100,3894426,31343,3782675,149534,24467199,11970705,1,902
simd128_v2,simd,conv_simd128_v2,512,512,3,1234,12,0,91,4015303,26137,3965452,156030,25806759,12162882,1,901
simd128_v2,simd,conv_simd128_v2,512,512,3,1234,13,0,91,4001171,26618,3950527,155984,25706210,12200032,1,903
simd128_v2,simd,conv_simd128_v2,512,512,3,1234,14,0,91,4013128,25964,3962407,156168,25781705,12271641,1,906
simd128_v2,simd,conv_simd128_v2,512,512,3,1234,15,0,91,3992863,25859,3943222,156081,25659526,12387563,1,901
simd128_v2,simd,conv_simd128_v2,512,512,3,1234,16,0,93,3960738,26708,3898347,156915,25327178,12686421,2,901
simd128_v2,simd,conv_simd128_v2,512,512,3,1234,17,0,91,4008764,27051,3958678,156036,25759020,12364386,1,901
simd128_v2,simd,conv_simd128_v2,512,512,3,1234,18,0,90,4026191,27121,3975301,157643,25872033,12478585,1,902
simd128_v2,simd,conv_simd128_v2,512,512,3,1234,19,0,100,3893270,30354,3782198,148851,24464737,12042089,1,902
simd128_v2,simd,conv_simd128_v2,512,512,3,1234,20,0,91,3992642,27018,3942798,155643,25658416,12192104,1,900
simd128_v2,simd,conv_simd128_v2,1024,1024,3,1234,1,0,98,14072461,67311,14093492,554553,92339869,43156165,1,3210
simd128_v2,simd,conv_simd128_v2,1024,1024,3,1234,2,0,96,14149722,65132,14204739,559220,93147160,43699964,1,3210
simd128_v2,simd,conv_simd128_v2,1024,1024,3,1234,3,0,96,14164318,62504,14220372,560079,93255272,44185406,1,3211
simd128_v2,simd,conv_simd128_v2,1024,1024,3,1234,4,0,97,14070785,60645,14126132,556901,92636138,43501388,1,3208
simd128_v2,simd,conv_simd128_v2,1024,1024,3,1234,5,0,96,14128291,61845,14184133,559913,93018804,43607310,1,3208
simd128_v2,simd,conv_simd128_v2,1024,1024,3,1234,6,0,96,14189713,61408,14244314,560738,93414943,43464076,1,3208
simd128_v2,simd,conv_simd128_v2,1024,1024,3,1234,7,0,99,13969958,65168,13965856,551281,91435340,43752527,2,3211
simd128_v2,simd,conv_simd128_v2,1024,1024,3,1234,8,0,97,14001359,62014,14052185,553675,92155620,43230029,1,3211
simd128_v2,simd,conv_simd128_v2,1024,1024,3,1234,9,0,99,13941278,64474,13929098,547629,91191046,43233729,2,3208
simd128_v2,simd,conv_simd128_v2,1024,1024,3,1234,10,0,96,14127005,63375,14180431,559143,92991106,43801091,1,3209
simd128_v2,simd,conv_simd128_v2,1024,1024,3,1234,11,0,97,14115305,60346,14146100,558959,92697927,44793344,3,3207
simd128_v2,simd,conv_simd128_v2,1024,1024,3,1234,12,0,96,14137631,58508,14191171,559717,93068780,44353456,1,3209
simd128_v2,simd,conv_simd128_v2,1024,1024,3,1234,13,0,96,14148985,62468,14204946,560855,93153707,43998928,1,3206
simd128_v2,simd,conv_simd128_v2,1024,1024,3,1234,14,0,99,13934078,65579,13919262,548375,91117967,45387325,2,3211
simd128_v2,simd,conv_simd128_v2,1024,1024,3,1234,15,0,96,14179586,61088,14234793,561611,93350165,44147130,1,3210
simd128_v2,simd,conv_simd128_v2,1024,1024,3,1234,16,0,97,14074222,58606,14127795,558467,92649460,43995460,1,3209
simd128_v2,simd,conv_simd128_v2,1024,1024,3,1234,17,0,96,14209332,65650,14262977,562264,93535903,44721279,1,3210
simd128_v2,simd,conv_simd128_v2,1024,1024,3,1234,18,0,96,14140757,63223,14195048,560263,93086641,43715199,1,3209
simd128_v2,simd,conv_simd128_v2,1024,1024,3,1234,19,0,96,14149429,65362,14203326,560556,93144272,43813190,1,3208
simd128_v2,simd,conv_simd128_v2,1024,1024,3,1234,20,0,96,14154380,63144,14210650,564028,93189915,43764868,1,3210
simd128_v2,simd,conv_simd128_v2,2048,2048,3,1234,1,0,98,54467257,239769,54941051,2174114,361048435,169853622,2,12428
simd128_v2,simd,conv_simd128_v2,2048,2048,3,1234,2,0,98,54382774,254962,54858107,2166026,360506478,169522962,1,12432
simd128_v2,simd,conv_simd128_v2,2048,2048,3,1234,3,0,99,54320884,239275,54783011,2163642,359962277,169806806,2,12428
simd128_v2,simd,conv_simd128_v2,2048,2048,3,1234,4,0,98,54392790,244201,54859181,2168824,360480279,169573048,2,12431
simd128_v2,simd,conv_simd128_v2,2048,2048,3,1234,5,0,98,54422680,239848,54896940,2170038,360761375,170172132,1,12428
simd128_v2,simd,conv_simd128_v2,2048,2048,3,1234,6,0,98,54409456,232456,54884788,2174994,360677919,173001875,1,12430
simd128_v2,simd,conv_simd128_v2,2048,2048,3,1234,7,0,98,54552322,241472,55027035,2172177,361612935,170036986,1,12430
simd128_v2,simd,conv_simd128_v2,2048,2048,3,1234,8,0,99,54202939,237167,54675383,2159193,359306947,169036900,1,12427
simd128_v2,simd,conv_simd128_v2,2048,2048,3,1234,9,0,99,54217312,248405,54690323,2157761,359402011,168974441,2,12429
simd128_v2,simd,conv_simd128_v2,2048,2048,3,1234,10,0,100,53975810,240739,54377972,2146969,357186238,168626294,1,12431
simd128_v2,simd,conv_simd128_v2,2048,2048,3,1234,11,0,98,54384745,252917,54860867,2163706,360524875,169422323,1,12431
simd128_v2,simd,conv_simd128_v2,2048,2048,3,1234,12,0,98,54388931,268776,54865724,2174746,360554282,170191418,1,12429
simd128_v2,simd,conv_simd128_v2,2048,2048,3,1234,13,0,98,54384413,233616,54860559,2170023,360518762,170174741,1,12431
simd128_v2,simd,conv_simd128_v2,2048,2048,3,1234,14,0,99,54157035,238903,54628555,2157557,358996859,169094758,1,12430
simd128_v2,simd,conv_simd128_v2,2048,2048,3,1234,15,0,98,54397385,244119,54873120,2167108,360603865,170501123,1,12430
simd128_v2,simd,conv_simd128_v2,2048,2048,3,1234,16,0,98,54375390,257295,54850438,2165495,360454195,169888793,1,12432
simd128_v2,simd,conv_simd128_v2,2048,2048,3,1234,17,0,99,54233721,234363,54707793,2162642,359517123,169524435,2,12430
simd128_v2,simd,conv_simd128_v2,2048,2048,3,1234,18,0,99,54054174,249126,54466196,2149587,357783408,168873861,2,12430
simd128_v2,simd,conv_simd128_v2,2048,2048,3,1234,19,0,99,54313271,244514,54774691,2167026,359910444,170154134,2,12431
simd128_v2,simd,conv_simd128_v2,2048,2048,3,1234,20,0,99,54193665,243996,54665423,2158078,359239898,169231211,1,12430
simd128_v2,simd,conv_simd128_v2,4096,4096,3,1234,1,0,99,214878451,1013962,216946436,8547684,1426460654,678389939,4,49302
simd128_v2,simd,conv_simd128_v2,4096,4096,3,1234,2,0,99,214734252,1008417,216818455,8545924,1425609265,677223081,2,49302
simd128_v2,simd,conv_simd128_v2,4096,4096,3,1234,3,0,99,214889853,990703,216982787,8549242,1426700095,674402174,1,49299
simd128_v2,simd,conv_simd128_v2,4096,4096,3,1234,4,0,99,214702727,1005172,216784357,8542488,1425380740,675742186,2,49302
simd128_v2,simd,conv_simd128_v2,4096,4096,3,1234,5,0,99,214642314,1018933,216733209,8539470,1425057868,675184176,1,49300
simd128_v2,simd,conv_simd128_v2,4096,4096,3,1234,6,0,99,214891956,993939,216977489,8563667,1426666709,675429177,3,49304
simd128_v2,simd,conv_simd128_v2,4096,4096,3,1234,7,0,99,214954882,993063,217042362,8552518,1427092793,673863245,3,49299
simd128_v2,simd,conv_simd128_v2,4096,4096,3,1234,8,0,99,214690155,1039075,216772974,8562809,1425320169,676884100,2,49304
simd128_v2,simd,conv_simd128_v2,4096,4096,3,1234,9,0,99,214659582,1026178,216753022,8549683,1425181834,676006741,3,49302
simd128_v2,simd,conv_simd128_v2,4096,4096,3,1234,10,0,99,214917878,1041462,216964894,8548492,1426525737,672908850,2,49301
simd128_v2,simd,conv_simd128_v2,4096,4096,3,1234,11,0,99,214680851,1040743,216774462,8547951,1425316260,674370024,2,49303
simd128_v2,simd,conv_simd128_v2,4096,4096,3,1234,12,0,100,214393785,1000539,216418342,8523831,1422836645,674182065,2,49303
simd128_v2,simd,conv_simd128_v2,4096,4096,3,1234,13,0,99,214750273,995657,216845813,8543675,1425799731,673610054,1,49300
simd128_v2,simd,conv_simd128_v2,4096,4096,3,1234,14,0,99,214615319,961814,216715634,8547256,1424941873,673642503,1,49300
simd128_v2,simd,conv_simd128_v2,4096,4096,3,1234,15,0,99,214906184,1008117,217007413,8550740,1426860144,673785549,3,49298
simd128_v2,simd,conv_simd128_v2,4096,4096,3,1234,16,0,99,214834628,973356,216932640,8553991,1426361099,672750165,3,49299
simd128_v2,simd,conv_simd128_v2,4096,4096,3,1234,17,0,99,214641404,997262,216737880,8540125,1425083233,672858792,2,49303
simd128_v2,simd,conv_simd128_v2,4096,4096,3,1234,18,0,100,214379735,974925,216407596,8526118,1422753190,674375965,1,49301
simd128_v2,simd,conv_simd128_v2,4096,4096,3,1234,19,0,99,214674497,1011880,216764956,8552462,1425258435,676437135,4,49299
simd128_v2,simd,conv_simd128_v2,4096,4096,3,1234,20,0,99,214845697,1029459,216935227,8542253,1426373870,675278947,4,49298
simd128_v2,simd,conv_simd128_v2,8192,8192,3,1234,1,0,99,857137873,5189423,865754127,34063412,5693226655,2703640515,2,196774
simd128_v2,simd,conv_simd128_v2,8192,8192,3,1234,2,0,99,857411638,5256414,866047052,34064181,5695118918,2694297503,5,196773
simd128_v2,simd,conv_simd128_v2,8192,8192,3,1234,3,0,99,857174422,5352178,865811529,34063523,5693538338,2686203326,7,196775
simd128_v2,simd,conv_simd128_v2,8192,8192,3,1234,4,0,99,857208103,5225218,865845827,34059379,5693773487,2690703647,4,196775
simd128_v2,simd,conv_simd128_v2,8192,8192,3,1234,5,0,99,857405624,5231209,866038321,34087632,5695015544,2700867563,4,196772
simd128_v2,simd,conv_simd128_v2,8192,8192,3,1234,6,0,99,857412614,5257230,866052550,34064198,5695134089,2685964991,6,196771
simd128_v2,simd,conv_simd128_v2,8192,8192,3,1234,7,0,99,857416064,5193088,866052998,34064382,5695106952,2700858464,8,196771
simd128_v2,simd,conv_simd128_v2,8192,8192,3,1234,8,0,99,857269828,5242598,865907535,34048769,5694180806,2696857051,8,196772
simd128_v2,simd,conv_simd128_v2,8192,8192,3,1234,9,0,99,857464682,5590530,866099939,34103132,5695426364,2698594052,3,196774
simd128_v2,simd,conv_simd128_v2,8192,8192,3,1234,10,0,99,857438777,5240303,866073188,34053944,5695258211,2687325959,3,196775
simd128_v2,simd,conv_simd128_v2,8192,8192,3,1234,11,0,99,857240377,5300718,865864711,34045286,5693876523,2690950893,7,196773
simd128_v2,simd,conv_simd128_v2,8192,8192,3,1234,12,0,99,857158859,5423443,865792805,34074469,5693443067,2706417932,5,196775
simd128_v2,simd,conv_simd128_v2,8192,8192,3,1234,13,0,99,857349262,5606872,865987238,34049964,5694737340,2686089470,6,196773
simd128_v2,simd,conv_simd128_v2,8192,8192,3,1234,14,0,99,857425035,5265492,866062959,34078871,5695212640,2697459107,2,196772
simd128_v2,simd,conv_simd128_v2,8192,8192,3,1234,15,0,99,857516467,5501222,866138145,34055680,5695691671,2705979328,4,196774
simd128_v2,simd,conv_simd128_v2,8192,8192,3,1234,16,0,99,857286953,5329818,865917317,34061274,5694238467,2696546957,8,196773
simd128_v2,simd,conv_simd128_v2,8192,8192,3,1234,17,0,99,857260741,5251335,865893011,34063062,5694133462,2687176742,6,196772
simd128_v2,simd,conv_simd128_v2,8192,8192,3,1234,18,0,99,857595222,5245565,866032584,34065937,5694823503,2693591879,6,196774
simd128_v2,simd,conv_simd128_v2,8192,8192,3,1234,19,0,99,857454807,5284841,866083467,34112617,5695325724,2703930368,4,196773
simd128_v2,simd,conv_simd128_v2,8192,8192,3,1234,20,0,99,857221164,5236785,865856082,34065081,5693857728,2684140494,5,196773
simd128_v2,simd,conv_simd128_v2,16384,16384,3,1234,1,0,99,3428333601,34196999,3463908810,136130621,22778642391,10739032499,21,786631
simd128_v2,simd,conv_simd128_v2,16384,16384,3,1234,2,0,99,3428156618,33999631,3463683630,136092901,22777152983,10754768806,17,786627
simd128_v2,simd,conv_simd128_v2,16384,16384,3,1234,3,0,100,3427949364,34030024,3463395344,136104591,22774999982,10746218006,23,786628
simd128_v2,simd,conv_simd128_v2,16384,16384,3,1234,4,0,99,3428376656,33690783,3463909783,136116308,22778602051,10752852431,16,786628
simd128_v2,simd,conv_simd128_v2,16384,16384,3,1234,5,0,99,3428439455,33902620,3463966326,136133487,22778933609,10750383075,18,786629
simd128_v2,simd,conv_simd128_v2,16384,16384,3,1234,6,0,99,3428291917,34586898,3463838411,136119014,22778246435,10747338054,16,786627
simd128_v2,simd,conv_simd128_v2,16384,16384,3,1234,7,0,99,3428349219,33881606,3463884503,136063213,22778450967,10741767638,22,786630
simd128_v2,simd,conv_simd128_v2,16384,16384,3,1234,8,0,99,3428072556,33842771,3463604163,136096673,22776653601,10764964782,17,786632
simd128_v2,simd,conv_simd128_v2,16384,16384,3,1234,9,0,99,3428218394,33950405,3463709914,136205055,22777255927,10763003760,25,786629
simd128_v2,simd,conv_simd128_v2,16384,16384,3,1234,10,0,99,3428388469,33741500,3463903826,136111156,22778568426,10749964421,20,786632
simd128_v2,simd,conv_simd128_v2,16384,16384,3,1234,11,0,99,3428262836,34338950,3463796318,136270236,22778009544,10742421216,19,786629
simd128_v2,simd,conv_simd128_v2,16384,16384,3,1234,12,0,99,3428274369,33761698,3463807701,136141444,22778074724,10767674450,14,786626
simd128_v2,simd,conv_simd128_v2,16384,16384,3,1234,13,0,99,3428272393,34086782,3463804878,136046883,22777981815,10731821619,18,786629
simd128_v2,simd,conv_simd128_v2,16384,16384,3,1234,14,0,99,3428269741,34395809,3463813597,136115007,22778089166,10755780950,14,786627
simd128_v2,simd,conv_simd128_v2,16384,16384,3,1234,15,0,99,3428194192,34082524,3463718459,136049225,22777317035,10732947095,18,786627
simd128_v2,simd,conv_simd128_v2,16384,16384,3,1234,16,0,99,3428287699,33693964,3463820203,136144046,22778065851,10742077732,15,786630
simd128_v2,simd,conv_simd128_v2,16384,16384,3,1234,17,0,99,3428413736,34331549,3463938487,136066491,22778796763,10744678744,21,786630
simd128_v2,simd,conv_simd128_v2,16384,16384,3,1234,18,0,99,3428310319,33898544,3463845782,136225661,22778229117,10743189090,10,786629
simd128_v2,simd,conv_simd128_v2,16384,16384,3,1234,19,0,99,3428388832,34158577,3463900662,136135037,22778529571,10765418812,19,786628
simd128_v2,simd,conv_simd128_v2,16384,16384,3,1234,20,0,99,3428238103,35558630,3463757719,136234604,22777655249,10751023088,22,786631
simd128_v3,simd,conv_simd128_v3,64,64,3,1234,1,0,48,724343,17390,563997,20706,3254599,2875053,1,143
simd128_v3,simd,conv_simd128_v3,64,64,3,1234,2,0,58,624165,15947,482784,17879,2792704,2476366,2,142
simd128_v3,simd,conv_simd128_v3,64,64,3,1234,3,0,56,618830,17411,481505,17966,2779791,2587118,1,142
simd128_v3,simd,conv_simd128_v3,64,64,3,1234,4,0,69,627570,17729,485244,18015,2779006,2645729,2,145
simd128_v3,simd,conv_simd128_v3,64,64,3,1234,5,0,58,602503,15619,469032,17596,2706874,2488969,1,140
simd128_v3,simd,conv_simd128_v3,64,64,3,1234,6,0,57,619743,16407,482967,18027,2781945,2498005,1,143
simd128_v3,simd,conv_simd128_v3,64,64,3,1234,7,0,50,697809,18439,543914,20266,3134781,2769781,2,143
simd128_v3,simd,conv_simd128_v3,64,64,3,1234,8,0,57,617277,17006,480548,17817,2772220,2516160,1,143
simd128_v3,simd,conv_simd128_v3,64,64,3,1234,9,0,56,625109,16250,487221,17895,2807108,2434971,1,144
simd128_v3,simd,conv_simd128_v3,64,64,3,1234,10,0,58,598627,14615,466639,17441,2686595,2523227,1,141
simd128_v3,simd,conv_simd128_v3,64,64,3,1234,11,0,98,597599,16984,451590,16614,2585867,2583085,2,142
simd128_v3,simd,conv_simd128_v3,64,64,3,1234,12,0,57,609948,15869,474899,17611,2738264,2514247,1,140
simd128_v3,simd,conv_simd128_v3,64,64,3,1234,13,0,56,630018,15406,490214,18312,2829628,2356301,1,142
simd128_v3,simd,conv_simd128_v3,64,64,3,1234,14,0,56,620205,16540,482769,17816,2786369,2626378,1,141
simd128_v3,simd,conv_simd128_v3,64,64,3,1234,15,0,55,632875,15377,492700,17281,2841230,2671399,1,143
simd128_v3,simd,conv_simd128_v3,64,64,3,1234,16,0,56,627717,17412,488597,17892,2815605,2502648,1,144
simd128_v3,simd,conv_simd128_v3,64,64,3,1234,17,0,56,627523,14768,487960,16862,2816366,2320956,1,142
simd128_v3,simd,conv_simd128_v3,64,64,3,1234,18,0,100,604142,15487,455522,16734,2610161,2381134,1,144
simd128_v3,simd,conv_simd128_v3,64,64,3,1234,19,0,56,627970,15101,488512,15865,2819789,2215304,1,144
simd128_v3,simd,conv_simd128_v3,64,64,3,1234,20,0,56,633329,15170,493511,15369,2843685,2241893,1,144
simd128_v3,simd,conv_simd128_v3,128,128,3,1234,1,0,91,765141,14894,612458,20099,3686717,2599478,1,179
simd128_v3,simd,conv_simd128_v3,128,128,3,1234,2,0,63,778712,13149,646292,25341,3987534,2792094,1,179
simd128_v3,simd,conv_simd128_v3,128,128,3,1234,3,0,65,759173,13224,629374,22877,3884744,2930255,1,180
simd128_v3,simd,conv_simd128_v3,128,128,3,1234,4,0,62,812990,13918,675197,24019,4150246,2897804,1,178
simd128_v3,simd,conv_simd128_v3,128,128,3,1234,5,0,62,792178,13797,657265,26189,4060819,2901255,1,177
simd128_v3,simd,conv_simd128_v3,128,128,3,1234,6,0,63,783185,13582,649824,25015,4009036,2721621,1,178
simd128_v3,simd,conv_simd128_v3,128,128,3,1234,7,0,63,784277,13563,650428,26194,4018910,2790559,1,178
simd128_v3,simd,conv_simd128_v3,128,128,3,1234,8,0,59,832298,14795,689867,27995,4260434,3195568,1,180
simd128_v3,simd,conv_simd128_v3,128,128,3,1234,9,0,100,736367,14434,585736,21391,3522988,2647182,1,181
simd128_v3,simd,conv_simd128_v3,128,128,3,1234,10,0,63,784937,13647,651163,24156,4017200,2754726,1,179
simd128_v3,simd,conv_simd128_v3,128,128,3,1234,11,0,62,793268,13834,658510,24273,4062956,2742608,1,179
simd128_v3,simd,conv_simd128_v3,128,128,3,1234,12,0,82,781361,15734,628408,22572,3812229,2839654,2,179
simd128_v3,simd,conv_simd128_v3,128,128,3,1234,13,0,62,793826,14350,658649,25583,4061531,2879794,1,179
simd128_v3,simd,conv_simd128_v3,128,128,3,1234,14,0,64,767245,13435,636187,25610,3929740,2827008,1,175
simd128_v3,simd,conv_simd128_v3,128,128,3,1234,15,0,64,772794,14328,641667,25648,3957568,2773517,1,180
simd128_v3,simd,conv_simd128_v3,128,128,3,1234,16,0,64,772304,13488,640594,25464,3955699,2787361,1,180
simd128_v3,simd,conv_simd128_v3,128,128,3,1234,17,0,100,731022,14384,581404,22234,3500346,2757495,1,176
simd128_v3,simd,conv_simd128_v3,128,128,3,1234,18,0,61,808571,14010,670302,23912,4138490,2700171,1,180
simd128_v3,simd,conv_simd128_v3,128,128,3,1234,19,0,63,788039,13574,654094,24642,4035765,2676782,1,178
simd128_v3,simd,conv_simd128_v3,128,128,3,1234,20,0,61,809938,14233,671640,24410,4147856,2680599,1,179
simd128_v3,simd,conv_simd128_v3,256,256,3,1234,1,0,77,1389234,14409,1244782,54001,8257388,4650258,1,327
simd128_v3,simd,conv_simd128_v3,256,256,3,1234,2,0,78,1378899,15210,1234505,54611,8197769,4700135,1,325
simd128_v3,simd,conv_simd128_v3,256,256,3,1234,3,0,75,1429498,15061,1281381,53205,8505557,4593377,1,325
simd128_v3,simd,conv_simd128_v3,256,256,3,1234,4,0,78,1367319,14029,1224140,52263,8133288,4584036,1,325
simd128_v3,simd,conv_simd128_v3,256,256,3,1234,5,0,76,1404448,14361,1257305,52052,8347755,4605938,1,325
simd128_v3,simd,conv_simd128_v3,256,256,3,1234,6,0,77,1392937,14556,1248032,52231,8286394,4514621,1,326
simd128_v3,simd,conv_simd128_v3,256,256,3,1234,7,0,76,1407361,15366,1258712,52216,8356313,4630501,1,327
simd128_v3,simd,conv_simd128_v3,256,256,3,1234,8,0,77,1402664,14460,1255269,52764,8328530,4871458,1,326
simd128_v3,simd,conv_simd128_v3,256,256,3,1234,9,0,77,1390133,15087,1244343,51817,8256851,4731870,1,326
simd128_v3,simd,conv_simd128_v3,256,256,3,1234,10,0,100,1318354,16926,1138886,46730,7386869,4603158,1,328
simd128_v3,simd,conv_simd128_v3,256,256,3,1234,11,0,77,1392033,14150,1246626,51775,8273087,4430973,1,327
simd128_v3,simd,conv_simd128_v3,256,256,3,1234,12,0,76,1400357,13911,1255308,52355,8333519,4490910,1,326
simd128_v3,simd,conv_simd128_v3,256,256,3,1234,13,0,90,1375623,16917,1198131,48078,7813215,4503686,1,324
simd128_v3,simd,conv_simd128_v3,256,256,3,1234,14,0,100,1315609,17442,1137053,47294,7376147,4680129,1,324
simd128_v3,simd,conv_simd128_v3,256,256,3,1234,15,0,77,1394314,15765,1249649,52858,8288657,4505457,1,326
simd128_v3,simd,conv_simd128_v3,256,256,3,1234,16,0,100,1315891,18856,1136651,47448,7378311,4692805,2,324
simd128_v3,simd,conv_simd128_v3,256,256,3,1234,17,0,77,1396830,14638,1251263,52914,8305100,4531958,1,325
simd128_v3,simd,conv_simd128_v3,256,256,3,1234,18,0,77,1395575,14398,1249365,52520,8290601,4552072,1,327
simd128_v3,simd,conv_simd128_v3,256,256,3,1234,19,0,77,1386591,14121,1240781,53092,8236639,4554615,1,327
simd128_v3,simd,conv_simd128_v3,256,256,3,1234,20,0,93,1352081,17709,1174583,49398,7651235,4650428,2,329
simd128_v3,simd,conv_simd128_v3,512,512,3,1234,1,0,90,3722255,25442,3488171,156453,24008577,11947593,1,900
simd128_v3,simd,conv_simd128_v3,512,512,3,1234,2,0,100,3598899,28893,3321864,146312,22659741,11515139,1,903
simd128_v3,simd,conv_simd128_v3,512,512,3,1234,3,0,92,3620537,25404,3392629,151249,23347509,11371157,1,903
simd128_v3,simd,conv_simd128_v3,512,512,3,1234,4,0,96,3653435,27927,3388672,149379,23177054,11588384,2,903
simd128_v3,simd,conv_simd128_v3,512,512,3,1234,5,0,91,3691174,22748,3459032,154171,23811336,12184319,1,905
simd128_v3,simd,conv_simd128_v3,512,512,3,1234,6,0,98,3637472,30343,3361116,150197,22930510,11934800,2,905
simd128_v3,simd,conv_simd128_v3,512,512,3,1234,7,0,100,3598932,31573,3322734,148199,22656103,11563637,1,904
simd128_v3,simd,conv_simd128_v3,512,512,3,1234,8,0,100,3603887,32451,3326306,149883,22677960,11690218,1,905
simd128_v3,simd,conv_simd128_v3,512,512,3,1234,9,0,91,3691547,27061,3460151,159137,23816070,11709619,1,902
simd128_v3,simd,conv_simd128_v3,512,512,3,1234,10,0,89,3741942,27252,3507387,158002,24142694,12032279,1,903
simd128_v3,simd,conv_simd128_v3,512,512,3,1234,11,0,91,3690914,27052,3458744,156170,23808533,11811648,1,904
simd128_v3,simd,conv_simd128_v3,512,512,3,1234,12,0,90,3720317,25991,3485910,157903,23990874,12039124,1,903
simd128_v3,simd,conv_simd128_v3,512,512,3,1234,13,0,90,3731654,25959,3497509,157910,24075413,11851982,1,902
simd128_v3,simd,conv_simd128_v3,512,512,3,1234,14,0,91,3693523,26685,3460800,156818,23818153,11867329,1,903
simd128_v3,simd,conv_simd128_v3,512,512,3,1234,15,0,90,3713535,27568,3479275,158002,23947544,12061843,1,903
simd128_v3,simd,conv_simd128_v3,512,512,3,1234,16,0,90,3705994,26964,3473199,156861,23902712,11873507,1,907
simd128_v3,simd,conv_simd128_v3,512,512,3,1234,17,0,91,3686476,25757,3454744,156044,23774692,11972534,1,903
simd128_v3,simd,conv_simd128_v3,512,512,3,1234,18,0,90,3697932,26599,3465191,156361,23852323,11718223,1,902
simd128_v3,simd,conv_simd128_v3,512,512,3,1234,19,0,91,3719465,28023,3476076,158248,23871086,12100688,2,902
simd128_v3,simd,conv_simd128_v3,512,512,3,1234,20,0,90,3704899,26431,3472301,156805,23898887,11877254,1,901
simd128_v3,simd,conv_simd128_v3,1024,1024,3,1234,1,0,96,13007060,64232,12376986,567245,86175496,42046161,2,3211
simd128_v3,simd,conv_simd128_v3,1024,1024,3,1234,2,0,96,12941587,62103,12315926,560759,85763189,41214733,1,3208
simd128_v3,simd,conv_simd128_v3,1024,1024,3,1234,3,0,96,13028018,61084,12391510,564783,86276406,42356177,2,3209
simd128_v3,simd,conv_simd128_v3,1024,1024,3,1234,4,0,96,12994836,59784,12361334,561673,86073574,41906625,2,3207
simd128_v3,simd,conv_simd128_v3,1024,1024,3,1234,5,0,97,12888206,68053,12244195,557103,85158685,41636094,2,3211
simd128_v3,simd,conv_simd128_v3,1024,1024,3,1234,6,0,97,12933508,62000,12298527,560395,85589365,42085232,3,3207
simd128_v3,simd,conv_simd128_v3,1024,1024,3,1234,7,0,96,12970018,60075,12343848,561928,85951514,41781013,2,3210
simd128_v3,simd,conv_simd128_v3,1024,1024,3,1234,8,0,96,13013461,64230,12377722,563856,86179965,42219865,2,3209
simd128_v3,simd,conv_simd128_v3,1024,1024,3,1234,9,0,96,12963725,60294,12336841,563253,85901105,42205800,1,3210
simd128_v3,simd,conv_simd128_v3,1024,1024,3,1234,10,0,96,12964977,60586,12338247,562466,85916923,41988927,1,3208
simd128_v3,simd,conv_simd128_v3,1024,1024,3,1234,11,0,96,13008008,53686,12373868,563628,86158715,45868722,2,3210
simd128_v3,simd,conv_simd128_v3,1024,1024,3,1234,12,0,96,12949982,64000,12323258,562729,85804259,43302936,1,3210
simd128_v3,simd,conv_simd128_v3,1024,1024,3,1234,13,0,99,12773482,66385,12106426,549616,84079608,41638221,2,3209
simd128_v3,simd,conv_simd128_v3,1024,1024,3,1234,14,0,96,12977321,58247,12349154,562588,85986967,42381345,1,3210
simd128_v3,simd,conv_simd128_v3,1024,1024,3,1234,15,0,96,12925162,58556,12300671,561068,85654678,41712132,1,3209
simd128_v3,simd,conv_simd128_v3,1024,1024,3,1234,16,0,100,12742132,61189,12073250,549150,83834672,41720757,1,3209
simd128_v3,simd,conv_simd128_v3,1024,1024,3,1234,17,0,97,12945956,60407,12291224,558345,85484655,43050866,3,3211
simd128_v3,simd,conv_simd128_v3,1024,1024,3,1234,18,0,100,12745171,67212,12074187,547951,83848166,41280731,1,3211
simd128_v3,simd,conv_simd128_v3,1024,1024,3,1234,19,0,96,12953573,59311,12325592,561618,85830969,42459926,1,3210
simd128_v3,simd,conv_simd128_v3,1024,1024,3,1234,20,0,96,12979803,61873,12350050,561898,85992491,41819495,2,3210
simd128_v3,simd,conv_simd128_v3,2048,2048,3,1234,1,0,98,49645122,232942,47457792,2167300,331511263,163562037,3,12427
simd128_v3,simd,conv_simd128_v3,2048,2048,3,1234,2,0,98,49644981,238302,47462624,2167096,331557049,163105983,1,12429
simd128_v3,simd,conv_simd128_v3,2048,2048,3,1234,3,0,98,49663916,237671,47478745,2169280,331665164,163419853,1,12431
simd128_v3,simd,conv_simd128_v3,2048,2048,3,1234,4,0,99,49470604,236913,47295828,2164157,330390691,162434056,1,12431
simd128_v3,simd,conv_simd128_v3,2048,2048,3,1234,5,0,100,49253527,244196,47032140,2148833,328313757,162182558,1,12430
simd128_v3,simd,conv_simd128_v3,2048,2048,3,1234,6,0,98,49625925,230556,47441383,2166152,331403479,162667942,2,12428
simd128_v3,simd,conv_simd128_v3,2048,2048,3,1234,7,0,99,49408359,240600,47211338,2155849,329697054,162827487,2,12430
simd128_v3,simd,conv_simd128_v3,2048,2048,3,1234,8,0,98,49668524,246180,47482623,2168797,331696543,163822086,1,12430
simd128_v3,simd,conv_simd128_v3,2048,2048,3,1234,9,0,98,49691624,247004,47505110,2176855,331846778,163895564,1,12431
simd128_v3,simd,conv_simd128_v3,2048,2048,3,1234,10,0,99,49421354,245371,47206223,2155734,329594734,162184120,2,12429
simd128_v3,simd,conv_simd128_v3,2048,2048,3,1234,11,0,98,49680842,250496,47494996,2169836,331783860,163218939,1,12429
simd128_v3,simd,conv_simd128_v3,2048,2048,3,1234,12,0,98,49664899,236392,47478532,2170056,331665831,163411969,2,12427
simd128_v3,simd,conv_simd128_v3,2048,2048,3,1234,13,0,98,49635984,237568,47451704,2164458,331481884,163199910,1,12427
simd128_v3,simd,conv_simd128_v3,2048,2048,3,1234,14,0,99,49470779,236631,47291920,2160610,330359686,162794176,1,12430
simd128_v3,simd,conv_simd128_v3,2048,2048,3,1234,15,0,98,49680290,232366,47493116,2169710,331766380,163553380,1,12430
simd128_v3,simd,conv_simd128_v3,2048,2048,3,1234,16,0,99,49458207,228008,47283339,2162664,330304804,162789444,1,12431
simd128_v3,simd,conv_simd128_v3,2048,2048,3,1234,17,0,98,49778284,243171,47548773,2169210,332227856,163542153,1,12429
simd128_v3,simd,conv_simd128_v3,2048,2048,3,1234,18,0,98,49690894,234668,47503571,2168165,331840945,163115812,1,12432
simd128_v3,simd,conv_simd128_v3,2048,2048,3,1234,19,0,98,49555950,238931,47376971,2166599,330957492,162881156,1,12431
simd128_v3,simd,conv_simd128_v3,2048,2048,3,1234,20,0,98,49646188,230220,47465970,2174440,331586313,162530361,1,12426
simd128_v3,simd,conv_simd128_v3,4096,4096,3,1234,1,0,99,196116656,1016688,187653808,8555625,1311847188,653828131,1,49301
simd128_v3,simd,conv_simd128_v3,4096,4096,3,1234,2,0,99,195762769,975963,187340511,8543094,1309700037,650759134,2,49300
simd128_v3,simd,conv_simd128_v3,4096,4096,3,1234,3,0,99,196015725,956153,187581698,8560357,1311383806,650724040,2,49300
simd128_v3,simd,conv_simd128_v3,4096,4096,3,1234,4,0,99,195760361,970598,187334355,8543414,1309643172,650653864,1,49300
simd128_v3,simd,conv_simd128_v3,4096,4096,3,1234,5,0,99,195760900,947746,187337859,8540400,1309685681,649573855,3,49304
simd128_v3,simd,conv_simd128_v3,4096,4096,3,1234,6,0,99,195969745,934652,187534970,8549819,1311055127,651244314,1,49303
simd128_v3,simd,conv_simd128_v3,4096,4096,3,1234,7,0,99,196036374,992584,187600429,8550840,1311498447,649432332,5,49302
simd128_v3,simd,conv_simd128_v3,4096,4096,3,1234,8,0,99,196003737,956372,187563975,8547112,1311247466,650179197,3,49300
simd128_v3,simd,conv_simd128_v3,4096,4096,3,1234,9,0,99,196013186,978865,187575089,8544078,1311324308,649415916,2,49302
simd128_v3,simd,conv_simd128_v3,4096,4096,3,1234,10,0,99,195942222,998383,187506749,8551667,1310856824,650886181,1,49304
simd128_v3,simd,conv_simd128_v3,4096,4096,3,1234,11,0,99,195973564,953759,187541535,8547604,1311109185,649811175,1,49299
simd128_v3,simd,conv_simd128_v3,4096,4096,3,1234,12,0,99,195974952,1004620,187539565,8546725,1311046576,649603570,3,49300
simd128_v3,simd,conv_simd128_v3,4096,4096,3,1234,13,0,99,195775404,1067936,187351285,8540472,1309761131,650694792,2,49299
simd128_v3,simd,conv_simd128_v3,4096,4096,3,1234,14,0,99,195959327,965192,187524469,8574442,1310960888,649375781,1,49304
simd128_v3,simd,conv_simd128_v3,4096,4096,3,1234,15,0,100,195535370,975163,187062024,8527036,1307509810,648085478,1,49304
simd128_v3,simd,conv_simd128_v3,4096,4096,3,1234,16,0,99,195950577,962455,187519277,8546201,1310938839,651658188,1,49302
simd128_v3,simd,conv_simd128_v3,4096,4096,3,1234,17,0,99,196018312,965332,187580239,8566472,1311358140,652429075,3,49300
simd128_v3,simd,conv_simd128_v3,4096,4096,3,1234,18,0,100,195543223,973565,187071230,8534532,1307568301,648595178,2,49303
simd128_v3,simd,conv_simd128_v3,4096,4096,3,1234,19,0,99,196179019,993061,187729434,8568033,1312399831,658290247,3,49302
simd128_v3,simd,conv_simd128_v3,4096,4096,3,1234,20,0,100,195584443,964532,187064008,8524470,1307483405,646436259,1,49300
simd128_v3,simd,conv_simd128_v3,8192,8192,3,1234,1,0,99,781837219,4321464,748469593,34076370,5233152194,2585824350,5,196775
simd128_v3,simd,conv_simd128_v3,8192,8192,3,1234,2,0,99,781883767,4405606,748531951,34085566,5233520489,2587212122,6,196774
simd128_v3,simd,conv_simd128_v3,8192,8192,3,1234,3,0,99,781650512,4450832,748306661,34040056,5231977517,2598896170,3,196772
simd128_v3,simd,conv_simd128_v3,8192,8192,3,1234,4,0,99,781927279,4343044,748568410,34073478,5233748373,2592688870,5,196772
simd128_v3,simd,conv_simd128_v3,8192,8192,3,1234,5,0,99,781662305,4642558,748317429,34041506,5232000463,2593608033,6,196774
simd128_v3,simd,conv_simd128_v3,8192,8192,3,1234,6,0,99,781866693,4447494,748518691,34073247,5233483359,2585518191,4,196773
simd128_v3,simd,conv_simd128_v3,8192,8192,3,1234,7,0,99,781787523,4526816,748441508,34093302,5232916989,2590848765,4,196772
simd128_v3,simd,conv_simd128_v3,8192,8192,3,1234,8,0,99,781859177,4249104,748510486,34074546,5233427658,2596900009,4,196770
simd128_v3,simd,conv_simd128_v3,8192,8192,3,1234,9,0,99,781888051,4402282,748532823,34096595,5233504892,2594583765,3,196773
simd128_v3,simd,conv_simd128_v3,8192,8192,3,1234,10,0,99,781842202,4373392,748495783,34070861,5233328631,2590836777,4,196774
simd128_v3,simd,conv_simd128_v3,8192,8192,3,1234,11,0,99,781663110,4552824,748318398,34082048,5232010433,2587313657,2,196772
simd128_v3,simd,conv_simd128_v3,8192,8192,3,1234,12,0,100,781415493,5004720,748028285,34047996,5229774213,2595285132,6,196775
simd128_v3,simd,conv_simd128_v3,8192,8192,3,1234,13,0,99,781628094,4279873,748283641,34096101,5231797801,2602694603,8,196771
simd128_v3,simd,conv_simd128_v3,8192,8192,3,1234,14,0,99,781841167,5070998,748494066,34101479,5233329421,2598376095,4,196773
simd128_v3,simd,conv_simd128_v3,8192,8192,3,1234,15,0,100,781386691,4393623,748002892,34036344,5229618682,2581802030,2,196773
simd128_v3,simd,conv_simd128_v3,8192,8192,3,1234,16,0,99,781757090,4283002,748402870,34056551,5232613870,2596297596,5,196775
simd128_v3,simd,conv_simd128_v3,8192,8192,3,1234,17,0,99,781835649,4398898,748478491,34060348,5233096613,2605506319,4,196773
simd128_v3,simd,conv_simd128_v3,8192,8192,3,1234,18,0,99,781529849,4360305,748198630,34061719,5231285600,2589021167,7,196771
simd128_v3,simd,conv_simd128_v3,8192,8192,3,1234,19,0,99,781802809,4295172,748453028,34045223,5232979584,2586916967,2,196772
simd128_v3,simd,conv_simd128_v3,8192,8192,3,1234,20,0,99,781736563,4467660,748385469,34066782,5232480212,2595020703,4,196774
simd128_v3,simd,conv_simd128_v3,16384,16384,3,1234,1,0,99,3126143224,32095022,2993944496,136114648,20932203260,10324190040,22,786631
simd128_v3,simd,conv_simd128_v3,16384,16384,3,1234,2,0,99,3126136013,32324282,2993885470,136106459,20931824864,10320956720,14,786629
simd128_v3,simd,conv_simd128_v3,16384,16384,3,1234,3,0,99,3126180648,32114716,2993913308,136081886,20931880562,10310981918,13,786627
simd128_v3,simd,conv_simd128_v3,16384,16384,3,1234,4,0,99,3126118985,32890548,2993854615,136142344,20931504437,10327691901,16,786629
simd128_v3,simd,conv_simd128_v3,16384,16384,3,1234,5,0,99,3126186807,32045459,2993922811,136095892,20932069911,10332929251,12,786630
simd128_v3,simd,conv_simd128_v3,16384,16384,3,1234,6,0,99,3126355894,32105710,2994071144,136101142,20932901831,10336788294,14,786631
simd128_v3,simd,conv_simd128_v3,16384,16384,3,1234,7,0,99,3126171090,32012216,2993909696,136072043,20931948836,10315042898,15,786627
simd128_v3,simd,conv_simd128_v3,16384,16384,3,1234,8,0,99,3125951463,32116727,2993677568,136129230,20930136650,10320348058,16,786630
simd128_v3,simd,conv_simd128_v3,16384,16384,3,1234,9,0,99,3125950522,33808048,2993696654,136195789,20930447993,10340853845,15,786629
simd128_v3,simd,conv_simd128_v3,16384,16384,3,1234,10,0,99,3126392893,34369109,2994072829,136187397,20933019508,10351704708,17,786630
simd128_v3,simd,conv_simd128_v3,16384,16384,3,1234,11,0,99,3126904138,32636984,2993842814,136167183,20930477453,10344372892,13,786629
simd128_v3,simd,conv_simd128_v3,16384,16384,3,1234,12,0,99,3126166768,32381975,2993911499,136112727,20931970861,10317399614,16,786627
simd128_v3,simd,conv_simd128_v3,16384,16384,3,1234,13,0,100,3125785366,32042373,2993482728,136141395,20928605514,10347818170,16,786628
simd128_v3,simd,conv_simd128_v3,16384,16384,3,1234,14,0,100,3125736331,33129114,2993439916,136085817,20928374570,10324044384,14,786631
simd128_v3,simd,conv_simd128_v3,16384,16384,3,1234,15,0,99,3126148971,33396568,2993893823,136135696,20931878975,10342863376,16,786630
simd128_v3,simd,conv_simd128_v3,16384,16384,3,1234,16,0,99,3126121395,32621370,2993846127,136062849,20931330211,10334098932,13,786629
simd128_v3,simd,conv_simd128_v3,16384,16384,3,1234,17,0,100,3125724911,32090721,2993422843,136120406,20928283156,10323974459,14,786629
simd128_v3,simd,conv_simd128_v3,16384,16384,3,1234,18,0,99,3126333521,32651632,2994035530,136105592,20933086006,10322863129,13,786629
simd128_v3,simd,conv_simd128_v3,16384,16384,3,1234,19,0,99,3125885868,32126422,2993636826,136141815,20930116519,10340136447,18,786630
simd128_v3,simd,conv_simd128_v3,16384,16384,3,1234,20,0,99,3126212199,32315219,2993943520,136086937,20932112970,10339687310,15,786628
simd128_v4,simd,conv_simd128_v4,64,64,3,1234,1,0,100,587163,16895,441211,16235,2524839,2511685,1,142
simd128_v4,simd,conv_simd128_v4,64,64,3,1234,2,0,54,639972,18158,493404,18373,2844276,2530458,1,141
simd128_v4,simd,conv_simd128_v4,64,64,3,1234,3,0,56,621043,17276,478440,18046,2761136,2452903,1,144
simd128_v4,simd,conv_simd128_v4,64,64,3,1234,4,0,55,624544,16651,481664,18119,2774441,2678376,1,141
simd128_v4,simd,conv_simd128_v4,64,64,3,1234,5,0,57,606351,17015,466861,17378,2691882,2662814,1,141
simd128_v4,simd,conv_simd128_v4,64,64,3,1234,6,0,64,595770,15721,459961,17777,2634801,2599611,2,144
simd128_v4,simd,conv_simd128_v4,64,64,3,1234,7,0,55,628646,18082,483883,18046,2791471,2447152,1,143
simd128_v4,simd,conv_simd128_v4,64,64,3,1234,8,0,100,585408,16600,440148,16561,2514593,2429995,1,142
simd128_v4,simd,conv_simd128_v4,64,64,3,1234,9,0,56,620256,17137,477510,17935,2754615,2473596,1,143
simd128_v4,simd,conv_simd128_v4,64,64,3,1234,10,0,50,691589,19509,532808,19863,3071821,2958595,1,142
simd128_v4,simd,conv_simd128_v4,64,64,3,1234,11,0,55,637741,17713,491050,18441,2830458,2557854,1,143
simd128_v4,simd,conv_simd128_v4,64,64,3,1234,12,0,55,629492,15390,484232,18316,2794555,2576495,1,144
simd128_v4,simd,conv_simd128_v4,64,64,3,1234,13,0,100,582334,14604,437781,15901,2501365,2298262,1,140
simd128_v4,simd,conv_simd128_v4,64,64,3,1234,14,0,51,686861,16922,529666,19761,3054690,2556335,1,144
simd128_v4,simd,conv_simd128_v4,64,64,3,1234,15,0,56,616839,17530,476330,17775,2742448,2366559,1,143
simd128_v4,simd,conv_simd128_v4,64,64,3,1234,16,0,56,619933,16306,477062,17969,2753437,2545362,1,144
simd128_v4,simd,conv_simd128_v4,64,64,3,1234,17,0,84,624782,16781,470275,16886,2695323,2422920,2,140
simd128_v4,simd,conv_simd128_v4,64,64,3,1234,18,0,54,642686,15010,495495,15325,2857882,2310122,1,143
simd128_v4,simd,conv_simd128_v4,64,64,3,1234,19,0,53,648482,15061,500609,14025,2882436,2214461,1,141
simd128_v4,simd,conv_simd128_v4,64,64,3,1234,20,0,55,630530,14814,485806,14930,2803345,2255875,1,143
simd128_v4,simd,conv_simd128_v4,128,128,3,1234,1,0,77,783676,15589,619173,22130,3770463,2805528,2,178
simd128_v4,simd,conv_simd128_v4,128,128,3,1234,2,0,61,782146,14033,632372,24314,3913714,2819810,1,179
simd128_v4,simd,conv_simd128_v4,128,128,3,1234,3,0,62,777058,13690,626411,22647,3885981,2707830,1,177
simd128_v4,simd,conv_simd128_v4,128,128,3,1234,4,0,61,785999,14015,635714,24160,3934976,2699597,1,175
simd128_v4,simd,conv_simd128_v4,128,128,3,1234,5,0,61,783378,13832,632963,22880,3923699,2702662,1,177
simd128_v4,simd,conv_simd128_v4,128,128,3,1234,6,0,100,718968,15655,560730,22196,3379649,2688946,1,176
simd128_v4,simd,conv_simd128_v4,128,128,3,1234,7,0,88,767248,15336,600042,22818,3633472,2790230,2,179
simd128_v4,simd,conv_simd128_v4,128,128,3,1234,8,0,61,788397,14006,637012,22931,3940767,3030693,1,178
simd128_v4,simd,conv_simd128_v4,128,128,3,1234,9,0,63,769033,13899,621204,25405,3843372,2924324,1,178
simd128_v4,simd,conv_simd128_v4,128,128,3,1234,10,0,63,760223,13341,614257,23964,3804493,2728728,1,179
simd128_v4,simd,conv_simd128_v4,128,128,3,1234,11,0,60,798075,13899,645753,25275,3997625,2753890,1,178
simd128_v4,simd,conv_simd128_v4,128,128,3,1234,12,0,56,860838,15389,694893,25103,4308753,3025927,1,178
simd128_v4,simd,conv_simd128_v4,128,128,3,1234,13,0,77,789251,15346,623568,22559,3798996,2855441,2,177
simd128_v4,simd,conv_simd128_v4,128,128,3,1234,14,0,62,777331,13496,627676,22528,3889293,2780045,1,178
simd128_v4,simd,conv_simd128_v4,128,128,3,1234,15,0,57,840844,15149,678876,26172,4209193,3389721,2,177
simd128_v4,simd,conv_simd128_v4,128,128,3,1234,16,0,56,853203,14800,689980,24606,4268606,2880994,1,179
simd128_v4,simd,conv_simd128_v4,128,128,3,1234,17,0,57,840641,14968,678211,25660,4207294,2965424,1,179
simd128_v4,simd,conv_simd128_v4,128,128,3,1234,18,0,58,836925,14384,675977,24894,4188356,2912267,1,177
simd128_v4,simd,conv_simd128_v4,128,128,3,1234,19,0,59,806335,13787,651567,23228,4035675,2758149,1,181
simd128_v4,simd,conv_simd128_v4,128,128,3,1234,20,0,58,834748,15198,674024,25524,4169263,3100362,1,178
simd128_v4,simd,conv_simd128_v4,256,256,3,1234,1,0,77,1329628,14775,1142510,52140,7669158,4507517,1,326
simd128_v4,simd,conv_simd128_v4,256,256,3,1234,2,0,78,1303080,14677,1119560,51575,7518026,4516849,1,325
simd128_v4,simd,conv_simd128_v4,256,256,3,1234,3,0,68,1496287,16277,1284441,58551,8632120,5204270,1,328
simd128_v4,simd,conv_simd128_v4,256,256,3,1234,4,0,74,1368115,14851,1175619,54327,7892930,4775851,1,327
simd128_v4,simd,conv_simd128_v4,256,256,3,1234,5,0,73,1393706,15222,1196420,55189,8040690,4921268,1,324
simd128_v4,simd,conv_simd128_v4,256,256,3,1234,6,0,93,1295860,17671,1084900,47822,7135065,4590204,2,323
simd128_v4,simd,conv_simd128_v4,256,256,3,1234,7,0,77,1317182,14626,1131290,51902,7594647,4499012,1,325
simd128_v4,simd,conv_simd128_v4,256,256,3,1234,8,0,77,1349892,14321,1157709,52001,7749241,4622959,1,328
simd128_v4,simd,conv_simd128_v4,256,256,3,1234,9,0,77,1322932,14851,1135815,52161,7634221,4580276,1,326
simd128_v4,simd,conv_simd128_v4,256,256,3,1234,10,0,77,1314707,14652,1129133,51645,7586585,4681481,1,325
simd128_v4,simd,conv_simd128_v4,256,256,3,1234,11,0,88,1333489,17820,1121729,48541,7394426,4620625,2,326
simd128_v4,simd,conv_simd128_v4,256,256,3,1234,12,0,76,1338240,15090,1150418,52873,7722066,4557331,1,327
simd128_v4,simd,conv_simd128_v4,256,256,3,1234,13,0,76,1326237,15600,1139495,51806,7657813,4589099,1,323
simd128_v4,simd,conv_simd128_v4,256,256,3,1234,14,0,75,1360174,14831,1169209,53377,7846113,4744043,1,327
simd128_v4,simd,conv_simd128_v4,256,256,3,1234,15,0,76,1342234,15191,1151463,52393,7744993,4662549,1,326
simd128_v4,simd,conv_simd128_v4,256,256,3,1234,16,0,76,1342281,14560,1152027,52340,7743914,4607630,1,327
simd128_v4,simd,conv_simd128_v4,256,256,3,1234,17,0,100,1257006,17117,1047704,45908,6857162,4520405,1,326
simd128_v4,simd,conv_simd128_v4,256,256,3,1234,18,0,74,1374107,15229,1179985,54654,7924767,4786491,1,325
simd128_v4,simd,conv_simd128_v4,256,256,3,1234,19,0,76,1337378,14521,1149851,52719,7720253,4513780,1,328
simd128_v4,simd,conv_simd128_v4,256,256,3,1234,20,0,97,1276892,17280,1067218,46738,6987513,4479884,2,326
simd128_v4,simd,conv_simd128_v4,512,512,3,1234,1,0,90,3472031,27599,3100953,154592,21741422,11777062,1,903
simd128_v4,simd,conv_simd128_v4,512,512,3,1234,2,0,100,3394223,30057,2988621,146836,20712961,11584988,1,906
simd128_v4,simd,conv_simd128_v4,512,512,3,1234,3,0,91,3451917,26631,3082666,155798,21614525,11455009,1,904
simd128_v4,simd,conv_simd128_v4,512,512,3,1234,4,0,93,3373639,26224,3013426,150433,21130602,11143315,1,902
simd128_v4,simd,conv_simd128_v4,512,512,3,1234,5,0,89,3501299,26198,3127282,158516,21928418,12043949,2,904
simd128_v4,simd,conv_simd128_v4,512,512,3,1234,6,0,100,3390254,29979,2985942,146078,20694465,11522998,0,902
simd128_v4,simd,conv_simd128_v4,512,512,3,1234,7,0,90,3466997,28153,3096848,156528,21707960,11563509,1,902
simd128_v4,simd,conv_simd128_v4,512,512,3,1234,8,0,98,3409263,30561,3010298,149845,20892813,11815308,2,903
simd128_v4,simd,conv_simd128_v4,512,512,3,1234,9,0,100,3381548,31542,2980398,148482,20660265,11638620,1,903
simd128_v4,simd,conv_simd128_v4,512,512,3,1234,10,0,90,3480026,27838,3108325,158067,21789622,11663852,1,905
simd128_v4,simd,conv_simd128_v4,512,512,3,1234,11,0,90,3462355,26680,3092798,156552,21686683,11635163,1,901
simd128_v4,simd,conv_simd128_v4,512,512,3,1234,12,0,90,3459506,26422,3089655,156185,21657904,11921114,1,906
simd128_v4,simd,conv_simd128_v4,512,512,3,1234,13,0,90,3480496,28239,3105838,157083,21775180,11739505,1,904
simd128_v4,simd,conv_simd128_v4,512,512,3,1234,14,0,100,3392539,31935,2987118,149898,20704044,11840624,1,905
simd128_v4,simd,conv_simd128_v4,512,512,3,1234,15,0,94,3463056,31118,3067668,153992,21391867,11787114,3,902
simd128_v4,simd,conv_simd128_v4,512,512,3,1234,16,0,100,3378972,30414,2978706,146593,20647698,11338409,0,903
simd128_v4,simd,conv_simd128_v4,512,512,3,1234,17,0,90,3471325,27617,3096898,157181,21713295,11675915,2,903
simd128_v4,simd,conv_simd128_v4,512,512,3,1234,18,0,91,3448331,26800,3078978,155979,21587299,11763661,1,904
simd128_v4,simd,conv_simd128_v4,512,512,3,1234,19,0,92,3387752,27843,3025772,152818,21212313,11495102,2,901
simd128_v4,simd,conv_simd128_v4,512,512,3,1234,20,0,90,3456468,27200,3087111,156371,21650935,11581459,1,901
simd128_v4,simd,conv_simd128_v4,1024,1024,3,1234,1,0,96,12010829,64368,10873559,559481,77321658,41675921,1,3208
simd128_v4,simd,conv_simd128_v4,1024,1024,3,1234,2,0,96,12002085,61127,10866435,558864,77251478,42611799,2,3207
simd128_v4,simd,conv_simd128_v4,1024,1024,3,1234,3,0,96,12076784,66501,10933362,563052,77748795,41817603,1,3206
simd128_v4,simd,conv_simd128_v4,1024,1024,3,1234,4,0,96,12019677,63468,10882603,560471,77384176,41273475,1,3208
simd128_v4,simd,conv_simd128_v4,1024,1024,3,1234,5,0,96,12063889,67090,10920543,561988,77654923,41682809,1,3210
simd128_v4,simd,conv_simd128_v4,1024,1024,3,1234,6,0,96,12015274,64815,10877412,559035,77343960,41195420,1,3212
simd128_v4,simd,conv_simd128_v4,1024,1024,3,1234,7,0,97,11998906,68028,10855310,557526,77131132,41134135,1,3208
simd128_v4,simd,conv_simd128_v4,1024,1024,3,1234,8,0,96,12015944,58522,10877695,559426,77350001,44722142,1,3211
simd128_v4,simd,conv_simd128_v4,1024,1024,3,1234,9,0,96,12107021,57696,10957510,564601,77908319,43720383,2,3211
simd128_v4,simd,conv_simd128_v4,1024,1024,3,1234,10,0,96,12017727,63247,10880653,559842,77377241,41157729,1,3209
simd128_v4,simd,conv_simd128_v4,1024,1024,3,1234,11,0,100,11864595,67366,10698006,551062,75822073,41818863,1,3208
simd128_v4,simd,conv_simd128_v4,1024,1024,3,1234,12,0,96,12031021,64539,10891618,560132,77453442,41151199,1,3208
simd128_v4,simd,conv_simd128_v4,1024,1024,3,1234,13,0,96,12022209,62130,10884088,559491,77394747,41966161,2,3206
simd128_v4,simd,conv_simd128_v4,1024,1024,3,1234,14,0,96,12093476,61167,10947860,562916,77846216,42241787,2,3209
simd128_v4,simd,conv_simd128_v4,1024,1024,3,1234,15,0,96,12017840,62611,10881146,559466,77379054,41005413,1,3208
simd128_v4,simd,conv_simd128_v4,1024,1024,3,1234,16,0,97,11911530,64202,10783254,554948,76677830,40860038,1,3208
simd128_v4,simd,conv_simd128_v4,1024,1024,3,1234,17,0,99,11908034,67294,10745546,551107,76190981,41174595,2,3207
simd128_v4,simd,conv_simd128_v4,1024,1024,3,1234,18,0,96,12125112,62921,10971126,566993,78001172,41780073,3,3209
simd128_v4,simd,conv_simd128_v4,1024,1024,3,1234,19,0,100,11867722,62193,10699255,548463,75836718,42307564,1,3207
simd128_v4,simd,conv_simd128_v4,1024,1024,3,1234,20,0,96,12037936,59556,10898659,560821,77503746,42067058,1,3209
simd128_v4,simd,conv_simd128_v4,2048,2048,3,1234,1,0,98,46080017,232813,41892849,2166140,299076872,161802906,1,12428
simd128_v4,simd,conv_simd128_v4,2048,2048,3,1234,2,0,100,45723154,233476,41527041,2143408,296209667,160523578,1,12429
simd128_v4,simd,conv_simd128_v4,2048,2048,3,1234,3,0,99,45928208,236562,41757364,2161846,298108083,160687031,1,12430
simd128_v4,simd,conv_simd128_v4,2048,2048,3,1234,4,0,98,46098902,231164,41912821,2171562,299220500,161571665,1,12426
simd128_v4,simd,conv_simd128_v4,2048,2048,3,1234,5,0,99,45980090,227988,41793263,2163054,298344402,161288865,4,12430
simd128_v4,simd,conv_simd128_v4,2048,2048,3,1234,6,0,98,45983847,229072,41807520,2169756,298459387,160564511,1,12431
simd128_v4,simd,conv_simd128_v4,2048,2048,3,1234,7,0,100,45716919,241245,41523291,2145687,296186927,160377706,1,12430
simd128_v4,simd,conv_simd128_v4,2048,2048,3,1234,8,0,98,46086450,233466,41899932,2169172,299123393,161329726,1,12430
simd128_v4,simd,conv_simd128_v4,2048,2048,3,1234,9,0,98,45959143,223104,41786130,2164596,298311006,161629141,2,12429
simd128_v4,simd,conv_simd128_v4,2048,2048,3,1234,10,0,99,45765269,248133,41571346,2149928,296547797,160654217,2,12428
simd128_v4,simd,conv_simd128_v4,2048,2048,3,1234,11,0,98,46047569,245927,41866551,2169058,298885184,161213883,2,12430
simd128_v4,simd,conv_simd128_v4,2048,2048,3,1234,12,0,98,46048776,236974,41866612,2164615,298891720,161126218,1,12427
simd128_v4,simd,conv_simd128_v4,2048,2048,3,1234,13,0,99,45880910,243999,41714513,2161103,297797827,160346196,1,12428
simd128_v4,simd,conv_simd128_v4,2048,2048,3,1234,14,0,100,45730903,232750,41532159,2144576,296239269,160004440,0,12431
simd128_v4,simd,conv_simd128_v4,2048,2048,3,1234,15,0,98,46075677,230399,41889873,2172607,299048032,161521797,2,12432
simd128_v4,simd,conv_simd128_v4,2048,2048,3,1234,16,0,98,46091195,232123,41905629,2168235,299168086,160693776,2,12427
simd128_v4,simd,conv_simd128_v4,2048,2048,3,1234,17,0,99,45883260,237165,41715680,2158527,297807241,161048034,1,12431
simd128_v4,simd,conv_simd128_v4,2048,2048,3,1234,18,0,99,45894955,225605,41724985,2158752,297871024,161169448,1,12431
simd128_v4,simd,conv_simd128_v4,2048,2048,3,1234,19,0,98,46081794,231119,41897687,2166569,299104683,161541946,1,12429
simd128_v4,simd,conv_simd128_v4,2048,2048,3,1234,20,0,99,45879285,231204,41713234,2158442,297796959,160768116,1,12427
simd128_v4,simd,conv_simd128_v4,4096,4096,3,1234,1,0,99,181725750,1015763,165374978,8537904,1181659723,644582963,3,49302
simd128_v4,simd,conv_simd128_v4,4096,4096,3,1234,2,0,99,181768495,1033186,165428342,8551116,1182089444,645495686,2,49302
simd128_v4,simd,conv_simd128_v4,4096,4096,3,1234,3,0,99,181615014,1014024,165289301,8549693,1181087227,642212798,1,49301
simd128_v4,simd,conv_simd128_v4,4096,4096,3,1234,4,0,99,181585077,980567,165262227,8545342,1180904856,642610253,1,49300
simd128_v4,simd,conv_simd128_v4,4096,4096,3,1234,5,0,99,181795266,1046345,165451428,8546707,1182255013,643403135,1,49299
simd128_v4,simd,conv_simd128_v4,4096,4096,3,1234,6,0,99,181786398,994409,165444431,8552127,1182198695,643169280,3,49301
simd128_v4,simd,conv_simd128_v4,4096,4096,3,1234,7,0,99,181597687,999518,165273566,8538397,1180974075,642351741,3,49299
simd128_v4,simd,conv_simd128_v4,4096,4096,3,1234,8,0,99,181721640,1048623,165384305,8544196,1181761476,643262006,2,49300
simd128_v4,simd,conv_simd128_v4,4096,4096,3,1234,9,0,99,181577277,1066219,165254939,8536343,1180838987,643989505,2,49300
simd128_v4,simd,conv_simd128_v4,4096,4096,3,1234,10,0,99,181507526,1018497,165155930,8535747,1179920022,643605246,2,49301
simd128_v4,simd,conv_simd128_v4,4096,4096,3,1234,11,0,100,181403804,1054969,165051628,8521041,1179113884,642664928,2,49302
simd128_v4,simd,conv_simd128_v4,4096,4096,3,1234,12,0,99,181771559,1004912,165433557,8556314,1182115867,645527948,2,49301
simd128_v4,simd,conv_simd128_v4,4096,4096,3,1234,13,0,99,181763526,1015420,165426079,8563052,1182083247,643557429,1,49303
simd128_v4,simd,conv_simd128_v4,4096,4096,3,1234,14,0,99,181669187,1018890,165336823,8548401,1181424633,643672333,1,49301
simd128_v4,simd,conv_simd128_v4,4096,4096,3,1234,15,0,99,181602406,1148728,165268227,8552265,1180935495,645817517,3,49300
simd128_v4,simd,conv_simd128_v4,4096,4096,3,1234,16,0,99,181901500,1040912,165515546,8553938,1182755878,645478924,1,49300
simd128_v4,simd,conv_simd128_v4,4096,4096,3,1234,17,0,99,181641743,1006479,165312819,8548206,1181261574,645145551,1,49301
simd128_v4,simd,conv_simd128_v4,4096,4096,3,1234,18,0,99,181783448,1014588,165441673,8553996,1182159119,644738430,3,49301
simd128_v4,simd,conv_simd128_v4,4096,4096,3,1234,19,0,99,181775497,1025090,165432078,8545715,1182107381,645224266,1,49302
simd128_v4,simd,conv_simd128_v4,4096,4096,3,1234,20,0,99,181665285,1143250,165331186,8542719,1181389788,642082949,2,49302
simd128_v4,simd,conv_simd128_v4,8192,8192,3,1234,1,0,99,725140192,4538787,660255163,34046173,4718515906,2564337571,3,196775
simd128_v4,simd,conv_simd128_v4,8192,8192,3,1234,2,0,99,725229965,4823630,660360027,34068951,4719172512,2560120660,5,196774
simd128_v4,simd,conv_simd128_v4,8192,8192,3,1234,3,0,99,725209206,4455427,660341097,34063547,4719062266,2563751120,9,196772
simd128_v4,simd,conv_simd128_v4,8192,8192,3,1234,4,0,99,725095554,4492218,660233291,34050438,4718223103,2568247384,4,196773
simd128_v4,simd,conv_simd128_v4,8192,8192,3,1234,5,0,99,725186727,4477101,660324796,34062092,4718978637,2560538683,6,196770
simd128_v4,simd,conv_simd128_v4,8192,8192,3,1234,6,0,99,725219252,4502983,660354747,34083771,4719173609,2556724965,7,196775
simd128_v4,simd,conv_simd128_v4,8192,8192,3,1234,7,0,99,725235018,4376792,660367413,34074895,4719245255,2564061654,2,196773
simd128_v4,simd,conv_simd128_v4,8192,8192,3,1234,8,0,99,725022665,4462933,660144155,34065830,4717489688,2565690070,6,196773
simd128_v4,simd,conv_simd128_v4,8192,8192,3,1234,9,0,99,725202869,4518428,660342281,34049764,4719129023,2566762615,5,196773
simd128_v4,simd,conv_simd128_v4,8192,8192,3,1234,10,0,99,725185941,4510450,660325401,34065415,4718973528,2559111766,4,196772
simd128_v4,simd,conv_simd128_v4,8192,8192,3,1234,11,0,99,725177064,4387854,660315794,34058364,4718893586,2563133524,3,196773
simd128_v4,simd,conv_simd128_v4,8192,8192,3,1234,12,0,99,725227821,4510618,660359643,34100991,4719168957,2575911795,4,196772
simd128_v4,simd,conv_simd128_v4,8192,8192,3,1234,13,0,99,724925157,4517878,660045499,34067882,4716670085,2573191790,7,196773
simd128_v4,simd,conv_simd128_v4,8192,8192,3,1234,14,0,99,725243680,4672875,660371494,34084156,4719272116,2568131587,6,196772
simd128_v4,simd,conv_simd128_v4,8192,8192,3,1234,15,0,99,724995870,4407822,660151003,34041611,4717725652,2564574631,2,196775
simd128_v4,simd,conv_simd128_v4,8192,8192,3,1234,16,0,99,725237256,4818831,660371575,34066274,4719311632,2561676953,6,196774
simd128_v4,simd,conv_simd128_v4,8192,8192,3,1234,17,0,99,725270697,4354841,660398618,34069874,4719487033,2565292151,6,196773
simd128_v4,simd,conv_simd128_v4,8192,8192,3,1234,18,0,99,725202193,4826795,660334818,34062411,4719066217,2566742387,4,196770
simd128_v4,simd,conv_simd128_v4,8192,8192,3,1234,19,0,99,725267416,4424451,660387415,34070153,4719365329,2571373075,5,196771
simd128_v4,simd,conv_simd128_v4,8192,8192,3,1234,20,0,99,725034501,4539311,660178369,34080394,4717874170,2562765180,3,196774
simd128_v4,simd,conv_simd128_v4,16384,16384,3,1234,1,0,100,2899437841,36584278,2641293076,136086190,18874268785,10235783386,17,786630
simd128_v4,simd,conv_simd128_v4,16384,16384,3,1234,2,0,99,2899612600,37122453,2641440241,136151482,18875693307,10243892706,18,786628
simd128_v4,simd,conv_simd128_v4,16384,16384,3,1234,3,0,99,2899790503,36206040,2641604338,136172032,18876898718,10227275167,14,786629
simd128_v4,simd,conv_simd128_v4,16384,16384,3,1234,4,0,99,2899714426,36686291,2641538570,136121806,18876482187,10250052986,18,786631
simd128_v4,simd,conv_simd128_v4,16384,16384,3,1234,5,0,99,2899742697,36554514,2641562568,136108240,18876616938,10241785199,14,786631
simd128_v4,simd,conv_simd128_v4,16384,16384,3,1234,6,0,99,2899594555,36605714,2641428892,136153560,18875739889,10236893187,15,786627
simd128_v4,simd,conv_simd128_v4,16384,16384,3,1234,7,0,99,2899736514,36867507,2641550208,136065439,18876392807,10272577726,19,786628
simd128_v4,simd,conv_simd128_v4,16384,16384,3,1234,8,0,99,2899696559,36385569,2641528878,136153449,18876390829,10234636109,15,786628
simd128_v4,simd,conv_simd128_v4,16384,16384,3,1234,9,0,99,2899766509,36305711,2641591021,136111376,18876768565,10251325752,13,786630
simd128_v4,simd,conv_simd128_v4,16384,16384,3,1234,10,0,99,2899580680,36427912,2641431289,136129542,18875831757,10233515871,14,786629
simd128_v4,simd,conv_simd128_v4,16384,16384,3,1234,11,0,99,2899557144,37263848,2641401755,136056894,18875426574,10229383702,16,786631
simd128_v4,simd,conv_simd128_v4,16384,16384,3,1234,12,0,99,2899604244,36636625,2641427472,136107087,18875577849,10258808328,17,786627
simd128_v4,simd,conv_simd128_v4,16384,16384,3,1234,13,0,99,2899594114,37010468,2641438088,136068206,18875870850,10249468346,17,786628
simd128_v4,simd,conv_simd128_v4,16384,16384,3,1234,14,0,99,2899537843,36816531,2641378596,136108306,18875264395,10246865960,19,786630
simd128_v4,simd,conv_simd128_v4,16384,16384,3,1234,15,0,99,2899689356,36702600,2641510198,136072210,18876327728,10266421451,16,786628
simd128_v4,simd,conv_simd128_v4,16384,16384,3,1234,16,0,99,2899698586,37492325,2641518034,136115483,18876360826,10246359546,13,786629
simd128_v4,simd,conv_simd128_v4,16384,16384,3,1234,17,0,99,2899643545,38225405,2643833232,136085223,18879246457,10236085031,15,786632
simd128_v4,simd,conv_simd128_v4,16384,16384,3,1234,18,0,99,2899648922,36527062,2641472059,136123298,18876035826,10227497380,17,786629
simd128_v4,simd,conv_simd128_v4,16384,16384,3,1234,19,0,99,2899435962,36607966,2641280959,136111147,18874697453,10245166009,16,786626
simd128_v4,simd,conv_simd128_v4,16384,16384,3,1234,20,0,99,2899412242,36613819,2641254589,136142654,18874606946,10239081966,20,786626
simd256_v1,simd,conv_simd256_v1,64,64,3,1234,1,0,56,611942,17320,483136,17888,2767804,2471730,2,141
simd256_v1,simd,conv_simd256_v1,64,64,3,1234,2,0,57,609766,17539,481531,17770,2754075,2405460,1,140
simd256_v1,simd,conv_simd256_v1,64,64,3,1234,3,0,56,614233,16155,484267,18008,2775073,2597097,1,140
simd256_v1,simd,conv_simd256_v1,64,64,3,1234,4,0,57,610034,15012,481886,17537,2754880,2424729,1,142
simd256_v1,simd,conv_simd256_v1,64,64,3,1234,5,0,100,587256,16896,447519,16592,2549090,2383125,1,141
simd256_v1,simd,conv_simd256_v1,64,64,3,1234,6,0,57,610066,17054,481461,17909,2753471,2424886,1,142
simd256_v1,simd,conv_simd256_v1,64,64,3,1234,7,0,58,602697,16455,475871,17781,2720804,2422820,1,144
simd256_v1,simd,conv_simd256_v1,64,64,3,1234,8,0,57,608035,17090,479659,17774,2746292,2427223,1,141
simd256_v1,simd,conv_simd256_v1,64,64,3,1234,9,0,58,604518,17483,477676,17307,2728190,2692928,1,144
simd256_v1,simd,conv_simd256_v1,64,64,3,1234,10,0,59,589241,16685,464423,17198,2658928,2652963,1,140
simd256_v1,simd,conv_simd256_v1,64,64,3,1234,11,0,58,602726,17423,475504,17473,2718616,2398653,1,144
simd256_v1,simd,conv_simd256_v1,64,64,3,1234,12,0,66,581386,15964,459124,17439,2608266,2763089,2,141
simd256_v1,simd,conv_simd256_v1,64,64,3,1234,13,0,100,579046,16387,441703,14458,2512658,2110517,0,140
simd256_v1,simd,conv_simd256_v1,64,64,3,1234,14,0,56,616434,16451,486133,17902,2782852,2400799,1,144
simd256_v1,simd,conv_simd256_v1,64,64,3,1234,15,0,56,615147,17395,485008,17880,2772826,2438834,1,144
simd256_v1,simd,conv_simd256_v1,64,64,3,1234,16,0,68,598585,16769,468297,16544,2678142,2566365,1,142
simd256_v1,simd,conv_simd256_v1,64,64,3,1234,17,0,56,623745,15262,491416,18044,2817236,2500121,1,142
simd256_v1,simd,conv_simd256_v1,64,64,3,1234,18,0,100,581663,14308,443146,16145,2525434,2292796,1,140
simd256_v1,simd,conv_simd256_v1,64,64,3,1234,19,0,85,621264,15673,474749,15384,2705854,2268714,2,142
simd256_v1,simd,conv_simd256_v1,64,64,3,1234,20,0,85,628075,15279,479455,13066,2736610,2034695,1,142
simd256_v1,simd,conv_simd256_v1,128,128,3,1234,1,0,62,764457,13519,658871,21901,3984468,2659352,1,179
simd256_v1,simd,conv_simd256_v1,128,128,3,1234,2,0,62,767615,13562,661430,24125,4000156,2776922,1,180
simd256_v1,simd,conv_simd256_v1,128,128,3,1234,3,0,57,827611,14579,712801,24614,4314935,3003898,1,179
simd256_v1,simd,conv_simd256_v1,128,128,3,1234,4,0,63,753166,13598,648847,24123,3923956,2748319,1,177
simd256_v1,simd,conv_simd256_v1,128,128,3,1234,5,0,63,755620,13530,650721,24450,3940202,2790483,1,178
simd256_v1,simd,conv_simd256_v1,128,128,3,1234,6,0,62,774625,13705,666230,24650,4030685,2790792,1,179
simd256_v1,simd,conv_simd256_v1,128,128,3,1234,7,0,63,751688,13340,647726,22390,3919684,2618558,1,178
simd256_v1,simd,conv_simd256_v1,128,128,3,1234,8,0,93,743397,15094,609886,21522,3618295,2732513,1,179
simd256_v1,simd,conv_simd256_v1,128,128,3,1234,9,0,61,776739,14481,669586,26900,4050804,3154643,1,177
simd256_v1,simd,conv_simd256_v1,128,128,3,1234,10,0,57,837604,14822,721445,26097,4368194,3066903,1,179
simd256_v1,simd,conv_simd256_v1,128,128,3,1234,11,0,64,739770,13290,637788,23977,3858667,2733292,1,179
simd256_v1,simd,conv_simd256_v1,128,128,3,1234,12,0,93,742292,14822,607983,20894,3613419,2822366,2,179
simd256_v1,simd,conv_simd256_v1,128,128,3,1234,13,0,71,747195,13645,636839,22562,3821166,2807265,2,178
simd256_v1,simd,conv_simd256_v1,128,128,3,1234,14,0,62,760581,13487,655136,22687,3963217,2732987,1,178
simd256_v1,simd,conv_simd256_v1,128,128,3,1234,15,0,61,776483,13961,668961,24365,4051926,2788050,1,177
simd256_v1,simd,conv_simd256_v1,128,128,3,1234,16,0,64,743737,13667,639367,23545,3873181,2681783,1,180
simd256_v1,simd,conv_simd256_v1,128,128,3,1234,17,0,61,784803,13896,674536,22848,4089347,2788702,1,181
simd256_v1,simd,conv_simd256_v1,128,128,3,1234,18,0,100,715384,14165,583602,20769,3460849,2614135,1,179
simd256_v1,simd,conv_simd256_v1,128,128,3,1234,19,0,63,760764,13644,653231,22451,3964337,2640181,1,180
simd256_v1,simd,conv_simd256_v1,128,128,3,1234,20,0,64,745815,13488,642863,23947,3888821,2631271,1,178
simd256_v1,simd,conv_simd256_v1,256,256,3,1234,1,0,86,1299234,16894,1215967,48975,7750246,4585095,2,328
simd256_v1,simd,conv_simd256_v1,256,256,3,1234,2,0,77,1287670,15134,1237791,50771,7963944,4467221,1,328
simd256_v1,simd,conv_simd256_v1,256,256,3,1234,3,0,78,1277392,13998,1228042,51415,7898010,4559275,1,328
simd256_v1,simd,conv_simd256_v1,256,256,3,1234,4,0,77,1291311,15876,1239556,53720,7977948,4701822,1,325
simd256_v1,simd,conv_simd256_v1,256,256,3,1234,5,0,100,1246320,16799,1140504,48045,7199166,4640497,1,329
simd256_v1,simd,conv_simd256_v1,256,256,3,1234,6,0,78,1276865,14476,1227283,52544,7892603,4440861,1,325
simd256_v1,simd,conv_simd256_v1,256,256,3,1234,7,0,78,1273377,14080,1224301,51387,7872199,4390478,1,326
simd256_v1,simd,conv_simd256_v1,256,256,3,1234,8,0,78,1268468,14626,1220205,53256,7850240,4544371,1,326
simd256_v1,simd,conv_simd256_v1,256,256,3,1234,9,0,78,1281050,14425,1231466,54214,7921170,4740963,1,324
simd256_v1,simd,conv_simd256_v1,256,256,3,1234,10,0,75,1324384,16239,1273375,55944,8185954,4862928,1,327
simd256_v1,simd,conv_simd256_v1,256,256,3,1234,11,0,100,1236722,17455,1133140,46717,7155603,4519159,1,325
simd256_v1,simd,conv_simd256_v1,256,256,3,1234,12,0,77,1285427,14546,1236286,51885,7952596,4428857,1,327
simd256_v1,simd,conv_simd256_v1,256,256,3,1234,13,0,78,1277943,14221,1228691,51366,7907446,4418625,1,324
simd256_v1,simd,conv_simd256_v1,256,256,3,1234,14,0,100,1240737,17119,1137533,46050,7173159,4342688,0,328
simd256_v1,simd,conv_simd256_v1,256,256,3,1234,15,0,77,1292908,15373,1242386,51193,7996704,4505317,1,326
simd256_v1,simd,conv_simd256_v1,256,256,3,1234,16,0,77,1298624,14497,1248763,51817,8030133,4477430,2,327
simd256_v1,simd,conv_simd256_v1,256,256,3,1234,17,0,77,1363443,16001,1298433,53662,8305306,4927995,2,328
simd256_v1,simd,conv_simd256_v1,256,256,3,1234,18,0,100,1247797,18674,1140975,48021,7201446,4853722,1,326
simd256_v1,simd,conv_simd256_v1,256,256,3,1234,19,0,78,1283007,13385,1233301,54064,7926683,4537233,1,329
simd256_v1,simd,conv_simd256_v1,256,256,3,1234,20,0,94,1266538,17918,1168234,47419,7401746,4414460,2,325
simd256_v1,simd,conv_simd256_v1,512,512,3,1234,1,0,91,3360838,25869,3451303,153410,22893766,11546531,1,903
simd256_v1,simd,conv_simd256_v1,512,512,3,1234,2,0,91,3361229,27288,3453129,153863,22902927,11610035,1,902
simd256_v1,simd,conv_simd256_v1,512,512,3,1234,3,0,92,3332396,26337,3422564,152348,22703160,11640517,1,905
simd256_v1,simd,conv_simd256_v1,512,512,3,1234,4,0,100,3304322,30143,3322837,145123,21869367,11379127,0,903
simd256_v1,simd,conv_simd256_v1,512,512,3,1234,5,0,91,3369079,26745,3458834,155008,22941873,11608257,1,904
simd256_v1,simd,conv_simd256_v1,512,512,3,1234,6,0,91,3341733,26116,3431445,153763,22762197,11588817,1,904
simd256_v1,simd,conv_simd256_v1,512,512,3,1234,7,0,100,3309617,29124,3326802,146783,21894097,11977378,1,904
simd256_v1,simd,conv_simd256_v1,512,512,3,1234,8,0,91,3386470,27503,3472076,157626,23023663,11791487,2,903
simd256_v1,simd,conv_simd256_v1,512,512,3,1234,9,0,100,3349225,30927,3349351,147329,22081447,11686102,1,906
simd256_v1,simd,conv_simd256_v1,512,512,3,1234,10,0,90,3383583,27096,3475258,156696,23053348,11751837,1,903
simd256_v1,simd,conv_simd256_v1,512,512,3,1234,11,0,100,3306194,30265,3324036,148989,21881009,11676245,1,900
simd256_v1,simd,conv_simd256_v1,512,512,3,1234,12,0,91,3369194,27320,3460471,156520,22955679,11750688,1,900
simd256_v1,simd,conv_simd256_v1,512,512,3,1234,13,0,90,3377105,28119,3468157,156592,23006166,11785973,1,904
simd256_v1,simd,conv_simd256_v1,512,512,3,1234,14,0,89,3431082,27407,3523516,159358,23374144,12025045,2,902
simd256_v1,simd,conv_simd256_v1,512,512,3,1234,15,0,91,3365536,27082,3456144,156106,22919758,11666831,1,905
simd256_v1,simd,conv_simd256_v1,512,512,3,1234,16,0,91,3386121,27355,3470857,157135,23016187,12029005,2,903
simd256_v1,simd,conv_simd256_v1,512,512,3,1234,17,0,90,3377717,27707,3467952,158384,22999298,11818693,1,903
simd256_v1,simd,conv_simd256_v1,512,512,3,1234,18,0,90,3393360,27520,3485115,157223,23115057,11937053,1,902
simd256_v1,simd,conv_simd256_v1,512,512,3,1234,19,0,97,3344268,32858,3373143,151621,22234453,12103818,2,904
simd256_v1,simd,conv_simd256_v1,512,512,3,1234,20,0,100,3308644,30548,3325821,148473,21889854,11808372,1,903
simd256_v1,simd,conv_simd256_v1,1024,1024,3,1234,1,0,96,11688941,65931,12277616,558876,82241820,41245801,1,3207
simd256_v1,simd,conv_simd256_v1,1024,1024,3,1234,2,0,96,11701566,57999,12294170,563065,82353305,42993925,1,3209
simd256_v1,simd,conv_simd256_v1,1024,1024,3,1234,3,0,96,11800939,60264,12397269,564556,83041192,42964963,1,3212
simd256_v1,simd,conv_simd256_v1,1024,1024,3,1234,4,0,95,11892160,64809,12491598,568166,83678322,43472445,2,3208
simd256_v1,simd,conv_simd256_v1,1024,1024,3,1234,5,0,96,11763260,63014,12361236,562654,82809113,42259682,1,3208
simd256_v1,simd,conv_simd256_v1,1024,1024,3,1234,6,0,97,11593372,64581,12180567,555745,81591402,41627464,1,3211
simd256_v1,simd,conv_simd256_v1,1024,1024,3,1234,7,0,96,11741225,66694,12337534,560920,82648979,41514440,1,3208
simd256_v1,simd,conv_simd256_v1,1024,1024,3,1234,8,0,96,11733540,62551,12328712,561113,82583032,41524154,2,3209
simd256_v1,simd,conv_simd256_v1,1024,1024,3,1234,9,0,100,11566546,70484,12074772,547819,80701301,41139071,1,3209
simd256_v1,simd,conv_simd256_v1,1024,1024,3,1234,10,0,100,11574039,63896,12079347,547413,80734861,41986458,1,3210
simd256_v1,simd,conv_simd256_v1,1024,1024,3,1234,11,0,96,11761124,62343,12356633,562979,82775170,42217501,1,3206
simd256_v1,simd,conv_simd256_v1,1024,1024,3,1234,12,0,99,11580185,66449,12093369,548917,80831948,41470313,2,3211
simd256_v1,simd,conv_simd256_v1,1024,1024,3,1234,13,0,96,11765151,62875,12358449,561767,82779962,41916719,1,3211
simd256_v1,simd,conv_simd256_v1,1024,1024,3,1234,14,0,100,11565739,67002,12074206,548945,80699547,40898057,1,3209
simd256_v1,simd,conv_simd256_v1,1024,1024,3,1234,15,0,96,11734696,52385,12332476,561233,82613763,42272618,1,3209
simd256_v1,simd,conv_simd256_v1,1024,1024,3,1234,16,0,96,11706401,59878,12301083,559835,82402167,43099978,1,3211
simd256_v1,simd,conv_simd256_v1,1024,1024,3,1234,17,0,96,11745929,63208,12340854,561405,82663846,41534877,1,3209
simd256_v1,simd,conv_simd256_v1,1024,1024,3,1234,18,0,96,11701149,60893,12296829,559351,82374620,41511886,1,3209
simd256_v1,simd,conv_simd256_v1,1024,1024,3,1234,19,0,97,11705373,66124,12268264,560405,82108391,41870696,2,3206
simd256_v1,simd,conv_simd256_v1,1024,1024,3,1234,20,0,96,11772272,62889,12363195,563528,82809963,41897940,2,3211
simd256_v1,simd,conv_simd256_v1,2048,2048,3,1234,1,0,98,44860612,250597,47446475,2170118,318694046,162956075,2,12427
simd256_v1,simd,conv_simd256_v1,2048,2048,3,1234,2,0,98,44900490,260762,47494208,2168253,319016082,163173528,1,12429
simd256_v1,simd,conv_simd256_v1,2048,2048,3,1234,3,0,98,44860885,253728,47451632,2166987,318731041,163128828,1,12429
simd256_v1,simd,conv_simd256_v1,2048,2048,3,1234,4,0,98,44864120,253500,47454829,2165323,318747738,163030590,1,12428
simd256_v1,simd,conv_simd256_v1,2048,2048,3,1234,5,0,98,44876080,254319,47470859,2167169,318858413,163521407,1,12429
simd256_v1,simd,conv_simd256_v1,2048,2048,3,1234,6,0,98,44883615,251410,47474090,2166824,318877912,163145812,2,12429
simd256_v1,simd,conv_simd256_v1,2048,2048,3,1234,7,0,99,44701462,239585,47282291,2157049,317594041,162089358,1,12431
simd256_v1,simd,conv_simd256_v1,2048,2048,3,1234,8,0,98,44892455,255251,47485586,2165762,318959027,162902727,2,12430
simd256_v1,simd,conv_simd256_v1,2048,2048,3,1234,9,0,99,44709225,245971,47289792,2161188,317639918,162481631,1,12431
simd256_v1,simd,conv_simd256_v1,2048,2048,3,1234,10,0,99,44688670,257997,47269974,2157496,317510766,162254042,1,12428
simd256_v1,simd,conv_simd256_v1,2048,2048,3,1234,11,0,98,44880303,240268,47477724,2167751,318906921,163508588,1,12428
simd256_v1,simd,conv_simd256_v1,2048,2048,3,1234,12,0,98,44864988,253823,47460240,2166205,318788232,162958988,1,12430
simd256_v1,simd,conv_simd256_v1,2048,2048,3,1234,13,0,99,44694106,248532,47282122,2155961,317589712,162633965,1,12431
simd256_v1,simd,conv_simd256_v1,2048,2048,3,1234,14,0,99,44685924,272758,47269209,2158704,317505373,162638315,1,12429
simd256_v1,simd,conv_simd256_v1,2048,2048,3,1234,15,0,98,44853936,250000,47443049,2163241,318674649,163334542,1,12429
simd256_v1,simd,conv_simd256_v1,2048,2048,3,1234,16,0,99,44551186,257776,47050864,2148812,315859961,162461034,2,12428
simd256_v1,simd,conv_simd256_v1,2048,2048,3,1234,17,0,99,44697434,252802,47280606,2160419,317585932,162501318,1,12430
simd256_v1,simd,conv_simd256_v1,2048,2048,3,1234,18,0,99,44691743,262856,47237355,2160128,317207641,162568929,2,12431
simd256_v1,simd,conv_simd256_v1,2048,2048,3,1234,19,0,98,44913889,244158,47510690,2169390,319126753,163265952,2,12429
simd256_v1,simd,conv_simd256_v1,2048,2048,3,1234,20,0,98,44872201,259805,47466065,2166889,318829145,163225453,1,12430
simd256_v1,simd,conv_simd256_v1,4096,4096,3,1234,1,0,99,177163108,1102480,187627378,8552672,1261105702,656483243,5,49299
simd256_v1,simd,conv_simd256_v1,4096,4096,3,1234,2,0,99,177052911,1113771,187557516,8546959,1260685166,654146935,2,49301
simd256_v1,simd,conv_simd256_v1,4096,4096,3,1234,3,0,99,177057206,1137361,187558905,8544468,1260683909,652167325,2,49302
simd256_v1,simd,conv_simd256_v1,4096,4096,3,1234,4,0,99,177060137,1108918,187560269,8554370,1260697620,654248413,1,49302
simd256_v1,simd,conv_simd256_v1,4096,4096,3,1234,5,0,99,177064240,1117200,187564623,8554971,1260722677,652684098,3,49302
simd256_v1,simd,conv_simd256_v1,4096,4096,3,1234,6,0,99,177054326,1057234,187559436,8553535,1260689874,651983336,2,49303
simd256_v1,simd,conv_simd256_v1,4096,4096,3,1234,7,0,99,176859014,1092523,187354479,8538381,1259322465,652686319,1,49300
simd256_v1,simd,conv_simd256_v1,4096,4096,3,1234,8,0,99,177075713,1167720,187581235,8554097,1260841688,651508743,1,49300
simd256_v1,simd,conv_simd256_v1,4096,4096,3,1234,9,0,99,177023335,1091625,187521816,8548888,1260436903,653512911,2,49301
simd256_v1,simd,conv_simd256_v1,4096,4096,3,1234,10,0,99,177082329,1184346,187579151,8553019,1260828612,651532092,2,49301
simd256_v1,simd,conv_simd256_v1,4096,4096,3,1234,11,0,99,177065388,1096931,187571555,8547901,1260774100,652586232,2,49302
simd256_v1,simd,conv_simd256_v1,4096,4096,3,1234,12,0,99,177023208,1093938,187527897,8542148,1260489232,651384173,3,49298
simd256_v1,simd,conv_simd256_v1,4096,4096,3,1234,13,0,99,176835251,1134816,187327015,8545299,1259130392,652416234,1,49300
simd256_v1,simd,conv_simd256_v1,4096,4096,3,1234,14,0,99,177049543,1171102,187554231,8550191,1260659158,651466403,2,49300
simd256_v1,simd,conv_simd256_v1,4096,4096,3,1234,15,0,99,177059234,1131955,187563878,8550881,1260718962,652770878,4,49301
simd256_v1,simd,conv_simd256_v1,4096,4096,3,1234,16,0,99,177073692,1114401,187573194,8562843,1260780030,652380677,1,49303
simd256_v1,simd,conv_simd256_v1,4096,4096,3,1234,17,0,99,177045956,1095367,187542971,8551224,1260575238,651739245,1,49303
simd256_v1,simd,conv_simd256_v1,4096,4096,3,1234,18,0,99,176821502,1103747,187309616,8536322,1259011422,651136844,1,49300
simd256_v1,simd,conv_simd256_v1,4096,4096,3,1234,19,0,99,177022325,1228966,187519409,8544242,1260423960,652874321,2,49303
simd256_v1,simd,conv_simd256_v1,4096,4096,3,1234,20,0,99,177094764,1087580,187594852,8559645,1260918191,653609846,3,49301
simd256_v1,simd,conv_simd256_v1,8192,8192,3,1234,1,0,99,706264858,5191413,748448117,34085156,5031431568,2589105498,4,196773
simd256_v1,simd,conv_simd256_v1,8192,8192,3,1234,2,0,99,706140958,5214671,748334111,34054233,5030648111,2604355801,3,196773
simd256_v1,simd,conv_simd256_v1,8192,8192,3,1234,3,0,99,706195046,5203453,748394187,34042432,5031065415,2606167005,5,196774
simd256_v1,simd,conv_simd256_v1,8192,8192,3,1234,4,0,99,706108810,5171434,748304836,34057468,5030478744,2605115326,6,196776
simd256_v1,simd,conv_simd256_v1,8192,8192,3,1234,5,0,99,706355907,5160138,748561839,34065312,5032172011,2596452089,4,196772
simd256_v1,simd,conv_simd256_v1,8192,8192,3,1234,6,0,99,706120905,5454547,748311536,34053981,5030482297,2597714819,6,196773
simd256_v1,simd,conv_simd256_v1,8192,8192,3,1234,7,0,100,705937657,5386579,748042514,34032369,5028525635,2608339244,7,196773
simd256_v1,simd,conv_simd256_v1,8192,8192,3,1234,8,0,99,706287291,5348012,748487193,34084979,5031669862,2603010801,6,196774
simd256_v1,simd,conv_simd256_v1,8192,8192,3,1234,9,0,99,706104280,5367202,748293604,34068442,5030363621,2588703621,4,196774
simd256_v1,simd,conv_simd256_v1,8192,8192,3,1234,10,0,99,706209839,5250100,748360298,34065976,5030730507,2603346759,6,196774
simd256_v1,simd,conv_simd256_v1,8192,8192,3,1234,11,0,100,705983798,5145700,748079781,34066305,5028733325,2599920618,6,196773
simd256_v1,simd,conv_simd256_v1,8192,8192,3,1234,12,0,99,706120956,5302058,748309676,34057165,5030494715,2616096144,6,196771
simd256_v1,simd,conv_simd256_v1,8192,8192,3,1234,13,0,99,706182321,5337348,748376654,34071065,5030949347,2591378412,1,196774
simd256_v1,simd,conv_simd256_v1,8192,8192,3,1234,14,0,99,706433178,5712563,748623587,34077932,5032554251,2599541044,6,196775
simd256_v1,simd,conv_simd256_v1,8192,8192,3,1234,15,0,99,706398085,5653578,748600265,34086439,5032434415,2601193590,5,196775
simd256_v1,simd,conv_simd256_v1,8192,8192,3,1234,16,0,99,706377640,5336167,748579245,34090341,5032285111,2596614375,4,196772
simd256_v1,simd,conv_simd256_v1,8192,8192,3,1234,17,0,100,705982038,5386992,748074767,34052202,5028699365,2588476113,4,196775
simd256_v1,simd,conv_simd256_v1,8192,8192,3,1234,18,0,99,706113844,5333376,748295560,34081086,5030385700,2605326258,5,196772
simd256_v1,simd,conv_simd256_v1,8192,8192,3,1234,19,0,99,706148532,5547834,748333903,34055337,5030615328,2599798169,6,196772
simd256_v1,simd,conv_simd256_v1,8192,8192,3,1234,20,0,99,706087080,5218899,748282065,34046400,5030321068,2603096360,7,196772
simd256_v1,simd,conv_simd256_v1,16384,16384,3,1234,1,0,99,2824367291,37550631,2994196808,136066887,20128215222,10327612903,16,786630
simd256_v1,simd,conv_simd256_v1,16384,16384,3,1234,2,0,99,2824129764,36697661,2993925929,136102233,20126525281,10313838864,16,786631
simd256_v1,simd,conv_simd256_v1,16384,16384,3,1234,3,0,99,2823922307,37381135,2993690648,136094657,20124972135,10327362336,18,786627
simd256_v1,simd,conv_simd256_v1,16384,16384,3,1234,4,0,99,2824215220,36275899,2993973854,136184102,20126701227,10340157162,17,786628
simd256_v1,simd,conv_simd256_v1,16384,16384,3,1234,5,0,99,2824025961,36610698,2993776722,136098966,20125439247,10325270352,18,786629
simd256_v1,simd,conv_simd256_v1,16384,16384,3,1234,6,0,99,2823937562,36052142,2993655496,136103784,20124592700,10318946396,17,786629
simd256_v1,simd,conv_simd256_v1,16384,16384,3,1234,7,0,99,2824266746,36406971,2994022264,136077591,20127087509,10349895126,23,786628
simd256_v1,simd,conv_simd256_v1,16384,16384,3,1234,8,0,99,2824183700,36742966,2993958998,136074528,20126743445,10324918064,19,786629
simd256_v1,simd,conv_simd256_v1,16384,16384,3,1234,9,0,99,2824031151,36071314,2993787602,136084048,20125528578,10312960820,18,786630
simd256_v1,simd,conv_simd256_v1,16384,16384,3,1234,10,0,99,2823829976,35966252,2993523079,136101198,20123676835,10313676865,17,786628
simd256_v1,simd,conv_simd256_v1,16384,16384,3,1234,11,0,99,2824251198,35941431,2994022730,136148870,20127077563,10333646443,16,786629
simd256_v1,simd,conv_simd256_v1,16384,16384,3,1234,12,0,99,2823956420,36094143,2993725303,136114872,20125196603,10335632866,19,786630
simd256_v1,simd,conv_simd256_v1,16384,16384,3,1234,13,0,99,2823963875,39586318,2993728381,136113878,20125152835,10335380355,15,786630
simd256_v1,simd,conv_simd256_v1,16384,16384,3,1234,14,0,99,2824249067,37171424,2994020224,136109769,20127059692,10318592831,17,786631
simd256_v1,simd,conv_simd256_v1,16384,16384,3,1234,15,0,99,2823943625,35901739,2993738600,136090548,20125412778,10326048823,15,786629
simd256_v1,simd,conv_simd256_v1,16384,16384,3,1234,16,0,99,2824186342,36036910,2993968342,136192920,20126770689,10320558933,15,786627
simd256_v1,simd,conv_simd256_v1,16384,16384,3,1234,17,0,99,2823968388,36147986,2993731562,136071299,20125162586,10318053754,19,786630
simd256_v1,simd,conv_simd256_v1,16384,16384,3,1234,18,0,99,2824019370,35905336,2993801307,136087008,20125727016,10316595603,18,786628
simd256_v1,simd,conv_simd256_v1,16384,16384,3,1234,19,0,99,2823913822,36207579,2993683346,136090504,20124900170,10323075907,19,786629
simd256_v1,simd,conv_simd256_v1,16384,16384,3,1234,20,0,99,2823880315,35976401,2993658799,136155199,20124798100,10338413193,13,786631
simd256_v2,simd,conv_simd256_v2,64,64,3,1234,1,0,49,712536,20045,556490,20776,3211013,2987959,1,141
simd256_v2,simd,conv_simd256_v2,64,64,3,1234,2,0,100,585220,16829,443458,16679,2535313,2355226,1,142
simd256_v2,simd,conv_simd256_v2,64,64,3,1234,3,0,56,639967,15305,497825,18090,2869596,2483301,1,144
simd256_v2,simd,conv_simd256_v2,64,64,3,1234,4,0,66,520725,15018,407166,15157,2342109,1989085,1,142
simd256_v2,simd,conv_simd256_v2,64,64,3,1234,5,0,58,591520,14540,463321,17006,2658984,2476574,1,142
simd256_v2,simd,conv_simd256_v2,64,64,3,1234,6,0,63,598142,17005,468279,16918,2677106,2490889,1,144
simd256_v2,simd,conv_simd256_v2,64,64,3,1234,7,0,97,599021,16248,454046,16762,2595251,2429576,2,143
simd256_v2,simd,conv_simd256_v2,64,64,3,1234,8,0,56,613966,15296,481191,18065,2764003,2354435,1,140
simd256_v2,simd,conv_simd256_v2,64,64,3,1234,9,0,52,665733,18885,520914,19532,2996279,2935361,1,143
simd256_v2,simd,conv_simd256_v2,64,64,3,1234,10,0,57,627540,17237,488012,18270,2812538,2650951,1,143
simd256_v2,simd,conv_simd256_v2,64,64,3,1234,11,0,56,621802,18039,485922,18071,2799017,2471695,1,143
simd256_v2,simd,conv_simd256_v2,64,64,3,1234,12,0,76,619973,16929,475221,17511,2719010,2488186,2,140
simd256_v2,simd,conv_simd256_v2,64,64,3,1234,13,0,55,616372,15422,483411,18257,2774305,2595670,1,139
simd256_v2,simd,conv_simd256_v2,64,64,3,1234,14,0,56,611598,14893,478616,17362,2751453,2471639,1,141
simd256_v2,simd,conv_simd256_v2,64,64,3,1234,15,0,53,658602,16445,515329,19524,2958966,2748137,1,142
simd256_v2,simd,conv_simd256_v2,64,64,3,1234,16,0,57,612055,17341,478324,17843,2752659,2517492,1,143
simd256_v2,simd,conv_simd256_v2,64,64,3,1234,17,0,50,680866,16942,534098,19801,3065870,2596260,1,142
simd256_v2,simd,conv_simd256_v2,64,64,3,1234,18,0,52,656259,15433,513697,16223,2955026,2432760,1,142
simd256_v2,simd,conv_simd256_v2,64,64,3,1234,19,0,88,610963,14993,463331,15015,2654030,2521734,2,141
simd256_v2,simd,conv_simd256_v2,64,64,3,1234,20,0,56,619168,14503,483502,14522,2787014,2329660,1,142
simd256_v2,simd,conv_simd256_v2,128,128,3,1234,1,0,64,732645,13424,619980,24997,3799945,2724041,1,179
simd256_v2,simd,conv_simd256_v2,128,128,3,1234,2,0,63,738209,13536,624763,23840,3828754,2778546,1,179
simd256_v2,simd,conv_simd256_v2,128,128,3,1234,3,0,63,746070,13794,631135,25445,3869307,2724170,1,181
simd256_v2,simd,conv_simd256_v2,128,128,3,1234,4,0,58,807653,14389,684099,25378,4192449,2981236,1,180
simd256_v2,simd,conv_simd256_v2,128,128,3,1234,5,0,81,739889,15594,605809,24129,3658713,3028081,2,180
simd256_v2,simd,conv_simd256_v2,128,128,3,1234,6,0,63,745093,13729,630149,24892,3859708,2876722,1,180
simd256_v2,simd,conv_simd256_v2,128,128,3,1234,7,0,63,743837,13503,629583,22332,3861372,2707661,1,178
simd256_v2,simd,conv_simd256_v2,128,128,3,1234,8,0,61,769838,14902,651751,27409,3991883,3076040,1,179
simd256_v2,simd,conv_simd256_v2,128,128,3,1234,9,0,100,703852,14282,566670,20693,3394994,2621421,1,177
simd256_v2,simd,conv_simd256_v2,128,128,3,1234,10,0,62,755276,13639,638485,23262,3919255,2675178,1,178
simd256_v2,simd,conv_simd256_v2,128,128,3,1234,11,0,63,746961,13667,632014,24876,3872986,2710938,1,178
simd256_v2,simd,conv_simd256_v2,128,128,3,1234,12,0,65,744277,13343,629422,23107,3834651,2723149,2,178
simd256_v2,simd,conv_simd256_v2,128,128,3,1234,13,0,63,738564,13544,625277,24690,3831853,2731065,1,178
simd256_v2,simd,conv_simd256_v2,128,128,3,1234,14,0,63,742479,13346,628040,24395,3854334,2696768,1,179
simd256_v2,simd,conv_simd256_v2,128,128,3,1234,15,0,63,739235,13372,625853,22717,3834520,2620101,1,180
simd256_v2,simd,conv_simd256_v2,128,128,3,1234,16,0,59,785520,14216,664262,25605,4079810,2879087,1,179
simd256_v2,simd,conv_simd256_v2,128,128,3,1234,17,0,100,704980,14660,567725,20641,3398336,2574183,1,177
simd256_v2,simd,conv_simd256_v2,128,128,3,1234,18,0,62,752451,13781,636891,24747,3904024,2754500,1,177
simd256_v2,simd,conv_simd256_v2,128,128,3,1234,19,0,59,792854,14187,670211,24453,4114707,2836053,1,179
simd256_v2,simd,conv_simd256_v2,128,128,3,1234,20,0,63,735298,13421,622139,23882,3814258,2706445,1,176
simd256_v2,simd,conv_simd256_v2,256,256,3,1234,1,0,100,1202692,16591,1076747,46593,6938720,4381856,1,325
simd256_v2,simd,conv_simd256_v2,256,256,3,1234,2,0,78,1242736,14599,1165046,51570,7674751,4395104,1,326
simd256_v2,simd,conv_simd256_v2,256,256,3,1234,3,0,77,1240521,14170,1163245,51502,7670342,4350333,1,325
simd256_v2,simd,conv_simd256_v2,256,256,3,1234,4,0,77,1236775,15247,1160847,52473,7653797,4499333,1,326
simd256_v2,simd,conv_simd256_v2,256,256,3,1234,5,0,77,1252178,13916,1174819,51755,7745184,4496931,1,324
simd256_v2,simd,conv_simd256_v2,256,256,3,1234,6,0,76,1256747,14457,1178140,51599,7769548,4497125,1,327
simd256_v2,simd,conv_simd256_v2,256,256,3,1234,7,0,77,1256874,15051,1177295,51796,7763251,4469127,1,328
simd256_v2,simd,conv_simd256_v2,256,256,3,1234,8,0,78,1237310,13815,1158799,51287,7642382,4587064,1,324
simd256_v2,simd,conv_simd256_v2,256,256,3,1234,9,0,94,1229914,17334,1108670,47237,7168895,4480214,2,327
simd256_v2,simd,conv_simd256_v2,256,256,3,1234,10,0,78,1240923,14544,1163509,52157,7665164,4491192,1,326
simd256_v2,simd,conv_simd256_v2,256,256,3,1234,11,0,77,1249153,14403,1170085,52418,7710966,4519835,1,329
simd256_v2,simd,conv_simd256_v2,256,256,3,1234,12,0,76,1263361,14918,1184795,53589,7803861,4696179,1,327
simd256_v2,simd,conv_simd256_v2,256,256,3,1234,13,0,77,1243631,14382,1166108,52717,7687307,4484562,1,324
simd256_v2,simd,conv_simd256_v2,256,256,3,1234,14,0,83,1236636,15408,1146519,50375,7495748,4553505,2,325
simd256_v2,simd,conv_simd256_v2,256,256,3,1234,15,0,77,1249979,14625,1171522,52489,7719855,4450014,1,324
simd256_v2,simd,conv_simd256_v2,256,256,3,1234,16,0,76,1262478,13923,1183602,52650,7797243,4670602,1,327
simd256_v2,simd,conv_simd256_v2,256,256,3,1234,17,0,81,1280701,16968,1182093,52420,7717558,4811580,2,326
simd256_v2,simd,conv_simd256_v2,256,256,3,1234,18,0,77,1250301,14746,1171592,52714,7728542,4494207,1,327
simd256_v2,simd,conv_simd256_v2,256,256,3,1234,19,0,100,1209032,18047,1081949,47827,6966779,4505009,1,326
simd256_v2,simd,conv_simd256_v2,256,256,3,1234,20,0,88,1245321,17632,1136245,49347,7387027,4506714,2,323
simd256_v2,simd,conv_simd256_v2,512,512,3,1234,1,0,100,3160789,29190,3094629,146879,20977847,11396365,1,904
simd256_v2,simd,conv_simd256_v2,512,512,3,1234,2,0,90,3215296,26045,3213884,154704,22003542,11369434,1,903
simd256_v2,simd,conv_simd256_v2,512,512,3,1234,3,0,92,3168812,26235,3167745,151820,21683277,11139856,1,901
simd256_v2,simd,conv_simd256_v2,512,512,3,1234,4,0,100,3159005,29446,3093041,145194,20970789,11211447,0,903
simd256_v2,simd,conv_simd256_v2,512,512,3,1234,5,0,91,3215166,26889,3207436,156285,21954026,11437457,2,901
simd256_v2,simd,conv_simd256_v2,512,512,3,1234,6,0,97,3208516,29986,3151421,149791,21413958,11406542,2,903
simd256_v2,simd,conv_simd256_v2,512,512,3,1234,7,0,90,3215924,25973,3215634,155642,22013076,11456476,1,904
simd256_v2,simd,conv_simd256_v2,512,512,3,1234,8,0,91,3208463,26372,3201742,154246,21913394,11634755,2,901
simd256_v2,simd,conv_simd256_v2,512,512,3,1234,9,0,100,3159676,29361,3093663,144826,20972668,11123055,0,904
simd256_v2,simd,conv_simd256_v2,512,512,3,1234,10,0,90,3256122,29067,3240849,157286,22175928,11670241,2,906
simd256_v2,simd,conv_simd256_v2,512,512,3,1234,11,0,100,3172205,30684,3100342,150561,21022265,11639243,2,905
simd256_v2,simd,conv_simd256_v2,512,512,3,1234,12,0,90,3214427,26692,3213756,156424,22000723,11379493,1,901
simd256_v2,simd,conv_simd256_v2,512,512,3,1234,13,0,100,3162208,30387,3095624,149863,20982770,11670029,1,904
simd256_v2,simd,conv_simd256_v2,512,512,3,1234,14,0,90,3236396,25852,3235366,157433,22148261,11752410,2,902
simd256_v2,simd,conv_simd256_v2,512,512,3,1234,15,0,89,3266505,26692,3265998,160087,22355956,11808776,1,903
simd256_v2,simd,conv_simd256_v2,512,512,3,1234,16,0,89,3254587,27235,3252410,158184,22267843,11808082,1,904
simd256_v2,simd,conv_simd256_v2,512,512,3,1234,17,0,100,3163207,31018,3096361,148452,20988440,11601288,1,904
simd256_v2,simd,conv_simd256_v2,512,512,3,1234,18,0,91,3210733,28120,3209890,156428,21977523,11414274,1,901
simd256_v2,simd,conv_simd256_v2,512,512,3,1234,19,0,90,3214988,27655,3213556,156292,22000683,11531129,1,904
simd256_v2,simd,conv_simd256_v2,512,512,3,1234,20,0,100,3152148,29871,3087724,146068,20940287,11449050,0,900
simd256_v2,simd,conv_simd256_v2,1024,1024,3,1234,1,0,96,11104185,61009,11351131,558283,78662136,40492837,2,3213
simd256_v2,simd,conv_simd256_v2,1024,1024,3,1234,2,0,96,11092911,58815,11342476,560552,78611807,41326260,1,3210
simd256_v2,simd,conv_simd256_v2,1024,1024,3,1234,3,0,95,11196203,63297,11448033,564174,79341816,41836265,1,3210
simd256_v2,simd,conv_simd256_v2,1024,1024,3,1234,4,0,96,11108038,62910,11358495,559971,78725140,40877319,1,3206
simd256_v2,simd,conv_simd256_v2,1024,1024,3,1234,5,0,96,11097653,57548,11347669,560078,78647465,41603735,1,3208
simd256_v2,simd,conv_simd256_v2,1024,1024,3,1234,6,0,96,11114291,56746,11364902,560159,78763881,42772824,1,3208
simd256_v2,simd,conv_simd256_v2,1024,1024,3,1234,7,0,95,11245613,62965,11498806,567459,79694172,42077243,1,3208
simd256_v2,simd,conv_simd256_v2,1024,1024,3,1234,8,0,96,11110976,63624,11361158,560986,78736639,41056599,1,3209
simd256_v2,simd,conv_simd256_v2,1024,1024,3,1234,9,0,96,11150941,62368,11401340,562186,79018357,41593917,1,3210
simd256_v2,simd,conv_simd256_v2,1024,1024,3,1234,10,0,98,11051903,68531,11246505,554281,77781340,40601793,2,3211
simd256_v2,simd,conv_simd256_v2,1024,1024,3,1234,11,0,96,11136890,63236,11385386,561846,78912296,41256559,1,3209
simd256_v2,simd,conv_simd256_v2,1024,1024,3,1234,12,0,96,11138927,62344,11384853,561383,78899889,43836698,2,3208
simd256_v2,simd,conv_simd256_v2,1024,1024,3,1234,13,0,96,11124452,62733,11372178,562374,78818465,41821402,1,3206
simd256_v2,simd,conv_simd256_v2,1024,1024,3,1234,14,0,96,11104382,63746,11350635,558945,78634537,41020899,1,3208
simd256_v2,simd,conv_simd256_v2,1024,1024,3,1234,15,0,96,11136260,60946,11386605,564208,78915803,41192560,1,3208
simd256_v2,simd,conv_simd256_v2,1024,1024,3,1234,16,0,96,11138111,62559,11386209,560864,78915816,41163784,1,3211
simd256_v2,simd,conv_simd256_v2,1024,1024,3,1234,17,0,96,11138045,64589,11388157,562122,78924018,41498272,1,3211
simd256_v2,simd,conv_simd256_v2,1024,1024,3,1234,18,0,97,11122797,63697,11359993,558767,78676078,40756088,1,3210
simd256_v2,simd,conv_simd256_v2,1024,1024,3,1234,19,0,100,10983348,70657,11157676,547924,77106687,40332926,0,3210
simd256_v2,simd,conv_simd256_v2,1024,1024,3,1234,20,0,96,11105391,58511,11355345,560611,78698403,41358250,1,3211
simd256_v2,simd,conv_simd256_v2,2048,2048,3,1234,1,0,99,42408760,267610,43635777,2159886,303359798,160393630,3,12430
simd256_v2,simd,conv_simd256_v2,2048,2048,3,1234,2,0,98,42478655,250467,43734788,2169498,304142576,160789872,1,12426
simd256_v2,simd,conv_simd256_v2,2048,2048,3,1234,3,0,100,42181506,281384,43358739,2143729,301298312,159315136,2,12429
simd256_v2,simd,conv_simd256_v2,2048,2048,3,1234,4,0,98,42509084,258112,43765418,2166794,304354224,159872348,1,12429
simd256_v2,simd,conv_simd256_v2,2048,2048,3,1234,5,0,100,42189441,265067,43362636,2150778,301326250,159442399,1,12429
simd256_v2,simd,conv_simd256_v2,2048,2048,3,1234,6,0,98,42504971,273864,43762890,2166392,304331823,160238434,1,12430
simd256_v2,simd,conv_simd256_v2,2048,2048,3,1234,7,0,98,42489043,314660,43741181,2163688,304179826,161293268,1,12429
simd256_v2,simd,conv_simd256_v2,2048,2048,3,1234,8,0,98,42504079,272857,43759106,2169314,304301745,160244185,2,12430
simd256_v2,simd,conv_simd256_v2,2048,2048,3,1234,9,0,98,42495672,275894,43754202,2168491,304275749,160423681,1,12429
simd256_v2,simd,conv_simd256_v2,2048,2048,3,1234,10,0,98,42480303,271979,43735877,2171105,304145857,160770729,2,12427
simd256_v2,simd,conv_simd256_v2,2048,2048,3,1234,11,0,98,42484941,253731,43739937,2165623,304166957,161350448,2,12431
simd256_v2,simd,conv_simd256_v2,2048,2048,3,1234,12,0,98,42496417,277518,43753457,2167171,304268462,160154666,1,12429
simd256_v2,simd,conv_simd256_v2,2048,2048,3,1234,13,0,99,42275521,262132,43466364,2151594,302098201,159722803,2,12426
simd256_v2,simd,conv_simd256_v2,2048,2048,3,1234,14,0,98,42496459,263400,43751730,2170774,304258559,160627779,1,12428
simd256_v2,simd,conv_simd256_v2,2048,2048,3,1234,15,0,98,42487594,300681,43743959,2164758,304202724,160409651,1,12430
simd256_v2,simd,conv_simd256_v2,2048,2048,3,1234,16,0,98,42520417,263573,43775392,2171129,304421618,160516952,1,12428
simd256_v2,simd,conv_simd256_v2,2048,2048,3,1234,17,0,98,42513981,284543,43768655,2177493,304372175,161132607,1,12426
simd256_v2,simd,conv_simd256_v2,2048,2048,3,1234,18,0,99,42373787,250593,43572793,2159717,302849305,160436672,3,12431
simd256_v2,simd,conv_simd256_v2,2048,2048,3,1234,19,0,99,42324782,249228,43574921,2161808,303030989,161518866,1,12431
simd256_v2,simd,conv_simd256_v2,2048,2048,3,1234,20,0,99,42374396,255766,43627387,2161497,303387071,159843141,2,12430
simd256_v2,simd,conv_simd256_v2,4096,4096,3,1234,1,0,99,167706766,1047450,172899768,8547008,1203308746,642159928,2,49302
simd256_v2,simd,conv_simd256_v2,4096,4096,3,1234,2,0,99,167555831,1081029,172782881,8554636,1202560456,638738914,2,49301
simd256_v2,simd,conv_simd256_v2,4096,4096,3,1234,3,0,99,167377230,1037322,172595817,8545178,1201229106,640129066,2,49301
simd256_v2,simd,conv_simd256_v2,4096,4096,3,1234,4,0,99,167408578,1090358,172631340,8534625,1201488185,637360286,1,49303
simd256_v2,simd,conv_simd256_v2,4096,4096,3,1234,5,0,100,167217921,1055563,172361197,8527915,1199379115,636165060,2,49301
simd256_v2,simd,conv_simd256_v2,4096,4096,3,1234,6,0,99,167402049,1103726,172621361,8547005,1201412086,639755858,4,49299
simd256_v2,simd,conv_simd256_v2,4096,4096,3,1234,7,0,99,167583290,1129879,172809417,8551652,1202717221,638267520,3,49300
simd256_v2,simd,conv_simd256_v2,4096,4096,3,1234,8,0,99,167547876,1058073,172773910,8546221,1202479445,638802479,1,49302
simd256_v2,simd,conv_simd256_v2,4096,4096,3,1234,9,0,99,167369371,1029217,172588987,8551059,1201188275,640448022,1,49301
simd256_v2,simd,conv_simd256_v2,4096,4096,3,1234,10,0,99,167400468,1016179,172616786,8532477,1201381191,639512336,2,49298
simd256_v2,simd,conv_simd256_v2,4096,4096,3,1234,11,0,99,167429317,1029286,172640412,8541121,1201536656,639789164,3,49299
simd256_v2,simd,conv_simd256_v2,4096,4096,3,1234,12,0,99,167517801,1050909,172729445,8544342,1202108071,640078361,3,49302
simd256_v2,simd,conv_simd256_v2,4096,4096,3,1234,13,0,99,167593037,1033215,172817726,8557592,1202782298,639988763,3,49301
simd256_v2,simd,conv_simd256_v2,4096,4096,3,1234,14,0,99,167574883,1052499,172797057,8560329,1202633838,641332634,1,49300
simd256_v2,simd,conv_simd256_v2,4096,4096,3,1234,15,0,99,167611622,1033503,172832806,8549191,1202867468,640820251,4,49301
simd256_v2,simd,conv_simd256_v2,4096,4096,3,1234,16,0,99,167587486,1016094,172800165,8553135,1202612615,640507857,4,49300
simd256_v2,simd,conv_simd256_v2,4096,4096,3,1234,17,0,99,167625674,1032338,172845586,8549642,1202962909,640677163,1,49303
simd256_v2,simd,conv_simd256_v2,4096,4096,3,1234,18,0,99,167369256,1028143,172527886,8531401,1200595094,639222959,2,49302
simd256_v2,simd,conv_simd256_v2,4096,4096,3,1234,19,0,100,167238490,1036197,172377315,8524138,1199487874,638219989,1,49301
simd256_v2,simd,conv_simd256_v2,4096,4096,3,1234,20,0,99,167609938,1041103,172827223,8549595,1202830539,645979351,2,49301
simd256_v2,simd,conv_simd256_v2,8192,8192,3,1234,1,0,99,668631761,4594681,689790313,34068684,4801353148,2564133790,5,196776
simd256_v2,simd,conv_simd256_v2,8192,8192,3,1234,2,0,99,668589590,4593238,689767248,34078507,4801191655,2560439969,7,196772
simd256_v2,simd,conv_simd256_v2,8192,8192,3,1234,3,0,99,668361619,4515278,689537445,34063517,4799652680,2544929287,5,196775
simd256_v2,simd,conv_simd256_v2,8192,8192,3,1234,4,0,99,668592681,4572001,689775037,34065748,4801275042,2547421335,6,196771
simd256_v2,simd,conv_simd256_v2,8192,8192,3,1234,5,0,99,668589624,4529568,689767516,34075261,4801196446,2560849964,5,196775
simd256_v2,simd,conv_simd256_v2,8192,8192,3,1234,6,0,99,668564864,4542811,689750507,34056344,4801127315,2561100413,5,196773
simd256_v2,simd,conv_simd256_v2,8192,8192,3,1234,7,0,99,668541166,4513626,689719248,34074838,4800894258,2548058596,6,196774
simd256_v2,simd,conv_simd256_v2,8192,8192,3,1234,8,0,99,668593636,4575758,689773277,34050590,4801234411,2548159283,3,196774
simd256_v2,simd,conv_simd256_v2,8192,8192,3,1234,9,0,99,668600985,4605362,689779264,34063261,4801283217,2551424974,6,196772
simd256_v2,simd,conv_simd256_v2,8192,8192,3,1234,10,0,99,668547409,4545096,689729312,34060765,4800997584,2553574609,6,196775
simd256_v2,simd,conv_simd256_v2,8192,8192,3,1234,11,0,99,668578636,4605730,689759194,34066137,4801143933,2558277369,4,196773
simd256_v2,simd,conv_simd256_v2,8192,8192,3,1234,12,0,99,668352118,4529185,689534743,34060610,4799644488,2541530993,4,196773
simd256_v2,simd,conv_simd256_v2,8192,8192,3,1234,13,0,100,668298034,4793621,689374360,34047950,4798189363,2559639997,5,196773
simd256_v2,simd,conv_simd256_v2,8192,8192,3,1234,14,0,99,668605742,4537885,689783551,34054433,4801314827,2553986042,5,196772
simd256_v2,simd,conv_simd256_v2,8192,8192,3,1234,15,0,100,668210119,4574993,689302147,34039965,4797758925,2558000680,6,196775
simd256_v2,simd,conv_simd256_v2,8192,8192,3,1234,16,0,99,668507832,4641727,689679767,34071888,4800609846,2553232699,4,196776
simd256_v2,simd,conv_simd256_v2,8192,8192,3,1234,17,0,99,668570356,4670547,689749312,34083378,4801098845,2546250433,5,196771
simd256_v2,simd,conv_simd256_v2,8192,8192,3,1234,18,0,99,668605216,4544303,689781019,34069096,4801303751,2553825170,8,196773
simd256_v2,simd,conv_simd256_v2,8192,8192,3,1234,19,0,99,668231376,4560747,689321057,34041869,4797887359,2556656961,4,196773
simd256_v2,simd,conv_simd256_v2,8192,8192,3,1234,20,0,99,668596347,4955987,689774262,34061425,4801260262,2557857206,7,196774
simd256_v2,simd,conv_simd256_v2,16384,16384,3,1234,1,0,99,2673220199,33152759,2759093797,136171758,19204287828,10146337599,15,786630
simd256_v2,simd,conv_simd256_v2,16384,16384,3,1234,2,0,99,2673013643,32573042,2758826852,136089926,19202432652,10160151819,14,786631
simd256_v2,simd,conv_simd256_v2,16384,16384,3,1234,3,0,99,2673158214,32610450,2758979446,136110679,19203544241,10158092679,17,786628
simd256_v2,simd,conv_simd256_v2,16384,16384,3,1234,4,0,99,2672969392,33497586,2758783708,136104103,19202196956,10143845316,15,786630
simd256_v2,simd,conv_simd256_v2,16384,16384,3,1234,5,0,99,2673233883,32801736,2759043932,136110757,19203908681,10159332667,17,786630
simd256_v2,simd,conv_simd256_v2,16384,16384,3,1234,6,0,99,2674009221,32865382,2759022621,136077522,19202873900,10151040991,20,786631
simd256_v2,simd,conv_simd256_v2,16384,16384,3,1234,7,0,99,2673121758,32333711,2758951625,136049258,19203426132,10146970058,16,786626
simd256_v2,simd,conv_simd256_v2,16384,16384,3,1234,8,0,99,2672958825,32975307,2758775243,136108074,19202153639,10162845598,19,786628
simd256_v2,simd,conv_simd256_v2,16384,16384,3,1234,9,0,100,2672848948,32859504,2758580456,136129755,19200475554,10174059568,16,786630
simd256_v2,simd,conv_simd256_v2,16384,16384,3,1234,10,0,99,2673022220,34927942,2758845124,136063525,19202665261,10157034214,17,786629
simd256_v2,simd,conv_simd256_v2,16384,16384,3,1234,11,0,99,2672827258,32693070,2758663042,136170272,19201484327,10155308023,18,786630
simd256_v2,simd,conv_simd256_v2,16384,16384,3,1234,12,0,99,2673260985,32503101,2759079598,136151175,19204154225,10166240027,16,786631
simd256_v2,simd,conv_simd256_v2,16384,16384,3,1234,13,0,99,2673124255,32882648,2758943694,136099631,19203339155,10154577471,19,786628
simd256_v2,simd,conv_simd256_v2,16384,16384,3,1234,14,0,99,2673233357,32761830,2759038732,136127432,19203899206,10178992032,13,786629
simd256_v2,simd,conv_simd256_v2,16384,16384,3,1234,15,0,99,2673225038,32527116,2759031604,136118661,19203836228,10154587734,17,786630
simd256_v2,simd,conv_simd256_v2,16384,16384,3,1234,16,0,99,2673323300,32680369,2759093171,136121507,19204404424,10145826308,17,786627
simd256_v2,simd,conv_simd256_v2,16384,16384,3,1234,17,0,99,2673227199,32558219,2759034122,136168020,19203869616,10152202616,16,786630
simd256_v2,simd,conv_simd256_v2,16384,16384,3,1234,18,0,99,2672850268,32761666,2758670038,136085366,19201540698,10152443975,20,786631
simd256_v2,simd,conv_simd256_v2,16384,16384,3,1234,19,0,99,2672959919,32868269,2758787671,136262194,19202342079,10157510618,12,786630
simd256_v2,simd,conv_simd256_v2,16384,16384,3,1234,20,0,99,2672922300,32386406,2758730364,136130295,19201882734,10162754748,20,786629
simd256_v3,simd,conv_simd256_v3,64,64,3,1234,1,0,100,577943,16257,437587,14482,2494312,2142127,0,144
simd256_v3,simd,conv_simd256_v3,64,64,3,1234,2,0,58,593897,15773,462107,17461,2658530,2365305,1,141
simd256_v3,simd,conv_simd256_v3,64,64,3,1234,3,0,57,624612,16198,483705,18371,2788152,2458491,1,141
simd256_v3,simd,conv_simd256_v3,64,64,3,1234,4,0,56,603638,17282,470577,17599,2706009,2403200,1,142
simd256_v3,simd,conv_simd256_v3,64,64,3,1234,5,0,70,587569,17022,455762,17293,2598400,2626611,2,142
simd256_v3,simd,conv_simd256_v3,64,64,3,1234,6,0,55,621404,17968,483558,18244,2785350,2572076,1,142
simd256_v3,simd,conv_simd256_v3,64,64,3,1234,7,0,57,596713,17547,465761,17442,2673325,2352423,1,139
simd256_v3,simd,conv_simd256_v3,64,64,3,1234,8,0,57,599508,16174,467659,17564,2684980,2453653,1,141
simd256_v3,simd,conv_simd256_v3,64,64,3,1234,9,0,46,740898,21274,577694,21434,3315860,2924431,1,145
simd256_v3,simd,conv_simd256_v3,64,64,3,1234,10,0,58,589818,15924,459731,17209,2639740,2548961,1,143
simd256_v3,simd,conv_simd256_v3,64,64,3,1234,11,0,57,603449,16507,470578,17715,2702067,2470984,1,141
simd256_v3,simd,conv_simd256_v3,64,64,3,1234,12,0,68,594016,16397,460992,17618,2632640,2536233,2,141
simd256_v3,simd,conv_simd256_v3,64,64,3,1234,13,0,100,579561,16618,438425,14657,2499523,2263951,0,143
simd256_v3,simd,conv_simd256_v3,64,64,3,1234,14,0,57,594987,14918,464000,17462,2663281,2371366,1,142
simd256_v3,simd,conv_simd256_v3,64,64,3,1234,15,0,63,593501,15255,462757,17859,2644154,2469262,2,144
simd256_v3,simd,conv_simd256_v3,64,64,3,1234,16,0,55,621739,14550,485275,15163,2785743,2289821,1,142
simd256_v3,simd,conv_simd256_v3,64,64,3,1234,17,0,59,573935,13890,448144,12727,2573048,2490615,1,142
simd256_v3,simd,conv_simd256_v3,64,64,3,1234,18,0,99,584895,14172,441934,14479,2524921,2569513,2,142
simd256_v3,simd,conv_simd256_v3,64,64,3,1234,19,0,55,619978,14633,483570,14175,2773737,2311931,1,142
simd256_v3,simd,conv_simd256_v3,64,64,3,1234,20,0,100,582160,13990,440192,13055,2512724,2197909,1,141
simd256_v3,simd,conv_simd256_v3,128,128,3,1234,1,0,63,730107,13926,611542,24068,3752735,2675818,1,177
simd256_v3,simd,conv_simd256_v3,128,128,3,1234,2,0,100,699828,15293,558294,22338,3342903,2742871,1,177
simd256_v3,simd,conv_simd256_v3,128,128,3,1234,3,0,88,733746,17050,587881,22389,3539191,2726185,2,178
simd256_v3,simd,conv_simd256_v3,128,128,3,1234,4,0,60,763675,14475,639242,25117,3920564,2803709,1,178
simd256_v3,simd,conv_simd256_v3,128,128,3,1234,5,0,62,737164,14326,616301,23161,3784228,2721154,1,177
simd256_v3,simd,conv_simd256_v3,128,128,3,1234,6,0,62,742512,14345,620980,23244,3810875,2811073,1,179
simd256_v3,simd,conv_simd256_v3,128,128,3,1234,7,0,62,751767,14637,627943,23284,3858656,2817368,2,177
simd256_v3,simd,conv_simd256_v3,128,128,3,1234,8,0,100,705239,16454,562264,23073,3369403,3014911,1,179
simd256_v3,simd,conv_simd256_v3,128,128,3,1234,9,0,61,751937,14296,629076,24762,3860159,2697898,1,179
simd256_v3,simd,conv_simd256_v3,128,128,3,1234,10,0,62,739802,14664,617932,25100,3797106,2692926,1,178
simd256_v3,simd,conv_simd256_v3,128,128,3,1234,11,0,63,725849,14163,606965,24338,3725264,2718816,1,176
simd256_v3,simd,conv_simd256_v3,128,128,3,1234,12,0,61,748293,14111,625740,23718,3841783,2789113,1,180
simd256_v3,simd,conv_simd256_v3,128,128,3,1234,13,0,61,756010,14352,632698,24501,3880366,3009598,1,180
simd256_v3,simd,conv_simd256_v3,128,128,3,1234,14,0,63,735033,14370,614614,24149,3774146,2844127,1,178
simd256_v3,simd,conv_simd256_v3,128,128,3,1234,15,0,100,703721,15083,561054,20782,3359021,2715818,1,179
simd256_v3,simd,conv_simd256_v3,128,128,3,1234,16,0,63,734179,14521,614257,23080,3767840,2592143,1,179
simd256_v3,simd,conv_simd256_v3,128,128,3,1234,17,0,63,732300,14169,611313,24454,3754765,2672425,1,181
simd256_v3,simd,conv_simd256_v3,128,128,3,1234,18,0,54,851096,16412,711543,26801,4370987,3197474,1,179
simd256_v3,simd,conv_simd256_v3,128,128,3,1234,19,0,64,731981,14048,612682,23756,3746292,2740046,1,178
simd256_v3,simd,conv_simd256_v3,128,128,3,1234,20,0,63,722907,13759,604813,24124,3716700,2678750,1,177
simd256_v3,simd,conv_simd256_v3,256,256,3,1234,1,0,78,1198198,15089,1102298,52660,7305363,4485377,1,328
simd256_v3,simd,conv_simd256_v3,256,256,3,1234,2,0,100,1182212,18748,1040624,46088,6720156,4548387,1,328
simd256_v3,simd,conv_simd256_v3,256,256,3,1234,3,0,81,1212160,16976,1104657,49801,7271990,4313575,1,325
simd256_v3,simd,conv_simd256_v3,256,256,3,1234,4,0,78,1200595,16476,1103843,52201,7316553,4414584,1,327
simd256_v3,simd,conv_simd256_v3,256,256,3,1234,5,0,77,1210516,15343,1113643,51289,7385083,4399195,1,327
simd256_v3,simd,conv_simd256_v3,256,256,3,1234,6,0,77,1210221,15905,1113364,53696,7379851,4528672,1,326
simd256_v3,simd,conv_simd256_v3,256,256,3,1234,7,0,74,1259101,17586,1157026,56724,7670644,4761477,1,328
simd256_v3,simd,conv_simd256_v3,256,256,3,1234,8,0,100,1179553,20492,1037794,47449,6705950,4620668,1,328
simd256_v3,simd,conv_simd256_v3,256,256,3,1234,9,0,78,1224528,16986,1120116,52613,7423052,4466108,1,329
simd256_v3,simd,conv_simd256_v3,256,256,3,1234,10,0,79,1183447,16282,1089146,52732,7219259,4339305,1,324
simd256_v3,simd,conv_simd256_v3,256,256,3,1234,11,0,77,1215265,16733,1116968,52075,7401944,4511685,1,326
simd256_v3,simd,conv_simd256_v3,256,256,3,1234,12,0,84,1277524,18806,1143234,52073,7464260,4909609,1,324
simd256_v3,simd,conv_simd256_v3,256,256,3,1234,13,0,74,1274263,16776,1166796,55577,7727688,4860785,1,325
simd256_v3,simd,conv_simd256_v3,256,256,3,1234,14,0,77,1211477,17008,1114608,54298,7394225,4596620,1,323
simd256_v3,simd,conv_simd256_v3,256,256,3,1234,15,0,75,1239381,16971,1139699,53293,7552602,4509332,1,327
simd256_v3,simd,conv_simd256_v3,256,256,3,1234,16,0,78,1189934,16567,1094830,51459,7260636,4371819,1,324
simd256_v3,simd,conv_simd256_v3,256,256,3,1234,17,0,74,1264215,18184,1162925,55778,7706793,4883164,1,326
simd256_v3,simd,conv_simd256_v3,256,256,3,1234,18,0,82,1133155,14082,1042331,47947,6912443,4209641,1,326
simd256_v3,simd,conv_simd256_v3,256,256,3,1234,19,0,78,1199940,16968,1104342,52583,7322032,4520925,1,323
simd256_v3,simd,conv_simd256_v3,256,256,3,1234,20,0,77,1223972,16413,1124969,54275,7456657,4731542,1,327
simd256_v3,simd,conv_simd256_v3,512,512,3,1234,1,0,90,3117954,34845,3049982,156765,21070848,11616576,1,903
simd256_v3,simd,conv_simd256_v3,512,512,3,1234,2,0,92,3025824,33871,2959746,151661,20449701,11164063,1,904
simd256_v3,simd,conv_simd256_v3,512,512,3,1234,3,0,90,3100034,33681,3030446,155050,20936313,11538559,1,904
simd256_v3,simd,conv_simd256_v3,512,512,3,1234,4,0,90,3098703,33466,3031379,154691,20944567,11561845,1,903
simd256_v3,simd,conv_simd256_v3,512,512,3,1234,5,0,91,3091163,33231,3017172,154335,20839270,11366842,2,906
simd256_v3,simd,conv_simd256_v3,512,512,3,1234,6,0,93,3114442,36019,3016746,154648,20737813,11799575,2,902
simd256_v3,simd,conv_simd256_v3,512,512,3,1234,7,0,100,3050476,36088,2922696,146118,19977296,11436099,1,903
simd256_v3,simd,conv_simd256_v3,512,512,3,1234,8,0,93,3018050,34038,2952357,152361,20395396,11109904,1,902
simd256_v3,simd,conv_simd256_v3,512,512,3,1234,9,0,90,3111250,33645,3042845,157766,21021686,11521786,1,903
simd256_v3,simd,conv_simd256_v3,512,512,3,1234,10,0,90,3116906,35352,3047774,156942,21056602,11787143,1,904
simd256_v3,simd,conv_simd256_v3,512,512,3,1234,11,0,90,3100218,34789,3031668,156282,20941930,11548736,1,904
simd256_v3,simd,conv_simd256_v3,512,512,3,1234,12,0,89,3137968,34479,3069216,159215,21210450,11819043,1,902
simd256_v3,simd,conv_simd256_v3,512,512,3,1234,13,0,91,3092280,33150,3023334,155870,20886156,11702294,1,903
simd256_v3,simd,conv_simd256_v3,512,512,3,1234,14,0,90,3118273,35310,3050334,157369,21073754,11641841,1,902
simd256_v3,simd,conv_simd256_v3,512,512,3,1234,15,0,90,3093744,35401,3025860,156273,20907412,11485434,1,904
simd256_v3,simd,conv_simd256_v3,512,512,3,1234,16,0,89,3141620,35229,3071622,158562,21219937,11884582,2,903
simd256_v3,simd,conv_simd256_v3,512,512,3,1234,17,0,90,3098261,32526,3030449,156597,20931843,11578437,1,904
simd256_v3,simd,conv_simd256_v3,512,512,3,1234,18,0,98,3073445,39122,2949646,149770,20163737,11702963,2,905
simd256_v3,simd,conv_simd256_v3,512,512,3,1234,19,0,100,3046808,38670,2920504,146395,19961172,11123937,0,904
simd256_v3,simd,conv_simd256_v3,512,512,3,1234,20,0,90,3097288,36446,3029462,156295,20928429,11574656,1,904
simd256_v3,simd,conv_simd256_v3,1024,1024,3,1234,1,0,96,10641782,97982,10636859,560126,74494207,40630138,1,3209
simd256_v3,simd,conv_simd256_v3,1024,1024,3,1234,2,0,96,10654556,90414,10649056,563116,74576337,42124306,2,3208
simd256_v3,simd,conv_simd256_v3,1024,1024,3,1234,3,0,96,10655770,95891,10652223,560149,74604684,40913530,2,3209
simd256_v3,simd,conv_simd256_v3,1024,1024,3,1234,4,0,96,10698987,92201,10699271,566327,74933825,42488172,1,3209
simd256_v3,simd,conv_simd256_v3,1024,1024,3,1234,5,0,96,10664977,93253,10662791,561651,74680199,41332078,1,3210
simd256_v3,simd,conv_simd256_v3,1024,1024,3,1234,6,0,96,10687710,92541,10685730,562371,74836017,41261285,1,3208
simd256_v3,simd,conv_simd256_v3,1024,1024,3,1234,7,0,96,10632968,95436,10631096,558128,74455923,40801998,1,3208
simd256_v3,simd,conv_simd256_v3,1024,1024,3,1234,8,0,95,10749767,91970,10744385,565154,75251948,42234713,1,3210
simd256_v3,simd,conv_simd256_v3,1024,1024,3,1234,9,0,96,10656505,96054,10654958,561926,74628660,41260285,1,3209
simd256_v3,simd,conv_simd256_v3,1024,1024,3,1234,10,0,96,10678416,90956,10675273,561245,74764091,41936742,1,3210
simd256_v3,simd,conv_simd256_v3,1024,1024,3,1234,11,0,96,10658503,92731,10656012,560883,74631390,40777604,1,3209
simd256_v3,simd,conv_simd256_v3,1024,1024,3,1234,12,0,96,10624973,86815,10624260,561902,74411311,41825038,1,3210
simd256_v3,simd,conv_simd256_v3,1024,1024,3,1234,13,0,96,10653294,94039,10651210,561408,74599181,41055016,1,3207
simd256_v3,simd,conv_simd256_v3,1024,1024,3,1234,14,0,96,10707402,91408,10703260,563500,74960903,41573082,2,3207
simd256_v3,simd,conv_simd256_v3,1024,1024,3,1234,15,0,96,10692601,93316,10690111,563024,74870831,41392550,1,3209
simd256_v3,simd,conv_simd256_v3,1024,1024,3,1234,16,0,97,10661024,94052,10633235,558243,74375369,40931158,2,3206
simd256_v3,simd,conv_simd256_v3,1024,1024,3,1234,17,0,96,10643291,90607,10640181,558418,74520957,40697042,1,3210
simd256_v3,simd,conv_simd256_v3,1024,1024,3,1234,18,0,96,10643972,91261,10642072,559901,74527746,40510360,2,3210
simd256_v3,simd,conv_simd256_v3,1024,1024,3,1234,19,0,98,10635864,95525,10594462,555447,74064051,42409036,1,3208
simd256_v3,simd,conv_simd256_v3,1024,1024,3,1234,20,0,96,10681719,91778,10677557,561681,74778499,41810800,1,3211
simd256_v3,simd,conv_simd256_v3,2048,2048,3,1234,1,0,98,40814736,386535,41074390,2172352,288757076,160590648,2,12432
simd256_v3,simd,conv_simd256_v3,2048,2048,3,1234,2,0,98,40708944,400765,40971916,2169797,288043855,160107080,2,12428
simd256_v3,simd,conv_simd256_v3,2048,2048,3,1234,3,0,99,40525900,369278,40792397,2158149,286785013,159508616,1,12430
simd256_v3,simd,conv_simd256_v3,2048,2048,3,1234,4,0,98,40617412,379917,40879578,2162410,287398171,159713948,1,12429
simd256_v3,simd,conv_simd256_v3,2048,2048,3,1234,5,0,98,40727249,383728,40992794,2176043,288190370,161165069,1,12430
simd256_v3,simd,conv_simd256_v3,2048,2048,3,1234,6,0,98,40703935,375652,40966553,2168562,288001296,160476374,2,12428
simd256_v3,simd,conv_simd256_v3,2048,2048,3,1234,7,0,98,40682884,377598,40944044,2169414,287851948,160491471,1,12426
simd256_v3,simd,conv_simd256_v3,2048,2048,3,1234,8,0,99,40575770,389146,40812786,2158632,286824608,159825188,2,12429
simd256_v3,simd,conv_simd256_v3,2048,2048,3,1234,9,0,100,40419537,387409,40613299,2146373,285285246,159064677,1,12431
simd256_v3,simd,conv_simd256_v3,2048,2048,3,1234,10,0,99,40550363,381340,40811899,2159577,286921348,159421627,1,12429
simd256_v3,simd,conv_simd256_v3,2048,2048,3,1234,11,0,98,40690375,372180,40954145,2169021,287920056,160798324,2,12430
simd256_v3,simd,conv_simd256_v3,2048,2048,3,1234,12,0,98,40731445,378203,40992348,2169914,288183631,161401269,1,12430
simd256_v3,simd,conv_simd256_v3,2048,2048,3,1234,13,0,98,40737281,390992,41000296,2171149,288241155,160112238,1,12432
simd256_v3,simd,conv_simd256_v3,2048,2048,3,1234,14,0,99,40537169,369264,40802911,2158956,286860159,159147806,1,12430
simd256_v3,simd,conv_simd256_v3,2048,2048,3,1234,15,0,98,40712244,379899,40976538,2168536,288079120,159856960,2,12430
simd256_v3,simd,conv_simd256_v3,2048,2048,3,1234,16,0,98,40694275,372866,40959664,2167888,287963006,159827288,1,12429
simd256_v3,simd,conv_simd256_v3,2048,2048,3,1234,17,0,98,40736650,379232,41001643,2167706,288258606,159900988,1,12429
simd256_v3,simd,conv_simd256_v3,2048,2048,3,1234,18,0,98,40674694,385538,40938507,2165407,287807737,159344151,2,12427
simd256_v3,simd,conv_simd256_v3,2048,2048,3,1234,19,0,98,40699039,371531,40960286,2168128,287962325,161775642,1,12431
simd256_v3,simd,conv_simd256_v3,2048,2048,3,1234,20,0,99,40552283,374613,40817843,2161030,286962969,159363507,2,12431
simd256_v3,simd,conv_simd256_v3,4096,4096,3,1234,1,0,100,160310280,2115035,161493333,8528253,1136076404,641475910,1,49301
simd256_v3,simd,conv_simd256_v3,4096,4096,3,1234,2,0,100,160155112,2040285,161368118,8527255,1135260907,640068278,2,49303
simd256_v3,simd,conv_simd256_v3,4096,4096,3,1234,3,0,99,160489806,2115210,161768670,8553701,1138299696,638675417,3,49302
simd256_v3,simd,conv_simd256_v3,4096,4096,3,1234,4,0,99,160297760,2048752,161581861,8536326,1136999000,639406573,1,49299
simd256_v3,simd,conv_simd256_v3,4096,4096,3,1234,5,0,99,160295199,2060536,161578524,8545329,1136977055,641109986,2,49301
simd256_v3,simd,conv_simd256_v3,4096,4096,3,1234,6,0,99,160468424,2101919,161752847,8549264,1138211879,638829540,1,49301
simd256_v3,simd,conv_simd256_v3,4096,4096,3,1234,7,0,99,160591541,2086594,161827542,8545442,1138798909,641367231,2,49300
simd256_v3,simd,conv_simd256_v3,4096,4096,3,1234,8,0,99,160511009,2046418,161797843,8555480,1138526696,639892258,3,49300
simd256_v3,simd,conv_simd256_v3,4096,4096,3,1234,9,0,99,160497935,2134628,161782491,8549850,1138412196,640013291,2,49300
simd256_v3,simd,conv_simd256_v3,4096,4096,3,1234,10,0,99,160481513,2044478,161759433,8548162,1138235083,639411849,2,49302
simd256_v3,simd,conv_simd256_v3,4096,4096,3,1234,11,0,99,160449540,2050239,161730023,8550243,1138023291,639992258,2,49301
simd256_v3,simd,conv_simd256_v3,4096,4096,3,1234,12,0,99,160418306,2058088,161694926,8551744,1137782427,640111057,3,49301
simd256_v3,simd,conv_simd256_v3,4096,4096,3,1234,13,0,99,160399044,2076150,161685229,8548470,1137731591,639046226,3,49303
simd256_v3,simd,conv_simd256_v3,4096,4096,3,1234,14,0,99,160485278,2056101,161764335,8554278,1138276217,639849540,2,49299
simd256_v3,simd,conv_simd256_v3,4096,4096,3,1234,15,0,99,160463066,2089735,161744873,8550522,1138138364,639761703,1,49300
simd256_v3,simd,conv_simd256_v3,4096,4096,3,1234,16,0,99,160467100,2075204,161747727,8545188,1138158988,640707138,2,49299
simd256_v3,simd,conv_simd256_v3,4096,4096,3,1234,17,0,99,160487445,2043110,161769351,8552178,1138308647,642532879,2,49304
simd256_v3,simd,conv_simd256_v3,4096,4096,3,1234,18,0,99,160483493,2102843,161760039,8547925,1138243580,640483422,1,49304
simd256_v3,simd,conv_simd256_v3,4096,4096,3,1234,19,0,99,160585565,2058327,161864665,8551522,1138975387,640233729,3,49301
simd256_v3,simd,conv_simd256_v3,4096,4096,3,1234,20,0,99,160385133,2069039,161665620,8543251,1137587328,641701375,1,49299
simd256_v3,simd,conv_simd256_v3,8192,8192,3,1234,1,0,100,639893649,8561021,645254152,34047344,4540774952,2567305586,6,196774
simd256_v3,simd,conv_simd256_v3,8192,8192,3,1234,2,0,99,640053069,8828573,645499415,34071281,4542708445,2567617577,5,196775
simd256_v3,simd,conv_simd256_v3,8192,8192,3,1234,3,0,99,640069902,8554304,645529613,34053220,4543022809,2547494131,4,196774
simd256_v3,simd,conv_simd256_v3,8192,8192,3,1234,4,0,99,640089276,8375319,645529748,34070686,4542932518,2553427641,8,196775
simd256_v3,simd,conv_simd256_v3,8192,8192,3,1234,5,0,100,639899483,8529230,645279702,34032342,4540945382,2568059657,4,196771
simd256_v3,simd,conv_simd256_v3,8192,8192,3,1234,6,0,99,640026497,8395089,645481426,34065809,4542652307,2567459753,5,196772
simd256_v3,simd,conv_simd256_v3,8192,8192,3,1234,7,0,99,640251069,8399169,645704513,34049796,4544149788,2550154207,3,196775
simd256_v3,simd,conv_simd256_v3,8192,8192,3,1234,8,0,99,640251782,8527458,645695763,34053522,4544062486,2555860141,7,196772
simd256_v3,simd,conv_simd256_v3,8192,8192,3,1234,9,0,99,640165872,8442422,645618502,34107357,4543576095,2562972030,6,196774
simd256_v3,simd,conv_simd256_v3,8192,8192,3,1234,10,0,99,640295350,8451892,645742328,34051971,4544414411,2565814981,5,196775
simd256_v3,simd,conv_simd256_v3,8192,8192,3,1234,11,0,99,640138372,8482864,645574494,34078832,4543163420,2557171798,5,196775
simd256_v3,simd,conv_simd256_v3,8192,8192,3,1234,12,0,99,640239895,8312745,645687175,34063921,4544090918,2552238240,9,196773
simd256_v3,simd,conv_simd256_v3,8192,8192,3,1234,13,0,99,640257275,8529012,645704777,34083025,4544130761,2565786504,6,196775
simd256_v3,simd,conv_simd256_v3,8192,8192,3,1234,14,0,99,640171085,8306398,645627333,34066091,4543658088,2549175741,5,196774
simd256_v3,simd,conv_simd256_v3,8192,8192,3,1234,15,0,99,640062363,8330804,645514182,34052057,4542835114,2548005795,3,196772
simd256_v3,simd,conv_simd256_v3,8192,8192,3,1234,16,0,99,640185247,8407894,645636678,34083796,4543665412,2563562795,6,196770
simd256_v3,simd,conv_simd256_v3,8192,8192,3,1234,17,0,99,640236123,8380205,645689082,34074221,4544068960,2564583303,6,196773
simd256_v3,simd,conv_simd256_v3,8192,8192,3,1234,18,0,99,639997049,8429334,645456871,34107577,4542487132,2562266277,5,196773
simd256_v3,simd,conv_simd256_v3,8192,8192,3,1234,19,0,99,640176054,8515542,645633678,34064757,4543697689,2548590734,5,196772
simd256_v3,simd,conv_simd256_v3,8192,8192,3,1234,20,0,99,639989086,8454590,645428978,34100001,4542187152,2570897435,4,196773
simd256_v3,simd,conv_simd256_v3,16384,16384,3,1234,1,0,99,2560012524,46866722,2582973544,136154027,18176814080,10171929252,19,786628
simd256_v3,simd,conv_simd256_v3,16384,16384,3,1234,2,0,99,2559723905,46056276,2582654337,136077306,18174807694,10169885347,17,786631
simd256_v3,simd,conv_simd256_v3,16384,16384,3,1234,3,0,99,2559708065,45765183,2582643190,136036106,18174810231,10154264122,19,786629
simd256_v3,simd,conv_simd256_v3,16384,16384,3,1234,4,0,99,2559629602,45767322,2582554879,136084682,18174101038,10187420909,18,786626
simd256_v3,simd,conv_simd256_v3,16384,16384,3,1234,5,0,99,2559728374,45645634,2582653235,136170928,18174794076,10181652806,15,786629
simd256_v3,simd,conv_simd256_v3,16384,16384,3,1234,6,0,99,2559827723,45721314,2582755917,136123389,18175541156,10166877157,19,786629
simd256_v3,simd,conv_simd256_v3,16384,16384,3,1234,7,0,99,2559804083,45317753,2582735714,136258035,18175517374,10164191899,19,786628
simd256_v3,simd,conv_simd256_v3,16384,16384,3,1234,8,0,99,2559599125,45877864,2582515935,136094784,18173905792,10156013486,17,786629
simd256_v3,simd,conv_simd256_v3,16384,16384,3,1234,9,0,99,2559586036,46201149,2582508020,136070303,18173943939,10164931737,17,786627
simd256_v3,simd,conv_simd256_v3,16384,16384,3,1234,10,0,99,2559985468,46801775,2585240120,136114290,18179356058,10182756669,18,786630
simd256_v3,simd,conv_simd256_v3,16384,16384,3,1234,11,0,99,2559969021,46000293,2582870834,136155441,18176172303,10162239082,17,786629
simd256_v3,simd,conv_simd256_v3,16384,16384,3,1234,12,0,99,2559836040,46620771,2582757524,136048830,18175557730,10160014034,17,786632
simd256_v3,simd,conv_simd256_v3,16384,16384,3,1234,13,0,99,2559848267,45837179,2582758584,136103420,18175489056,10190325015,19,786628
simd256_v3,simd,conv_simd256_v3,16384,16384,3,1234,14,0,99,2559868990,45956034,2582788390,136136445,18175757088,10155375412,18,786629
simd256_v3,simd,conv_simd256_v3,16384,16384,3,1234,15,0,99,2559803459,45720873,2582730316,136061759,18175453489,10157867787,15,786629
simd256_v3,simd,conv_simd256_v3,16384,16384,3,1234,16,0,99,2559908627,47021793,2582818596,136078661,18175915060,10181138145,17,786628
simd256_v3,simd,conv_simd256_v3,16384,16384,3,1234,17,0,99,2559865302,45863871,2582772877,136157548,18175611126,10193827279,17,786631
simd256_v3,simd,conv_simd256_v3,16384,16384,3,1234,18,0,99,2559849656,45934047,2582769790,136185894,18175659154,10172282521,18,786629
simd256_v3,simd,conv_simd256_v3,16384,16384,3,1234,19,0,99,2559847278,46341392,2582761830,136058043,18175518357,10177245800,19,786629
simd256_v3,simd,conv_simd256_v3,16384,16384,3,1234,20,0,99,2559910087,46257368,2582828575,136113923,18175977208,10166184609,15,786629
tile_8,tile,8,64,64,3,1234,1,0,50,836174,19732,651864,20611,3710602,3035861,1,143
tile_8,tile,8,64,64,3,1234,2,0,71,698812,16927,540683,17681,3070195,2651577,2,144
tile_8,tile,8,64,64,3,1234,3,0,55,748681,16736,583571,18713,3321828,2693117,1,143
tile_8,tile,8,64,64,3,1234,4,0,59,711975,16177,554267,18122,3160812,2532245,1,143
tile_8,tile,8,64,64,3,1234,5,0,58,725890,17372,565052,18487,3220547,2495708,1,141
tile_8,tile,8,64,64,3,1234,6,0,58,708747,16524,552327,17686,3149354,2459789,1,142
tile_8,tile,8,64,64,3,1234,7,0,56,735193,17278,573378,18527,3263366,2533392,1,144
tile_8,tile,8,64,64,3,1234,8,0,59,708834,16940,552086,18095,3147158,2659306,1,142
tile_8,tile,8,64,64,3,1234,9,0,58,713746,15699,556088,17871,3167525,2497758,1,145
tile_8,tile,8,64,64,3,1234,10,0,58,721285,16232,561431,18361,3201795,2560345,1,144
tile_8,tile,8,64,64,3,1234,11,0,57,733567,16442,571566,18780,3253719,2666650,1,144
tile_8,tile,8,64,64,3,1234,12,0,57,724663,14994,565247,18205,3217335,2437315,1,142
tile_8,tile,8,64,64,3,1234,13,0,57,732814,15060,570909,18466,3252974,2731475,1,141
tile_8,tile,8,64,64,3,1234,14,0,54,761153,15555,593499,19351,3378199,2772713,1,144
tile_8,tile,8,64,64,3,1234,15,0,100,656816,15168,498539,16935,2829849,2431770,1,144
tile_8,tile,8,64,64,3,1234,16,0,52,792461,15579,617715,17577,3516319,2473800,1,141
tile_8,tile,8,64,64,3,1234,17,0,57,722681,14652,563243,17078,3212558,2376335,1,141
tile_8,tile,8,64,64,3,1234,18,0,57,726291,14671,566254,16342,3222507,2406149,1,144
tile_8,tile,8,64,64,3,1234,19,0,46,915543,18043,713063,19362,4065630,3017357,1,144
tile_8,tile,8,64,64,3,1234,20,0,100,648549,14106,492947,13620,2794158,2192377,0,141
tile_8,tile,8,128,128,3,1234,1,0,100,995926,14827,787780,23073,4600390,3091283,1,179
tile_8,tile,8,128,128,3,1234,2,0,66,1147852,13169,931716,26962,5494968,3032461,1,178
tile_8,tile,8,128,128,3,1234,3,0,65,1158077,13195,940262,24972,5542570,2984997,1,180
tile_8,tile,8,128,128,3,1234,4,0,75,1054464,12932,855057,25525,5018855,3095956,2,178
tile_8,tile,8,128,128,3,1234,5,0,68,1242035,16303,996399,27432,5848050,3520746,2,177
tile_8,tile,8,128,128,3,1234,6,0,66,1149353,13400,933742,26616,5500853,3151580,1,178
tile_8,tile,8,128,128,3,1234,7,0,61,1231299,14136,999532,27090,5893769,3348217,1,178
tile_8,tile,8,128,128,3,1234,8,0,100,997124,14773,788741,23624,4604041,3012131,1,178
tile_8,tile,8,128,128,3,1234,9,0,64,1173294,14496,952280,29229,5613386,3327715,1,177
tile_8,tile,8,128,128,3,1234,10,0,84,1075230,15361,856238,23879,5019765,3042969,2,178
tile_8,tile,8,128,128,3,1234,11,0,65,1158481,13586,940579,28065,5542503,3170793,1,180
tile_8,tile,8,128,128,3,1234,12,0,69,1102516,12750,894469,26049,5276348,3061984,1,177
tile_8,tile,8,128,128,3,1234,13,0,71,1087281,12819,883764,23818,5188631,3053032,2,178
tile_8,tile,8,128,128,3,1234,14,0,65,1159360,13186,940915,27707,5547786,3232552,1,178
tile_8,tile,8,128,128,3,1234,15,0,66,1136929,13458,923371,26697,5442105,3069377,1,177
tile_8,tile,8,128,128,3,1234,16,0,66,1147053,13021,931159,25160,5490282,3059667,1,179
tile_8,tile,8,128,128,3,1234,17,0,66,1150137,13379,934160,26497,5504921,3249508,1,181
tile_8,tile,8,128,128,3,1234,18,0,100,998027,14661,789728,23538,4608941,3091276,1,178
tile_8,tile,8,128,128,3,1234,19,0,66,1149392,13379,933296,25241,5504830,2942898,1,176
tile_8,tile,8,128,128,3,1234,20,0,66,1153542,13706,936976,26354,5521363,2997097,1,179
tile_8,tile,8,256,256,3,1234,1,0,81,2607952,14707,2182517,57230,13182931,5716714,1,328
tile_8,tile,8,256,256,3,1234,2,0,81,2623642,15115,2196067,60500,13262250,5901916,1,327
tile_8,tile,8,256,256,3,1234,3,0,82,2599664,15328,2175482,60251,13139683,5913631,1,327
tile_8,tile,8,256,256,3,1234,4,0,80,2649093,14972,2216197,60669,13390393,5982260,1,329
tile_8,tile,8,256,256,3,1234,5,0,85,2556550,14620,2136597,58214,12884518,5674212,1,324
tile_8,tile,8,256,256,3,1234,6,0,81,2610832,14443,2185326,60763,13197411,5816017,1,326
tile_8,tile,8,256,256,3,1234,7,0,80,2657178,14957,2224288,57646,13434795,5885894,1,326
tile_8,tile,8,256,256,3,1234,8,0,72,2941060,16883,2461781,66051,14869634,6936067,1,325
tile_8,tile,8,256,256,3,1234,9,0,81,2609003,14069,2183996,58623,13188533,5817377,1,325
tile_8,tile,8,256,256,3,1234,10,0,82,2597329,14367,2173469,60285,13128463,5842978,1,328
tile_8,tile,8,256,256,3,1234,11,0,82,2592861,14263,2170113,60071,13107302,5732713,1,326
tile_8,tile,8,256,256,3,1234,12,0,81,2627553,14501,2198708,60880,13279352,6044010,1,326
tile_8,tile,8,256,256,3,1234,13,0,82,2604350,15238,2179251,59799,13157671,5893838,1,326
tile_8,tile,8,256,256,3,1234,14,0,81,2602674,15311,2177906,59297,13154727,5799010,1,326
tile_8,tile,8,256,256,3,1234,15,0,100,2369594,17596,1956545,55251,11749013,5644183,1,325
tile_8,tile,8,256,256,3,1234,16,0,98,2398313,17834,1982949,54824,11907239,5635465,2,327
tile_8,tile,8,256,256,3,1234,17,0,82,2595355,14590,2172066,58244,13120833,5664308,1,327
tile_8,tile,8,256,256,3,1234,18,0,77,2741627,15782,2294238,60304,13855653,6217688,1,327
tile_8,tile,8,256,256,3,1234,19,0,82,2587577,14909,2165635,56049,13080761,5618894,1,327
tile_8,tile,8,256,256,3,1234,20,0,81,2637643,15545,2206756,61328,13327870,5926985,1,329
tile_8,tile,8,512,512,3,1234,1,0,92,8203746,31800,6952824,189196,42380143,16909205,1,903
tile_8,tile,8,512,512,3,1234,2,0,95,7977942,29653,6761733,177660,41212653,16025724,1,905
tile_8,tile,8,512,512,3,1234,3,0,93,8106756,28954,6870281,176339,41878665,16302444,1,902
tile_8,tile,8,512,512,3,1234,4,0,100,7833047,34211,6609467,177465,40207811,16325268,0,903
tile_8,tile,8,512,512,3,1234,5,0,99,7865756,36343,6634357,176511,40364617,16258835,4,903
tile_8,tile,8,512,512,3,1234,6,0,99,7876436,34804,6650312,180792,40458498,16415674,2,903
tile_8,tile,8,512,512,3,1234,7,0,98,7915194,33225,6683560,181660,40674476,16384996,1,903
tile_8,tile,8,512,512,3,1234,8,0,92,8232863,32612,6974171,187800,42488180,16793805,1,905
tile_8,tile,8,512,512,3,1234,9,0,93,8116705,31544,6879544,186989,41929703,16489454,1,903
tile_8,tile,8,512,512,3,1234,10,0,93,8165795,32697,6920904,184224,42184022,16843920,1,904
tile_8,tile,8,512,512,3,1234,11,0,93,8125663,31676,6887495,186592,41977971,16565011,1,903
tile_8,tile,8,512,512,3,1234,12,0,100,7834046,36469,6610196,182331,40213554,16561409,1,902
tile_8,tile,8,512,512,3,1234,13,0,97,7963609,35596,6727554,181266,40950684,16430848,2,902
tile_8,tile,8,512,512,3,1234,14,0,93,8109578,30607,6873116,185449,41892479,16596970,1,905
tile_8,tile,8,512,512,3,1234,15,0,92,8197301,32527,6945976,184259,42339166,16838161,1,905
tile_8,tile,8,512,512,3,1234,16,0,100,7844577,34450,6617613,180967,40259885,16289848,2,906
tile_8,tile,8,512,512,3,1234,17,0,93,8118007,31757,6880080,187657,41939520,16523359,1,903
tile_8,tile,8,512,512,3,1234,18,0,100,7835353,35610,6611402,180195,40217730,16096960,0,904
tile_8,tile,8,512,512,3,1234,19,0,93,8148027,32359,6904792,186930,42087129,16658633,1,904
tile_8,tile,8,512,512,3,1234,20,0,93,8117805,30738,6880198,180839,41934475,16535741,1,905
tile_8,tile,8,1024,1024,3,1234,1,0,97,30275205,84670,25751324,670271,157375134,60791267,2,3210
tile_8,tile,8,1024,1024,3,1234,2,0,97,30245953,81906,25726386,687776,157226340,61273085,1,3209
tile_8,tile,8,1024,1024,3,1234,3,0,97,30293355,82161,25765449,665156,157462157,61264272,1,3211
tile_8,tile,8,1024,1024,3,1234,4,0,97,30246303,83592,25727131,674432,157231786,60672004,1,3208
tile_8,tile,8,1024,1024,3,1234,5,0,97,30328999,83629,25795366,689242,157640285,61266248,1,3211
tile_8,tile,8,1024,1024,3,1234,6,0,97,30263627,81025,25742387,691543,157322110,61452638,1,3209
tile_8,tile,8,1024,1024,3,1234,7,0,97,30291088,83051,25764816,692776,157463865,61260651,1,3211
tile_8,tile,8,1024,1024,3,1234,8,0,98,30002477,84742,25519933,661316,155963255,59773996,1,3209
tile_8,tile,8,1024,1024,3,1234,9,0,97,30246095,83161,25726967,672328,157231164,61093111,1,3209
tile_8,tile,8,1024,1024,3,1234,10,0,97,30290892,80359,25764196,672399,157458123,61367297,1,3211
tile_8,tile,8,1024,1024,3,1234,11,0,98,29965750,82274,25488088,664134,155771739,60543786,1,3208
tile_8,tile,8,1024,1024,3,1234,12,0,96,30377827,84801,25839573,699172,157915320,61796705,1,3210
tile_8,tile,8,1024,1024,3,1234,13,0,97,30226613,83370,25710005,672614,157123837,60866123,2,3208
tile_8,tile,8,1024,1024,3,1234,14,0,98,29930883,85263,25435088,683395,155391461,60537121,2,3210
tile_8,tile,8,1024,1024,3,1234,15,0,97,30236680,83580,25717851,697504,157173454,61155736,1,3208
tile_8,tile,8,1024,1024,3,1234,16,0,97,30253258,80979,25730832,665890,157256355,61274340,1,3210
tile_8,tile,8,1024,1024,3,1234,17,0,98,30035189,78105,25547337,681869,156130815,62874101,1,3209
tile_8,tile,8,1024,1024,3,1234,18,0,97,30352998,81458,25815146,698067,157765439,61945312,1,3211
tile_8,tile,8,1024,1024,3,1234,19,0,97,30237429,84399,25717164,694868,157171391,61305757,1,3210
tile_8,tile,8,1024,1024,3,1234,20,0,97,30332832,81526,25801274,693083,157680763,61500849,2,3209
tile_8,tile,8,2048,2048,3,1234,1,0,99,117860559,297661,100344226,2678854,613681731,238336837,1,12430
tile_8,tile,8,2048,2048,3,1234,2,0,99,117495457,281278,100035841,2588496,611791823,236110603,1,12428
tile_8,tile,8,2048,2048,3,1234,3,0,99,117831200,277353,100322246,2642587,613544819,237342226,2,12430
tile_8,tile,8,2048,2048,3,1234,4,0,99,117950960,301857,100421764,2634427,614157173,237270101,1,12430
tile_8,tile,8,2048,2048,3,1234,5,0,99,117935366,297112,100407947,2692393,614070257,237755941,1,12432
tile_8,tile,8,2048,2048,3,1234,6,0,99,117817305,302073,100309466,2692576,613469968,238006533,1,12428
tile_8,tile,8,2048,2048,3,1234,7,0,99,117895337,301401,100377253,2693044,613881294,238266165,2,12428
tile_8,tile,8,2048,2048,3,1234,8,0,99,117801816,298303,100297104,2698237,613392392,237760508,1,12429
tile_8,tile,8,2048,2048,3,1234,9,0,99,117879970,287920,100361557,2634903,613788562,236915561,2,12429
tile_8,tile,8,2048,2048,3,1234,10,0,99,117535260,278725,100070504,2687331,612007034,236949942,2,12429
tile_8,tile,8,2048,2048,3,1234,11,0,99,117873991,286160,100357419,2617070,613760547,236655190,2,12431
tile_8,tile,8,2048,2048,3,1234,12,0,99,117827844,289582,100320184,2590486,613533269,236577546,1,12428
tile_8,tile,8,2048,2048,3,1234,13,0,99,117928829,293439,100402623,2676304,614041277,237514476,1,12431
tile_8,tile,8,2048,2048,3,1234,14,0,99,117488500,293737,100028180,2678215,611745745,236776846,1,12428
tile_8,tile,8,2048,2048,3,1234,15,0,99,117088410,298212,99658153,2650800,609406453,236193060,2,12427
tile_8,tile,8,2048,2048,3,1234,16,0,99,117204065,296976,99763754,2585869,610054243,236284583,2,12428
tile_8,tile,8,2048,2048,3,1234,17,0,99,117731694,296845,100234962,2607747,613010540,236453510,2,12429
tile_8,tile,8,2048,2048,3,1234,18,0,99,117831395,290607,100319246,2669307,613535651,237960293,1,12428
tile_8,tile,8,2048,2048,3,1234,19,0,99,117315452,300249,99866801,2677125,610707623,236705287,2,12431
tile_8,tile,8,2048,2048,3,1234,20,0,100,117032643,297849,99610510,2591690,609111627,235587299,2,12427
tile_8,tile,8,4096,4096,3,1234,1,0,99,467639440,1146470,398219964,10459088,2436005938,950489262,2,49303
tile_8,tile,8,4096,4096,3,1234,2,0,99,467552727,1139989,398153376,10398476,2435549275,946458007,3,49301
tile_8,tile,8,4096,4096,3,1234,3,0,100,466659806,1145883,397361827,10479478,2430630566,945423794,2,49303
tile_8,tile,8,4096,4096,3,1234,4,0,99,467206896,1144603,397860515,10164931,2433755484,940770084,4,49298
tile_8,tile,8,4096,4096,3,1234,5,0,100,466682417,1144295,397380303,10613883,2430732697,949211731,1,49301
tile_8,tile,8,4096,4096,3,1234,6,0,99,467565018,1134372,398163200,10423075,2435612573,943735881,2,49304
tile_8,tile,8,4096,4096,3,1234,7,0,100,466700460,1154688,397393660,10671553,2430825455,949585579,2,49299
tile_8,tile,8,4096,4096,3,1234,8,0,99,467558341,1136216,398160135,10416186,2435586428,943473812,2,49301
tile_8,tile,8,4096,4096,3,1234,9,0,99,467537911,1162561,398139919,10309429,2435457960,943976814,2,49300
tile_8,tile,8,4096,4096,3,1234,10,0,99,466904985,1155928,397574475,10271504,2431940249,942457692,4,49302
tile_8,tile,8,4096,4096,3,1234,11,0,99,467175594,1159213,397831911,10445846,2433581834,945770756,3,49302
tile_8,tile,8,4096,4096,3,1234,12,0,99,467213870,1150427,397862639,10407988,2433773871,944701826,1,49300
tile_8,tile,8,4096,4096,3,1234,13,0,99,467535084,1158105,398136695,10575765,2435450362,948530505,2,49303
tile_8,tile,8,4096,4096,3,1234,14,0,99,467398553,1187048,398020055,10608378,2434726497,947108380,4,49302
tile_8,tile,8,4096,4096,3,1234,15,0,99,467500861,1134063,398110084,10633799,2435290451,948735935,2,49302
tile_8,tile,8,4096,4096,3,1234,16,0,99,467572505,1161874,398170248,10444922,2435644977,946384597,2,49298
tile_8,tile,8,4096,4096,3,1234,17,0,99,467572501,1156658,398168490,10599671,2435641471,948369985,4,49302
tile_8,tile,8,4096,4096,3,1234,18,0,99,467320252,1144548,397956660,10199097,2434345090,942088110,4,49301
tile_8,tile,8,4096,4096,3,1234,19,0,99,467566312,1142668,398164971,10379766,2435618982,945143604,1,49303
tile_8,tile,8,4096,4096,3,1234,20,0,99,467392124,1136728,398017324,10534889,2434706340,946982149,2,49300
tile_8,tile,8,8192,8192,3,1234,1,0,99,1866981014,4837754,1590093761,40775314,9727660611,3765210463,7,196772
tile_8,tile,8,8192,8192,3,1234,2,0,99,1866443061,5273081,1589632552,40997772,9724754291,3774466479,9,196772
tile_8,tile,8,8192,8192,3,1234,3,0,99,1866670480,4928710,1589847911,41238109,9726130441,3767731743,8,196775
tile_8,tile,8,8192,8192,3,1234,4,0,99,1867215251,4911908,1590311431,41078204,9728955034,3761508246,5,196774
tile_8,tile,8,8192,8192,3,1234,5,0,99,1867308278,4888697,1590389186,41159461,9729452252,3765906426,7,196771
tile_8,tile,8,8192,8192,3,1234,6,0,99,1866922772,4874652,1590060238,41141881,9727469600,3776955228,8,196771
tile_8,tile,8,8192,8192,3,1234,7,0,99,1866651590,4837563,1589827009,41694221,9726019087,3773800283,11,196771
tile_8,tile,8,8192,8192,3,1234,8,0,99,1867054894,4839109,1590174906,41874341,9728134895,3770654748,5,196775
tile_8,tile,8,8192,8192,3,1234,9,0,99,1866956078,4815110,1590088932,40728323,9727622480,3764035638,9,196772
tile_8,tile,8,8192,8192,3,1234,10,0,99,1866991384,4806096,1590119856,41103704,9727790673,3766857000,7,196772
tile_8,tile,8,8192,8192,3,1234,11,0,99,1866902296,4825976,1590044464,40823565,9727350845,3757815112,10,196775
tile_8,tile,8,8192,8192,3,1234,12,0,99,1866503900,4763583,1589705034,41228330,9725302443,3769772632,6,196775
tile_8,tile,8,8192,8192,3,1234,13,0,99,1866591679,4888384,1589777980,41638391,9725720239,3775508689,5,196772
tile_8,tile,8,8192,8192,3,1234,14,0,99,1867021556,4864036,1590146018,41232935,9727971856,3766030974,8,196774
tile_8,tile,8,8192,8192,3,1234,15,0,99,1866632533,4863380,1589815235,41224119,9725943666,3760267688,8,196772
tile_8,tile,8,8192,8192,3,1234,16,0,99,1866990435,4826489,1590117810,41216624,9727830875,3767947234,8,196773
tile_8,tile,8,8192,8192,3,1234,17,0,99,1866980086,4768122,1590108832,40459642,9727805366,3764034587,7,196771
tile_8,tile,8,8192,8192,3,1234,18,0,99,1867077860,4808652,1590191758,41049260,9728241835,3765683354,9,196770
tile_8,tile,8,8192,8192,3,1234,19,0,99,1866962549,4833775,1590095978,40782115,9727655894,3756577509,8,196774
tile_8,tile,8,8192,8192,3,1234,20,0,99,1866912671,4811903,1590646053,41012652,9728223696,3768288128,7,196772
tile_8,tile,8,16384,16384,3,1234,1,0,99,7465412049,22264707,6359431043,164280837,38905812410,14994118185,23,786629
tile_8,tile,8,16384,16384,3,1234,2,0,99,7465090619,22373600,6359072171,165875108,38903629320,15020223697,32,786628
tile_8,tile,8,16384,16384,3,1234,3,0,100,7464190392,22981222,6358279077,164600338,38898863580,14992979942,29,786628
tile_8,tile,8,16384,16384,3,1234,4,0,99,7465320956,22659897,6359273353,164364561,38904929084,14984154467,26,786629
tile_8,tile,8,16384,16384,3,1234,5,0,99,7465286640,22339312,6359246682,162201321,38904757455,14966033498,24,786631
tile_8,tile,8,16384,16384,3,1234,6,0,99,7465347119,22074827,6359289587,162677548,38905056075,14997867325,25,786629
tile_8,tile,8,16384,16384,3,1234,7,0,99,7465338958,22408028,6359286092,165368070,38904970049,15005330540,24,786628
tile_8,tile,8,16384,16384,3,1234,8,0,99,7465245121,22375421,6359207012,165015088,38904545085,15005218667,24,786630
tile_8,tile,8,16384,16384,3,1234,9,0,99,7465224153,22823241,6359183762,164727187,38904375326,15027253399,26,786628
tile_8,tile,8,16384,16384,3,1234,10,0,100,7464372366,22552284,6358437741,165477131,38899777288,15022005439,24,786630
tile_8,tile,8,16384,16384,3,1234,11,0,99,7465257457,22239606,6359229848,164845949,38904649822,15011632465,23,786630
tile_8,tile,8,16384,16384,3,1234,12,0,99,7465008383,22276711,6359001453,164656437,38903114940,15011835910,24,786629
tile_8,tile,8,16384,16384,3,1234,13,0,99,7465220630,21940343,6359198698,160864975,38904470181,14949524057,27,786629
tile_8,tile,8,16384,16384,3,1234,14,0,99,7465234235,22272695,6359206061,163027371,38904515550,14982572749,26,786628
tile_8,tile,8,16384,16384,3,1234,15,0,99,7465218914,22281835,6359187419,165990289,38904400222,15011582216,30,786629
tile_8,tile,8,16384,16384,3,1234,16,0,99,7465203930,22342372,6359176776,165700525,38904353502,15026481760,26,786632
tile_8,tile,8,16384,16384,3,1234,17,0,99,7464875500,22233400,6358901599,165034452,38902610946,15005312649,28,786629
tile_8,tile,8,16384,16384,3,1234,18,0,99,7465339634,22114767,6359304861,162011022,38905059822,14972471400,25,786629
tile_8,tile,8,16384,16384,3,1234,19,0,99,7465139493,22354347,6359125381,166313303,38904098070,15011264815,28,786629
tile_8,tile,8,16384,16384,3,1234,20,0,99,7465281441,22229539,6359252090,162985331,38904772965,14970999689,26,786629
tile_16,tile,16,64,64,3,1234,1,0,94,663507,16722,508514,17064,2878164,2727460,2,142
tile_16,tile,16,64,64,3,1234,2,0,55,739059,15294,579185,18319,3298536,2711675,1,141
tile_16,tile,16,64,64,3,1234,3,0,55,754869,15631,591752,18959,3366313,2677199,1,144
tile_16,tile,16,64,64,3,1234,4,0,57,720321,16252,564451,17552,3213215,2465787,1,144
tile_16,tile,16,64,64,3,1234,5,0,100,652686,15379,496725,16548,2822077,2373098,1,142
tile_16,tile,16,64,64,3,1234,6,0,56,734434,17419,574844,18233,3276305,2554174,2,141
tile_16,tile,16,64,64,3,1234,7,0,57,722652,17502,565910,18124,3224282,2501874,1,141
tile_16,tile,16,64,64,3,1234,8,0,59,701003,16401,549553,17467,3130020,2608156,1,142
tile_16,tile,16,64,64,3,1234,9,0,58,713712,16598,558737,18072,3184946,2652490,1,141
tile_16,tile,16,64,64,3,1234,10,0,57,724127,16237,567417,17992,3229880,2515860,1,144
tile_16,tile,16,64,64,3,1234,11,0,58,712026,16901,557929,17762,3173723,2486187,1,144
tile_16,tile,16,64,64,3,1234,12,0,57,722832,17384,565615,18131,3223333,2521521,1,144
tile_16,tile,16,64,64,3,1234,13,0,57,721562,17285,565423,17806,3217730,2510484,1,144
tile_16,tile,16,64,64,3,1234,14,0,57,727239,16284,570219,18096,3241021,2612444,1,142
tile_16,tile,16,64,64,3,1234,15,0,59,706476,16713,552618,17689,3150234,2611681,2,142
tile_16,tile,16,64,64,3,1234,16,0,56,740995,15142,580942,17019,3302801,2712525,1,144
tile_16,tile,16,64,64,3,1234,17,0,55,752592,14877,589960,15372,3359734,2491813,1,143
tile_16,tile,16,64,64,3,1234,18,0,57,726381,14761,569170,17026,3238517,2487999,1,142
tile_16,tile,16,64,64,3,1234,19,0,57,729778,15000,571786,17298,3255625,2446888,1,142
tile_16,tile,16,64,64,3,1234,20,0,57,726732,14806,570051,15304,3242699,2367256,1,142
tile_16,tile,16,128,128,3,1234,1,0,79,1092946,15386,881941,23708,5166677,3207567,2,178
tile_16,tile,16,128,128,3,1234,2,0,62,1236269,14606,1016707,28489,5952949,3435046,1,179
tile_16,tile,16,128,128,3,1234,3,0,64,1157277,13673,953015,24501,5599245,3122697,1,177
tile_16,tile,16,128,128,3,1234,4,0,65,1139221,13805,936667,26796,5507798,3176755,1,179
tile_16,tile,16,128,128,3,1234,5,0,65,1140254,13073,938784,23872,5514798,2939352,1,178
tile_16,tile,16,128,128,3,1234,6,0,63,1180281,13955,970653,25826,5708059,3195328,1,180
tile_16,tile,16,128,128,3,1234,7,0,66,1121937,13026,923751,24697,5427273,3003008,1,179
tile_16,tile,16,128,128,3,1234,8,0,61,1221214,14488,1005506,25594,5907200,3296007,1,178
tile_16,tile,16,128,128,3,1234,9,0,100,982649,14774,785274,23433,4576215,3098596,1,177
tile_16,tile,16,128,128,3,1234,10,0,65,1138705,13394,937181,24497,5507651,3071352,1,179
tile_16,tile,16,128,128,3,1234,11,0,66,1124050,13168,925054,24720,5438921,2961265,1,180
tile_16,tile,16,128,128,3,1234,12,0,59,1247099,15312,1026343,25219,6034359,3270978,1,179
tile_16,tile,16,128,128,3,1234,13,0,63,1176166,13828,967785,23954,5688750,3072857,1,178
tile_16,tile,16,128,128,3,1234,14,0,65,1142947,13181,941061,23489,5528442,2984592,1,177
tile_16,tile,16,128,128,3,1234,15,0,65,1135648,13291,934530,24569,5489623,3139777,1,178
tile_16,tile,16,128,128,3,1234,16,0,65,1140563,13500,938001,25452,5512164,3204808,1,180
tile_16,tile,16,128,128,3,1234,17,0,83,1065457,16111,859439,24005,5025739,3044400,2,179
tile_16,tile,16,128,128,3,1234,18,0,66,1122202,13206,923540,25042,5430558,3048751,1,177
tile_16,tile,16,128,128,3,1234,19,0,100,983234,14801,785827,21573,4576017,2878601,1,179
tile_16,tile,16,128,128,3,1234,20,0,65,1140866,13306,938629,24770,5519938,2999628,1,179
tile_16,tile,16,256,256,3,1234,1,0,81,2550470,15904,2177117,53945,13094889,5528542,1,328
tile_16,tile,16,256,256,3,1234,2,0,100,2320176,18580,1950109,48578,11664758,5389220,1,328
tile_16,tile,16,256,256,3,1234,3,0,80,2582304,15919,2202976,53398,13262781,5548400,1,327
tile_16,tile,16,256,256,3,1234,4,0,85,2515231,16013,2138419,53091,12839012,5554716,2,326
tile_16,tile,16,256,256,3,1234,5,0,81,2549689,15574,2176618,54665,13096302,5566239,1,328
tile_16,tile,16,256,256,3,1234,6,0,81,2545390,15399,2172392,53767,13068348,5736522,1,330
tile_16,tile,16,256,256,3,1234,7,0,100,2321463,18592,1950210,50795,11670984,5714146,1,328
tile_16,tile,16,256,256,3,1234,8,0,81,2555358,15941,2180674,53833,13119659,5464854,1,327
tile_16,tile,16,256,256,3,1234,9,0,81,2545373,15353,2172457,56447,13070401,5600754,1,328
tile_16,tile,16,256,256,3,1234,10,0,100,2313346,17567,1943989,49385,11633141,5303379,0,327
tile_16,tile,16,256,256,3,1234,11,0,88,2461989,17535,2088302,53640,12537733,5640390,3,327
tile_16,tile,16,256,256,3,1234,12,0,96,2372746,18541,1999290,49612,11964426,5496501,2,325
tile_16,tile,16,256,256,3,1234,13,0,81,2559619,14948,2184619,56701,13146502,5638464,1,327
tile_16,tile,16,256,256,3,1234,14,0,100,2317182,18566,1946512,48720,11650073,5491202,1,325
tile_16,tile,16,256,256,3,1234,15,0,100,2317287,17305,1947517,49089,11651577,5284000,0,326
tile_16,tile,16,256,256,3,1234,16,0,82,2533050,14203,2162177,55407,13008283,5488773,1,326
tile_16,tile,16,256,256,3,1234,17,0,82,2527143,14838,2156635,54263,12978506,5586693,1,328
tile_16,tile,16,256,256,3,1234,18,0,89,2461196,17995,2081714,53494,12485271,5766730,2,326
tile_16,tile,16,256,256,3,1234,19,0,100,2315681,18775,1945951,50714,11645842,5704559,1,325
tile_16,tile,16,256,256,3,1234,20,0,81,2544315,14512,2172270,53181,13066991,5431275,1,325
tile_16,tile,16,512,512,3,1234,1,0,93,7906461,31115,6851808,162091,41585762,15656025,2,905
tile_16,tile,16,512,512,3,1234,2,0,93,7873882,27791,6822612,167262,41418213,16179019,1,905
tile_16,tile,16,512,512,3,1234,3,0,100,7618915,33886,6568304,160723,39800780,15507657,0,903
tile_16,tile,16,512,512,3,1234,4,0,95,7824505,32176,6765450,161816,41035434,15665702,2,904
tile_16,tile,16,512,512,3,1234,5,0,98,7697876,36527,6637470,162446,40226744,15808108,3,903
tile_16,tile,16,512,512,3,1234,6,0,92,7986080,30536,6920972,169337,42013151,16087554,1,903
tile_16,tile,16,512,512,3,1234,7,0,92,7967549,32101,6902752,170166,41905916,15976876,1,904
tile_16,tile,16,512,512,3,1234,8,0,100,7623392,36449,6571666,158825,39820690,15436975,0,905
tile_16,tile,16,512,512,3,1234,9,0,95,7757702,30918,6722273,167619,40807722,15631026,1,904
tile_16,tile,16,512,512,3,1234,10,0,100,7622114,36178,6570663,162466,39816395,15650494,1,903
tile_16,tile,16,512,512,3,1234,11,0,95,7836461,34744,6772809,169692,41083730,15931661,2,904
tile_16,tile,16,512,512,3,1234,12,0,93,7932957,30692,6874207,168976,41731190,15765402,1,903
tile_16,tile,16,512,512,3,1234,13,0,92,7958532,32045,6896154,169643,41864640,16103069,1,903
tile_16,tile,16,512,512,3,1234,14,0,93,7928415,32111,6869712,167658,41703806,15855202,1,905
tile_16,tile,16,512,512,3,1234,15,0,93,7886768,31778,6833716,166956,41484426,15890628,1,903
tile_16,tile,16,512,512,3,1234,16,0,92,7949345,31882,6887911,170573,41815112,15993718,1,905
tile_16,tile,16,512,512,3,1234,17,0,94,7886372,32250,6830411,166894,41452480,16018776,2,902
tile_16,tile,16,512,512,3,1234,18,0,100,7634649,36950,6579549,163183,39867623,15808740,2,904
tile_16,tile,16,512,512,3,1234,19,0,93,7922985,32263,6864782,169630,41675491,15866513,1,906
tile_16,tile,16,512,512,3,1234,20,0,93,7909501,31400,6850328,165776,41586570,15740140,2,905
tile_16,tile,16,1024,1024,3,1234,1,0,97,29361521,148512,25551522,607820,155515863,57742498,1,3211
tile_16,tile,16,1024,1024,3,1234,2,0,98,29111263,146045,25334232,618714,154190502,58516450,1,3211
tile_16,tile,16,1024,1024,3,1234,3,0,96,29488771,140176,25661928,617854,156184841,59187724,1,3210
tile_16,tile,16,1024,1024,3,1234,4,0,97,29404928,146438,25590347,621559,155751509,58205661,1,3207
tile_16,tile,16,1024,1024,3,1234,5,0,96,29504413,150536,25674992,622623,156265942,59097285,1,3209
tile_16,tile,16,1024,1024,3,1234,6,0,97,29372852,145159,25561775,616285,155578778,58394859,1,3208
tile_16,tile,16,1024,1024,3,1234,7,0,97,29392304,144885,25579445,618413,155682931,57714210,1,3208
tile_16,tile,16,1024,1024,3,1234,8,0,97,29414830,146537,25598947,610759,155803017,58001843,1,3209
tile_16,tile,16,1024,1024,3,1234,9,0,97,29394796,150094,25579743,617568,155684469,58139075,1,3210
tile_16,tile,16,1024,1024,3,1234,10,0,97,29415733,146437,25599733,619057,155805432,60225638,1,3208
tile_16,tile,16,1024,1024,3,1234,11,0,97,29437965,147513,25618640,622973,155922553,58117157,1,3211
tile_16,tile,16,1024,1024,3,1234,12,0,96,29513522,145488,25685188,619733,156327225,58073918,2,3208
tile_16,tile,16,1024,1024,3,1234,13,0,97,29446452,148017,25625480,616515,155965501,58169695,1,3210
tile_16,tile,16,1024,1024,3,1234,14,0,97,29393440,140698,25579449,603121,155684227,62068936,1,3211
tile_16,tile,16,1024,1024,3,1234,15,0,100,28832048,151228,25056644,608452,152427419,57208213,1,3210
tile_16,tile,16,1024,1024,3,1234,16,0,97,29363860,144372,25551116,613867,155488980,58554096,1,3209
tile_16,tile,16,1024,1024,3,1234,17,0,97,29261622,148129,25459118,615378,154927426,60006722,2,3208
tile_16,tile,16,1024,1024,3,1234,18,0,97,29468043,147192,25644900,610249,156079888,58607646,1,3210
tile_16,tile,16,1024,1024,3,1234,19,0,97,29466218,146068,25643591,624027,156075289,59021507,1,3207
tile_16,tile,16,1024,1024,3,1234,20,0,96,29490480,148561,25663993,600968,156202992,58948628,2,3208
tile_16,tile,16,2048,2048,3,1234,1,0,98,114791519,591572,100011836,2405608,609118612,227037201,1,12426
tile_16,tile,16,2048,2048,3,1234,2,0,99,114504659,538158,99765083,2357179,607612923,226592327,2,12429
tile_16,tile,16,2048,2048,3,1234,3,0,99,114525271,543671,99782832,2400110,607719484,226534266,1,12429
tile_16,tile,16,2048,2048,3,1234,4,0,99,114538787,574364,99794256,2402380,607790770,226014406,2,12429
tile_16,tile,16,2048,2048,3,1234,5,0,99,114507467,564944,99765788,2334821,607616476,227504822,1,12431
tile_16,tile,16,2048,2048,3,1234,6,0,98,114577754,594399,99828654,2340649,607999406,227251859,1,12429
tile_16,tile,16,2048,2048,3,1234,7,0,99,114508634,599206,99767587,2341998,607630062,226940152,1,12430
tile_16,tile,16,2048,2048,3,1234,8,0,99,114190746,614241,99482984,2409842,605900997,226950475,2,12430
tile_16,tile,16,2048,2048,3,1234,9,0,99,114514240,605055,99770244,2401955,607648503,226382799,2,12428
tile_16,tile,16,2048,2048,3,1234,10,0,99,114279487,585737,99547933,2406852,606266667,226192246,2,12429
tile_16,tile,16,2048,2048,3,1234,11,0,99,114192680,576234,99492028,2388077,605955682,225724793,1,12428
tile_16,tile,16,2048,2048,3,1234,12,0,99,114164009,557687,99466939,2397137,605796909,226426892,1,12427
tile_16,tile,16,2048,2048,3,1234,13,0,98,114590411,555047,99840820,2344434,608070248,227453829,2,12431
tile_16,tile,16,2048,2048,3,1234,14,0,99,114448900,564403,99715017,2398248,607308586,225800794,2,12432
tile_16,tile,16,2048,2048,3,1234,15,0,99,114458172,568978,99725862,2415684,607368511,225667453,1,12431
tile_16,tile,16,2048,2048,3,1234,16,0,99,114462608,574646,99725769,2386476,607374741,226269145,2,12432
tile_16,tile,16,2048,2048,3,1234,17,0,99,114538671,570586,99794584,2408699,607789306,225546296,2,12428
tile_16,tile,16,2048,2048,3,1234,18,0,99,114478922,582061,99741487,2384314,607467776,226031702,1,12433
tile_16,tile,16,2048,2048,3,1234,19,0,98,114578804,575321,99828818,2363232,608003064,227138539,1,12427
tile_16,tile,16,2048,2048,3,1234,20,0,99,114589255,574514,99805735,2347630,607983931,227999542,1,12429
tile_16,tile,16,4096,4096,3,1234,1,0,99,454245163,2301282,395848441,9416456,2411494765,910238472,2,49300
tile_16,tile,16,4096,4096,3,1234,2,0,99,454087880,2297701,395719628,9313511,2410639183,906724461,3,49300
tile_16,tile,16,4096,4096,3,1234,3,0,100,453174017,2285607,394886013,9341919,2405491451,903720124,3,49298
tile_16,tile,16,4096,4096,3,1234,4,0,99,454096457,2327884,395727059,9216262,2410684294,911817306,2,49301
tile_16,tile,16,4096,4096,3,1234,5,0,99,453779968,2292729,395445922,9357732,2408970971,905492153,4,49301
tile_16,tile,16,4096,4096,3,1234,6,0,99,453852751,2282028,395513933,9496421,2409383640,903708829,2,49303
tile_16,tile,16,4096,4096,3,1234,7,0,99,454021058,2294109,395661828,9474780,2410283203,902680108,2,49302
tile_16,tile,16,4096,4096,3,1234,8,0,99,454062043,2263944,395696365,9215901,2410500092,907690926,3,49304
tile_16,tile,16,4096,4096,3,1234,9,0,99,454070752,2279952,395705187,9355277,2410542769,905938064,4,49301
tile_16,tile,16,4096,4096,3,1234,10,0,99,454127658,2284829,395756306,9491373,2410864508,902963574,2,49302
tile_16,tile,16,4096,4096,3,1234,11,0,99,453725111,2272246,395405569,9306287,2408721521,905786585,2,49303
tile_16,tile,16,4096,4096,3,1234,12,0,99,453306607,2284314,395011839,9257448,2406244841,905681087,4,49302
tile_16,tile,16,4096,4096,3,1234,13,0,99,453754648,2279125,395426252,9343108,2408848161,905917555,3,49301
tile_16,tile,16,4096,4096,3,1234,14,0,99,453860256,2273339,395518936,9365630,2409393002,904429576,3,49302
tile_16,tile,16,4096,4096,3,1234,15,0,99,454034327,2292633,395674056,9374745,2410353005,906202615,2,49302
tile_16,tile,16,4096,4096,3,1234,16,0,99,453528184,2283577,395211507,9434487,2407481988,902208454,5,49301
tile_16,tile,16,4096,4096,3,1234,17,0,99,453695037,2280687,395373550,9277894,2408537248,906502313,2,49298
tile_16,tile,16,4096,4096,3,1234,18,0,99,454126667,2296084,395754019,9393342,2410840154,903192086,3,49302
tile_16,tile,16,4096,4096,3,1234,19,0,99,454091036,2281159,395723219,9396379,2410654199,905564716,3,49299
tile_16,tile,16,4096,4096,3,1234,20,0,99,453649915,2283316,395339145,9253512,2408310651,906584929,2,49302
tile_16,tile,16,8192,8192,3,1234,1,0,99,1812977085,9295729,1580167199,36700818,9626889639,3632289985,8,196774
tile_16,tile,16,8192,8192,3,1234,2,0,99,1812517758,9490973,1579788640,37562124,9624597077,3613897411,5,196774
tile_16,tile,16,8192,8192,3,1234,3,0,99,1813291159,9566000,1580457699,35911048,9628680434,3638840699,8,196773
tile_16,tile,16,8192,8192,3,1234,4,0,99,1812820287,9526326,1580047528,37171196,9626217804,3622595561,7,196772
tile_16,tile,16,8192,8192,3,1234,5,0,99,1813081353,9447141,1580274338,36779979,9627579897,3618231234,8,196771
tile_16,tile,16,8192,8192,3,1234,6,0,99,1812930490,9509770,1580145921,37455051,9626764014,3607425276,7,196774
tile_16,tile,16,8192,8192,3,1234,7,0,99,1812911425,9538398,1580126889,37122433,9626676897,3628068020,6,196775
tile_16,tile,16,8192,8192,3,1234,8,0,99,1812944964,9441621,1580157207,37164797,9626910832,3614152736,9,196773
tile_16,tile,16,8192,8192,3,1234,9,0,99,1812472109,9468215,1579744558,36888924,9624341945,3615819331,6,196775
tile_16,tile,16,8192,8192,3,1234,10,0,99,1812756707,9441014,1579993384,36774327,9625855433,3627797617,8,196772
tile_16,tile,16,8192,8192,3,1234,11,0,99,1813040020,9494810,1580236163,37259092,9627355518,3615819929,7,196773
tile_16,tile,16,8192,8192,3,1234,12,0,99,1812550280,9441944,1579813178,37053336,9624772672,3610221290,8,196773
tile_16,tile,16,8192,8192,3,1234,13,0,100,1811957432,9465656,1579264891,37090897,9621353906,3612684165,9,196774
tile_16,tile,16,8192,8192,3,1234,14,0,99,1813326261,9458988,1580484065,36968220,9628847387,3633541701,6,196772
tile_16,tile,16,8192,8192,3,1234,15,0,99,1812834604,9481245,1580057353,36620690,9626268369,3625286126,9,196770
tile_16,tile,16,8192,8192,3,1234,16,0,99,1812571785,9517724,1579826337,37082873,9624854242,3617327771,7,196775
tile_16,tile,16,8192,8192,3,1234,17,0,99,1812789535,9475327,1580015764,37322344,9626029781,3615755513,7,196771
tile_16,tile,16,8192,8192,3,1234,18,0,99,1812600708,9494448,1579849504,36792938,9625011896,3631814598,8,196775
tile_16,tile,16,8192,8192,3,1234,19,0,99,1813010361,9486479,1580214843,37072136,9627198968,3615306150,7,196773
tile_16,tile,16,8192,8192,3,1234,20,0,99,1812594114,9491172,1579842450,36979434,9624952249,3627029048,10,196772
tile_16,tile,16,16384,16384,3,1234,1,0,99,7249150313,45770339,6319433088,150237920,38501233883,14359725176,24,786626
tile_16,tile,16,16384,16384,3,1234,2,0,99,7248785479,45604234,6319042190,148360341,38498824193,14412067002,29,786630
tile_16,tile,16,16384,16384,3,1234,3,0,99,7249137279,45638807,6319359369,149011103,38500678385,14395724447,30,786627
tile_16,tile,16,16384,16384,3,1234,4,0,99,7248958655,45395825,6319205304,148435986,38499874559,14402307368,28,786628
tile_16,tile,16,16384,16384,3,1234,5,0,99,7248921224,45597339,6319165259,148344626,38499584442,14421314598,32,786630
tile_16,tile,16,16384,16384,3,1234,6,0,99,7249063161,45413309,6319293668,149218353,38500331238,14385915148,32,786630
tile_16,tile,16,16384,16384,3,1234,7,0,99,7249106604,45355857,6319326674,147486737,38500509622,14425364926,31,786628
tile_16,tile,16,16384,16384,3,1234,8,0,99,7248624044,45445970,6318908473,147759798,38498052917,14435465524,30,786627
tile_16,tile,16,16384,16384,3,1234,9,0,99,7248533428,45460523,6318842219,148508245,38497638897,14395284828,33,786628
tile_16,tile,16,16384,16384,3,1234,10,0,99,7248781140,46032195,6319050603,148514489,38498842893,14414741645,30,786630
tile_16,tile,16,16384,16384,3,1234,11,0,99,7248974034,45332717,6319225051,148351098,38499978794,14400120164,32,786632
tile_16,tile,16,16384,16384,3,1234,12,0,99,7248455190,45574658,6318758664,148676946,38497041595,14393754001,34,786628
tile_16,tile,16,16384,16384,3,1234,13,0,99,7248992010,45528836,6319244158,148915401,38500085630,14394262718,33,786627
tile_16,tile,16,16384,16384,3,1234,14,0,99,7248683025,45386836,6318970170,148843923,38498345853,14384113002,33,786628
tile_16,tile,16,16384,16384,3,1234,15,0,99,7249046081,45323811,6319286362,146861017,38500289060,14433132068,32,786628
tile_16,tile,16,16384,16384,3,1234,16,0,100,7248222996,45573436,6318529702,147859028,38495585543,14430559658,34,786628
tile_16,tile,16,16384,16384,3,1234,17,0,99,7248944276,45587382,6319205009,148769511,38499867949,14397776547,33,786630
tile_16,tile,16,16384,16384,3,1234,18,0,99,7248579889,45455366,6318880904,149304411,38497908884,14382591209,30,786627
tile_16,tile,16,16384,16384,3,1234,19,0,99,7249062475,45515051,6319299488,149208440,38500392363,14393334844,33,786632
tile_16,tile,16,16384,16384,3,1234,20,0,99,7248841677,45546417,6319113637,148592337,38499207783,14390197705,29,786629
tile_32,tile,32,64,64,3,1234,1,0,56,737729,17895,579529,18314,3299551,2681643,2,144
tile_32,tile,32,64,64,3,1234,2,0,68,683405,16408,535757,16199,3033065,2751331,1,142
tile_32,tile,32,64,64,3,1234,3,0,57,719629,16255,566020,18110,3216366,2640495,1,144
tile_32,tile,32,64,64,3,1234,4,0,66,688236,15314,540144,17744,3059082,2603292,2,141
tile_32,tile,32,64,64,3,1234,5,0,57,722646,16257,567680,18008,3231415,2497642,1,143
tile_32,tile,32,64,64,3,1234,6,0,53,780411,19005,614093,19372,3489320,2859365,1,142
tile_32,tile,32,64,64,3,1234,7,0,95,663379,17199,508533,15471,2877945,2359055,1,143
tile_32,tile,32,64,64,3,1234,8,0,58,714212,16183,559635,17732,3194189,2490025,1,140
tile_32,tile,32,64,64,3,1234,9,0,59,720326,17450,562984,17810,3210816,2601209,1,142
tile_32,tile,32,64,64,3,1234,10,0,57,708220,16906,557106,17548,3169891,2464487,1,141
tile_32,tile,32,64,64,3,1234,11,0,58,707771,14738,556795,17681,3162147,2543371,1,143
tile_32,tile,32,64,64,3,1234,12,0,58,714623,17174,561339,17740,3196084,2488687,1,142
tile_32,tile,32,64,64,3,1234,13,0,58,711024,16720,558878,17806,3180701,2524029,1,143
tile_32,tile,32,64,64,3,1234,14,0,57,723503,16217,568466,17887,3233241,2608359,1,145
tile_32,tile,32,64,64,3,1234,15,0,59,698231,16963,549295,17096,3121080,2722989,1,142
tile_32,tile,32,64,64,3,1234,16,0,58,711157,14911,557943,17156,3178341,2421121,1,143
tile_32,tile,32,64,64,3,1234,17,0,55,742693,15000,584257,15505,3321268,2378878,1,143
tile_32,tile,32,64,64,3,1234,18,0,53,765624,15145,602362,15604,3428370,2608100,1,141
tile_32,tile,32,64,64,3,1234,19,0,51,802569,16075,631555,15149,3587808,2560788,1,141
tile_32,tile,32,64,64,3,1234,20,0,100,649138,14390,495449,14177,2811596,2232562,1,140
tile_32,tile,32,128,128,3,1234,1,0,64,1145640,13897,949440,23733,5571271,2909820,1,179
tile_32,tile,32,128,128,3,1234,2,0,65,1139607,13635,943951,25762,5540685,3120795,1,179
tile_32,tile,32,128,128,3,1234,3,0,66,1114204,13838,921693,23531,5417287,3060555,1,178
tile_32,tile,32,128,128,3,1234,4,0,63,1173722,14082,972604,25330,5706544,3269073,1,177
tile_32,tile,32,128,128,3,1234,5,0,61,1216703,14279,1007672,26204,5917848,3353953,1,179
tile_32,tile,32,128,128,3,1234,6,0,65,1135615,13718,941479,23026,5525826,3056606,1,175
tile_32,tile,32,128,128,3,1234,7,0,64,1151410,15233,953637,27084,5600631,3553564,1,177
tile_32,tile,32,128,128,3,1234,8,0,67,1107395,13531,917350,26034,5384076,3038866,1,179
tile_32,tile,32,128,128,3,1234,9,0,66,1120982,13397,928268,23028,5447942,2976585,1,180
tile_32,tile,32,128,128,3,1234,10,0,65,1140182,13652,944310,24118,5545461,3030662,1,178
tile_32,tile,32,128,128,3,1234,11,0,65,1123305,13719,931306,25881,5466102,3087141,1,177
tile_32,tile,32,128,128,3,1234,12,0,65,1122011,13754,929903,23183,5457859,2966447,1,175
tile_32,tile,32,128,128,3,1234,13,0,65,1138464,13947,943203,26148,5535411,3245113,1,177
tile_32,tile,32,128,128,3,1234,14,0,59,1251831,14760,1036730,27278,6086818,3450701,1,180
tile_32,tile,32,128,128,3,1234,15,0,67,1108218,13261,917775,24027,5389574,2918519,1,180
tile_32,tile,32,128,128,3,1234,16,0,66,1113859,13376,922729,25346,5418243,3043619,1,179
tile_32,tile,32,128,128,3,1234,17,0,66,1113009,13906,921284,24810,5410388,3064526,1,177
tile_32,tile,32,128,128,3,1234,18,0,61,1196895,14335,991480,26585,5821589,3446870,1,179
tile_32,tile,32,128,128,3,1234,19,0,65,1124931,13603,932075,26164,5470306,3134567,1,179
tile_32,tile,32,128,128,3,1234,20,0,83,1062920,16059,861432,24982,5030426,3219164,2,181
tile_32,tile,32,256,256,3,1234,1,0,81,2529403,15950,2179562,53438,13093042,5486608,1,326
tile_32,tile,32,256,256,3,1234,2,0,81,2526025,15575,2176224,54098,13073202,5566145,1,326
tile_32,tile,32,256,256,3,1234,3,0,100,2293574,18385,1943472,50595,11609899,5617141,1,329
tile_32,tile,32,256,256,3,1234,4,0,82,2511743,16511,2164719,51616,12989851,5517365,2,326
tile_32,tile,32,256,256,3,1234,5,0,81,2521373,16201,2172204,53529,13050397,5514559,1,327
tile_32,tile,32,256,256,3,1234,6,0,80,2547343,16672,2194751,53238,13185116,5602645,1,326
tile_32,tile,32,256,256,3,1234,7,0,81,2520488,14874,2170698,54028,13047314,5612845,1,325
tile_32,tile,32,256,256,3,1234,8,0,100,2291283,18330,1941278,48995,11601034,5483472,1,326
tile_32,tile,32,256,256,3,1234,9,0,100,2294511,18904,1943453,49223,11615563,5492590,1,327
tile_32,tile,32,256,256,3,1234,10,0,81,2536180,15945,2185046,53747,13123219,5493220,1,328
tile_32,tile,32,256,256,3,1234,11,0,81,2517041,15824,2167999,53277,13021197,5506091,1,328
tile_32,tile,32,256,256,3,1234,12,0,81,2516554,15832,2168381,53336,13023363,5536362,1,325
tile_32,tile,32,256,256,3,1234,13,0,81,2535417,15551,2183821,51891,13119055,5511384,1,329
tile_32,tile,32,256,256,3,1234,14,0,100,2286649,18836,1938076,46036,11579870,5270861,0,325
tile_32,tile,32,256,256,3,1234,15,0,80,2547440,16304,2195499,54719,13186821,5567677,1,325
tile_32,tile,32,256,256,3,1234,16,0,81,2516643,16340,2168256,52542,13027978,5436607,1,326
tile_32,tile,32,256,256,3,1234,17,0,94,2376767,18311,2019615,51365,12084526,5603375,2,326
tile_32,tile,32,256,256,3,1234,18,0,80,2551922,15464,2198277,53108,13205320,5515165,1,329
tile_32,tile,32,256,256,3,1234,19,0,82,2497011,15940,2151699,54231,12922674,5662530,1,324
tile_32,tile,32,256,256,3,1234,20,0,92,2404931,18584,2045339,51745,12242128,5653993,2,326
tile_32,tile,32,512,512,3,1234,1,0,100,7524669,39945,6553255,155415,39640574,15280063,1,902
tile_32,tile,32,512,512,3,1234,2,0,93,7812145,37957,6841798,161357,41460911,15674339,1,902
tile_32,tile,32,512,512,3,1234,3,0,93,7827413,37133,6853702,162136,41529604,15582025,1,904
tile_32,tile,32,512,512,3,1234,4,0,93,7823855,38210,6851094,161719,41517023,15487649,1,905
tile_32,tile,32,512,512,3,1234,5,0,95,7751378,39688,6776975,161146,41033267,15806655,3,905
tile_32,tile,32,512,512,3,1234,6,0,100,7530952,42963,6556488,157099,39666456,15708557,1,902
tile_32,tile,32,512,512,3,1234,7,0,93,7813574,40262,6840684,162439,41453696,15595402,1,904
tile_32,tile,32,512,512,3,1234,8,0,95,7670437,37524,6716651,158739,40701437,15171055,1,905
tile_32,tile,32,512,512,3,1234,9,0,93,7824307,37693,6849997,162045,41513878,16030266,1,903
tile_32,tile,32,512,512,3,1234,10,0,100,7530678,41521,6557171,157062,39664757,15651322,1,904
tile_32,tile,32,512,512,3,1234,11,0,97,7675336,42462,6690875,159983,40497197,15366239,3,903
tile_32,tile,32,512,512,3,1234,12,0,93,7823130,38340,6851091,164442,41516396,15859267,1,902
tile_32,tile,32,512,512,3,1234,13,0,91,7981636,36728,6989214,164803,42352193,16237319,1,902
tile_32,tile,32,512,512,3,1234,14,0,93,7816539,38521,6843712,162130,41475015,15908221,2,902
tile_32,tile,32,512,512,3,1234,15,0,92,7905118,40097,6922398,164461,41946921,15701367,1,905
tile_32,tile,32,512,512,3,1234,16,0,93,7810581,38232,6838635,162852,41441673,15700568,2,900
tile_32,tile,32,512,512,3,1234,17,0,96,7709631,40378,6729775,160496,40739620,15726770,2,904
tile_32,tile,32,512,512,3,1234,18,0,92,7843533,38146,6867847,162280,41620295,15584600,1,904
tile_32,tile,32,512,512,3,1234,19,0,92,7924123,37596,6938288,163877,42047105,15745084,1,906
tile_32,tile,32,512,512,3,1234,20,0,94,7784236,38425,6811130,161823,41250053,15920365,2,905
tile_32,tile,32,1024,1024,3,1234,1,0,97,28990102,96518,25502606,592191,154941472,59393797,1,3211
tile_32,tile,32,1024,1024,3,1234,2,0,97,28988278,94964,25503356,591327,154940119,60455570,2,3211
tile_32,tile,32,1024,1024,3,1234,3,0,96,29085070,96999,25589313,594289,155464493,58389515,1,3211
tile_32,tile,32,1024,1024,3,1234,4,0,100,28445620,103288,24988541,579446,151739462,55899706,0,3211
tile_32,tile,32,1024,1024,3,1234,5,0,97,29064394,102354,25568602,593309,155343459,57520764,2,3209
tile_32,tile,32,1024,1024,3,1234,6,0,97,28999014,99024,25512993,592467,154987953,58715254,2,3208
tile_32,tile,32,1024,1024,3,1234,7,0,97,28920457,102059,25422068,592303,154417555,59037130,2,3210
tile_32,tile,32,1024,1024,3,1234,8,0,97,29040146,101709,25550363,592909,155229058,56469706,1,3206
tile_32,tile,32,1024,1024,3,1234,9,0,96,29101264,101607,25602478,595822,155546896,58006385,2,3207
tile_32,tile,32,1024,1024,3,1234,10,0,97,28988101,99445,25504455,590676,154949786,57022218,1,3208
tile_32,tile,32,1024,1024,3,1234,11,0,97,28804030,98632,25341321,588191,153958784,57101575,1,3210
tile_32,tile,32,1024,1024,3,1234,12,0,97,29005973,102973,25518045,593317,155035630,58521151,1,3209
tile_32,tile,32,1024,1024,3,1234,13,0,96,29139117,92706,25636521,594611,155751460,58672218,1,3210
tile_32,tile,32,1024,1024,3,1234,14,0,100,28461972,105097,24998538,584025,151803803,58301399,1,3210
tile_32,tile,32,1024,1024,3,1234,15,0,97,29035147,101838,25542893,592567,155188912,57932452,1,3210
tile_32,tile,32,1024,1024,3,1234,16,0,97,29000661,97589,25513310,591772,155005024,59060967,1,3208
tile_32,tile,32,1024,1024,3,1234,17,0,96,29096281,98093,25597671,593787,155515841,58899378,1,3209
tile_32,tile,32,1024,1024,3,1234,18,0,97,28981221,96352,25496982,591748,154898348,57390012,1,3208
tile_32,tile,32,1024,1024,3,1234,19,0,97,29081352,105230,25583627,593274,155432201,58031389,1,3209
tile_32,tile,32,1024,1024,3,1234,20,0,98,28748116,101459,25291992,586925,153662710,56248350,1,3211
tile_32,tile,32,2048,2048,3,1234,1,0,99,112915013,397120,99464738,2294618,604697262,222138021,1,12428
tile_32,tile,32,2048,2048,3,1234,2,0,99,112893356,354993,99447567,2294662,604589420,221896184,2,12431
tile_32,tile,32,2048,2048,3,1234,3,0,99,112907988,357630,99460433,2295212,604670779,222149625,2,12429
tile_32,tile,32,2048,2048,3,1234,4,0,99,112734580,381840,99308512,2292749,603745201,221974233,1,12428
tile_32,tile,32,2048,2048,3,1234,5,0,98,113019107,385629,99559577,2296763,605272469,221184847,2,12431
tile_32,tile,32,2048,2048,3,1234,6,0,99,112964387,398577,99509899,2295351,604971270,226992962,1,12429
tile_32,tile,32,2048,2048,3,1234,7,0,99,112903954,411014,99455422,2294896,604642818,227014634,1,12428
tile_32,tile,32,2048,2048,3,1234,8,0,99,112934766,413694,99469930,2293390,604716759,227001930,1,12428
tile_32,tile,32,2048,2048,3,1234,9,0,98,112995030,412768,99535797,2297260,605127706,223734823,2,12429
tile_32,tile,32,2048,2048,3,1234,10,0,99,112791138,413008,99356752,2293743,604039955,224781647,2,12429
tile_32,tile,32,2048,2048,3,1234,11,0,99,112901052,415085,99452965,2292765,604622897,227529326,2,12429
tile_32,tile,32,2048,2048,3,1234,12,0,99,112954083,391101,99497283,2296954,604908529,223102440,1,12430
tile_32,tile,32,2048,2048,3,1234,13,0,99,112977866,385220,99520590,2297841,605036060,221765477,1,12429
tile_32,tile,32,2048,2048,3,1234,14,0,99,112744113,374824,99315617,2292177,603788948,222936746,2,12430
tile_32,tile,32,2048,2048,3,1234,15,0,99,112674338,381341,99251144,2292618,603399267,227173472,3,12428
tile_32,tile,32,2048,2048,3,1234,16,0,98,112999291,377210,99541205,2295665,605162861,225612110,1,12429
tile_32,tile,32,2048,2048,3,1234,17,0,99,112775303,376606,99342868,2290825,603957675,221861331,1,12430
tile_32,tile,32,2048,2048,3,1234,18,0,100,112080766,386722,98693328,2277690,599935117,220161653,1,12429
tile_32,tile,32,2048,2048,3,1234,19,0,99,112924910,386583,99473944,2297551,604758954,224205611,1,12430
tile_32,tile,32,2048,2048,3,1234,20,0,99,112947839,382642,99496381,2295068,604887386,221712989,1,12430
tile_32,tile,32,4096,4096,3,1234,1,0,99,447586416,1537189,394362182,9072196,2398108331,909289016,4,49301
tile_32,tile,32,4096,4096,3,1234,2,0,99,447858712,1512294,394612249,9080133,2399570377,886591155,2,49303
tile_32,tile,32,4096,4096,3,1234,3,0,100,446885448,1518726,393717058,9059238,2394055953,894389176,4,49301
tile_32,tile,32,4096,4096,3,1234,4,0,99,447735328,1506648,394506237,9074823,2398920168,886237876,3,49301
tile_32,tile,32,4096,4096,3,1234,5,0,99,448047429,1517359,394745353,9083251,2400532172,889380233,4,49301
tile_32,tile,32,4096,4096,3,1234,6,0,99,447570595,1521349,394356206,9080602,2398012137,887243126,5,49301
tile_32,tile,32,4096,4096,3,1234,7,0,99,447798338,1528199,394558163,9076644,2399236627,897450809,1,49301
tile_32,tile,32,4096,4096,3,1234,8,0,100,446884845,1518090,393716531,9060675,2394054402,886080707,2,49301
tile_32,tile,32,4096,4096,3,1234,9,0,99,447812350,1515109,394573363,9077907,2399330773,896658717,2,49303
tile_32,tile,32,4096,4096,3,1234,10,0,99,447792553,1521574,394555885,9077353,2399231132,896284674,2,49299
tile_32,tile,32,4096,4096,3,1234,11,0,100,446878697,1523830,393713268,9069172,2394031182,891855839,4,49301
tile_32,tile,32,4096,4096,3,1234,12,0,99,447727202,1520086,394499308,9073254,2398889700,886805121,2,49301
tile_32,tile,32,4096,4096,3,1234,13,0,100,446900514,1520953,393730080,9067039,2394127827,903416998,4,49301
tile_32,tile,32,4096,4096,3,1234,14,0,99,447774085,1523267,394541098,9081125,2399135452,885416620,1,49303
tile_32,tile,32,4096,4096,3,1234,15,0,99,447854725,1530288,394611981,9076030,2399563648,887848677,3,49303
tile_32,tile,32,4096,4096,3,1234,16,0,99,447725107,1519360,394493093,9075739,2398847926,903712673,3,49299
tile_32,tile,32,4096,4096,3,1234,17,0,99,447432390,1502219,394241004,9071353,2397307690,884597453,2,49301
tile_32,tile,32,4096,4096,3,1234,18,0,99,447457500,1518021,394261983,9077783,2397426617,884707585,3,49303
tile_32,tile,32,4096,4096,3,1234,19,0,99,447813402,1523932,394573388,9076876,2399334199,896865913,3,49301
tile_32,tile,32,4096,4096,3,1234,20,0,99,447650758,1520791,394427575,9075354,2398445822,908032114,5,49303
tile_32,tile,32,8192,8192,3,1234,1,0,99,1787405241,6303981,1575124800,36187676,9578972150,3597808804,9,196774
tile_32,tile,32,8192,8192,3,1234,2,0,99,1787656481,6377721,1575364740,36189270,9580460488,3575880627,7,196774
tile_32,tile,32,8192,8192,3,1234,3,0,99,1788865613,6344431,1576428603,36209574,9586898392,3615586462,9,196772
tile_32,tile,32,8192,8192,3,1234,4,0,99,1787323515,6390612,1575041876,36193170,9578436144,3592883642,12,196774
tile_32,tile,32,8192,8192,3,1234,5,0,99,1787907786,6363762,1575579062,36204766,9581752028,3611854808,7,196774
tile_32,tile,32,8192,8192,3,1234,6,0,99,1787468579,6380035,1575194336,36184438,9579403749,3587498136,9,196772
tile_32,tile,32,8192,8192,3,1234,7,0,99,1787851772,6353950,1575527060,36213326,9581456780,3651231585,8,196774
tile_32,tile,32,8192,8192,3,1234,8,0,99,1787559381,6337952,1575273079,36192644,9579874436,3594735441,10,196771
tile_32,tile,32,8192,8192,3,1234,9,0,99,1788063630,6392830,1575547041,36219832,9581366719,3581023791,8,196775
tile_32,tile,32,8192,8192,3,1234,10,0,99,1787790969,6380521,1575477061,36209577,9581131225,3558415043,8,196771
tile_32,tile,32,8192,8192,3,1234,11,0,99,1787921035,6336605,1575591862,36205622,9581835965,3585692644,7,196772
tile_32,tile,32,8192,8192,3,1234,12,0,99,1787616607,6355030,1575304106,36194077,9580058134,3579454574,14,196774
tile_32,tile,32,8192,8192,3,1234,13,0,99,1787358698,6458720,1575066208,36191363,9578576505,3579369946,10,196775
tile_32,tile,32,8192,8192,3,1234,14,0,99,1788119560,6380885,1575769379,36187051,9582898545,3555104182,8,196773
tile_32,tile,32,8192,8192,3,1234,15,0,99,1787851808,6361260,1575532120,36205583,9581480317,3614795211,7,196775
tile_32,tile,32,8192,8192,3,1234,16,0,99,1787843539,6378486,1575526184,36206965,9581395880,3543214983,14,196772
tile_32,tile,32,8192,8192,3,1234,17,0,99,1787768307,6403967,1575459942,36181596,9581064023,3593379974,9,196770
tile_32,tile,32,8192,8192,3,1234,18,0,99,1787939955,6361416,1575604253,36200195,9581880987,3614780665,10,196773
tile_32,tile,32,8192,8192,3,1234,19,0,99,1788950323,6350216,1576499760,36205076,9587355207,3570014116,6,196771
tile_32,tile,32,8192,8192,3,1234,20,0,99,1787827894,6388292,1575514538,36201790,9581360385,3547213108,12,196773
tile_32,tile,32,16384,16384,3,1234,1,0,99,7149021619,35910785,6301115303,144614821,38320779465,14244451758,34,786630
tile_32,tile,32,16384,16384,3,1234,2,0,99,7148940890,36020384,6300974609,144588633,38319858729,14382656473,34,786628
tile_32,tile,32,16384,16384,3,1234,3,0,99,7148820079,36007177,6300881469,144625156,38319324462,14233868015,30,786629
tile_32,tile,32,16384,16384,3,1234,4,0,99,7148837804,35858109,6300886163,144632088,38319404477,14382212835,28,786629
tile_32,tile,32,16384,16384,3,1234,5,0,99,7148906640,36008332,6300966105,144682077,38319800975,14140069906,27,786630
tile_32,tile,32,16384,16384,3,1234,6,0,99,7148805001,35865241,6300861582,144616454,38319225725,14281884627,33,786629
tile_32,tile,32,16384,16384,3,1234,7,0,99,7148467530,35846467,6300566845,144639913,38317428668,14273742229,34,786631
tile_32,tile,32,16384,16384,3,1234,8,0,99,7148504607,35845796,6300601705,144705297,38317602687,14239568182,35,786628
tile_32,tile,32,16384,16384,3,1234,9,0,99,7148776605,35977634,6300835814,144708427,38319012480,14277581715,31,786629
tile_32,tile,32,16384,16384,3,1234,10,0,99,7148662440,35925906,6300712570,144702568,38318249967,14517769524,32,786628
tile_32,tile,32,16384,16384,3,1234,11,0,99,7148445826,36025131,6300533849,144623683,38317268543,14411865986,28,786630
tile_32,tile,32,16384,16384,3,1234,12,0,100,7147904009,35842193,6300044293,144610820,38314143470,14257079302,34,786628
tile_32,tile,32,16384,16384,3,1234,13,0,100,7147907049,35832462,6300036472,144574315,38314144512,14353688699,34,786631
tile_32,tile,32,16384,16384,3,1234,14,0,99,7148454966,35997089,6300567701,144741781,38317403974,14295214317,34,786629
tile_32,tile,32,16384,16384,3,1234,15,0,99,7148900031,36357310,6300957690,144622238,38319797098,14277731674,30,786631
tile_32,tile,32,16384,16384,3,1234,16,0,99,7148889488,36051273,6300949531,144717163,38319731337,14299398670,33,786630
tile_32,tile,32,16384,16384,3,1234,17,0,99,7148819400,36191020,6300892155,144640450,38319446253,14216950722,35,786629
tile_32,tile,32,16384,16384,3,1234,18,0,99,7148873288,35990136,6300929564,144669826,38319634968,14261412866,31,786629
tile_32,tile,32,16384,16384,3,1234,19,0,99,7148866084,36035817,6300911269,144680432,38319409921,14411044558,35,786629
tile_32,tile,32,16384,16384,3,1234,20,0,99,7148847736,35884513,6300905303,144673100,38319450050,14298300008,36,786632
tile_64,tile,64,64,64,3,1234,1,0,90,669053,16561,514571,17205,2910534,2715866,2,142
tile_64,tile,64,64,64,3,1234,2,0,100,648982,14825,496025,16493,2810063,2405650,1,142
tile_64,tile,64,64,64,3,1234,3,0,58,707298,16159,556988,17707,3169580,2491323,1,142
tile_64,tile,64,64,64,3,1234,4,0,58,705092,14719,555268,17441,3156241,2418551,1,140
tile_64,tile,64,64,64,3,1234,5,0,58,700883,15831,551432,17279,3137890,2534381,1,143
tile_64,tile,64,64,64,3,1234,6,0,57,722655,16423,569520,17757,3233770,2515175,1,142
tile_64,tile,64,64,64,3,1234,7,0,56,729242,17550,573920,18166,3265826,2618254,2,142
tile_64,tile,64,64,64,3,1234,8,0,57,721824,15158,569276,17839,3234196,2471261,1,142
tile_64,tile,64,64,64,3,1234,9,0,100,652108,17295,497225,16665,2825590,2449740,1,139
tile_64,tile,64,64,64,3,1234,10,0,58,705881,15930,555469,17842,3158530,2472172,1,141
tile_64,tile,64,64,64,3,1234,11,0,56,726637,17745,572603,18039,3252722,2493026,1,143
tile_64,tile,64,64,64,3,1234,12,0,91,669835,16434,514700,17077,2911177,2554355,2,141
tile_64,tile,64,64,64,3,1234,13,0,57,725390,17510,570568,18030,3244021,2773606,1,141
tile_64,tile,64,64,64,3,1234,14,0,100,649161,16840,496268,16486,2812974,2508146,1,142
tile_64,tile,64,64,64,3,1234,15,0,57,721033,17324,567147,17837,3227126,2507293,1,141
tile_64,tile,64,64,64,3,1234,16,0,76,721649,16182,556192,14482,3157032,2278732,1,144
tile_64,tile,64,64,64,3,1234,17,0,57,713154,14422,561847,16698,3192159,2408897,1,142
tile_64,tile,64,64,64,3,1234,18,0,100,648432,13990,495339,15734,2808300,2319762,1,143
tile_64,tile,64,64,64,3,1234,19,0,57,720407,14542,566848,16825,3224588,2338651,1,145
tile_64,tile,64,64,64,3,1234,20,0,56,735277,14854,578689,15994,3292356,2294487,1,141
tile_64,tile,64,128,128,3,1234,1,0,65,1123440,13702,933667,24771,5475131,2998259,1,180
tile_64,tile,64,128,128,3,1234,2,0,66,1104617,13457,917925,22287,5388861,2952059,1,177
tile_64,tile,64,128,128,3,1234,3,0,63,1159899,14187,964364,25583,5654709,3131640,1,179
tile_64,tile,64,128,128,3,1234,4,0,82,1076508,15788,875255,22620,5106371,3084743,2,178
tile_64,tile,64,128,128,3,1234,5,0,62,1175200,14609,976190,24890,5729571,3135953,1,180
tile_64,tile,64,128,128,3,1234,6,0,64,1141261,13804,948736,23314,5563934,3065506,1,177
tile_64,tile,64,128,128,3,1234,7,0,57,1275642,15362,1060316,28776,6222672,3641153,1,178
tile_64,tile,64,128,128,3,1234,8,0,65,1125838,13774,935735,24398,5490268,2925161,1,177
tile_64,tile,64,128,128,3,1234,9,0,64,1140281,14586,946540,24520,5556310,3338336,1,179
tile_64,tile,64,128,128,3,1234,10,0,65,1126853,13718,936943,24850,5496036,2982473,1,176
tile_64,tile,64,128,128,3,1234,11,0,51,1420331,17439,1180826,30920,6924170,3983367,1,178
tile_64,tile,64,128,128,3,1234,12,0,73,1007884,12335,836704,20358,4913804,2652105,1,177
tile_64,tile,64,128,128,3,1234,13,0,100,970946,14573,781835,20811,4546873,2957193,0,178
tile_64,tile,64,128,128,3,1234,14,0,98,987146,15344,794884,23206,4623808,2997750,2,179
tile_64,tile,64,128,128,3,1234,15,0,66,1109512,14108,921365,24806,5406627,3252711,1,178
tile_64,tile,64,128,128,3,1234,16,0,65,1125846,13974,934125,25325,5490500,3172867,1,177
tile_64,tile,64,128,128,3,1234,17,0,66,1109843,14435,921962,23631,5411319,2914513,2,179
tile_64,tile,64,128,128,3,1234,18,0,65,1134924,14101,941999,24522,5531120,3101214,1,176
tile_64,tile,64,128,128,3,1234,19,0,61,1207276,14973,1001948,24033,5882719,3324608,1,179
tile_64,tile,64,128,128,3,1234,20,0,64,1149978,13800,954372,24974,5607850,3180248,1,180
tile_64,tile,64,256,256,3,1234,1,0,76,2660388,16239,2302890,54137,13822467,5744833,1,327
tile_64,tile,64,256,256,3,1234,2,0,81,2504748,15789,2166352,51681,13012507,5453439,1,327
tile_64,tile,64,256,256,3,1234,3,0,80,2550239,16301,2207407,53056,13248298,5556641,1,327
tile_64,tile,64,256,256,3,1234,4,0,81,2520453,15986,2181090,52717,13093011,5573216,1,324
tile_64,tile,64,256,256,3,1234,5,0,80,2524336,16660,2184275,53053,13114875,5613384,1,326
tile_64,tile,64,256,256,3,1234,6,0,83,2437395,15716,2109925,52089,12663789,5328008,1,326
tile_64,tile,64,256,256,3,1234,7,0,81,2495490,16290,2159137,51914,12963395,5570625,2,329
tile_64,tile,64,256,256,3,1234,8,0,80,2527274,15652,2186628,53194,13125412,5511920,1,327
tile_64,tile,64,256,256,3,1234,9,0,82,2492284,16837,2155439,52598,12941211,5602203,1,328
tile_64,tile,64,256,256,3,1234,10,0,100,2280645,19175,1940703,46362,11583926,5317038,0,325
tile_64,tile,64,256,256,3,1234,11,0,82,2486735,15993,2151893,52560,12921071,5573196,1,324
tile_64,tile,64,256,256,3,1234,12,0,81,2516526,16454,2178171,52064,13074151,5358341,1,328
tile_64,tile,64,256,256,3,1234,13,0,81,2501758,15373,2165263,53535,12998253,5527088,1,324
tile_64,tile,64,256,256,3,1234,14,0,76,2685457,15968,2324661,56274,13952270,5900309,1,328
tile_64,tile,64,256,256,3,1234,15,0,76,2662282,18144,2303762,54649,13830237,6122704,1,326
tile_64,tile,64,256,256,3,1234,16,0,81,2497891,15703,2162203,51237,12979085,5542877,1,326
tile_64,tile,64,256,256,3,1234,17,0,100,2277201,18657,1938326,48648,11571327,5695921,1,324
tile_64,tile,64,256,256,3,1234,18,0,79,2581576,18023,2234210,54687,13412224,5959359,1,325
tile_64,tile,64,256,256,3,1234,19,0,83,2440904,15141,2112795,51034,12686088,5489688,1,325
tile_64,tile,64,256,256,3,1234,20,0,80,2525693,15116,2185877,52744,13123063,5576679,1,324
tile_64,tile,64,512,512,3,1234,1,0,92,7811021,30688,6874504,157642,41624443,15474998,1,902
tile_64,tile,64,512,512,3,1234,2,0,100,7473801,35595,6542012,149985,39541074,15131978,0,903
tile_64,tile,64,512,512,3,1234,3,0,94,7640506,31375,6725658,154119,40725588,14805803,1,904
tile_64,tile,64,512,512,3,1234,4,0,93,7756184,32236,6825834,157326,41336467,15371204,1,902
tile_64,tile,64,512,512,3,1234,5,0,100,7478976,35275,6544972,153167,39562703,15650051,1,903
tile_64,tile,64,512,512,3,1234,6,0,92,7809815,31991,6873887,156492,41624576,15252036,1,906
tile_64,tile,64,512,512,3,1234,7,0,94,7642526,31028,6726588,153522,40730926,14893733,1,903
tile_64,tile,64,512,512,3,1234,8,0,94,7662352,30355,6744370,153673,40840375,15092354,1,905
tile_64,tile,64,512,512,3,1234,9,0,94,7672506,30730,6753375,153677,40894873,15134219,1,903
tile_64,tile,64,512,512,3,1234,10,0,100,7475733,33943,6543409,151145,39547997,15475666,0,904
tile_64,tile,64,512,512,3,1234,11,0,93,7759855,32205,6830428,155357,41359078,15335685,1,902
tile_64,tile,64,512,512,3,1234,12,0,100,7478283,37562,6545241,152923,39561497,15637310,1,903
tile_64,tile,64,512,512,3,1234,13,0,93,7777233,32395,6845687,157604,41454243,15352417,1,900
tile_64,tile,64,512,512,3,1234,14,0,93,7771855,31670,6839072,158072,41413041,15157272,1,903
tile_64,tile,64,512,512,3,1234,15,0,100,7483594,37238,6547971,153441,39580457,15901627,1,904
tile_64,tile,64,512,512,3,1234,16,0,100,7482796,38156,6548226,153100,39577350,15075190,1,903
tile_64,tile,64,512,512,3,1234,17,0,93,7750557,31046,6822066,157523,41307652,15667692,1,904
tile_64,tile,64,512,512,3,1234,18,0,93,7758177,31701,6828661,157186,41348532,15496510,1,903
tile_64,tile,64,512,512,3,1234,19,0,100,7478271,35872,6544504,152030,39556078,15422150,1,904
tile_64,tile,64,512,512,3,1234,20,0,100,7477727,37644,6544769,154002,39557749,15518945,1,903
tile_64,tile,64,1024,1024,3,1234,1,0,97,28761192,81455,25436275,572956,154413726,56505140,1,3208
tile_64,tile,64,1024,1024,3,1234,2,0,98,28565763,76896,25238946,570043,153164413,55928826,2,3207
tile_64,tile,64,1024,1024,3,1234,3,0,97,28791505,79830,25463596,576945,154578900,56771402,1,3210
tile_64,tile,64,1024,1024,3,1234,4,0,100,28261064,84314,24956227,564850,151420625,55804530,1,3212
tile_64,tile,64,1024,1024,3,1234,5,0,100,28255992,80430,24953074,565058,151403586,56683317,1,3212
tile_64,tile,64,1024,1024,3,1234,6,0,97,28866017,72417,25531484,575365,154986153,56630383,1,3209
tile_64,tile,64,1024,1024,3,1234,7,0,97,28779670,76871,25455455,574437,154524627,57418380,1,3209
tile_64,tile,64,1024,1024,3,1234,8,0,97,28862191,82219,25527721,575789,154964027,55816369,1,3209
tile_64,tile,64,1024,1024,3,1234,9,0,97,28817309,77924,25486298,575589,154714056,55804412,1,3209
tile_64,tile,64,1024,1024,3,1234,10,0,97,28692522,77974,25367190,572889,153960471,56936795,2,3209
tile_64,tile,64,1024,1024,3,1234,11,0,97,28885100,82405,25546701,575476,155081971,56926680,1,3208
tile_64,tile,64,1024,1024,3,1234,12,0,96,28928349,81482,25586881,576828,155324650,56479594,2,3211
tile_64,tile,64,1024,1024,3,1234,13,0,98,28659320,80281,25337566,571890,153778549,56155910,1,3207
tile_64,tile,64,1024,1024,3,1234,14,0,97,28821868,77688,25492402,575202,154747191,56481683,1,3210
tile_64,tile,64,1024,1024,3,1234,15,0,96,28956475,79742,25602048,578212,155423369,58238544,3,3210
tile_64,tile,64,1024,1024,3,1234,16,0,96,28915701,80371,25575833,577493,155255671,56519362,1,3207
tile_64,tile,64,1024,1024,3,1234,17,0,99,28296908,84886,24990802,567126,151636439,55283141,2,3208
tile_64,tile,64,1024,1024,3,1234,18,0,97,28858119,79576,25523766,576106,154941815,58790827,1,3209
tile_64,tile,64,1024,1024,3,1234,19,0,96,28968227,78010,25620368,577830,155531095,57302798,2,3210
tile_64,tile,64,1024,1024,3,1234,20,0,97,28851547,79400,25519080,577473,154910138,56252611,1,3209
tile_64,tile,64,2048,2048,3,1234,1,0,99,111681727,293466,98877663,2218524,600578964,220147460,3,12430
tile_64,tile,64,2048,2048,3,1234,2,0,99,111851341,271943,99057354,2220973,601728688,218084306,1,12429
tile_64,tile,64,2048,2048,3,1234,3,0,99,112165593,273104,99337085,2225915,603422201,219190435,1,12428
tile_64,tile,64,2048,2048,3,1234,4,0,98,112223135,281816,99385502,2227397,603722875,219286546,1,12429
tile_64,tile,64,2048,2048,3,1234,5,0,99,111827186,280569,99035548,2218010,601592657,218493314,1,12430
tile_64,tile,64,2048,2048,3,1234,6,0,99,111346278,298387,98571138,2210352,598700295,217734827,2,12429
tile_64,tile,64,2048,2048,3,1234,7,0,100,111334991,296661,98560618,2209947,598631404,224707997,2,12428
tile_64,tile,64,2048,2048,3,1234,8,0,98,112216019,292606,99382320,2225425,603696406,219349641,1,12430
tile_64,tile,64,2048,2048,3,1234,9,0,99,111804448,299066,99014905,2219341,601466700,225230659,1,12427
tile_64,tile,64,2048,2048,3,1234,10,0,99,111897897,293814,99095510,2219843,601956537,222706473,4,12428
tile_64,tile,64,2048,2048,3,1234,11,0,99,112130421,294844,99304973,2224088,603227131,220246582,2,12429
tile_64,tile,64,2048,2048,3,1234,12,0,99,112038800,296595,99224404,2224294,602739220,219688610,1,12429
tile_64,tile,64,2048,2048,3,1234,13,0,99,111843146,297990,99051968,2219352,601689034,218266039,1,12428
tile_64,tile,64,2048,2048,3,1234,14,0,99,112105772,286954,99281534,2222493,603084913,223406492,1,12428
tile_64,tile,64,2048,2048,3,1234,15,0,99,112212981,286652,99377061,2225059,603662463,219526137,1,12429
tile_64,tile,64,2048,2048,3,1234,16,0,99,112202101,283025,99367205,2224677,603606665,225054277,2,12429
tile_64,tile,64,2048,2048,3,1234,17,0,99,111954760,276591,99150412,2222041,602287631,219504439,1,12430
tile_64,tile,64,2048,2048,3,1234,18,0,99,111869080,284022,99068503,2220835,601797347,223959894,2,12427
tile_64,tile,64,2048,2048,3,1234,19,0,99,112156827,284355,99327163,2225265,603361444,224700530,1,12427
tile_64,tile,64,2048,2048,3,1234,20,0,99,112167934,288152,99337117,2224606,603425699,227068906,1,12427
tile_64,tile,64,4096,4096,3,1234,1,0,99,445023607,1162254,394215321,8804278,2395226132,876326450,3,49303
tile_64,tile,64,4096,4096,3,1234,2,0,99,444835684,1139569,394058901,8805847,2394219976,895536130,3,49303
tile_64,tile,64,4096,4096,3,1234,3,0,99,444711043,1137080,393945467,8805468,2393530075,889778358,2,49304
tile_64,tile,64,4096,4096,3,1234,4,0,99,444537873,1128685,393793345,8801537,2392596110,885415677,4,49302
tile_64,tile,64,4096,4096,3,1234,5,0,99,444778589,1132676,394007406,8803807,2393915370,875726776,3,49301
tile_64,tile,64,4096,4096,3,1234,6,0,99,444720715,1135569,393953984,8803692,2393589683,880067290,2,49301
tile_64,tile,64,4096,4096,3,1234,7,0,99,444708447,1136036,393943812,8804601,2393526668,878002968,3,49302
tile_64,tile,64,4096,4096,3,1234,8,0,99,444635255,1121411,393878295,8802667,2393114120,878569267,2,49298
tile_64,tile,64,4096,4096,3,1234,9,0,99,444806910,1128623,394030913,8802553,2394055721,879941435,5,49301
tile_64,tile,64,4096,4096,3,1234,10,0,99,444418936,1136634,393690361,8797797,2391994484,875383241,1,49301
tile_64,tile,64,4096,4096,3,1234,11,0,99,444825492,1160253,394045369,8805201,2394137552,891869666,3,49303
tile_64,tile,64,4096,4096,3,1234,12,0,99,444471456,1121600,393736705,8799884,2392267907,877592664,3,49300
tile_64,tile,64,4096,4096,3,1234,13,0,99,444746321,1152478,393971533,8799250,2393714154,900566881,3,49301
tile_64,tile,64,4096,4096,3,1234,14,0,99,444351441,1132537,393627829,8795649,2391610138,888723317,3,49299
tile_64,tile,64,4096,4096,3,1234,15,0,99,444397808,1123997,393669053,8799792,2391853208,874162321,3,49303
tile_64,tile,64,4096,4096,3,1234,16,0,99,444385431,1135274,393661568,8795782,2391797641,874466122,2,49303
tile_64,tile,64,4096,4096,3,1234,17,0,99,444719656,1126974,393956744,8801278,2393601180,878814024,3,49302
tile_64,tile,64,4096,4096,3,1234,18,0,99,444680291,1136207,393920452,8798922,2393390154,883413478,4,49303
tile_64,tile,64,4096,4096,3,1234,19,0,99,444679519,1124214,393917557,8800789,2393374515,887756441,2,49302
tile_64,tile,64,4096,4096,3,1234,20,0,99,444704640,1138895,393938155,8801299,2393487150,899161039,2,49301
tile_64,tile,64,8192,8192,3,1234,1,0,99,1775373872,4792788,1572920489,35085790,9557641166,3588208028,9,196773
tile_64,tile,64,8192,8192,3,1234,2,0,99,1775768168,4707166,1573301761,35100822,9560012431,3536514562,6,196774
tile_64,tile,64,8192,8192,3,1234,3,0,99,1775818082,4736074,1573345568,35106171,9560247136,3551771142,6,196775
tile_64,tile,64,8192,8192,3,1234,4,0,99,1775343021,4758231,1572926965,35085274,9557712076,3542579946,7,196772
tile_64,tile,64,8192,8192,3,1234,5,0,99,1775516627,4791931,1573068766,35091692,9558553061,3536665468,11,196774
tile_64,tile,64,8192,8192,3,1234,6,0,99,1775774311,4782419,1573305597,35103093,9560032316,3509661290,8,196774
tile_64,tile,64,8192,8192,3,1234,7,0,99,1775932805,4782092,1573441970,35089190,9560823397,3585685084,7,196774
tile_64,tile,64,8192,8192,3,1234,8,0,99,1775799603,4805345,1573325315,35088370,9560126189,3562400848,9,196775
tile_64,tile,64,8192,8192,3,1234,9,0,99,1775891600,4792612,1573408559,35090247,9560623075,3544372454,9,196773
tile_64,tile,64,8192,8192,3,1234,10,0,99,1775833317,4811753,1573361869,35107118,9560331974,3512283156,7,196774
tile_64,tile,64,8192,8192,3,1234,11,0,99,1775787205,4799492,1573313270,35120989,9560049472,3576797308,8,196773
tile_64,tile,64,8192,8192,3,1234,12,0,99,1775543192,4706384,1573104193,35091830,9558804294,3548041062,7,196773
tile_64,tile,64,8192,8192,3,1234,13,0,99,1775814746,4681380,1573339104,35096413,9560220019,3588824613,8,196775
tile_64,tile,64,8192,8192,3,1234,14,0,99,1776623049,4713541,1574059693,35112781,9564617529,3542419326,7,196774
tile_64,tile,64,8192,8192,3,1234,15,0,99,1775446539,4732529,1573008684,35112516,9558208955,3553390499,9,196772
tile_64,tile,64,8192,8192,3,1234,16,0,99,1775803498,4721378,1573331436,35146324,9560155926,3555853491,8,196774
tile_64,tile,64,8192,8192,3,1234,17,0,99,1776447775,4716624,1573898064,35104724,9563607056,3562117151,10,196772
tile_64,tile,64,8192,8192,3,1234,18,0,99,1775843542,4753132,1573363416,35103889,9560359108,3566172915,8,196773
tile_64,tile,64,8192,8192,3,1234,19,0,99,1775479149,4706762,1573039495,35083078,9558378247,3577965855,9,196773
tile_64,tile,64,8192,8192,3,1234,20,0,99,1775881045,4749876,1573400846,35106749,9560584923,3542858029,6,196776
tile_64,tile,64,16384,16384,3,1234,1,0,99,7100425963,24547384,6291924592,140279723,38233245866,14124601190,33,786631
tile_64,tile,64,16384,16384,3,1234,2,0,99,7100610620,24409250,6292028055,140240352,38233830937,14231545349,31,786628
tile_64,tile,64,16384,16384,3,1234,3,0,99,7100633050,24189980,6292054771,140275415,38234093376,14110569214,27,786631
tile_64,tile,64,16384,16384,3,1234,4,0,99,7100621304,24340187,6292039238,140200392,38233962488,14221066965,30,786628
tile_64,tile,64,16384,16384,3,1234,5,0,99,7100353502,24294861,6291806036,140249402,38232509580,14119799102,32,786629
tile_64,tile,64,16384,16384,3,1234,6,0,99,7100742876,24420168,6292141688,140292248,38234548910,14248737403,31,786630
tile_64,tile,64,16384,16384,3,1234,7,0,99,7100851972,24217878,6292230968,140266044,38235068998,14165233764,34,786629
tile_64,tile,64,16384,16384,3,1234,8,0,99,7100306277,24273797,6291751195,140208346,38232199159,14162685094,29,786630
tile_64,tile,64,16384,16384,3,1234,9,0,100,7099710166,24386092,6291186789,140212961,38228731888,14125907467,32,786629
tile_64,tile,64,16384,16384,3,1234,10,0,100,7099633129,24203993,6291135376,140309192,38228437776,14059396373,30,786628
tile_64,tile,64,16384,16384,3,1234,11,0,100,7099803080,24266882,6291269225,140298007,38229168537,14138145652,32,786626
tile_64,tile,64,16384,16384,3,1234,12,0,99,7100602685,24398271,6292022347,140296151,38233938967,14117737613,26,786632
tile_64,tile,64,16384,16384,3,1234,13,0,100,7099768381,24554624,6291239070,140208053,38229014241,14151476081,28,786630
tile_64,tile,64,16384,16384,3,1234,14,0,99,7100567663,24201020,6291990247,140235454,38233641266,14115101767,25,786631
tile_64,tile,64,16384,16384,3,1234,15,0,100,7099786229,24600007,6291235047,140170550,38229021483,14251445337,28,786630
tile_64,tile,64,16384,16384,3,1234,16,0,100,7099757300,24261301,6291227954,140249865,38228954995,14138593432,30,786628
tile_64,tile,64,16384,16384,3,1234,17,0,100,7099769283,24276106,6291240953,140322077,38229089881,14140941038,37,786631
tile_64,tile,64,16384,16384,3,1234,18,0,100,7099621358,24093562,6291129505,140216303,38228385184,13963428225,30,786630
tile_64,tile,64,16384,16384,3,1234,19,0,99,7100813778,24222298,6292200193,140238291,38234870150,14130090960,32,786628
tile_64,tile,64,16384,16384,3,1234,20,0,99,7100873540,24589090,6292240678,140225177,38235119321,14247167022,32,786627
tile_128,tile,128,64,64,3,1234,1,0,55,747843,15519,589434,18283,3347770,2678920,1,142
tile_128,tile,128,64,64,3,1234,2,0,58,703223,14517,553786,17526,3146225,2467334,1,142
tile_128,tile,128,64,64,3,1234,3,0,57,713847,16223,561979,17659,3195705,2544913,1,142
tile_128,tile,128,64,64,3,1234,4,0,57,717197,17323,564961,17556,3208347,2483714,1,143
tile_128,tile,128,64,64,3,1234,5,0,58,705570,15719,554971,17569,3157649,2539582,1,143
tile_128,tile,128,64,64,3,1234,6,0,58,705396,16948,555766,17492,3155862,2562110,1,142
tile_128,tile,128,64,64,3,1234,7,0,57,717314,15055,564339,16710,3211191,2545668,1,142
tile_128,tile,128,64,64,3,1234,8,0,46,875675,21317,690034,21386,3920396,3062072,1,142
tile_128,tile,128,64,64,3,1234,9,0,58,709094,15020,558098,16737,3174271,2462450,1,141
tile_128,tile,128,64,64,3,1234,10,0,57,724144,16357,570069,17949,3239922,2543120,1,144
tile_128,tile,128,64,64,3,1234,11,0,57,716819,17421,564209,17930,3210896,2540592,1,142
tile_128,tile,128,64,64,3,1234,12,0,52,791091,19051,623493,19548,3543538,2801612,1,142
tile_128,tile,128,64,64,3,1234,13,0,66,684665,16610,539472,17496,3048516,2635290,2,142
tile_128,tile,128,64,64,3,1234,14,0,56,736779,17584,579837,18134,3296963,2578298,1,145
tile_128,tile,128,64,64,3,1234,15,0,70,683458,16251,535464,17410,3033237,2633035,2,141
tile_128,tile,128,64,64,3,1234,16,0,69,726606,17980,565306,18131,3207740,2785420,2,142
tile_128,tile,128,64,64,3,1234,17,0,59,696768,14606,548774,16526,3115931,2373640,2,141
tile_128,tile,128,64,64,3,1234,18,0,56,724271,14422,570688,15131,3242449,2344496,1,140
tile_128,tile,128,64,64,3,1234,19,0,56,740575,14862,581326,15479,3317966,2385445,1,142
tile_128,tile,128,64,64,3,1234,20,0,100,653285,14461,499072,15923,2827777,2337640,1,145
tile_128,tile,128,128,128,3,1234,1,0,100,979911,14556,788540,21190,4590222,2891810,1,180
tile_128,tile,128,128,128,3,1234,2,0,64,1145295,13816,951782,24495,5587346,2989561,1,181
tile_128,tile,128,128,128,3,1234,3,0,66,1115866,13240,927417,24213,5447247,2909632,1,178
tile_128,tile,128,128,128,3,1234,4,0,100,976079,14766,786273,22322,4571884,2895988,1,178
tile_128,tile,128,128,128,3,1234,5,0,60,1216529,14744,1013102,25115,5940094,3196955,1,178
tile_128,tile,128,128,128,3,1234,6,0,65,1125894,13563,937353,23762,5500652,2920237,1,176
tile_128,tile,128,128,128,3,1234,7,0,100,977159,15226,787103,22689,4577388,3127912,1,180
tile_128,tile,128,128,128,3,1234,8,0,63,1169666,13960,973231,24070,5710749,2990961,2,179
tile_128,tile,128,128,128,3,1234,9,0,65,1126875,13496,936891,23782,5499917,2979334,1,179
tile_128,tile,128,128,128,3,1234,10,0,93,1020429,15175,824998,20514,4802016,2953589,2,181
tile_128,tile,128,128,128,3,1234,11,0,66,1116016,13443,926331,25250,5440648,3094625,1,177
tile_128,tile,128,128,128,3,1234,12,0,100,972427,14746,783616,20386,4558344,2923582,1,177
tile_128,tile,128,128,128,3,1234,13,0,59,1243457,14784,1035078,26767,6071334,3248896,1,177
tile_128,tile,128,128,128,3,1234,14,0,100,971643,14524,783138,21882,4552349,2777344,1,178
tile_128,tile,128,128,128,3,1234,15,0,100,972884,14535,783753,20003,4560531,2820907,1,179
tile_128,tile,128,128,128,3,1234,16,0,64,1143483,13570,952129,22141,5581830,2902273,1,180
tile_128,tile,128,128,128,3,1234,17,0,66,1114542,13134,927350,23729,5439964,2920167,1,181
tile_128,tile,128,128,128,3,1234,18,0,66,1113862,13740,927094,25376,5436653,3103518,1,178
tile_128,tile,128,128,128,3,1234,19,0,100,975097,15990,785410,22579,4569394,3098963,1,178
tile_128,tile,128,128,128,3,1234,20,0,65,1132656,13558,943058,22615,5529160,2886384,1,178
tile_128,tile,128,256,256,3,1234,1,0,89,2414054,17677,2072996,49228,12400398,5415500,2,326
tile_128,tile,128,256,256,3,1234,2,0,82,2468614,14019,2140905,49607,12852730,5334189,1,327
tile_128,tile,128,256,256,3,1234,3,0,100,2276414,18102,1940029,47463,11581851,5297465,1,327
tile_128,tile,128,256,256,3,1234,4,0,81,2516774,15094,2182975,51542,13099157,5425253,1,327
tile_128,tile,128,256,256,3,1234,5,0,81,2507775,15146,2176016,51166,13058051,5328530,1,325
tile_128,tile,128,256,256,3,1234,6,0,80,2516725,14952,2183386,51915,13101306,5470878,1,325
tile_128,tile,128,256,256,3,1234,7,0,100,2273975,17565,1937629,48529,11572188,5545504,1,327
tile_128,tile,128,256,256,3,1234,8,0,100,2279025,18030,1940997,46962,11593209,5214469,1,326
tile_128,tile,128,256,256,3,1234,9,0,81,2494051,14951,2162720,52177,12980303,5400496,1,327
tile_128,tile,128,256,256,3,1234,10,0,100,2276525,18087,1940835,47141,11582933,5342306,1,328
tile_128,tile,128,256,256,3,1234,11,0,94,2364427,18479,2018886,47981,12069388,5528791,2,325
tile_128,tile,128,256,256,3,1234,12,0,81,2506449,15020,2174682,51309,13046730,5518839,1,327
tile_128,tile,128,256,256,3,1234,13,0,83,2432379,14531,2109931,48732,12662898,5186367,1,327
tile_128,tile,128,256,256,3,1234,14,0,82,2458490,14017,2132778,51765,12800439,5699810,1,327
tile_128,tile,128,256,256,3,1234,15,0,79,2550962,15756,2213071,51497,13277975,5630391,1,329
tile_128,tile,128,256,256,3,1234,16,0,78,2587225,15515,2243376,52106,13463798,5796848,1,325
tile_128,tile,128,256,256,3,1234,17,0,84,2414318,14917,2094325,48164,12567940,5246912,1,325
tile_128,tile,128,256,256,3,1234,18,0,100,2279010,19099,1942489,48455,11594353,5425977,1,326
tile_128,tile,128,256,256,3,1234,19,0,95,2335735,17983,1997627,48632,11932939,5538798,2,326
tile_128,tile,128,256,256,3,1234,20,0,79,2558804,15223,2219261,52443,13317706,5742821,1,325
tile_128,tile,128,512,512,3,1234,1,0,93,7758494,28865,6844391,155200,41430740,15561180,1,903
tile_128,tile,128,512,512,3,1234,2,0,96,7623581,32150,6699523,151537,40512514,15409746,3,903
tile_128,tile,128,512,512,3,1234,3,0,93,7741055,28403,6829522,153537,41339156,15523456,2,904
tile_128,tile,128,512,512,3,1234,4,0,93,7691441,28441,6787755,153963,41082980,15694958,2,904
tile_128,tile,128,512,512,3,1234,5,0,93,7742594,27997,6831880,153801,41353602,15040604,1,904
tile_128,tile,128,512,512,3,1234,6,0,99,7500136,33338,6583015,151334,39779470,15149610,3,901
tile_128,tile,128,512,512,3,1234,7,0,92,7788380,29544,6872914,157868,41600573,15536730,1,903
tile_128,tile,128,512,512,3,1234,8,0,93,7761855,29287,6848605,155431,41455001,15215252,1,905
tile_128,tile,128,512,512,3,1234,9,0,100,7457820,33750,6542559,151015,39530195,15138698,1,901
tile_128,tile,128,512,512,3,1234,10,0,92,7760112,27858,6847667,155930,41451008,15017223,1,903
tile_128,tile,128,512,512,3,1234,11,0,92,7767278,29420,6853235,155722,41479478,15490756,1,903
tile_128,tile,128,512,512,3,1234,12,0,97,7574360,33854,6651977,152400,40210126,15394171,2,904
tile_128,tile,128,512,512,3,1234,13,0,100,7457881,33095,6542800,151993,39529463,15278857,1,905
tile_128,tile,128,512,512,3,1234,14,0,93,7744222,29943,6832424,156387,41352679,15806316,1,905
tile_128,tile,128,512,512,3,1234,15,0,100,7456363,34077,6541926,150385,39528109,14992457,1,903
tile_128,tile,128,512,512,3,1234,16,0,93,7753042,29270,6841044,155654,41408715,15499756,1,903
tile_128,tile,128,512,512,3,1234,17,0,100,7449923,33833,6536597,151089,39500634,15145514,1,900
tile_128,tile,128,512,512,3,1234,18,0,93,7754583,28784,6842633,157529,41416722,15675891,1,902
tile_128,tile,128,512,512,3,1234,19,0,93,7749258,30612,6835729,155019,41366850,15403469,1,904
tile_128,tile,128,512,512,3,1234,20,0,91,7892024,30924,6964362,157779,42154804,16010232,1,903
tile_128,tile,128,1024,1024,3,1234,1,0,97,28807160,70292,25539576,568379,154979863,57653962,3,3209
tile_128,tile,128,1024,1024,3,1234,2,0,100,28158105,72070,24931591,555547,151215433,55394585,0,3207
tile_128,tile,128,1024,1024,3,1234,3,0,100,28168859,76206,24940181,556961,151262824,55996831,2,3209
tile_128,tile,128,1024,1024,3,1234,4,0,97,28734844,71373,25481819,567043,154624125,55406322,1,3210
tile_128,tile,128,1024,1024,3,1234,5,0,97,28744288,68804,25489354,566963,154653111,57392946,1,3210
tile_128,tile,128,1024,1024,3,1234,6,0,100,28163261,71499,24936031,555852,151240233,55722210,1,3212
tile_128,tile,128,1024,1024,3,1234,7,0,97,28749581,62021,25493804,567549,154696867,56666442,1,3210
tile_128,tile,128,1024,1024,3,1234,8,0,97,28701789,70193,25452145,565972,154445032,56198768,2,3208
tile_128,tile,128,1024,1024,3,1234,9,0,97,28647470,70309,25389715,565071,154036985,55886285,2,3211
tile_128,tile,128,1024,1024,3,1234,10,0,97,28711629,68896,25459670,564928,154494035,56269837,1,3208
tile_128,tile,128,1024,1024,3,1234,11,0,97,28713508,62585,25462414,564766,154504870,56493411,1,3211
tile_128,tile,128,1024,1024,3,1234,12,0,97,28734101,70089,25479929,566789,154614644,56449318,1,3207
tile_128,tile,128,1024,1024,3,1234,13,0,96,28788508,65167,25529266,567809,154915595,56015416,1,3210
tile_128,tile,128,1024,1024,3,1234,14,0,97,28745776,67580,25490112,567248,154675210,56466933,1,3210
tile_128,tile,128,1024,1024,3,1234,15,0,96,28966732,70542,25685811,570980,155857375,56795358,2,3208
tile_128,tile,128,1024,1024,3,1234,16,0,96,28806862,70969,25545671,568149,155013399,56134877,1,3210
tile_128,tile,128,1024,1024,3,1234,17,0,97,28728443,67963,25476259,566014,154588873,55723889,2,3210
tile_128,tile,128,1024,1024,3,1234,18,0,100,28168647,69198,24938978,557394,151261752,56164692,1,3211
tile_128,tile,128,1024,1024,3,1234,19,0,99,28242340,72388,25010071,559127,151689453,55920280,2,3210
tile_128,tile,128,1024,1024,3,1234,20,0,97,28593016,73349,25354546,562529,153852473,56845231,1,3211
tile_128,tile,128,2048,2048,3,1234,1,0,100,110964261,248688,98491894,2177271,597977837,217992465,2,12430
tile_128,tile,128,2048,2048,3,1234,2,0,100,110952599,240404,98484775,2175948,597933079,216267660,1,12429
tile_128,tile,128,2048,2048,3,1234,3,0,99,111464129,231235,98977540,2184632,600999834,219232035,2,12430
tile_128,tile,128,2048,2048,3,1234,4,0,99,111373829,236565,98874071,2182400,600338977,219020119,3,12430
tile_128,tile,128,2048,2048,3,1234,5,0,99,111831699,237471,99303434,2191534,602980938,219131604,1,12427
tile_128,tile,128,2048,2048,3,1234,6,0,98,111851240,241618,99322290,2193163,603090349,218191381,1,12427
tile_128,tile,128,2048,2048,3,1234,7,0,99,111780592,244748,99255859,2190012,602689025,220563571,1,12431
tile_128,tile,128,2048,2048,3,1234,8,0,99,111784863,248144,99259219,2193979,602714466,220175235,1,12430
tile_128,tile,128,2048,2048,3,1234,9,0,99,111526409,246374,99030126,2185714,601318993,218770122,2,12428
tile_128,tile,128,2048,2048,3,1234,10,0,99,111787294,243349,99265337,2194607,602745798,221094734,1,12430
tile_128,tile,128,2048,2048,3,1234,11,0,100,110960368,246932,98489857,2175302,597961323,223546414,2,12430
tile_128,tile,128,2048,2048,3,1234,12,0,99,111547211,247552,99049996,2185882,601442227,223384474,1,12428
tile_128,tile,128,2048,2048,3,1234,13,0,99,111492751,242475,99000957,2186695,601145270,222734133,1,12429
tile_128,tile,128,2048,2048,3,1234,14,0,99,111527317,242975,99026443,2187622,601300665,218530462,2,12428
tile_128,tile,128,2048,2048,3,1234,15,0,99,111767405,238345,99245287,2191282,602625891,221072886,2,12430
tile_128,tile,128,2048,2048,3,1234,16,0,99,111700386,237530,99186183,2189090,602268024,219791201,2,12429
tile_128,tile,128,2048,2048,3,1234,17,0,99,111752989,234346,99232068,2190667,602546146,219827837,1,12426
tile_128,tile,128,2048,2048,3,1234,18,0,100,110957275,238461,98485338,2176524,597949988,217042863,1,12429
tile_128,tile,128,2048,2048,3,1234,19,0,99,111831096,234909,99302975,2192240,602975630,218314128,1,12428
tile_128,tile,128,2048,2048,3,1234,20,0,99,111514691,232703,99017199,2187116,601244843,225039723,3,12428
tile_128,tile,128,4096,4096,3,1234,1,0,99,443248348,974083,393673505,8663057,2390999131,885862128,2,49301
tile_128,tile,128,4096,4096,3,1234,2,0,99,442873469,938971,393353991,8664764,2388996588,892017785,5,49300
tile_128,tile,128,4096,4096,3,1234,3,0,100,442398770,963817,392894484,8652322,2386139614,891338654,3,49301
tile_128,tile,128,4096,4096,3,1234,4,0,99,443318786,947137,393749724,8671537,2391406242,884690175,3,49301
tile_128,tile,128,4096,4096,3,1234,5,0,99,442935855,946726,393414921,8663332,2389369934,875692486,2,49301
tile_128,tile,128,4096,4096,3,1234,6,0,99,443334476,949462,393765084,8672199,2391493198,888964724,3,49301
tile_128,tile,128,4096,4096,3,1234,7,0,99,443324391,961993,393756606,8665566,2391447114,887590166,2,49303
tile_128,tile,128,4096,4096,3,1234,8,0,99,443280986,949261,393717043,8667292,2391205844,883016941,2,49301
tile_128,tile,128,4096,4096,3,1234,9,0,99,443250189,949834,393834422,8662432,2391215651,899283756,3,49300
tile_128,tile,128,4096,4096,3,1234,10,0,99,443297331,947250,393735764,8670548,2391323072,875817843,4,49301
tile_128,tile,128,4096,4096,3,1234,11,0,99,443290011,985771,393724209,8664207,2391242101,884660649,5,49302
tile_128,tile,128,4096,4096,3,1234,12,0,99,443277413,947182,393714226,8665139,2391185321,882734396,2,49303
tile_128,tile,128,4096,4096,3,1234,13,0,99,443242265,959932,393682077,8676811,2390985385,879285861,4,49300
tile_128,tile,128,4096,4096,3,1234,14,0,99,443279820,970070,393715787,8667823,2391199208,894785793,3,49300
tile_128,tile,128,4096,4096,3,1234,15,0,99,443311749,953040,393744342,8668268,2391371768,883234699,2,49299
tile_128,tile,128,4096,4096,3,1234,16,0,99,443235858,945596,393677248,8666224,2390966445,879297875,2,49298
tile_128,tile,128,4096,4096,3,1234,17,0,99,443306426,957926,393737726,8665212,2391324985,901005469,3,49301
tile_128,tile,128,4096,4096,3,1234,18,0,99,443000875,944055,393463248,8666712,2389678498,888140861,4,49302
tile_128,tile,128,4096,4096,3,1234,19,0,99,443122620,947539,393572988,8661959,2390339050,897209074,5,49300
tile_128,tile,128,4096,4096,3,1234,20,0,99,443285581,943278,393719745,8674797,2391231255,880174432,4,49303
tile_128,tile,128,8192,8192,3,1234,1,0,99,1769487215,3908624,1571863534,34548224,9547480841,3562304918,8,196772
tile_128,tile,128,8192,8192,3,1234,2,0,99,1769834878,3980692,1572145238,34597038,9549293194,3548804638,12,196776
tile_128,tile,128,8192,8192,3,1234,3,0,99,1769880579,4019936,1572230056,34555606,9549719353,3523881933,8,196772
tile_128,tile,128,8192,8192,3,1234,4,0,99,1769966128,3962841,1572303959,34563592,9550142992,3563569951,11,196772
tile_128,tile,128,8192,8192,3,1234,5,0,99,1770034964,3930968,1572357151,34566220,9550477028,3596278208,6,196776
tile_128,tile,128,8192,8192,3,1234,6,0,99,1769522525,3994334,1571909904,34566802,9547759733,3541317355,11,196773
tile_128,tile,128,8192,8192,3,1234,7,0,99,1769641267,3919445,1571997644,34553746,9548290828,3579306050,8,196772
tile_128,tile,128,8192,8192,3,1234,8,0,99,1769505352,4022478,1571867444,34558227,9547457766,3532322214,8,196775
tile_128,tile,128,8192,8192,3,1234,9,0,99,1769973990,3937879,1572310993,34546382,9550200305,3556466199,6,196776
tile_128,tile,128,8192,8192,3,1234,10,0,99,1769707006,3966732,1572039932,34542290,9548679111,3527347935,6,196775
tile_128,tile,128,8192,8192,3,1234,11,0,99,1769969238,3926829,1572303600,34553644,9550153729,3573745891,9,196772
tile_128,tile,128,8192,8192,3,1234,12,0,99,1769890097,3926094,1572234836,34561076,9549722552,3567741894,8,196773
tile_128,tile,128,8192,8192,3,1234,13,0,99,1769569263,4013969,1571885870,34568898,9547708309,3563034849,6,196774
tile_128,tile,128,8192,8192,3,1234,14,0,99,1769649523,3938056,1571993286,34550883,9548424044,3530732507,5,196772
tile_128,tile,128,8192,8192,3,1234,15,0,99,1769547681,3947454,1571932581,34548638,9547897292,3547489222,7,196773
tile_128,tile,128,8192,8192,3,1234,16,0,99,1770315288,3968058,1572578908,34561650,9551975650,3531748550,9,196775
tile_128,tile,128,8192,8192,3,1234,17,0,99,1769562434,3942631,1571943715,34579714,9547998525,3546643423,8,196774
tile_128,tile,128,8192,8192,3,1234,18,0,99,1769964752,3968979,1572301328,34569285,9550141629,3553901218,8,196773
tile_128,tile,128,8192,8192,3,1234,19,0,99,1770299910,3970699,1572568261,34572594,9551915338,3558145623,7,196774
tile_128,tile,128,8192,8192,3,1234,20,0,99,1769963168,4046870,1572299790,34541234,9550114021,3545574768,6,196774
tile_128,tile,128,16384,16384,3,1234,1,0,99,7076774211,17963533,6287563564,138090020,38191713627,14078005124,24,786630
tile_128,tile,128,16384,16384,3,1234,2,0,99,7076664757,17923589,6287406023,138140219,38190721209,14177482822,27,786628
tile_128,tile,128,16384,16384,3,1234,3,0,99,7077191427,18044160,6287878354,138055318,38193489957,14105188890,27,786628
tile_128,tile,128,16384,16384,3,1234,4,0,99,7076943089,17904748,6287659815,138127344,38192219342,14058898949,32,786628
tile_128,tile,128,16384,16384,3,1234,5,0,99,7076968804,17934669,6287667006,138096491,38192300090,14251265461,26,786631
tile_128,tile,128,16384,16384,3,1234,6,0,99,7076878269,17926616,6287587384,138036485,38191861366,14234657742,32,786630
tile_128,tile,128,16384,16384,3,1234,7,0,99,7077132221,17964069,6287829256,138230190,38193274254,14069263161,27,786629
tile_128,tile,128,16384,16384,3,1234,8,0,99,7076821115,17967644,6287558761,138021558,38191650352,14088770680,22,786629
tile_128,tile,128,16384,16384,3,1234,9,0,99,7077160434,18015207,6287843951,138047875,38193342714,14166680752,27,786630
tile_128,tile,128,16384,16384,3,1234,10,0,99,7076554534,17800228,6287315743,138138491,38190238437,14039546394,28,786629
tile_128,tile,128,16384,16384,3,1234,11,0,99,7076147751,18124120,6286913677,138148994,38187656529,14069273172,29,786631
tile_128,tile,128,16384,16384,3,1234,12,0,99,7077000760,18011569,6287710635,138145926,38192531821,14057475602,30,786628
tile_128,tile,128,16384,16384,3,1234,13,0,99,7076539629,17860996,6287306528,138080865,38190168505,14034496191,25,786628
tile_128,tile,128,16384,16384,3,1234,14,0,99,7076612142,18166185,6287348170,138084987,38190439802,14221315410,25,786631
tile_128,tile,128,16384,16384,3,1234,15,0,99,7076682272,17866719,6287426612,138074721,38190865973,14052604318,29,786629
tile_128,tile,128,16384,16384,3,1234,16,0,99,7077048726,17944034,6287751198,138108824,38192803780,14058524939,24,786630
tile_128,tile,128,16384,16384,3,1234,17,0,99,7076760555,18188139,6287453989,138075536,38190936904,14272643392,27,786629
tile_128,tile,128,16384,16384,3,1234,18,0,99,7077000759,17892265,6287712898,138094623,38192628245,14065646052,24,786628
tile_128,tile,128,16384,16384,3,1234,19,0,99,7077044560,17929660,6287753279,138121009,38192832547,14080446714,23,786629
tile_128,tile,128,16384,16384,3,1234,20,0,99,7076942105,17910865,6287654000,138121442,38192221055,14078547768,29,786630
tile_256,tile,256,64,64,3,1234,1,0,59,696946,16307,549057,17283,3119941,2592714,1,143
tile_256,tile,256,64,64,3,1234,2,0,58,713463,16221,561446,17510,3193153,2548722,1,142
tile_256,tile,256,64,64,3,1234,3,0,48,849007,17703,668779,20717,3801770,2940929,1,142
tile_256,tile,256,64,64,3,1234,4,0,58,708065,15007,557296,17581,3171546,2467704,1,142
tile_256,tile,256,64,64,3,1234,5,0,58,727130,17143,569684,17685,3244291,2518304,1,142
tile_256,tile,256,64,64,3,1234,6,0,59,693816,16823,545868,17212,3104335,2595628,1,140
tile_256,tile,256,64,64,3,1234,7,0,57,722489,15602,568999,17831,3230831,2771833,1,143
tile_256,tile,256,64,64,3,1234,8,0,94,670715,16925,514724,17231,2913892,2571014,2,141
tile_256,tile,256,64,64,3,1234,9,0,58,705921,16776,555747,17555,3162250,2536197,1,142
tile_256,tile,256,64,64,3,1234,10,0,58,708476,14721,557840,17528,3168852,2495636,1,143
tile_256,tile,256,64,64,3,1234,11,0,58,711183,16068,559480,17813,3183567,2523857,1,142
tile_256,tile,256,64,64,3,1234,12,0,59,689287,16667,543362,17162,3086916,2430894,1,139
tile_256,tile,256,64,64,3,1234,13,0,72,719650,15338,556651,17292,3162025,2619281,1,143
tile_256,tile,256,64,64,3,1234,14,0,58,703514,14581,553909,17390,3148381,2547479,1,143
tile_256,tile,256,64,64,3,1234,15,0,57,717421,14805,565322,17538,3216263,2461695,1,141
tile_256,tile,256,64,64,3,1234,16,0,52,787714,16014,620184,19006,3523559,2680227,1,143
tile_256,tile,256,64,64,3,1234,17,0,100,652771,14314,498097,15787,2827091,2317882,1,143
tile_256,tile,256,64,64,3,1234,18,0,57,714763,14705,562785,16822,3196931,2321728,1,142
tile_256,tile,256,64,64,3,1234,19,0,100,650955,14593,496700,15411,2820816,2235847,1,143
tile_256,tile,256,64,64,3,1234,20,0,49,839548,17079,661527,17861,3759511,2774950,1,139
tile_256,tile,256,128,128,3,1234,1,0,66,1104988,13288,920114,22068,5394247,2880748,1,179
tile_256,tile,256,128,128,3,1234,2,0,65,1130898,13330,940076,25027,5516983,3061944,1,178
tile_256,tile,256,128,128,3,1234,3,0,62,1181501,14078,982900,26666,5766185,3287438,1,180
tile_256,tile,256,128,128,3,1234,4,0,96,993457,15253,801841,22130,4666765,3089577,2,179
tile_256,tile,256,128,128,3,1234,5,0,82,1061283,15156,864789,22810,5044787,2918355,1,180
tile_256,tile,256,128,128,3,1234,6,0,65,1122781,13149,934895,22611,5480327,2988587,1,179
tile_256,tile,256,128,128,3,1234,7,0,67,1098114,13227,913560,23846,5359996,2979429,1,179
tile_256,tile,256,128,128,3,1234,8,0,63,1171389,14275,973553,24049,5713927,3398354,1,178
tile_256,tile,256,128,128,3,1234,9,0,64,1138309,13646,946763,24747,5558515,2979133,1,178
tile_256,tile,256,128,128,3,1234,10,0,64,1138333,13380,947672,22704,5560429,2995207,1,178
tile_256,tile,256,128,128,3,1234,11,0,66,1109806,13648,923098,24871,5417704,3145200,1,180
tile_256,tile,256,128,128,3,1234,12,0,65,1132372,14002,940869,24485,5528306,3015495,1,177
tile_256,tile,256,128,128,3,1234,13,0,100,967543,14409,780195,20722,4535779,2716738,0,177
tile_256,tile,256,128,128,3,1234,14,0,100,971840,14480,783451,22107,4554329,2836780,1,179
tile_256,tile,256,128,128,3,1234,15,0,65,1114850,13580,928183,24170,5442774,2912585,1,178
tile_256,tile,256,128,128,3,1234,16,0,66,1114756,13604,927528,25472,5442501,2961842,1,179
tile_256,tile,256,128,128,3,1234,17,0,64,1133512,13420,943764,24647,5538461,3107530,1,176
tile_256,tile,256,128,128,3,1234,18,0,65,1134622,13889,944245,25194,5539883,3089433,1,180
tile_256,tile,256,128,128,3,1234,19,0,100,975546,15040,785733,21740,4570174,2895580,1,180
tile_256,tile,256,128,128,3,1234,20,0,72,1018551,12349,847346,22598,4971534,2660563,1,179
tile_256,tile,256,256,256,3,1234,1,0,80,2524350,14874,2192046,52252,13153598,5494883,1,328
tile_256,tile,256,256,256,3,1234,2,0,81,2504836,15961,2175246,52466,13047463,5574040,1,327
tile_256,tile,256,256,256,3,1234,3,0,81,2499425,15544,2169748,50463,13020197,5461655,1,328
tile_256,tile,256,256,256,3,1234,4,0,100,2279842,18277,1944796,47254,11606317,5559129,1,328
tile_256,tile,256,256,256,3,1234,5,0,81,2510195,15284,2179901,51607,13077587,5410024,1,327
tile_256,tile,256,256,256,3,1234,6,0,83,2438331,16422,2117822,50016,12704138,5396153,1,326
tile_256,tile,256,256,256,3,1234,7,0,100,2267297,18014,1934781,46513,11550035,5236404,1,323
tile_256,tile,256,256,256,3,1234,8,0,100,2276656,19702,1941365,47976,11590092,5423827,1,328
tile_256,tile,256,256,256,3,1234,9,0,81,2511250,16213,2181167,52193,13085557,5521540,1,323
tile_256,tile,256,256,256,3,1234,10,0,80,2520110,15785,2188875,51473,13131047,5587489,2,327
tile_256,tile,256,256,256,3,1234,11,0,100,2273887,19026,1939479,48063,11577220,5415164,1,328
tile_256,tile,256,256,256,3,1234,12,0,97,2307409,18811,1973301,47601,11774665,5441713,2,328
tile_256,tile,256,256,256,3,1234,13,0,81,2505619,15812,2175796,52349,13055987,5369589,1,326
tile_256,tile,256,256,256,3,1234,14,0,97,2320645,19334,1982850,49946,11846870,5536849,2,325
tile_256,tile,256,256,256,3,1234,15,0,80,2516212,15543,2184954,52055,13107505,5514034,1,328
tile_256,tile,256,256,256,3,1234,16,0,79,2552915,15788,2217490,52196,13302608,5572407,1,328
tile_256,tile,256,256,256,3,1234,17,0,100,2268282,17846,1936435,47805,11554566,5287937,1,327
tile_256,tile,256,256,256,3,1234,18,0,78,2596122,16882,2254102,53688,13523548,5694933,1,327
tile_256,tile,256,256,256,3,1234,19,0,85,2371436,14846,2059629,49227,12353329,5161650,1,329
tile_256,tile,256,256,256,3,1234,20,0,100,2276072,18868,1942234,48376,11589284,5351268,1,328
tile_256,tile,256,512,512,3,1234,1,0,93,7707867,28438,6810726,151734,41214646,15466542,1,903
tile_256,tile,256,512,512,3,1234,2,0,96,7600263,29397,6693392,151131,40466933,15098633,2,904
tile_256,tile,256,512,512,3,1234,3,0,97,7583460,31670,6672545,151409,40333085,15468098,2,905
tile_256,tile,256,512,512,3,1234,4,0,92,7765403,27568,6860872,156032,41521177,15227893,1,901
tile_256,tile,256,512,512,3,1234,5,0,93,7706247,27627,6808504,151999,41203092,15183855,2,904
tile_256,tile,256,512,512,3,1234,6,0,95,7576332,27561,6693666,149634,40509489,14714980,1,901
tile_256,tile,256,512,512,3,1234,7,0,93,7685525,26897,6789702,152389,41092855,15908531,1,901
tile_256,tile,256,512,512,3,1234,8,0,94,7657732,28290,6766186,151371,40946349,14782338,2,902
tile_256,tile,256,512,512,3,1234,9,0,91,7852886,27911,6938484,157086,41990670,15371749,1,904
tile_256,tile,256,512,512,3,1234,10,0,96,7637253,31496,6719949,149702,40619747,15136135,2,903
tile_256,tile,256,512,512,3,1234,11,0,93,7733254,28803,6832310,154664,41347385,15066466,1,905
tile_256,tile,256,512,512,3,1234,12,0,96,7638915,31032,6727177,151476,40669155,14955311,1,903
tile_256,tile,256,512,512,3,1234,13,0,92,7761794,27804,6857088,153987,41499416,15487824,1,903
tile_256,tile,256,512,512,3,1234,14,0,93,7728305,26467,6827297,155068,41314508,15076531,1,902
tile_256,tile,256,512,512,3,1234,15,0,92,7810908,28384,6900124,155230,41761064,15798609,1,904
tile_256,tile,256,512,512,3,1234,16,0,92,7752594,27433,6849745,154793,41452944,15205399,1,904
tile_256,tile,256,512,512,3,1234,17,0,92,7757291,27184,6853314,154270,41472551,15635038,1,903
tile_256,tile,256,512,512,3,1234,18,0,89,8003312,24883,7072175,160483,42801126,16318464,1,902
tile_256,tile,256,512,512,3,1234,19,0,93,7726558,30249,6821085,154375,41262233,15343432,1,905
tile_256,tile,256,512,512,3,1234,20,0,93,7707461,28818,6809699,153164,41210390,15596808,1,902
tile_256,tile,256,1024,1024,3,1234,1,0,97,28717455,64290,25499741,564502,154703562,55353880,1,3209
tile_256,tile,256,1024,1024,3,1234,2,0,99,28230358,70475,25034064,554682,151814852,55833245,2,3208
tile_256,tile,256,1024,1024,3,1234,3,0,98,28508320,64921,25298266,560132,153452538,55919207,3,3212
tile_256,tile,256,1024,1024,3,1234,4,0,97,28469509,65196,25278780,557762,153364664,55195995,1,3212
tile_256,tile,256,1024,1024,3,1234,5,0,100,28114741,67031,24925587,550623,151143789,55378905,0,3210
tile_256,tile,256,1024,1024,3,1234,6,0,99,28178575,68651,24985640,553527,151517038,54904047,2,3211
tile_256,tile,256,1024,1024,3,1234,7,0,97,28734591,64936,25515563,563357,154799761,56042303,1,3210
tile_256,tile,256,1024,1024,3,1234,8,0,97,28690896,59450,25477402,561693,154572258,58721274,1,3208
tile_256,tile,256,1024,1024,3,1234,9,0,99,28223447,68959,25026406,554546,151765201,56063856,3,3211
tile_256,tile,256,1024,1024,3,1234,10,0,100,28120133,68963,24929320,551722,151168376,56152658,1,3210
tile_256,tile,256,1024,1024,3,1234,11,0,100,28122552,67228,24929548,552367,151180204,55647713,1,3210
tile_256,tile,256,1024,1024,3,1234,12,0,97,28743939,64373,25521503,562463,154838491,56067781,1,3207
tile_256,tile,256,1024,1024,3,1234,13,0,97,28663894,63968,25452326,562018,154418608,56346983,1,3206
tile_256,tile,256,1024,1024,3,1234,14,0,96,28818529,69383,25588641,564709,155243031,55455195,1,3207
tile_256,tile,256,1024,1024,3,1234,15,0,96,28839560,64146,25609175,564648,155370820,56661021,2,3209
tile_256,tile,256,1024,1024,3,1234,16,0,97,28501732,62548,25310276,557841,153552585,54743758,1,3210
tile_256,tile,256,1024,1024,3,1234,17,0,96,28786754,56202,25559252,563186,155068003,56840948,1,3212
tile_256,tile,256,1024,1024,3,1234,18,0,99,28129633,64792,24937894,553983,151219772,59162943,3,3211
tile_256,tile,256,1024,1024,3,1234,19,0,100,28125129,70264,24931798,551522,151186673,55787532,0,3210
tile_256,tile,256,1024,1024,3,1234,20,0,97,28673348,55538,25460530,560682,154465221,56321026,1,3210
tile_256,tile,256,2048,2048,3,1234,1,0,99,111592979,224686,99216544,2174388,602339074,222704489,1,12431
tile_256,tile,256,2048,2048,3,1234,2,0,98,111709326,221436,99323186,2175505,602981006,217119705,1,12430
tile_256,tile,256,2048,2048,3,1234,3,0,98,111661393,212254,99280980,2174615,602725997,220045930,1,12429
tile_256,tile,256,2048,2048,3,1234,4,0,99,111079808,225047,98735535,2166391,599368121,219142274,4,12427
tile_256,tile,256,2048,2048,3,1234,5,0,99,111320877,218990,98977949,2167885,600887953,219623299,2,12430
tile_256,tile,256,2048,2048,3,1234,6,0,99,111419075,223883,99066114,2170940,601424393,220074867,1,12429
tile_256,tile,256,2048,2048,3,1234,7,0,99,111382783,227484,99032757,2170962,601220641,222403974,1,12427
tile_256,tile,256,2048,2048,3,1234,8,0,99,111359919,227600,98993160,2170312,600950553,218502358,2,12429
tile_256,tile,256,2048,2048,3,1234,9,0,99,111334880,221070,98990786,2169930,600965537,221199662,3,12429
tile_256,tile,256,2048,2048,3,1234,10,0,100,110792205,232724,98467282,2161423,597712318,218880882,1,12431
tile_256,tile,256,2048,2048,3,1234,11,0,99,111368587,219038,99018961,2172714,601135141,217117159,2,12431
tile_256,tile,256,2048,2048,3,1234,12,0,99,111610791,220104,99233824,2173633,602445233,218999163,1,12431
tile_256,tile,256,2048,2048,3,1234,13,0,99,111262031,225404,98928924,2168793,600588251,219715040,1,12430
tile_256,tile,256,2048,2048,3,1234,14,0,98,111703264,225808,99317105,2177770,602943193,219725560,1,12429
tile_256,tile,256,2048,2048,3,1234,15,0,99,111641380,217841,99265433,2172419,602632071,222657582,1,12429
tile_256,tile,256,2048,2048,3,1234,16,0,98,111730331,223349,99341023,2177290,603089893,218401237,2,12431
tile_256,tile,256,2048,2048,3,1234,17,0,99,111355766,219270,99002454,2170968,601045928,219680047,2,12432
tile_256,tile,256,2048,2048,3,1234,18,0,100,110766038,220546,98447629,2160492,597594839,216729243,1,12430
tile_256,tile,256,2048,2048,3,1234,19,0,99,110825814,228478,98500579,2160840,597914146,220004255,3,12430
tile_256,tile,256,2048,2048,3,1234,20,0,99,111358518,217529,99013248,2170649,601101547,220924158,1,12428
tile_256,tile,256,4096,4096,3,1234,1,0,100,441926266,909046,392948396,8591088,2386197761,895117908,1,49301
tile_256,tile,256,4096,4096,3,1234,2,0,99,442136024,950123,393221631,8591856,2387736300,874062729,1,49301
tile_256,tile,256,4096,4096,3,1234,3,0,100,441682438,887543,392769902,8588373,2384928711,886707018,4,49301
tile_256,tile,256,4096,4096,3,1234,4,0,99,442219414,887229,393291541,8595224,2388153065,883708082,3,49303
tile_256,tile,256,4096,4096,3,1234,5,0,99,442263692,883743,393324744,8602484,2388356783,889990682,4,49301
tile_256,tile,256,4096,4096,3,1234,6,0,99,442614181,883038,393642441,8599831,2390298156,878563016,2,49303
tile_256,tile,256,4096,4096,3,1234,7,0,99,442274480,880200,393340499,8593951,2388467061,880657442,1,49302
tile_256,tile,256,4096,4096,3,1234,8,0,99,442592586,882843,393623585,8599981,2390182083,882100782,2,49303
tile_256,tile,256,4096,4096,3,1234,9,0,99,442243717,894242,393308980,8598149,2388272258,881039350,4,49300
tile_256,tile,256,4096,4096,3,1234,10,0,99,442231368,867859,393299078,8594464,2388218043,881947983,4,49300
tile_256,tile,256,4096,4096,3,1234,11,0,99,442222785,883993,393295622,8595269,2388185844,876605002,1,49302
tile_256,tile,256,4096,4096,3,1234,12,0,99,442625558,880291,393649039,8601106,2390339475,877995151,3,49302
tile_256,tile,256,4096,4096,3,1234,13,0,99,442538944,867378,393575346,8598234,2389890296,875599071,2,49300
tile_256,tile,256,4096,4096,3,1234,14,0,99,442249483,881884,393316329,8597420,2388319970,883837231,2,49301
tile_256,tile,256,4096,4096,3,1234,15,0,99,442612427,873928,393639033,8602564,2390277790,879894478,4,49300
tile_256,tile,256,4096,4096,3,1234,16,0,99,442639384,882668,393661608,8608224,2390419134,875470717,2,49304
tile_256,tile,256,4096,4096,3,1234,17,0,99,442263157,871693,393334862,8598933,2388414515,871355891,3,49302
tile_256,tile,256,4096,4096,3,1234,18,0,99,442542127,888555,393579862,8609287,2389909848,881368768,2,49301
tile_256,tile,256,4096,4096,3,1234,19,0,99,442158928,870202,393238592,8590578,2387835960,883170928,3,49299
tile_256,tile,256,4096,4096,3,1234,20,0,99,442555105,886133,393592461,8601886,2389986469,884186353,3,49301
tile_256,tile,256,8192,8192,3,1234,1,0,100,1766005085,3635855,1570796015,34287452,9539079638,3546178549,5,196776
tile_256,tile,256,8192,8192,3,1234,2,0,99,1766989115,3698626,1571732597,34305346,9544836614,3529599517,10,196773
tile_256,tile,256,8192,8192,3,1234,3,0,99,1767098467,3638610,1571826207,34292932,9545385542,3531013886,4,196773
tile_256,tile,256,8192,8192,3,1234,4,0,99,1766976458,3659811,1571719382,34301053,9544749380,3515418187,8,196771
tile_256,tile,256,8192,8192,3,1234,5,0,99,1766730971,3637760,1571492243,34295653,9543375175,3538162013,7,196773
tile_256,tile,256,8192,8192,3,1234,6,0,99,1767112534,3714159,1571839993,34307816,9545476404,3496629651,9,196771
tile_256,tile,256,8192,8192,3,1234,7,0,100,1766059491,3682873,1570863569,34280504,9539475147,3494281680,7,196775
tile_256,tile,256,8192,8192,3,1234,8,0,99,1766591425,3638351,1571378109,34271079,9542684298,3519378927,9,196774
tile_256,tile,256,8192,8192,3,1234,9,0,99,1767071009,3636666,1571802859,34307747,9545273241,3519397462,7,196774
tile_256,tile,256,8192,8192,3,1234,10,0,99,1766628412,3648466,1571405182,34285550,9542834503,3490002713,13,196774
tile_256,tile,256,8192,8192,3,1234,11,0,100,1766020865,3604972,1570829396,34289953,9539296578,3518360789,4,196773
tile_256,tile,256,8192,8192,3,1234,12,0,99,1766943948,3646173,1571690625,34344883,9544575180,3523000302,9,196773
tile_256,tile,256,8192,8192,3,1234,13,0,99,1767037466,3674807,1571770914,34316443,9545041017,3504597841,4,196772
tile_256,tile,256,8192,8192,3,1234,14,0,99,1767029465,3599219,1571755168,34298969,9544967175,3569488888,9,196774
tile_256,tile,256,8192,8192,3,1234,15,0,99,1766593232,3721649,1571373829,34314277,9542662927,3533768847,9,196775
tile_256,tile,256,8192,8192,3,1234,16,0,99,1766824211,3664472,1571570773,34307391,9543850534,3517157935,12,196773
tile_256,tile,256,8192,8192,3,1234,17,0,99,1766863554,3670071,1571621608,34286361,9544184556,3507550468,6,196770
tile_256,tile,256,8192,8192,3,1234,18,0,99,1767060281,3627742,1571790869,34327386,9545190340,3510885436,10,196775
tile_256,tile,256,8192,8192,3,1234,19,0,100,1766030310,3640384,1570836608,34277998,9539330469,3521582257,5,196775
tile_256,tile,256,8192,8192,3,1234,20,0,99,1766993629,3687214,1571733737,34279291,9544849845,3521314741,8,196775
tile_256,tile,256,16384,16384,3,1234,1,0,99,7065483563,15901687,6285770344,137108955,38173456242,14058930086,26,786630
tile_256,tile,256,16384,16384,3,1234,2,0,99,7065502321,16461371,6285735637,137024731,38173213337,14100203745,26,786629
tile_256,tile,256,16384,16384,3,1234,3,0,99,7065043511,15819734,6285327366,137065192,38170710281,14051833014,26,786632
tile_256,tile,256,16384,16384,3,1234,4,0,99,7065085399,15867240,6285371995,137156555,38171047055,14051477589,20,786630
tile_256,tile,256,16384,16384,3,1234,5,0,99,7064922459,15893214,6285218737,137057968,38170095478,14073347507,25,786630
tile_256,tile,256,16384,16384,3,1234,6,0,99,7065403431,15775368,6285653869,137146448,38172693056,14019364549,28,786630
tile_256,tile,256,16384,16384,3,1234,7,0,99,7065391594,15982931,6285629839,137071861,38172570866,14134850006,28,786630
tile_256,tile,256,16384,16384,3,1234,8,0,99,7065449799,16067622,6285679300,137016684,38172927697,14182111155,23,786630
tile_256,tile,256,16384,16384,3,1234,9,0,99,7065448736,15854571,6285676915,137130406,38172877228,14070164994,23,786629
tile_256,tile,256,16384,16384,3,1234,10,0,99,7065344282,15895022,6285574123,137070865,38172240346,14197687146,23,786630
tile_256,tile,256,16384,16384,3,1234,11,0,99,7065592539,15926941,6285803869,137101456,38173584259,14070008369,26,786630
tile_256,tile,256,16384,16384,3,1234,12,0,99,7065368437,16235138,6285600048,137095587,38172452881,14143342236,26,786630
tile_256,tile,256,16384,16384,3,1234,13,0,99,7064973271,16295243,6285229044,137047369,38170125885,14094871019,28,786628
tile_256,tile,256,16384,16384,3,1234,14,0,99,7065439114,15830074,6285674461,137046309,38172862340,14037486627,22,786628
tile_256,tile,256,16384,16384,3,1234,15,0,99,7065519343,15842336,6285737728,137025403,38173264610,14074393440,28,786632
tile_256,tile,256,16384,16384,3,1234,16,0,99,7065051102,15897865,6285311420,137137456,38170656670,14184748413,23,786631
tile_256,tile,256,16384,16384,3,1234,17,0,99,7065051904,16177045,6285316156,137200819,38170683277,14059024172,26,786629
tile_256,tile,256,16384,16384,3,1234,18,0,99,7065577756,15994364,6285769569,137057929,38173417065,14227144109,24,786631
tile_256,tile,256,16384,16384,3,1234,19,0,99,7065146749,16048514,6285402009,137059042,38171200206,14090790171,20,786629
tile_256,tile,256,16384,16384,3,1234,20,0,99,7065331470,15806725,6285568583,137009600,38172213708,14095105792,22,786629
tile_512,tile,512,64,64,3,1234,1,0,50,802690,18739,635117,20294,3599927,2805943,1,143
tile_512,tile,512,64,64,3,1234,2,0,52,783641,18385,616945,19461,3509434,2703352,1,140
tile_512,tile,512,64,64,3,1234,3,0,53,769680,18444,606319,18865,3443676,2654807,1,144
tile_512,tile,512,64,64,3,1234,4,0,64,736355,18184,577435,18595,3264663,3234082,2,143
tile_512,tile,512,64,64,3,1234,5,0,95,665595,15578,509991,16987,2889896,2572223,2,142
tile_512,tile,512,64,64,3,1234,6,0,58,707243,17119,557074,17631,3168522,2455361,1,140
tile_512,tile,512,64,64,3,1234,7,0,48,843826,17444,664464,20753,3779829,2859767,1,142
tile_512,tile,512,64,64,3,1234,8,0,56,724740,17472,571189,17998,3244382,2555933,1,141
tile_512,tile,512,64,64,3,1234,9,0,57,719167,17440,566586,17964,3217719,2494859,1,144
tile_512,tile,512,64,64,3,1234,10,0,100,643522,16368,491334,14654,2789423,2307081,0,140
tile_512,tile,512,64,64,3,1234,11,0,58,711243,16267,559688,17478,3183439,2494911,1,144
tile_512,tile,512,64,64,3,1234,12,0,59,699422,15129,551088,17265,3130168,2485007,1,140
tile_512,tile,512,64,64,3,1234,13,0,100,647997,15687,494982,16092,2809733,2298180,1,141
tile_512,tile,512,64,64,3,1234,14,0,57,715501,14796,563592,17195,3199953,2388814,1,143
tile_512,tile,512,64,64,3,1234,15,0,91,674701,15034,517708,15546,2929030,2348681,2,140
tile_512,tile,512,64,64,3,1234,16,0,100,652238,14311,497977,14763,2825378,2281546,1,144
tile_512,tile,512,64,64,3,1234,17,0,57,723466,14452,570130,16922,3236622,2406014,1,144
tile_512,tile,512,64,64,3,1234,18,0,79,699294,15498,538456,15821,3057244,2374790,2,141
tile_512,tile,512,64,64,3,1234,19,0,57,724441,14611,570158,16931,3239327,2481764,1,144
tile_512,tile,512,64,64,3,1234,20,0,100,648259,14079,495058,14171,2810949,2164971,1,140
tile_512,tile,512,128,128,3,1234,1,0,58,1251329,14648,1041309,25392,6105911,3286326,1,178
tile_512,tile,512,128,128,3,1234,2,0,65,1124413,13343,935646,23345,5490134,2993082,1,179
tile_512,tile,512,128,128,3,1234,3,0,58,1253656,14964,1043781,25381,6120889,3268031,1,176
tile_512,tile,512,128,128,3,1234,4,0,100,971095,14400,782607,18526,4552126,2802952,0,179
tile_512,tile,512,128,128,3,1234,5,0,64,1135652,13348,945334,23529,5543249,2949150,1,180
tile_512,tile,512,128,128,3,1234,6,0,66,1112494,13774,925954,23321,5434874,2886330,1,175
tile_512,tile,512,128,128,3,1234,7,0,66,1112776,13146,926672,22818,5432213,2929982,1,179
tile_512,tile,512,128,128,3,1234,8,0,72,1138572,14953,933972,23312,5458130,3142726,2,177
tile_512,tile,512,128,128,3,1234,9,0,81,1069088,15416,871216,23351,5082895,3061570,2,179
tile_512,tile,512,128,128,3,1234,10,0,67,1095520,13444,910880,25214,5348091,3046593,1,181
tile_512,tile,512,128,128,3,1234,11,0,63,1159214,14589,965230,25422,5660504,3369418,1,177
tile_512,tile,512,128,128,3,1234,12,0,65,1131537,13819,941645,25341,5525804,3035499,1,177
tile_512,tile,512,128,128,3,1234,13,0,67,1107633,13703,919792,23642,5395708,3049476,1,179
tile_512,tile,512,128,128,3,1234,14,0,75,1114704,14914,913351,24152,5336426,3093765,1,176
tile_512,tile,512,128,128,3,1234,15,0,58,1247961,14623,1039628,25995,6095235,3250586,1,177
tile_512,tile,512,128,128,3,1234,16,0,66,1114243,13331,926290,25210,5435452,3011616,1,179
tile_512,tile,512,128,128,3,1234,17,0,88,1032097,15215,835237,23060,4869032,2960491,2,176
tile_512,tile,512,128,128,3,1234,18,0,65,1123020,13469,934468,24653,5482194,2963549,1,179
tile_512,tile,512,128,128,3,1234,19,0,67,1097811,13061,913628,23865,5359791,2997137,1,178
tile_512,tile,512,128,128,3,1234,20,0,69,1051887,12632,876058,21080,5136895,2685707,1,179
tile_512,tile,512,256,256,3,1234,1,0,100,2272614,17877,1938967,48526,11574496,5495375,1,325
tile_512,tile,512,256,256,3,1234,2,0,81,2500986,15946,2171239,51061,13025645,5437273,1,326
tile_512,tile,512,256,256,3,1234,3,0,76,2661029,15826,2310181,54359,13863310,5756898,1,327
tile_512,tile,512,256,256,3,1234,4,0,95,2350805,18632,2012870,48173,12011278,5714430,2,325
tile_512,tile,512,256,256,3,1234,5,0,81,2529707,16272,2192145,52275,13154077,5583321,2,327
tile_512,tile,512,256,256,3,1234,6,0,81,2515298,16340,2184083,50869,13100768,5424212,1,329
tile_512,tile,512,256,256,3,1234,7,0,78,2581308,15102,2241033,52387,13448813,5616387,1,328
tile_512,tile,512,256,256,3,1234,8,0,80,2525929,15483,2193009,52033,13157009,5441292,1,328
tile_512,tile,512,256,256,3,1234,9,0,84,2471215,15831,2141418,51175,12824767,5564735,2,328
tile_512,tile,512,256,256,3,1234,10,0,100,2271982,17951,1938860,46822,11570298,5244336,0,327
tile_512,tile,512,256,256,3,1234,11,0,81,2500761,15299,2167889,51367,13013226,5451511,2,325
tile_512,tile,512,256,256,3,1234,12,0,80,2541739,14766,2207099,51651,13243821,5468889,1,328
tile_512,tile,512,256,256,3,1234,13,0,81,2511509,14606,2180410,51275,13085774,5483993,1,325
tile_512,tile,512,256,256,3,1234,14,0,81,2497917,15599,2169292,51345,13013014,5433227,1,327
tile_512,tile,512,256,256,3,1234,15,0,81,2499399,15689,2170176,51908,13025054,5557379,1,324
tile_512,tile,512,256,256,3,1234,16,0,90,2420860,17674,2078899,49611,12433513,5683573,2,325
tile_512,tile,512,256,256,3,1234,17,0,89,2410204,17337,2073090,48092,12398561,5510527,1,326
tile_512,tile,512,256,256,3,1234,18,0,80,2511971,15902,2181839,51866,13091147,5491396,1,325
tile_512,tile,512,256,256,3,1234,19,0,81,2506700,14940,2174487,51928,13046602,5640954,1,328
tile_512,tile,512,256,256,3,1234,20,0,100,2271683,19346,1937709,46997,11569650,5471938,1,324
tile_512,tile,512,512,512,3,1234,1,0,97,7561283,33002,6654231,149549,40212967,15187570,2,904
tile_512,tile,512,512,512,3,1234,2,0,93,7720768,30383,6824933,153162,41302217,15338690,1,902
tile_512,tile,512,512,512,3,1234,3,0,92,7749407,31014,6851142,152195,41454881,15542469,1,904
tile_512,tile,512,512,512,3,1234,4,0,93,7733163,29345,6836802,152349,41371069,15274463,1,903
tile_512,tile,512,512,512,3,1234,5,0,93,7711826,28023,6817746,152986,41253506,15925111,1,904
tile_512,tile,512,512,512,3,1234,6,0,94,7606817,31393,6725753,151725,40696646,15156459,1,902
tile_512,tile,512,512,512,3,1234,7,0,93,7734284,32911,6835969,154128,41347581,15589989,2,904
tile_512,tile,512,512,512,3,1234,8,0,92,7786048,31699,6882034,155539,41644006,15807188,3,905
tile_512,tile,512,512,512,3,1234,9,0,96,7623537,33626,6716064,151786,40600247,15612286,2,904
tile_512,tile,512,512,512,3,1234,10,0,100,7438969,33894,6538297,148880,39492119,15323889,1,903
tile_512,tile,512,512,512,3,1234,11,0,93,7736202,30921,6839501,153824,41390931,15694732,1,900
tile_512,tile,512,512,512,3,1234,12,0,94,7620165,30595,6736824,150992,40765617,15017663,1,902
tile_512,tile,512,512,512,3,1234,13,0,93,7726689,30484,6830259,154775,41333850,15543624,1,902
tile_512,tile,512,512,512,3,1234,14,0,93,7717638,28059,6821699,152599,41279268,15567784,1,903
tile_512,tile,512,512,512,3,1234,15,0,93,7745427,30421,6846761,153745,41430554,15686290,2,906
tile_512,tile,512,512,512,3,1234,16,0,93,7733101,31353,6834864,153472,41358129,15501980,1,904
tile_512,tile,512,512,512,3,1234,17,0,92,7788582,31277,6883747,154701,41657134,15571998,1,905
tile_512,tile,512,512,512,3,1234,18,0,98,7527748,34147,6621832,151733,40000716,15559579,3,904
tile_512,tile,512,512,512,3,1234,19,0,93,7746606,28605,6847013,154991,41430927,15917726,1,903
tile_512,tile,512,512,512,3,1234,20,0,100,7440185,35239,6538503,149256,39499280,15472991,1,904
tile_512,tile,512,1024,1024,3,1234,1,0,96,28732014,64211,25527978,563309,154861203,56353177,1,3209
tile_512,tile,512,1024,1024,3,1234,2,0,96,28761781,72279,25552909,562378,155016448,57031622,1,3209
tile_512,tile,512,1024,1024,3,1234,3,0,97,28685773,67994,25488073,561032,154618207,55943816,1,3209
tile_512,tile,512,1024,1024,3,1234,4,0,97,28686438,67067,25487104,559875,154617848,56417906,1,3209
tile_512,tile,512,1024,1024,3,1234,5,0,97,28619535,61422,25428759,561807,154256721,60794690,1,3210
tile_512,tile,512,1024,1024,3,1234,6,0,97,28607235,69179,25410032,560854,154117126,56606442,2,3207
tile_512,tile,512,1024,1024,3,1234,7,0,98,28421501,70098,25226870,557077,152985820,55278952,2,3209
tile_512,tile,512,1024,1024,3,1234,8,0,97,28675074,70174,25477325,561386,154554172,55937051,1,3209
tile_512,tile,512,1024,1024,3,1234,9,0,97,28701594,71850,25502063,559928,154705098,55443880,1,3209
tile_512,tile,512,1024,1024,3,1234,10,0,97,28654765,66421,25459714,561948,154445046,55811932,1,3209
tile_512,tile,512,1024,1024,3,1234,11,0,97,28694920,68230,25493647,561554,154657646,58861613,1,3208
tile_512,tile,512,1024,1024,3,1234,12,0,96,28755077,69016,25546644,563629,154975010,57677135,2,3209
tile_512,tile,512,1024,1024,3,1234,13,0,97,28669364,65866,25470907,560199,154516571,55673841,2,3210
tile_512,tile,512,1024,1024,3,1234,14,0,96,28747903,65744,25540360,561689,154938444,57003856,2,3212
tile_512,tile,512,1024,1024,3,1234,15,0,97,28637441,70555,25445162,560803,154355320,55443868,1,3213
tile_512,tile,512,1024,1024,3,1234,16,0,97,28577411,72708,25383106,559369,153970264,55810739,1,3209
tile_512,tile,512,1024,1024,3,1234,17,0,98,28417784,66811,25250179,556360,153177260,55300724,1,3209
tile_512,tile,512,1024,1024,3,1234,18,0,96,28734182,63836,25527687,561120,154868035,57668405,1,3210
tile_512,tile,512,1024,1024,3,1234,19,0,97,28662235,68965,25467293,560137,154492083,55544818,1,3210
tile_512,tile,512,1024,1024,3,1234,20,0,97,28614583,66608,25423295,559717,154229518,57096236,1,3212
tile_512,tile,512,2048,2048,3,1234,1,0,99,111553631,215285,99247836,2170726,602466307,223153241,1,12430
tile_512,tile,512,2048,2048,3,1234,2,0,99,111562523,216945,99255984,2169651,602520439,220247942,1,12428
tile_512,tile,512,2048,2048,3,1234,3,0,99,111227336,221432,98951750,2163383,600678136,218959725,3,12431
tile_512,tile,512,2048,2048,3,1234,4,0,100,110689476,224333,98440415,2151523,597491689,220718256,2,12428
tile_512,tile,512,2048,2048,3,1234,5,0,99,111521346,229160,99220583,2168975,602304086,220034136,1,12431
tile_512,tile,512,2048,2048,3,1234,6,0,99,111547552,233220,99243465,2168721,602439989,219493404,1,12429
tile_512,tile,512,2048,2048,3,1234,7,0,99,111309972,224727,99019658,2163696,601073977,219605042,2,12427
tile_512,tile,512,2048,2048,3,1234,8,0,99,111571276,228083,99262317,2167523,602566993,221931599,1,12426
tile_512,tile,512,2048,2048,3,1234,9,0,99,111404851,221977,99118622,2165906,601683625,222004995,2,12428
tile_512,tile,512,2048,2048,3,1234,10,0,99,111241416,218757,98966674,2162626,600762689,220145524,3,12428
tile_512,tile,512,2048,2048,3,1234,11,0,99,111478790,216894,99183952,2165599,602080624,224067669,1,12426
tile_512,tile,512,2048,2048,3,1234,12,0,100,110695637,235682,98445407,2151630,597524276,219768289,1,12430
tile_512,tile,512,2048,2048,3,1234,13,0,99,111508498,223390,99209880,2168722,602235449,220598665,1,12432
tile_512,tile,512,2048,2048,3,1234,14,0,99,111323358,225551,99045042,2165044,601233940,219606774,1,12432
tile_512,tile,512,2048,2048,3,1234,15,0,99,111283437,221008,99005554,2164691,601002409,218856048,4,12430
tile_512,tile,512,2048,2048,3,1234,16,0,99,111525579,225508,99223528,2169010,602318570,224419809,1,12430
tile_512,tile,512,2048,2048,3,1234,17,0,98,111582546,218724,99276864,2168690,602642506,220930993,1,12428
tile_512,tile,512,2048,2048,3,1234,18,0,99,111551793,225032,99248110,2169654,602472881,224425861,1,12429
tile_512,tile,512,2048,2048,3,1234,19,0,100,110692165,229493,98443446,2155812,597506286,221925078,2,12430
tile_512,tile,512,2048,2048,3,1234,20,0,99,111492885,230628,99193864,2167912,602146736,221197280,1,12432
tile_512,tile,512,4096,4096,3,1234,1,0,99,441987180,912431,393327574,8565156,2388206308,886862033,1,49301
tile_512,tile,512,4096,4096,3,1234,2,0,99,442152560,880813,393486956,8571182,2389106414,888352357,4,49302
tile_512,tile,512,4096,4096,3,1234,3,0,100,441323951,902774,392710205,8559988,2384319704,881685029,1,49298
tile_512,tile,512,4096,4096,3,1234,4,0,99,442297449,885858,393581616,8568560,2389848843,894013742,3,49298
tile_512,tile,512,4096,4096,3,1234,5,0,99,442214139,881715,393540291,8564484,2389444847,883823920,1,49300
tile_512,tile,512,4096,4096,3,1234,6,0,99,442212761,891916,393540260,8572050,2389444402,882644355,2,49302
tile_512,tile,512,4096,4096,3,1234,7,0,99,442200375,870400,393528972,8567812,2389381803,878496928,3,49298
tile_512,tile,512,4096,4096,3,1234,8,0,99,442213278,905116,393539224,8574484,2389434960,878204760,3,49300
tile_512,tile,512,4096,4096,3,1234,9,0,99,442147297,872384,393478910,8570461,2389078357,889782782,4,49304
tile_512,tile,512,4096,4096,3,1234,10,0,99,441889207,877454,393242787,8569434,2387649214,886045196,3,49302
tile_512,tile,512,4096,4096,3,1234,11,0,99,441850746,880779,393215165,8568198,2387477040,890707325,3,49301
tile_512,tile,512,4096,4096,3,1234,12,0,99,442247910,892356,393568995,8575494,2389618286,889922079,2,49303
tile_512,tile,512,4096,4096,3,1234,13,0,99,442180461,874522,393512360,8564371,2389278287,885105673,2,49301
tile_512,tile,512,4096,4096,3,1234,14,0,99,442235369,873696,393557277,8570707,2389553477,888472142,2,49301
tile_512,tile,512,4096,4096,3,1234,15,0,99,442436716,876829,393703055,8572151,2390585681,896411647,2,49303
tile_512,tile,512,4096,4096,3,1234,16,0,99,441772750,889082,393120860,8561631,2386878144,885340625,3,49301
tile_512,tile,512,4096,4096,3,1234,17,0,99,441907975,874489,393266268,8566036,2387786652,892950488,5,49300
tile_512,tile,512,4096,4096,3,1234,18,0,99,442229037,888903,393555264,8574752,2389538863,883990512,2,49303
tile_512,tile,512,4096,4096,3,1234,19,0,99,442248799,892093,393569189,8569202,2389630996,896635586,2,49300
tile_512,tile,512,4096,4096,3,1234,20,0,99,441954157,895291,393305648,8561417,2388024183,889329329,2,49303
tile_512,tile,512,8192,8192,3,1234,1,0,99,1765403855,3670816,1571315797,34163681,9541402081,3567429776,7,196772
tile_512,tile,512,8192,8192,3,1234,2,0,99,1765627818,3596090,1571534619,34180830,9542709428,3558012255,6,196775
tile_512,tile,512,8192,8192,3,1234,3,0,99,1765230263,3613816,1571185144,34170946,9540629848,3531780299,6,196774
tile_512,tile,512,8192,8192,3,1234,4,0,99,1765567541,3583086,1571480340,34161234,9542420754,3552286091,8,196774
tile_512,tile,512,8192,8192,3,1234,5,0,99,1765782076,3629250,1571669806,34212818,9543555427,3569034584,9,196770
tile_512,tile,512,8192,8192,3,1234,6,0,99,1765256427,3618582,1571206741,34177713,9540761908,3551622086,7,196776
tile_512,tile,512,8192,8192,3,1234,7,0,99,1765400379,3631953,1571334588,34155142,9541518605,3563742242,8,196771
tile_512,tile,512,8192,8192,3,1234,8,0,99,1765153252,3753031,1571118031,34171512,9540195826,3528947665,5,196772
tile_512,tile,512,8192,8192,3,1234,9,0,99,1765172537,3590301,1571123866,34155252,9540265514,3541686551,12,196772
tile_512,tile,512,8192,8192,3,1234,10,0,99,1765296606,3631808,1571238552,34157588,9540925784,3581290676,7,196772
tile_512,tile,512,8192,8192,3,1234,11,0,99,1765440913,3636853,1571372621,34178949,9541737802,3529454248,6,196773
tile_512,tile,512,8192,8192,3,1234,12,0,100,1764681207,3615549,1570652157,34188506,9537278798,3555198587,6,196771
tile_512,tile,512,8192,8192,3,1234,13,0,99,1765478479,3610594,1571399761,34164272,9541911284,3577262278,8,196775
tile_512,tile,512,8192,8192,3,1234,14,0,99,1765713929,3705509,1571611711,34198504,9543201808,3553736842,6,196775
tile_512,tile,512,8192,8192,3,1234,15,0,99,1765649032,3646872,1571554171,34187859,9542841211,3541474135,8,196772
tile_512,tile,512,8192,8192,3,1234,16,0,99,1765185169,3712322,1571142334,34184443,9540339811,3522114637,5,196773
tile_512,tile,512,8192,8192,3,1234,17,0,99,1765592459,3664512,1571506091,34176365,9542552686,3538914230,9,196774
tile_512,tile,512,8192,8192,3,1234,18,0,99,1765191766,3689714,1571149794,34170904,9540385291,3544419155,7,196774
tile_512,tile,512,8192,8192,3,1234,19,0,99,1765193686,3665661,1571149557,34176943,9540388340,3545454781,7,196772
tile_512,tile,512,8192,8192,3,1234,20,0,99,1765606694,3619372,1571511998,34222433,9542576059,3572995956,8,196771
tile_512,tile,512,16384,16384,3,1234,1,0,99,7059787629,16292240,6284791726,136518551,38163808851,14125810709,25,786630
tile_512,tile,512,16384,16384,3,1234,2,0,100,7058823971,15929166,6283835327,136532721,38157879634,14105878265,29,786632
tile_512,tile,512,16384,16384,3,1234,3,0,99,7059384854,15836183,6284377998,136534400,38161248721,14114577146,26,786629
tile_512,tile,512,16384,16384,3,1234,4,0,99,7059717718,15975661,6284672915,136536948,38163056557,14102009808,24,786627
tile_512,tile,512,16384,16384,3,1234,5,0,100,7058791458,16302748,6283814054,136510482,38157775722,14120714483,26,786627
tile_512,tile,512,16384,16384,3,1234,6,0,99,7059309026,15859239,6284299976,136529973,38160831517,14237910680,24,786630
tile_512,tile,512,16384,16384,3,1234,7,0,99,7059641500,16140244,6284607296,136594708,38162684035,14060563754,23,786628
tile_512,tile,512,16384,16384,3,1234,8,0,99,7059585467,15856022,6284546150,136502571,38162230158,14086528680,28,786630
tile_512,tile,512,16384,16384,3,1234,9,0,99,7059642546,16072433,6284595418,136567079,38162686976,14211461687,26,786630
tile_512,tile,512,16384,16384,3,1234,10,0,99,7059146401,16052855,6284154431,136530232,38160060049,14198744729,28,786631
tile_512,tile,512,16384,16384,3,1234,11,0,99,7059608519,15837863,6284572940,136552722,38162533868,14147446546,25,786628
tile_512,tile,512,16384,16384,3,1234,12,0,99,7059648368,16662591,6284614462,136590899,38162814732,14092413774,23,786630
tile_512,tile,512,16384,16384,3,1234,13,0,99,7059647506,15908954,6284605346,136563421,38162717163,14138136402,27,786631
tile_512,tile,512,16384,16384,3,1234,14,0,99,7059655533,16301206,6284601539,136550184,38162702454,14223837385,27,786630
tile_512,tile,512,16384,16384,3,1234,15,0,100,7058602140,15850302,6283637915,136582574,38156830466,14116290374,26,786628
tile_512,tile,512,16384,16384,3,1234,16,0,99,7059284313,16355210,6284261758,136522682,38160587464,14138064592,29,786629
tile_512,tile,512,16384,16384,3,1234,17,0,99,7059447800,15670098,6284434693,136548412,38161812332,14112821100,26,786629
tile_512,tile,512,16384,16384,3,1234,18,0,99,7059469919,16226626,6284452651,136521253,38161744481,14086492709,24,786630
tile_512,tile,512,16384,16384,3,1234,19,0,99,7059324597,16437231,6284330590,136500602,38161067357,14087446131,28,786631
tile_512,tile,512,16384,16384,3,1234,20,0,99,7059293504,16004709,6284292712,136525459,38160833113,14231530861,22,786629
tile_1024,tile,1024,64,64,3,1234,1,0,64,636401,15290,501209,15585,2850537,2289994,1,141
tile_1024,tile,1024,64,64,3,1234,2,0,100,646274,14515,494018,16115,2799614,2542485,1,140
tile_1024,tile,1024,64,64,3,1234,3,0,59,689523,16833,543026,16865,3087147,2556274,1,142
tile_1024,tile,1024,64,64,3,1234,4,0,57,721351,15174,568190,16903,3228704,2399305,1,140
tile_1024,tile,1024,64,64,3,1234,5,0,55,747166,16643,588089,18489,3343984,2662130,2,143
tile_1024,tile,1024,64,64,3,1234,6,0,57,719890,16470,566740,17805,3220297,2569398,1,142
tile_1024,tile,1024,64,64,3,1234,7,0,59,693912,16983,546566,17253,3106891,2604181,1,144
tile_1024,tile,1024,64,64,3,1234,8,0,48,855976,19460,674471,21279,3831720,2960410,1,141
tile_1024,tile,1024,64,64,3,1234,9,0,58,705359,15923,555921,17398,3157342,2510004,1,142
tile_1024,tile,1024,64,64,3,1234,10,0,86,710574,17493,546109,18278,3090012,2761517,2,142
tile_1024,tile,1024,64,64,3,1234,11,0,58,704932,16597,555551,17298,3154791,2624587,1,143
tile_1024,tile,1024,64,64,3,1234,12,0,59,708090,15818,555855,17471,3171275,2496587,1,141
tile_1024,tile,1024,64,64,3,1234,13,0,56,732206,17527,576771,17982,3276422,2601618,1,144
tile_1024,tile,1024,64,64,3,1234,14,0,59,702212,14781,552713,17431,3142279,2638177,1,144
tile_1024,tile,1024,64,64,3,1234,15,0,100,647603,15699,495077,16194,2807331,2362144,1,142
tile_1024,tile,1024,64,64,3,1234,16,0,58,704459,15039,554625,17433,3154842,2379961,1,141
tile_1024,tile,1024,64,64,3,1234,17,0,48,856798,17116,674487,19744,3835625,2711447,1,143
tile_1024,tile,1024,64,64,3,1234,18,0,56,732525,14490,577232,15137,3277905,2369926,1,141
tile_1024,tile,1024,64,64,3,1234,19,0,55,745431,15306,586857,14687,3339138,2522278,1,139
tile_1024,tile,1024,64,64,3,1234,20,0,83,708912,15381,542580,13393,3079476,2515927,2,144
tile_1024,tile,1024,128,128,3,1234,1,0,100,976028,14503,786106,20457,4571131,2901572,1,179
tile_1024,tile,1024,128,128,3,1234,2,0,65,1126473,13210,937808,22096,5503072,2869614,1,178
tile_1024,tile,1024,128,128,3,1234,3,0,65,1123365,13387,935395,23774,5483506,2953340,1,178
tile_1024,tile,1024,128,128,3,1234,4,0,64,1140985,13639,949506,22415,5571921,2941810,1,176
tile_1024,tile,1024,128,128,3,1234,5,0,100,975058,15112,785247,22038,4569599,2952820,1,180
tile_1024,tile,1024,128,128,3,1234,6,0,63,1168057,13536,972109,23175,5702433,2974996,2,180
tile_1024,tile,1024,128,128,3,1234,7,0,65,1121249,13899,933566,23231,5472515,2921363,1,179
tile_1024,tile,1024,128,128,3,1234,8,0,63,1157383,14144,963759,26466,5649999,3341524,1,179
tile_1024,tile,1024,128,128,3,1234,9,0,65,1114213,13000,927660,24434,5443381,2954051,1,177
tile_1024,tile,1024,128,128,3,1234,10,0,86,1037246,15137,842278,22440,4907999,3054751,2,177
tile_1024,tile,1024,128,128,3,1234,11,0,95,996550,15114,805533,22896,4686196,3082332,2,179
tile_1024,tile,1024,128,128,3,1234,12,0,67,1091293,13672,908616,25168,5329483,3025805,1,175
tile_1024,tile,1024,128,128,3,1234,13,0,92,1006708,14749,815872,20345,4749819,2884321,2,175
tile_1024,tile,1024,128,128,3,1234,14,0,65,1118548,13311,931474,22080,5462954,2962811,1,177
tile_1024,tile,1024,128,128,3,1234,15,0,63,1152946,13447,959786,25055,5628655,3107124,1,175
tile_1024,tile,1024,128,128,3,1234,16,0,100,973399,14516,783510,21563,4565070,2860398,1,177
tile_1024,tile,1024,128,128,3,1234,17,0,65,1123688,13074,935685,22702,5486908,2911383,1,178
tile_1024,tile,1024,128,128,3,1234,18,0,100,970021,14493,781896,22482,4549543,2882896,1,176
tile_1024,tile,1024,128,128,3,1234,19,0,66,1103183,13581,918382,24830,5386854,2993283,1,178
tile_1024,tile,1024,128,128,3,1234,20,0,65,1118516,13329,930188,24589,5461663,2958170,1,177
tile_1024,tile,1024,256,256,3,1234,1,0,81,2491054,14656,2162997,50298,12973282,5498883,1,327
tile_1024,tile,1024,256,256,3,1234,2,0,100,2277961,19476,1943182,48381,11597936,5569968,1,326
tile_1024,tile,1024,256,256,3,1234,3,0,81,2486647,16051,2159863,51771,12956548,5518179,1,323
tile_1024,tile,1024,256,256,3,1234,4,0,81,2492253,14936,2164440,51158,12983541,5412687,1,325
tile_1024,tile,1024,256,256,3,1234,5,0,81,2488760,15503,2160608,50555,12962736,5384846,1,329
tile_1024,tile,1024,256,256,3,1234,6,0,81,2518439,15946,2185739,51085,13112798,5501515,1,328
tile_1024,tile,1024,256,256,3,1234,7,0,80,2519301,14482,2187958,52259,13130316,5535691,1,326
tile_1024,tile,1024,256,256,3,1234,8,0,81,2500824,14812,2171840,50312,13027302,5540133,1,327
tile_1024,tile,1024,256,256,3,1234,9,0,87,2433169,17494,2097179,49173,12552373,5475187,2,327
tile_1024,tile,1024,256,256,3,1234,10,0,87,2431456,16516,2096673,49563,12548076,5706220,2,326
tile_1024,tile,1024,256,256,3,1234,11,0,81,2496452,15043,2168089,51423,13008664,5448431,1,325
tile_1024,tile,1024,256,256,3,1234,12,0,94,2347909,17963,2009485,48210,12009908,5505392,2,324
tile_1024,tile,1024,256,256,3,1234,13,0,80,2525412,14674,2193311,51080,13157163,5510678,1,326
tile_1024,tile,1024,256,256,3,1234,14,0,81,2502483,15874,2173086,50563,13037748,5379900,1,326
tile_1024,tile,1024,256,256,3,1234,15,0,78,2577390,16012,2238655,50221,13431626,5514953,1,325
tile_1024,tile,1024,256,256,3,1234,16,0,77,2612843,17969,2268896,54344,13611727,5921282,1,327
tile_1024,tile,1024,256,256,3,1234,17,0,81,2492431,15346,2164348,49994,12984326,5364535,1,327
tile_1024,tile,1024,256,256,3,1234,18,0,79,2558509,15549,2221927,51735,13330448,5660546,1,327
tile_1024,tile,1024,256,256,3,1234,19,0,81,2495474,15495,2167268,51859,12998640,5549838,1,327
tile_1024,tile,1024,256,256,3,1234,20,0,81,2484351,15583,2156612,50680,12940992,5543412,1,326
tile_1024,tile,1024,512,512,3,1234,1,0,97,7542908,34055,6635995,147813,40110038,15386910,2,901
tile_1024,tile,1024,512,512,3,1234,2,0,93,7723215,30547,6827077,152314,41309321,15483684,1,903
tile_1024,tile,1024,512,512,3,1234,3,0,100,7439653,31033,6538607,147659,39497001,15282681,1,904
tile_1024,tile,1024,512,512,3,1234,4,0,100,7437606,34033,6537193,147065,39490071,15166212,1,903
tile_1024,tile,1024,512,512,3,1234,5,0,93,7691517,29266,6800545,151781,41151988,14894884,1,903
tile_1024,tile,1024,512,512,3,1234,6,0,94,7636479,28997,6751773,151067,40858885,14900475,1,904
tile_1024,tile,1024,512,512,3,1234,7,0,92,7771916,31836,6870179,154417,41577152,15804121,1,902
tile_1024,tile,1024,512,512,3,1234,8,0,98,7498518,34736,6595455,150256,39849743,15690555,2,901
tile_1024,tile,1024,512,512,3,1234,9,0,100,7432204,33535,6533238,148451,39466115,15073578,1,901
tile_1024,tile,1024,512,512,3,1234,10,0,100,7431535,32025,6532767,149119,39458138,14909077,0,902
tile_1024,tile,1024,512,512,3,1234,11,0,93,7728179,32297,6831938,153025,41345417,15071948,1,905
tile_1024,tile,1024,512,512,3,1234,12,0,95,7573220,29414,6694971,149876,40517541,14944389,1,903
tile_1024,tile,1024,512,512,3,1234,13,0,97,7582343,34907,6676942,151614,40355883,15534126,2,903
tile_1024,tile,1024,512,512,3,1234,14,0,93,7725410,31944,6829400,155052,41319416,15428580,1,904
tile_1024,tile,1024,512,512,3,1234,15,0,92,7782864,30463,6880029,154078,41629356,15565344,1,904
tile_1024,tile,1024,512,512,3,1234,16,0,93,7731677,29144,6834890,153560,41361139,15248258,1,901
tile_1024,tile,1024,512,512,3,1234,17,0,92,7791466,30358,6888216,155007,41681505,15507835,1,903
tile_1024,tile,1024,512,512,3,1234,18,0,92,7761193,29745,6861842,154084,41521623,15308068,1,903
tile_1024,tile,1024,512,512,3,1234,19,0,92,7767894,31921,6866877,155143,41554909,15782748,1,906
tile_1024,tile,1024,512,512,3,1234,20,0,92,7749130,29646,6850132,154741,41449655,15539544,2,905
tile_1024,tile,1024,1024,1024,3,1234,1,0,99,28312102,81320,25130185,553108,152390908,58138141,3,3208
tile_1024,tile,1024,1024,1024,3,1234,2,0,97,28603484,68605,25421624,558636,154188372,59457381,2,3208
tile_1024,tile,1024,1024,1024,3,1234,3,0,97,28645468,79703,25451982,561492,154372794,57669982,3,3211
tile_1024,tile,1024,1024,1024,3,1234,4,0,96,28777006,77496,25585595,560517,155158762,57087278,1,3210
tile_1024,tile,1024,1024,1024,3,1234,5,0,99,28192880,83009,25022261,551877,151717467,58214779,2,3210
tile_1024,tile,1024,1024,1024,3,1234,6,0,100,28080910,81329,24919493,548624,151088325,57595421,1,3210
tile_1024,tile,1024,1024,1024,3,1234,7,0,97,28704488,79660,25511296,560958,154752916,58181825,1,3209
tile_1024,tile,1024,1024,1024,3,1234,8,0,97,28608060,75699,25426686,557465,154239634,57037322,1,3209
tile_1024,tile,1024,1024,1024,3,1234,9,0,100,28079708,78618,24918770,549168,151082916,57515693,1,3208
tile_1024,tile,1024,1024,1024,3,1234,10,0,100,28085937,77272,24922862,546716,151107724,56297571,0,3211
tile_1024,tile,1024,1024,1024,3,1234,11,0,97,28658992,71852,25472906,558869,154518124,57117752,1,3206
tile_1024,tile,1024,1024,1024,3,1234,12,0,97,28610059,80987,25429166,560672,154255366,58320251,1,3209
tile_1024,tile,1024,1024,1024,3,1234,13,0,97,28600224,77727,25420141,558631,154196817,58486127,2,3209
tile_1024,tile,1024,1024,1024,3,1234,14,0,97,28648065,81578,25460850,559679,154451297,57745885,1,3208
tile_1024,tile,1024,1024,1024,3,1234,15,0,96,28720057,75025,25526697,559539,154842879,57393194,1,3210
tile_1024,tile,1024,1024,1024,3,1234,16,0,97,28670978,73748,25483099,558830,154581234,56829539,1,3209
tile_1024,tile,1024,1024,1024,3,1234,17,0,97,28614607,82904,25430742,558592,154265418,58235458,1,3210
tile_1024,tile,1024,1024,1024,3,1234,18,0,97,28597995,80100,25417242,558286,154180649,56987205,1,3211
tile_1024,tile,1024,1024,1024,3,1234,19,0,97,28663601,76273,25475711,558420,154538215,58102208,2,3210
tile_1024,tile,1024,1024,1024,3,1234,20,0,100,28083117,75960,24921549,550002,151097085,60373846,2,3210
tile_1024,tile,1024,2048,2048,3,1234,1,0,98,111649554,224648,99366156,2167892,603159988,216369848,1,12430
tile_1024,tile,1024,2048,2048,3,1234,2,0,99,111477266,224031,99217264,2164189,602250703,217781389,1,12427
tile_1024,tile,1024,2048,2048,3,1234,3,0,99,111390567,232511,99125272,2164061,601704099,220080110,3,12430
tile_1024,tile,1024,2048,2048,3,1234,4,0,98,111553050,235035,99277988,2165872,602630803,216958628,1,12431
tile_1024,tile,1024,2048,2048,3,1234,5,0,99,111257057,228467,99014044,2162942,601026661,220159340,2,12427
tile_1024,tile,1024,2048,2048,3,1234,6,0,98,111555278,229096,99281143,2165460,602647121,216504820,1,12428
tile_1024,tile,1024,2048,2048,3,1234,7,0,99,111195293,226264,98957300,2159334,600682635,219937032,2,12432
tile_1024,tile,1024,2048,2048,3,1234,8,0,99,111492173,230268,99222979,2166574,602293198,220554648,2,12430
tile_1024,tile,1024,2048,2048,3,1234,9,0,100,110642447,233965,98430776,2152584,597407522,217061784,1,12429
tile_1024,tile,1024,2048,2048,3,1234,10,0,99,111168345,231729,98937990,2158532,600562693,214667828,1,12431
tile_1024,tile,1024,2048,2048,3,1234,11,0,99,111187206,238685,98953048,2161174,600651701,218652404,2,12426
tile_1024,tile,1024,2048,2048,3,1234,12,0,99,111274529,233287,99024246,2159412,601104300,218060528,3,12431
tile_1024,tile,1024,2048,2048,3,1234,13,0,99,111526383,230602,99255630,2168168,602487404,215890906,1,12431
tile_1024,tile,1024,2048,2048,3,1234,14,0,98,111538642,227766,99267116,2168761,602557502,220871908,1,12430
tile_1024,tile,1024,2048,2048,3,1234,15,0,99,111248145,227761,99004942,2162362,600970461,219160412,2,12429
tile_1024,tile,1024,2048,2048,3,1234,16,0,100,110643920,229784,98431338,2147449,597412909,214419044,1,12429
tile_1024,tile,1024,2048,2048,3,1234,17,0,99,111231023,238627,98993047,2161016,600895055,217303950,3,12428
tile_1024,tile,1024,2048,2048,3,1234,18,0,99,111172565,231964,98945799,2157500,600603590,216083122,1,12429
tile_1024,tile,1024,2048,2048,3,1234,19,0,98,111566711,227726,99295021,2167153,602726686,217683201,2,12429
tile_1024,tile,1024,2048,2048,3,1234,20,0,99,111187698,223320,98957268,2160344,600675820,219236384,2,12429
tile_1024,tile,1024,4096,4096,3,1234,1,0,99,442087124,930251,393544634,8552836,2389403846,891543413,4,49301
tile_1024,tile,1024,4096,4096,3,1234,2,0,99,441825175,950993,393324231,8551545,2388019608,890744784,3,49300
tile_1024,tile,1024,4096,4096,3,1234,3,0,99,442059200,921540,393535830,8559102,2389300657,882316974,1,49302
tile_1024,tile,1024,4096,4096,3,1234,4,0,99,441644664,888771,393165798,8546280,2387058570,888513905,3,49301
tile_1024,tile,1024,4096,4096,3,1234,5,0,99,441806900,937953,393306441,8552476,2387902977,883384331,3,49301
tile_1024,tile,1024,4096,4096,3,1234,6,0,100,441161834,1052008,392696138,8539104,2384130275,888885335,1,49303
tile_1024,tile,1024,4096,4096,3,1234,7,0,99,441988643,902783,393470331,8554859,2388915046,897543697,5,49301
tile_1024,tile,1024,4096,4096,3,1234,8,0,99,441699318,913052,393211470,8557891,2387343594,888489267,1,49303
tile_1024,tile,1024,4096,4096,3,1234,9,0,99,441685333,920178,393195025,8547673,2387258457,889797776,3,49300
tile_1024,tile,1024,4096,4096,3,1234,10,0,99,441694609,913089,393207139,8551298,2387305360,883400715,1,49302
tile_1024,tile,1024,4096,4096,3,1234,11,0,99,441719894,950011,393228544,8553624,2387438626,894392659,2,49302
tile_1024,tile,1024,4096,4096,3,1234,12,0,99,441705440,949768,393216607,8547461,2387369019,890405454,4,49303
tile_1024,tile,1024,4096,4096,3,1234,13,0,99,441712309,943731,393223347,8546254,2387406464,888049937,1,49301
tile_1024,tile,1024,4096,4096,3,1234,14,0,99,441236630,945911,392764003,8542876,2384559037,887161670,3,49301
tile_1024,tile,1024,4096,4096,3,1234,15,0,99,442034881,939762,393506202,8565970,2389107464,879909778,5,49303
tile_1024,tile,1024,4096,4096,3,1234,16,0,99,442066798,916059,393537297,8565802,2389316396,890037612,3,49302
tile_1024,tile,1024,4096,4096,3,1234,17,0,99,441662556,921542,393181020,8549913,2387148869,883887690,1,49300
tile_1024,tile,1024,4096,4096,3,1234,18,0,99,441630783,893001,393153726,8549671,2386990347,885217098,1,49302
tile_1024,tile,1024,4096,4096,3,1234,19,0,99,441812660,928116,393313102,8552483,2387967833,884545266,3,49302
tile_1024,tile,1024,4096,4096,3,1234,20,0,99,442179850,945378,393603565,8564069,2389856023,891026570,4,49303
tile_1024,tile,1024,8192,8192,3,1234,1,0,100,1763949449,3791149,1570485861,34102204,9535826128,3588081794,12,196772
tile_1024,tile,1024,8192,8192,3,1234,2,0,99,1765037879,3946122,1571519632,34110656,9542156789,3582792544,5,196776
tile_1024,tile,1024,8192,8192,3,1234,3,0,100,1763919968,3718257,1570489203,34096553,9535852520,3575997555,8,196773
tile_1024,tile,1024,8192,8192,3,1234,4,0,99,1764412808,3750304,1570968614,34089628,9538855617,3598742251,5,196771
tile_1024,tile,1024,8192,8192,3,1234,5,0,99,1764567460,3935013,1571101795,34103523,9539626894,3586591854,11,196773
tile_1024,tile,1024,8192,8192,3,1234,6,0,99,1765050523,3838156,1571531407,34104024,9542247641,3588169973,5,196773
tile_1024,tile,1024,8192,8192,3,1234,7,0,99,1764932183,3708991,1571424536,34102199,9541592595,3595399025,8,196771
tile_1024,tile,1024,8192,8192,3,1234,8,0,99,1764832152,3692210,1571338614,34127033,9541095596,3594011054,5,196774
tile_1024,tile,1024,8192,8192,3,1234,9,0,99,1764835324,3952479,1571342963,34125815,9541115625,3580486904,12,196773
tile_1024,tile,1024,8192,8192,3,1234,10,0,99,1764772974,3817354,1571288615,34115708,9540755170,3561743625,5,196773
tile_1024,tile,1024,8192,8192,3,1234,11,0,99,1765577902,3800724,1572000348,34135037,9545098216,3612401155,8,196776
tile_1024,tile,1024,8192,8192,3,1234,12,0,99,1764769433,3818506,1571286961,34112485,9540782943,3595735007,5,196774
tile_1024,tile,1024,8192,8192,3,1234,13,0,99,1764877116,3891978,1571380873,34110323,9541327484,3576933938,8,196775
tile_1024,tile,1024,8192,8192,3,1234,14,0,99,1765219397,3749312,1571681766,34118136,9543199190,3612013705,5,196774
tile_1024,tile,1024,8192,8192,3,1234,15,0,99,1764794262,3845980,1571304521,34120674,9540883374,3611973907,12,196775
tile_1024,tile,1024,8192,8192,3,1234,16,0,99,1764764389,3761807,1571281236,34106493,9540750198,3579885983,6,196773
tile_1024,tile,1024,8192,8192,3,1234,17,0,99,1764978149,3679793,1571472203,34132698,9541905007,3581325098,9,196773
tile_1024,tile,1024,8192,8192,3,1234,18,0,100,1763904171,4268725,1570473784,34091715,9535785279,3567748716,5,196774
tile_1024,tile,1024,8192,8192,3,1234,19,0,99,1764378607,3941759,1570935345,34101495,9538673378,3617302105,6,196773
tile_1024,tile,1024,8192,8192,3,1234,20,0,99,1764504149,3742094,1571046365,34092101,9539299847,3582118282,8,196773
tile_1024,tile,1024,16384,16384,3,1234,1,0,99,7056562590,17217641,6283956663,136288948,38156967815,14368072416,23,786632
tile_1024,tile,1024,16384,16384,3,1234,2,0,99,7056477985,16880477,6283802893,136234273,38155987620,14386620914,24,786628
tile_1024,tile,1024,16384,16384,3,1234,3,0,99,7056550186,17243868,6283873763,136243880,38156423535,14432502991,27,786628
tile_1024,tile,1024,16384,16384,3,1234,4,0,99,7056543388,17117134,6283872814,136249346,38156457644,14414277261,26,786631
tile_1024,tile,1024,16384,16384,3,1234,5,0,99,7057215153,17003775,6283792023,136372623,38155167946,14258951702,27,786631
tile_1024,tile,1024,16384,16384,3,1234,6,0,99,7056775037,17113212,6284093660,136311824,38157748156,14326021980,24,786628
tile_1024,tile,1024,16384,16384,3,1234,7,0,99,7056660006,18265499,6283992498,136289488,38157242009,14380111264,21,786628
tile_1024,tile,1024,16384,16384,3,1234,8,0,99,7056362064,16949761,6283731207,136301329,38155644306,14359198380,23,786630
tile_1024,tile,1024,16384,16384,3,1234,9,0,99,7056640743,17360715,6283976419,136270860,38157068331,14346892768,24,786628
tile_1024,tile,1024,16384,16384,3,1234,10,0,99,7056913108,17009940,6284213099,136295418,38158503987,14347646243,21,786629
tile_1024,tile,1024,16384,16384,3,1234,11,0,99,7056565795,17427923,6283900220,136286657,38156531088,14363704947,28,786629
tile_1024,tile,1024,16384,16384,3,1234,12,0,99,7056833347,17153707,6284136114,136293220,38158073238,14442875098,29,786626
tile_1024,tile,1024,16384,16384,3,1234,13,0,99,7056757304,17244379,6284077942,136259909,38157731752,14380770282,29,786631
tile_1024,tile,1024,16384,16384,3,1234,14,0,99,7056520141,17922828,6283870166,136326345,38156473319,14361475263,22,786628
tile_1024,tile,1024,16384,16384,3,1234,15,0,99,7056775963,17009935,6284092072,136273311,38157800325,14390220076,26,786631
tile_1024,tile,1024,16384,16384,3,1234,16,0,99,7056522199,17254064,6283868776,136266996,38156398493,14374724760,23,786630
tile_1024,tile,1024,16384,16384,3,1234,17,0,99,7056783937,17680420,6284101318,136317949,38157832071,14357689839,27,786629
tile_1024,tile,1024,16384,16384,3,1234,18,0,99,7056708476,16992103,6284028096,136255458,38157356372,14427343504,22,786628
tile_1024,tile,1024,16384,16384,3,1234,19,0,99,7056767099,17061568,6284085875,136309508,38157686484,14311292811,25,786628
tile_1024,tile,1024,16384,16384,3,1234,20,0,99,7056601818,16787079,6283926687,136319161,38156755161,14421068849,32,786629
