label,stage,variant,H,W,K,seed,rep,exit_status,min_pct_enabled,L1-dcache-loads,L1-dcache-load-misses,branch-instructions,branch-misses,instructions,cpu-cycles,context-switches,page-faults,L1D_MPKI,L1D_miss_rate,branch_MPKI,branch_rate,branch_miss_rate,IPC,CPI
calibration,calibration,default,64,64,3,1234,1,0,56,591749,16542,468327,18118,2682218,2768517,1,139,6.16728,0.0279544,6.75486,0.174604,0.0386866,0.968828,1.03217
calibration,calibration,default,64,64,3,1234,2,0,100,584885,14723,445244,15241,2535589,2278099,2,141,5.80654,0.0251725,6.01083,0.175598,0.0342307,1.11303,0.89845
calibration,calibration,default,64,64,3,1234,3,0,53,618738,14848,490936,15640,2805846,2221547,1,139,5.29181,0.0239972,5.57408,0.174969,0.0318575,1.26301,0.791757
calibration,calibration,default,64,64,3,1234,4,0,55,599677,14918,474883,14644,2718516,2152208,1,141,5.48755,0.0248767,5.38676,0.174685,0.0308371,1.26313,0.791685
calibration,calibration,default,64,64,3,1234,5,0,100,564542,13701,431396,13014,2451565,2064048,1,139,5.58867,0.0242692,5.30845,0.175968,0.0301672,1.18775,0.841931
calibration,calibration,default,64,64,3,1234,6,0,54,615916,15078,487785,15893,2791945,2264218,1,139,5.40054,0.0244806,5.69245,0.174712,0.032582,1.23307,0.810982
calibration,calibration,default,64,64,3,1234,7,0,100,564798,14142,431466,12759,2455172,1988604,1,136,5.76009,0.025039,5.19678,0.175738,0.0295713,1.23462,0.809965
calibration,calibration,default,64,64,3,1234,8,0,100,568415,13758,434462,13573,2468311,2147060,1,141,5.57385,0.0242041,5.4989,0.176016,0.0312409,1.14962,0.86985
calibration,calibration,default,64,64,3,1234,9,0,53,619253,14992,490838,15254,2809910,2224261,1,140,5.3354,0.0242098,5.42864,0.174681,0.0310775,1.2633,0.791577
calibration,calibration,default,64,64,3,1234,10,0,100,566799,14021,432788,14734,2462629,2089216,1,138,5.69351,0.0247372,5.98304,0.175742,0.0340444,1.17873,0.848368
calibration,calibration,default,64,64,3,1234,11,0,100,566396,13704,432549,12738,2462535,2031603,1,138,5.565,0.0241951,5.17272,0.175652,0.0294487,1.21211,0.825005
calibration,calibration,default,64,64,3,1234,12,0,52,630248,15218,500109,14852,2855929,2229146,1,141,5.32856,0.0241461,5.20041,0.175113,0.0296975,1.28118,0.780533
calibration,calibration,default,64,64,3,1234,13,0,100,568092,13664,433456,13116,2470899,2057407,1,139,5.52997,0.0240524,5.30819,0.175424,0.0302591,1.20098,0.832655
calibration,calibration,default,64,64,3,1234,14,0,100,568583,13802,434466,13074,2468903,2106513,1,140,5.59034,0.0242744,5.29547,0.175975,0.0300921,1.17203,0.853218
calibration,calibration,default,64,64,3,1234,15,0,100,569603,14067,435015,13694,2474523,2066734,1,139,5.68473,0.0246961,5.534,0.175798,0.0314794,1.19731,0.835205
calibration,calibration,default,64,64,3,1234,16,0,100,570779,14150,435675,15727,2479791,2143500,1,139,5.70613,0.0247907,6.34207,0.17569,0.036098,1.15689,0.864387
calibration,calibration,default,64,64,3,1234,17,0,100,569778,14080,435351,13929,2474073,2078703,1,140,5.69102,0.0247114,5.62999,0.175965,0.0319949,1.1902,0.840195
calibration,calibration,default,64,64,3,1234,18,0,100,567648,13905,433667,12915,2466644,2006589,1,139,5.63721,0.0244958,5.23586,0.175813,0.0297809,1.22927,0.81349
calibration,calibration,default,64,64,3,1234,19,0,100,566622,13874,432773,13874,2462503,2022509,1,138,5.6341,0.0244855,5.6341,0.175745,0.0320584,1.21755,0.821322
calibration,calibration,default,64,64,3,1234,20,0,46,718092,17530,569273,17846,3256782,2673063,1,139,5.38261,0.0244119,5.47964,0.174796,0.0313488,1.21837,0.820768
calibration,calibration,default,128,128,3,1234,1,0,60,696601,13616,611687,25259,3728254,2648191,1,160,3.65211,0.0195463,6.77502,0.164068,0.041294,1.40785,0.710303
calibration,calibration,default,128,128,3,1234,2,0,61,690948,13736,605289,24166,3691444,2703963,1,164,3.72104,0.0198799,6.54649,0.163971,0.0399247,1.3652,0.732495
calibration,calibration,default,128,128,3,1234,3,0,63,668928,13679,586482,23796,3579038,2565191,1,161,3.82198,0.0204491,6.64871,0.163866,0.0405741,1.39523,0.716726
calibration,calibration,default,128,128,3,1234,4,0,100,657561,14215,540527,21614,3216687,2565514,1,162,4.41914,0.0216178,6.71934,0.168038,0.0399869,1.25382,0.797564
calibration,calibration,default,128,128,3,1234,5,0,100,657204,14353,540154,20061,3216304,2513948,1,162,4.46258,0.0218395,6.23728,0.167942,0.0371394,1.27938,0.781626
calibration,calibration,default,128,128,3,1234,6,0,61,688001,13746,603453,26659,3678491,2669168,1,164,3.73686,0.0199796,7.24727,0.164049,0.0441774,1.37814,0.725615
calibration,calibration,default,128,128,3,1234,7,0,98,671167,15262,551368,22395,3282183,2597570,2,164,4.64995,0.0227395,6.8232,0.167988,0.0406172,1.26356,0.791415
calibration,calibration,default,128,128,3,1234,8,0,100,659461,14459,542247,20652,3225070,2516503,1,164,4.48331,0.0219255,6.40358,0.168135,0.038086,1.28157,0.780294
calibration,calibration,default,128,128,3,1234,9,0,90,681351,14951,563896,21669,3368123,2643276,2,163,4.43897,0.0219432,6.43355,0.167421,0.0384273,1.27422,0.784792
calibration,calibration,default,128,128,3,1234,10,0,62,676452,13333,592819,25209,3615791,2606249,1,162,3.68744,0.0197102,6.97192,0.163953,0.0425239,1.38735,0.720796
calibration,calibration,default,128,128,3,1234,11,0,63,668336,13145,586018,23692,3576610,2567859,1,161,3.67527,0.0196683,6.62415,0.163847,0.0404288,1.39284,0.717959
calibration,calibration,default,128,128,3,1234,12,0,62,680346,13657,595804,25182,3634906,2704180,1,163,3.75718,0.0200736,6.92783,0.163912,0.0422656,1.34418,0.743948
calibration,calibration,default,128,128,3,1234,13,0,62,674054,13647,591399,22855,3604415,2886687,1,162,3.78619,0.0202462,6.34083,0.164076,0.0386457,1.24863,0.800875
calibration,calibration,default,128,128,3,1234,14,0,100,658978,14067,541870,19584,3222499,2546217,1,164,4.36525,0.0213467,6.07727,0.168152,0.0361415,1.2656,0.790137
calibration,calibration,default,128,128,3,1234,15,0,100,659247,14234,541823,19906,3224851,2471750,1,165,4.41385,0.0215913,6.17269,0.168015,0.0367389,1.30468,0.76647
calibration,calibration,default,128,128,3,1234,16,0,100,660247,14434,542227,20339,3231021,2440570,1,162,4.46732,0.0218615,6.29491,0.167819,0.0375101,1.32388,0.755356
calibration,calibration,default,128,128,3,1234,17,0,100,657254,14051,540232,18895,3216754,2407102,1,162,4.36807,0.0213783,5.87393,0.167943,0.0349757,1.33636,0.748302
calibration,calibration,default,128,128,3,1234,18,0,100,656250,14716,539792,20606,3212036,2491301,1,162,4.58152,0.0224244,6.41525,0.168053,0.038174,1.2893,0.775614
calibration,calibration,default,128,128,3,1234,19,0,100,655697,13979,539201,20970,3210380,2450644,1,162,4.35431,0.0213193,6.53194,0.167956,0.0388909,1.31001,0.76335
calibration,calibration,default,128,128,3,1234,20,0,93,680912,14581,563723,19762,3353427,2459995,1,163,4.34809,0.0214139,5.89308,0.168104,0.0350562,1.36318,0.733576
calibration,calibration,default,256,256,3,1234,1,0,75,1029368,14039,1050396,54791,6926787,4245202,1,265,2.02677,0.0136385,7.91002,0.151643,0.0521622,1.63167,0.612867
calibration,calibration,default,256,256,3,1234,2,0,76,1094348,16404,1099811,53225,7201014,4388620,2,262,2.27801,0.0149897,7.39132,0.15273,0.0483947,1.64084,0.609445
calibration,calibration,default,256,256,3,1234,3,0,100,1032687,17233,977247,47563,6282083,4551460,1,263,2.7432,0.0166875,7.57121,0.155561,0.0486704,1.38023,0.724514
calibration,calibration,default,256,256,3,1234,4,0,96,1033786,18422,988747,47842,6362732,4204191,2,263,2.8953,0.0178199,7.5191,0.155397,0.0483865,1.51343,0.660752
calibration,calibration,default,256,256,3,1234,5,0,85,1044474,15431,1026307,50152,6678826,4140941,2,263,2.31044,0.0147739,7.5091,0.153666,0.0488665,1.61288,0.62001
calibration,calibration,default,256,256,3,1234,6,0,100,1020901,16689,970776,46415,6236940,4049381,1,263,2.67583,0.0163473,7.44195,0.155649,0.0478123,1.54022,0.649258
calibration,calibration,default,256,256,3,1234,7,0,76,1025037,14183,1045516,52720,6892734,4163884,1,264,2.05767,0.0138366,7.64863,0.151684,0.0504249,1.65536,0.604098
calibration,calibration,default,256,256,3,1234,8,0,100,1016436,16572,967529,46043,6215701,3925749,1,263,2.66615,0.016304,7.40753,0.155659,0.0475882,1.58332,0.631586
calibration,calibration,default,256,256,3,1234,9,0,100,1016932,16430,967347,45273,6220125,3970786,1,263,2.64143,0.0161564,7.27847,0.155519,0.0468012,1.56647,0.638377
calibration,calibration,default,256,256,3,1234,10,0,76,1021871,13990,1043438,55375,6883330,4150840,1,262,2.03245,0.0136906,8.0448,0.151589,0.0530698,1.6583,0.603028
calibration,calibration,default,256,256,3,1234,11,0,75,1039768,13914,1060845,54679,6999971,4169201,1,265,1.98772,0.0133818,7.81132,0.15155,0.0515429,1.67897,0.595603
calibration,calibration,default,256,256,3,1234,12,0,76,1019393,15141,1039911,52748,6856269,4113794,1,262,2.20834,0.014853,7.6934,0.151673,0.0507236,1.66665,0.600005
calibration,calibration,default,256,256,3,1234,13,0,72,1079601,15118,1101206,55548,7264510,4432069,1,264,2.08108,0.0140033,7.64649,0.151587,0.0504429,1.63908,0.610099
calibration,calibration,default,256,256,3,1234,14,0,100,1018310,15953,969008,46185,6223700,4147394,1,265,2.56327,0.0156662,7.42083,0.155696,0.0476621,1.50063,0.666387
calibration,calibration,default,256,256,3,1234,15,0,74,1046149,14322,1067245,53798,7036526,4176923,1,265,2.03538,0.0136902,7.64553,0.151672,0.0504083,1.68462,0.593606
calibration,calibration,default,256,256,3,1234,16,0,72,1076487,14490,1096540,55433,7239271,4658092,1,264,2.00158,0.0134605,7.65726,0.151471,0.0505526,1.55413,0.643448
calibration,calibration,default,256,256,3,1234,17,0,70,1098844,15344,1122357,56659,7404429,4351051,1,262,2.07227,0.0139638,7.65204,0.151579,0.0504822,1.70176,0.587628
calibration,calibration,default,256,256,3,1234,18,0,82,1107271,17285,1082373,52444,7030918,4332986,2,265,2.45843,0.0156105,7.45905,0.153945,0.0484528,1.62265,0.616276
calibration,calibration,default,256,256,3,1234,19,0,65,1191756,16497,1217392,63779,8030910,5060149,1,263,2.05419,0.0138426,7.94169,0.151588,0.0523899,1.58709,0.630084
calibration,calibration,default,256,256,3,1234,20,0,100,1016105,16121,966861,47423,6217180,4030974,1,263,2.59298,0.0158655,7.62773,0.155514,0.0490484,1.54235,0.648361
calibration,calibration,default,512,512,3,1234,1,0,87,2509053,23711,2848259,163337,19649878,10642131,1,646,1.20667,0.00945018,8.31237,0.14495,0.0573463,1.84642,0.541588
calibration,calibration,default,512,512,3,1234,2,0,87,2498601,23202,2834427,161715,19555332,10597010,1,649,1.18648,0.009286,8.26961,0.144944,0.0570539,1.84536,0.541899
calibration,calibration,default,512,512,3,1234,3,0,87,2497594,23693,2833816,160289,19545193,10511905,1,647,1.21222,0.00948633,8.20094,0.144988,0.056563,1.85934,0.537826
calibration,calibration,default,512,512,3,1234,4,0,100,2431860,25709,2660407,148202,18132350,10405101,1,651,1.41785,0.0105717,8.17335,0.146722,0.0557065,1.74264,0.573842
calibration,calibration,default,512,512,3,1234,5,0,100,2428043,27165,2657353,147410,18119839,10215330,1,648,1.49919,0.011188,8.13528,0.146654,0.0554725,1.77379,0.563765
calibration,calibration,default,512,512,3,1234,6,0,90,2436477,25515,2763391,155479,19059332,10772506,1,649,1.33871,0.0104721,8.15763,0.144989,0.0562638,1.76926,0.565209
calibration,calibration,default,512,512,3,1234,7,0,100,2450670,29407,2668344,146272,18221530,10461531,1,646,1.61386,0.0119996,8.02743,0.146439,0.0548175,1.74177,0.57413
calibration,calibration,default,512,512,3,1234,8,0,89,2443090,24497,2771239,155713,19112771,10032696,1,647,1.28171,0.0100271,8.14707,0.144994,0.0561889,1.90505,0.524921
calibration,calibration,default,512,512,3,1234,9,0,100,2432426,28001,2660299,147155,18132733,10011641,1,650,1.54422,0.0115116,8.11543,0.146713,0.0553152,1.81116,0.552131
calibration,calibration,default,512,512,3,1234,10,0,89,2457178,27194,2780430,156885,19168195,10398501,2,651,1.4187,0.0110672,8.18465,0.145054,0.0564247,1.84336,0.542487
calibration,calibration,default,512,512,3,1234,11,0,100,2431418,28745,2659938,146856,18130643,10037704,1,650,1.58544,0.0118223,8.09988,0.14671,0.0552103,1.80625,0.553632
calibration,calibration,default,512,512,3,1234,12,0,89,2450025,25503,2779853,157108,19175540,10240181,1,645,1.32998,0.0104093,8.19315,0.144969,0.0565167,1.87258,0.534023
calibration,calibration,default,512,512,3,1234,13,0,88,2477497,25196,2810068,159004,19385313,10474350,1,650,1.29975,0.0101699,8.20229,0.144959,0.0565837,1.85074,0.540324
calibration,calibration,default,512,512,3,1234,14,0,95,2470154,28016,2729387,151132,18664675,10280669,2,651,1.50102,0.0113418,8.09722,0.146233,0.0553721,1.81551,0.550809
calibration,calibration,default,512,512,3,1234,15,0,90,2415730,24811,2738594,156702,18892537,10289716,1,647,1.31327,0.0102706,8.29439,0.144956,0.0572199,1.83606,0.544644
calibration,calibration,default,512,512,3,1234,16,0,100,2434155,29222,2661338,146690,18142971,10359206,1,645,1.61065,0.012005,8.08522,0.146687,0.0551189,1.75139,0.570976
calibration,calibration,default,512,512,3,1234,17,0,89,2440004,25237,2767658,156344,19090657,10106748,1,647,1.32196,0.010343,8.18956,0.144974,0.0564896,1.8889,0.529408
calibration,calibration,default,512,512,3,1234,18,0,100,2427622,28676,2656773,148428,18113661,10034324,1,647,1.58311,0.0118124,8.19426,0.146672,0.0558678,1.80517,0.553964
calibration,calibration,default,512,512,3,1234,19,0,100,2424870,28381,2655157,147968,18100277,9994547,0,649,1.56799,0.0117041,8.1749,0.146692,0.0557285,1.81102,0.552176
calibration,calibration,default,512,512,3,1234,20,0,90,2425453,24845,2750503,156675,18969827,10044638,1,651,1.30971,0.0102434,8.25917,0.144994,0.0569623,1.88855,0.529506
calibration,calibration,default,1024,1024,3,1234,1,0,96,8104395,58031,9552066,558865,66879613,34959423,2,2185,0.867693,0.00716044,8.35628,0.142825,0.0585072,1.91306,0.522722
calibration,calibration,default,1024,1024,3,1234,2,0,100,8072435,59655,9414132,550340,65687856,34837155,0,2186,0.908159,0.00738996,8.37811,0.143316,0.0584589,1.88557,0.530344
calibration,calibration,default,1024,1024,3,1234,3,0,96,8097829,53949,9555613,560693,66915621,34422127,1,2189,0.806224,0.00666216,8.3791,0.142801,0.0586768,1.94397,0.514411
calibration,calibration,default,1024,1024,3,1234,4,0,96,8087362,52259,9543883,555979,66835049,35757201,1,2186,0.78191,0.00646181,8.31867,0.142798,0.058255,1.86914,0.535007
calibration,calibration,default,1024,1024,3,1234,5,0,100,8072039,56218,9414002,547831,65689824,35596021,1,2185,0.85581,0.00696454,8.33966,0.14331,0.0581932,1.84543,0.54188
calibration,calibration,default,1024,1024,3,1234,6,0,96,8105360,56016,9563603,560453,66969842,34946864,1,2184,0.836436,0.00691098,8.36874,0.142805,0.0586027,1.91633,0.52183
calibration,calibration,default,1024,1024,3,1234,7,0,100,8065587,59237,9409906,544417,65662765,34421188,1,2187,0.90214,0.00734441,8.29111,0.143307,0.0578557,1.90763,0.524212
calibration,calibration,default,1024,1024,3,1234,8,0,100,8071542,57590,9413463,546160,65683598,35147643,0,2188,0.876779,0.00713494,8.31501,0.143315,0.058019,1.86879,0.535105
calibration,calibration,default,1024,1024,3,1234,9,0,96,8094513,56614,9551426,556656,66886152,34790148,1,2186,0.846423,0.00699412,8.32244,0.142801,0.0582799,1.92256,0.52014
calibration,calibration,default,1024,1024,3,1234,10,0,97,8173876,61607,9576655,554423,67141927,36188393,1,2184,0.917564,0.00753706,8.25748,0.142633,0.0578932,1.85534,0.538984
calibration,calibration,default,1024,1024,3,1234,11,0,96,8123860,58571,9580984,562790,67088496,35186853,1,2184,0.873041,0.00720975,8.38877,0.142811,0.0587403,1.90664,0.524484
calibration,calibration,default,1024,1024,3,1234,12,0,96,8095537,53366,9549637,562658,66872909,35603622,1,2187,0.798021,0.00659203,8.41384,0.142803,0.0589193,1.87826,0.532407
calibration,calibration,default,1024,1024,3,1234,13,0,96,8163324,56656,9625936,565373,67378513,35821617,1,2185,0.840862,0.00694031,8.391,0.142864,0.0587343,1.88095,0.531647
calibration,calibration,default,1024,1024,3,1234,14,0,96,8107959,52434,9567170,562390,66996815,36324205,1,2188,0.782634,0.00646698,8.39428,0.1428,0.0587833,1.84441,0.542178
calibration,calibration,default,1024,1024,3,1234,15,0,100,8072366,60194,9413752,543873,65689772,35286970,1,2183,0.916337,0.0074568,8.27942,0.143306,0.0577743,1.86159,0.537176
calibration,calibration,default,1024,1024,3,1234,16,0,100,8065257,51280,9409782,549591,65661722,35055495,1,2186,0.780973,0.00635814,8.37004,0.143307,0.0584063,1.87308,0.53388
calibration,calibration,default,1024,1024,3,1234,17,0,96,8095988,53560,9554557,560354,66907911,34982376,1,2185,0.800503,0.00661562,8.375,0.142802,0.0586478,1.91262,0.522844
calibration,calibration,default,1024,1024,3,1234,18,0,96,8077291,54308,9531587,555041,66747743,34680135,1,2188,0.813631,0.00672354,8.3155,0.1428,0.0582318,1.92467,0.51957
calibration,calibration,default,1024,1024,3,1234,19,0,96,8122227,52690,9580905,562552,67085660,35686838,1,2186,0.785414,0.00648714,8.38558,0.142816,0.058716,1.87984,0.531959
calibration,calibration,default,1024,1024,3,1234,20,0,96,8086769,54008,9543765,564531,66835698,35425270,1,2183,0.808071,0.00667856,8.44655,0.142794,0.0591518,1.88667,0.530035
calibration,calibration,default,2048,2048,3,1234,1,0,98,30840815,178270,36785447,2164338,258667799,137887484,1,8332,0.689185,0.00578033,8.36725,0.142211,0.0588368,1.87593,0.533068
calibration,calibration,default,2048,2048,3,1234,2,0,98,30744768,168509,36701942,2159922,258104610,136443991,1,8332,0.652871,0.0054809,8.3684,0.142198,0.0588503,1.89165,0.528638
calibration,calibration,default,2048,2048,3,1234,3,0,98,30775170,174919,36732052,2167908,258316759,137044575,1,8332,0.677149,0.00568377,8.39244,0.142198,0.0590195,1.88491,0.530529
calibration,calibration,default,2048,2048,3,1234,4,0,98,30688743,165790,36626608,2159730,257570445,136201443,2,8334,0.643669,0.00540231,8.38501,0.1422,0.0589661,1.8911,0.528793
calibration,calibration,default,2048,2048,3,1234,5,0,98,30776545,170416,36732356,2168287,258319504,136918202,2,8333,0.65971,0.0055372,8.39382,0.142197,0.0590293,1.88667,0.530034
calibration,calibration,default,2048,2048,3,1234,6,0,98,30756283,169255,36709800,2167841,258161949,136739950,1,8333,0.655616,0.0055031,8.39721,0.142197,0.0590535,1.88798,0.529667
calibration,calibration,default,2048,2048,3,1234,7,0,98,30692283,170172,36635820,2155948,257643531,136816864,1,8333,0.660494,0.00554446,8.36795,0.142196,0.0588481,1.88313,0.531032
calibration,calibration,default,2048,2048,3,1234,8,0,98,30808499,165989,36765258,2165297,258541340,139814338,2,8337,0.642021,0.00538777,8.37505,0.142203,0.0588952,1.84918,0.540781
calibration,calibration,default,2048,2048,3,1234,9,0,100,30593237,173198,36400670,2141898,255744838,136899602,1,8335,0.67723,0.00566132,8.37514,0.142332,0.0588423,1.86812,0.535298
calibration,calibration,default,2048,2048,3,1234,10,0,98,30783443,168299,36745211,2167748,258410322,138361085,1,8333,0.651286,0.00546719,8.38878,0.142197,0.058994,1.86765,0.535432
calibration,calibration,default,2048,2048,3,1234,11,0,98,30882748,174879,36860153,2172491,259211313,137555392,1,8335,0.674658,0.00566268,8.38116,0.142201,0.0589387,1.88441,0.530669
calibration,calibration,default,2048,2048,3,1234,12,0,100,30594616,173892,36401915,2142890,255751903,137891402,1,8337,0.679925,0.00568375,8.37878,0.142333,0.0588675,1.85473,0.539161
calibration,calibration,default,2048,2048,3,1234,13,0,98,30838660,172644,36806361,2170653,258836487,137018440,1,8335,0.667,0.0055983,8.38619,0.142199,0.0589749,1.88906,0.529363
calibration,calibration,default,2048,2048,3,1234,14,0,98,30831437,171196,36796887,2170195,258767997,138180627,1,8336,0.661581,0.00555264,8.38664,0.1422,0.0589777,1.87268,0.533994
calibration,calibration,default,2048,2048,3,1234,15,0,98,30806508,170105,36755096,2168996,258426701,139601951,2,8334,0.658233,0.00552172,8.39308,0.142226,0.0590121,1.85117,0.540199
calibration,calibration,default,2048,2048,3,1234,16,0,98,30791577,170947,36750385,2166800,258441237,138787995,1,8335,0.661454,0.00555175,8.38411,0.1422,0.0589599,1.86213,0.53702
calibration,calibration,default,2048,2048,3,1234,17,0,98,30797404,165063,36759494,2175180,258507811,142408879,1,8335,0.638522,0.00535964,8.41437,0.142199,0.0591733,1.81525,0.550888
calibration,calibration,default,2048,2048,3,1234,18,0,98,30834333,173110,36802702,2174792,258817373,138018833,1,8335,0.66885,0.0056142,8.40281,0.142196,0.0590933,1.87523,0.533267
calibration,calibration,default,2048,2048,3,1234,19,0,98,30833944,171450,36803209,2168343,258816797,138875377,1,8334,0.662438,0.00556043,8.37791,0.142198,0.0589172,1.86366,0.536578
calibration,calibration,default,2048,2048,3,1234,20,0,98,30839354,169407,36808520,2169561,258850179,139204162,1,8334,0.65446,0.00549321,8.38153,0.1422,0.0589418,1.8595,0.537779
calibration,calibration,default,4096,4096,3,1234,1,0,99,121199966,672945,144975178,8540749,1020550567,547921796,2,32916,0.659394,0.00555235,8.36877,0.142056,0.0589118,1.86258,0.536888
calibration,calibration,default,4096,4096,3,1234,2,0,100,120781662,674936,144427475,8517956,1016514618,542555886,4,32916,0.663971,0.00558807,8.37957,0.142081,0.0589774,1.87357,0.533741
calibration,calibration,default,4096,4096,3,1234,3,0,99,120867483,658337,144649348,8533971,1018330455,540197587,1,32917,0.646487,0.00544677,8.38036,0.142046,0.0589976,1.88511,0.530474
calibration,calibration,default,4096,4096,3,1234,4,0,100,120776785,663637,144423050,8526937,1016489729,542982060,2,32918,0.652871,0.00549474,8.38861,0.14208,0.0590414,1.87205,0.534174
calibration,calibration,default,4096,4096,3,1234,5,0,99,120867929,657779,144648794,8531015,1018312134,542283805,3,32917,0.64595,0.00544213,8.3776,0.142048,0.0589774,1.87782,0.532532
calibration,calibration,default,4096,4096,3,1234,6,0,99,121065516,653556,144888763,8547685,1020021346,544899701,4,32918,0.640728,0.00539837,8.37991,0.142045,0.0589948,1.87194,0.534204
calibration,calibration,default,4096,4096,3,1234,7,0,99,121057333,612669,144872031,8555928,1019897156,561860697,2,32917,0.600716,0.00506098,8.38901,0.142046,0.0590585,1.81521,0.550899
calibration,calibration,default,4096,4096,3,1234,8,0,99,120789650,670129,144449381,8516159,1016682050,545360224,3,32920,0.659133,0.0055479,8.37642,0.142079,0.058956,1.86424,0.536412
calibration,calibration,default,4096,4096,3,1234,9,0,100,120789100,668320,144432040,8513900,1016541573,548299161,1,32920,0.657445,0.00553295,8.37536,0.142082,0.0589474,1.85399,0.539377
calibration,calibration,default,4096,4096,3,1234,10,0,99,120911251,667728,144697688,8533818,1018658561,541913315,1,32920,0.655497,0.00552246,8.37751,0.142047,0.0589769,1.87974,0.531987
calibration,calibration,default,4096,4096,3,1234,11,0,99,121035001,659998,144853250,8546866,1019770480,540785158,2,32918,0.647202,0.00545295,8.38117,0.142045,0.0590036,1.88572,0.530301
calibration,calibration,default,4096,4096,3,1234,12,0,99,121016559,664846,144824401,8542815,1019551687,541866580,2,32920,0.652096,0.00549384,8.37899,0.142047,0.0589874,1.88155,0.531475
calibration,calibration,default,4096,4096,3,1234,13,0,99,120875176,657524,144656061,8532197,1018368595,542745024,2,32918,0.645664,0.00543969,8.3783,0.142047,0.0589826,1.87633,0.532955
calibration,calibration,default,4096,4096,3,1234,14,0,99,120807967,655873,144478385,8519658,1016912717,540120851,2,32917,0.644965,0.00542905,8.37796,0.142076,0.0589684,1.88275,0.531138
calibration,calibration,default,4096,4096,3,1234,15,0,99,121045856,663386,144864091,8556406,1019841371,541602103,2,32920,0.65048,0.00548045,8.38994,0.142046,0.0590651,1.88301,0.531065
calibration,calibration,default,4096,4096,3,1234,16,0,99,121023312,656440,144832094,8541248,1019615853,540492543,2,32919,0.643811,0.00542408,8.37693,0.142046,0.0589734,1.88646,0.530094
calibration,calibration,default,4096,4096,3,1234,17,0,99,120848367,657684,144624798,8535119,1018153399,540158312,3,32918,0.645958,0.00544222,8.38294,0.142046,0.0590156,1.88492,0.530527
calibration,calibration,default,4096,4096,3,1234,18,0,99,121012820,656326,144820491,8550788,1019534984,543840311,2,32918,0.64375,0.00542361,8.38695,0.142046,0.059044,1.8747,0.53342
calibration,calibration,default,4096,4096,3,1234,19,0,99,121013128,678440,144823026,8543416,1019546759,541380713,3,32919,0.665433,0.00560633,8.37962,0.142046,0.0589921,1.88323,0.531001
calibration,calibration,default,4096,4096,3,1234,20,0,99,121025828,666353,144838566,8546943,1019658824,540139556,1,32920,0.653506,0.00550587,8.38216,0.142046,0.0590101,1.88777,0.529726
calibration,calibration,default,8192,8192,3,1234,1,0,99,482457779,2629512,577586369,34025284,4067024839,2167871130,3,131238,0.646544,0.00545024,8.36614,0.142017,0.0589094,1.87605,0.533036
calibration,calibration,default,8192,8192,3,1234,2,0,99,482502500,2626766,577639946,34046709,4067398494,2159587855,6,131237,0.64581,0.00544405,8.37064,0.142017,0.0589411,1.88341,0.530951
calibration,calibration,default,8192,8192,3,1234,3,0,99,482463456,2663901,577580623,34021002,4066947760,2158540709,5,131240,0.655012,0.00552146,8.36524,0.142018,0.0589026,1.88412,0.530752
calibration,calibration,default,8192,8192,3,1234,4,0,99,482465373,2666615,577584382,34055026,4066963133,2168236339,3,131239,0.655677,0.00552706,8.37358,0.142019,0.0589611,1.8757,0.533134
calibration,calibration,default,8192,8192,3,1234,5,0,99,482500564,2655567,577616590,34030650,4067167899,2170895075,3,131240,0.652928,0.00550376,8.36716,0.142019,0.0589156,1.8735,0.533761
calibration,calibration,default,8192,8192,3,1234,6,0,99,482451553,2663141,577570110,34036995,4066868596,2175675830,7,131240,0.654838,0.00552002,8.36934,0.142018,0.0589314,1.86924,0.534976
calibration,calibration,default,8192,8192,3,1234,7,0,99,482452993,2714870,577571406,34042633,4066878946,2175347119,2,131240,0.667556,0.00562722,8.3707,0.142018,0.058941,1.86953,0.534894
calibration,calibration,default,8192,8192,3,1234,8,0,99,482456948,2648237,577575344,34035125,4066922523,2169328730,6,131236,0.651165,0.00548906,8.36877,0.142018,0.0589276,1.87474,0.533408
calibration,calibration,default,8192,8192,3,1234,9,0,99,482406724,2628919,577528324,34035433,4066623893,2163996904,7,131238,0.646462,0.00544959,8.36946,0.142017,0.0589329,1.87922,0.532136
calibration,calibration,default,8192,8192,3,1234,10,0,99,482264791,2668787,577359427,34023086,4065443238,2168973168,1,131240,0.656457,0.00553386,8.36885,0.142016,0.0589288,1.87436,0.533515
calibration,calibration,default,8192,8192,3,1234,11,0,99,482269198,2653308,577360937,34042481,4065446330,2174491472,6,131239,0.652649,0.00550172,8.37361,0.142017,0.0589622,1.86961,0.534872
calibration,calibration,default,8192,8192,3,1234,12,0,99,482493220,2697438,577609279,34060685,4067130588,2179801205,7,131237,0.663229,0.00559062,8.37462,0.142019,0.0589684,1.86583,0.535956
calibration,calibration,default,8192,8192,3,1234,13,0,99,482286601,2679491,577382981,34025755,4065605219,2167680410,2,131238,0.659063,0.00555581,8.36917,0.142016,0.058931,1.87556,0.533175
calibration,calibration,default,8192,8192,3,1234,14,0,99,482502120,2661734,577626524,34063750,4067261661,2167635889,7,131240,0.654429,0.00551652,8.37511,0.142019,0.0589719,1.87636,0.532947
calibration,calibration,default,8192,8192,3,1234,15,0,99,482390404,2678534,577492715,34044396,4066330086,2172523256,7,131239,0.65871,0.00555263,8.37227,0.142018,0.0589521,1.87171,0.534271
calibration,calibration,default,8192,8192,3,1234,16,0,99,482329395,2700043,577403639,34035889,4065677096,2181672441,6,131239,0.664107,0.00559792,8.37152,0.142019,0.0589464,1.86356,0.536607
calibration,calibration,default,8192,8192,3,1234,17,0,99,482412844,2677381,577506045,34043355,4066392917,2175711732,3,131238,0.658417,0.00554998,8.37188,0.142019,0.0589489,1.86899,0.535047
calibration,calibration,default,8192,8192,3,1234,18,0,99,482352621,2684803,577423162,34047378,4065810487,2181707176,6,131238,0.660336,0.00556606,8.37407,0.142019,0.0589643,1.86359,0.536598
calibration,calibration,default,8192,8192,3,1234,19,0,99,482365798,2640984,577465763,34034945,4066147141,2181386290,6,131239,0.649505,0.00547506,8.37032,0.142018,0.0589385,1.86402,0.536475
calibration,calibration,default,8192,8192,3,1234,20,0,99,482447296,2625149,577573106,34048545,4066932929,2167144558,4,131241,0.645486,0.00544132,8.37204,0.142017,0.0589511,1.87663,0.53287
calibration,calibration,default,16384,16384,3,1234,1,0,99,1928788065,10402925,2309587959,135980891,16262470168,8635048317,16,524486,0.639689,0.0053935,8.36164,0.14202,0.0588767,1.88331,0.53098
calibration,calibration,default,16384,16384,3,1234,2,0,99,1928993957,10446135,2309763316,136012766,16263646856,8649106649,19,524484,0.6423,0.00541533,8.36299,0.14202,0.058886,1.88038,0.531806
calibration,calibration,default,16384,16384,3,1234,3,0,99,1928666492,10298466,2309421499,135979727,16261388007,8633609960,12,524488,0.633308,0.00533968,8.36212,0.142019,0.0588804,1.8835,0.530927
calibration,calibration,default,16384,16384,3,1234,4,0,100,1928633305,10456885,2309250855,135973373,16259921696,8663460329,16,524485,0.643108,0.00542191,8.36249,0.142021,0.058882,1.87684,0.532811
calibration,calibration,default,16384,16384,3,1234,5,0,99,1928811342,10402499,2309608546,136028751,16262798764,8702514427,13,524487,0.63965,0.00539322,8.36441,0.142018,0.0588969,1.86875,0.535118
calibration,calibration,default,16384,16384,3,1234,6,0,99,1928899133,10305707,2309688707,136033504,16263263639,8683112048,15,524483,0.63368,0.00534279,8.36447,0.142019,0.0588969,1.87298,0.53391
calibration,calibration,default,16384,16384,3,1234,7,0,99,1928731070,10355797,2309550183,136056635,16262480745,8658522766,16,524487,0.636791,0.00536923,8.36629,0.142017,0.0589104,1.8782,0.532423
calibration,calibration,default,16384,16384,3,1234,8,0,99,1928943971,10417323,2309733243,136011023,16263505195,8688641893,14,524487,0.640534,0.00540053,8.36296,0.142019,0.058886,1.87181,0.534242
calibration,calibration,default,16384,16384,3,1234,9,0,99,1928805969,10455414,2309550211,135969311,16262164039,8677309647,19,524485,0.642929,0.00542067,8.36108,0.14202,0.0588726,1.8741,0.533589
calibration,calibration,default,16384,16384,3,1234,10,0,99,1928774035,10301722,2309583986,136051761,16262683962,8687368069,12,524487,0.633458,0.00534107,8.36589,0.142017,0.0589075,1.87199,0.53419
calibration,calibration,default,16384,16384,3,1234,11,0,99,1928884081,10397243,2309670639,136007323,16263137151,8670756255,19,524488,0.639313,0.00539029,8.36292,0.142019,0.058886,1.87563,0.533154
calibration,calibration,default,16384,16384,3,1234,12,0,99,1928595517,10417494,2309366490,136009045,16261110078,8646145223,14,524487,0.640639,0.0054016,8.36407,0.142018,0.0588945,1.88074,0.531707
calibration,calibration,default,16384,16384,3,1234,13,0,99,1928770492,10296421,2309540294,135992433,16262210037,8661937730,16,524483,0.63315,0.00533833,8.36248,0.142019,0.0588829,1.87743,0.532642
calibration,calibration,default,16384,16384,3,1234,14,0,99,1928764098,10439247,2309516955,136053205,16261990127,8653401191,12,524486,0.641942,0.0054124,8.36633,0.142019,0.0589098,1.87926,0.532124
calibration,calibration,default,16384,16384,3,1234,15,0,99,1928660530,10333721,2309412452,135967326,16261366478,8661009273,11,524486,0.635477,0.00535798,8.36137,0.142018,0.0588753,1.87754,0.532613
calibration,calibration,default,16384,16384,3,1234,16,0,99,1928691613,10288073,2309476751,136000580,16261872823,8649843943,17,524487,0.63265,0.00533422,8.36316,0.142018,0.058888,1.88002,0.531909
calibration,calibration,default,16384,16384,3,1234,17,0,100,1928649744,10401840,2309263832,135999825,16259924200,8646762829,22,524486,0.639723,0.00539333,8.36411,0.142022,0.0588932,1.88046,0.531784
calibration,calibration,default,16384,16384,3,1234,18,0,99,1928706785,10280874,2309461636,135996586,16261679636,8671460285,15,524488,0.632215,0.00533045,8.36301,0.142019,0.0588867,1.87531,0.533245
calibration,calibration,default,16384,16384,3,1234,19,0,100,1928698404,10492159,2309308233,135962886,16260237667,8651474884,16,524487,0.645265,0.00544002,8.36168,0.142022,0.058876,1.87948,0.532063
calibration,calibration,default,16384,16384,3,1234,20,0,99,1928803549,10315539,2309606562,136001403,16262814064,8653929480,17,524486,0.634302,0.00534815,8.36272,0.142018,0.0588851,1.87924,0.53213
naive,naive,default,64,64,3,1234,1,0,56,727834,15287,573516,17876,3269420,2641371,1,144,4.67575,0.0210034,5.46764,0.175418,0.0311691,1.23777,0.807902
naive,naive,default,64,64,3,1234,2,0,56,729103,16270,573756,18146,3278036,2561074,1,144,4.96334,0.0223151,5.53563,0.17503,0.0316267,1.27995,0.781283
naive,naive,default,64,64,3,1234,3,0,100,650436,16549,496449,16607,2825728,2475948,1,141,5.85654,0.0254429,5.87707,0.175689,0.0334516,1.14127,0.876216
naive,naive,default,64,64,3,1234,4,0,100,656047,17137,500438,16514,2849468,2373781,1,144,6.01411,0.0261216,5.79547,0.175625,0.0329991,1.20039,0.833061
naive,naive,default,64,64,3,1234,5,0,59,702844,17127,553685,17541,3160598,2547381,1,143,5.41891,0.0243681,5.5499,0.175184,0.0316805,1.24072,0.805981
naive,naive,default,64,64,3,1234,6,0,69,594474,27499,467988,14788,2673656,3531117,1,142,10.2852,0.0462577,5.531,0.175037,0.0315991,0.75717,1.32071
naive,naive,default,64,64,3,1234,7,0,90,671699,16113,516492,17160,2932564,2511492,2,142,5.49451,0.0239884,5.85153,0.176123,0.0332241,1.16766,0.856415
naive,naive,default,64,64,3,1234,8,0,91,679689,18279,522305,17175,2961032,2936637,2,144,6.17319,0.0268932,5.80034,0.176393,0.0328831,1.00831,0.991761
naive,naive,default,64,64,3,1234,9,0,100,652147,16043,497879,16489,2831624,2556081,1,144,5.66565,0.0246003,5.82316,0.175828,0.0331185,1.1078,0.902691
naive,naive,default,64,64,3,1234,10,0,57,718255,17423,565989,17728,3228395,2482938,1,144,5.3968,0.0242574,5.49127,0.175316,0.0313222,1.30023,0.769094
naive,naive,default,64,64,3,1234,11,0,66,619989,15198,488081,15425,2788795,2141230,1,144,5.44967,0.0245133,5.53106,0.175015,0.0316034,1.30243,0.767798
naive,naive,default,64,64,3,1234,12,0,59,696088,15890,548457,17394,3128659,2688499,1,144,5.07885,0.0228276,5.55957,0.175301,0.0317144,1.16372,0.859314
naive,naive,default,64,64,3,1234,13,0,100,650484,16223,497300,16321,2825539,2415753,1,142,5.74156,0.0249399,5.77624,0.176002,0.0328192,1.16963,0.854971
naive,naive,default,64,64,3,1234,14,0,57,716038,16877,564093,17620,3222648,2437759,1,145,5.237,0.02357,5.46755,0.17504,0.031236,1.32197,0.756446
naive,naive,default,64,64,3,1234,15,0,58,709838,17328,559461,17531,3191837,2424151,1,143,5.42885,0.0244112,5.49245,0.175279,0.0313355,1.31668,0.759485
naive,naive,default,64,64,3,1234,16,0,61,689888,16896,544037,17623,3101192,2544605,2,142,5.44823,0.0244909,5.68265,0.175428,0.032393,1.21873,0.820525
naive,naive,default,64,64,3,1234,17,0,100,650581,14532,497227,15145,2827543,2230218,1,143,5.13944,0.022337,5.35624,0.175851,0.0304589,1.26783,0.788748
naive,naive,default,64,64,3,1234,18,0,57,713855,15111,562164,15958,3213000,2374124,1,141,4.70308,0.0211682,4.9667,0.174965,0.0283867,1.35334,0.738912
naive,naive,default,64,64,3,1234,19,0,59,700772,14357,551556,16429,3147808,2287327,1,144,4.56095,0.0204874,5.21919,0.175219,0.0297866,1.3762,0.726641
naive,naive,default,64,64,3,1234,20,0,71,573132,27574,451096,13736,2578326,3773600,1,142,10.6945,0.0481111,5.32749,0.174957,0.0304503,0.683254,1.46359
naive,naive,default,128,128,3,1234,1,0,70,1042795,17969,868197,24678,5136085,3595381,1,181,3.49858,0.0172316,4.80483,0.169039,0.0284244,1.42852,0.700024
naive,naive,default,128,128,3,1234,2,0,66,1109136,14060,923691,24360,5463596,3204666,1,178,2.5734,0.0126765,4.4586,0.169063,0.0263725,1.70489,0.586549
naive,naive,default,128,128,3,1234,3,0,65,1124368,13673,936195,24433,5541968,3073282,1,177,2.46717,0.0121606,4.40872,0.168928,0.0260982,1.80327,0.554547
naive,naive,default,128,128,3,1234,4,0,57,1272200,15027,1060085,27337,6271550,3469586,1,179,2.39606,0.0118118,4.35889,0.169031,0.0257876,1.80758,0.553226
naive,naive,default,128,128,3,1234,5,0,77,1153013,16787,937047,24115,5509699,3343905,2,179,3.04681,0.0145592,4.37683,0.170072,0.0257351,1.64768,0.606912
naive,naive,default,128,128,3,1234,6,0,100,969858,14831,781902,21516,4581125,2893358,1,177,3.23741,0.0152919,4.69666,0.170679,0.0275175,1.58332,0.631582
naive,naive,default,128,128,3,1234,7,0,100,972074,14851,783766,21174,4588197,2836662,1,180,3.23678,0.0152776,4.61488,0.170822,0.0270157,1.61746,0.618252
naive,naive,default,128,128,3,1234,8,0,59,1243124,14862,1035223,26218,6130427,3315168,1,178,2.4243,0.0119554,4.2767,0.168866,0.0253259,1.84921,0.540773
naive,naive,default,128,128,3,1234,9,0,91,1022037,15388,827770,21881,4850606,3311414,2,180,3.17239,0.0150562,4.51098,0.170653,0.0264337,1.46481,0.68268
naive,naive,default,128,128,3,1234,10,0,100,973193,14598,784221,22473,4594057,2925661,1,179,3.17758,0.0150001,4.89175,0.170703,0.0286565,1.57026,0.636836
naive,naive,default,128,128,3,1234,11,0,67,1110220,14025,924257,23836,5460048,2960937,2,179,2.56866,0.0126326,4.36553,0.169276,0.0257894,1.84403,0.542291
naive,naive,default,128,128,3,1234,12,0,65,1131772,13598,941972,24736,5575916,2989641,1,178,2.4387,0.0120148,4.43622,0.168936,0.0262598,1.86508,0.53617
naive,naive,default,128,128,3,1234,13,0,65,1127450,13487,938690,23920,5553797,3042018,1,181,2.42843,0.0119624,4.30696,0.169018,0.0254823,1.82569,0.547737
naive,naive,default,128,128,3,1234,14,0,91,1011638,15336,818405,22995,4804417,3080058,2,178,3.19206,0.0151596,4.78622,0.170344,0.0280973,1.55985,0.641089
naive,naive,default,128,128,3,1234,15,0,86,1047316,15249,848039,22362,4983909,3147404,2,179,3.05965,0.0145601,4.48684,0.170155,0.0263691,1.5835,0.631513
naive,naive,default,128,128,3,1234,16,0,64,1143142,13627,952081,24497,5634023,3246067,1,179,2.4187,0.0119207,4.34805,0.168988,0.02573,1.73565,0.576154
naive,naive,default,128,128,3,1234,17,0,64,1147987,13723,955780,24932,5655491,3073753,1,177,2.42649,0.011954,4.40846,0.169,0.0260855,1.83993,0.543499
naive,naive,default,128,128,3,1234,18,0,100,974411,15653,784865,21440,4600318,2929565,1,178,3.40259,0.0160641,4.66055,0.170611,0.0273168,1.57031,0.636818
naive,naive,default,128,128,3,1234,19,0,56,1295059,15638,1078793,27421,6384054,3445969,1,175,2.44954,0.0120751,4.29523,0.168982,0.0254182,1.85262,0.539778
naive,naive,default,128,128,3,1234,20,0,100,970908,15404,782988,21983,4584694,2852097,1,178,3.35988,0.0158656,4.79487,0.170783,0.0280758,1.60748,0.622091
naive,naive,default,256,256,3,1234,1,0,100,2272673,17588,1939855,47681,11709434,5526855,1,326,1.50204,0.0077389,4.07202,0.165666,0.0245797,2.11864,0.472
naive,naive,default,256,256,3,1234,2,0,86,2438313,14724,2109379,50348,12775996,5482088,2,327,1.15247,0.0060386,3.94083,0.165105,0.0238686,2.3305,0.429093
naive,naive,default,256,256,3,1234,3,0,81,2491911,13508,2164310,51513,13143339,5468264,1,328,1.02774,0.00542074,3.91932,0.16467,0.0238011,2.40357,0.416048
naive,naive,default,256,256,3,1234,4,0,100,2275192,16595,1941649,45399,11716665,5202689,0,327,1.41636,0.00729389,3.87474,0.165717,0.0233817,2.25204,0.444042
naive,naive,default,256,256,3,1234,5,0,90,2392243,16401,2057541,50544,12454089,5485496,2,327,1.31692,0.00685591,4.05843,0.16521,0.0245652,2.27037,0.440457
naive,naive,default,256,256,3,1234,6,0,100,2275478,16694,1942137,46631,11722220,5281745,1,328,1.42413,0.00733648,3.978,0.16568,0.0240101,2.21938,0.450575
naive,naive,default,256,256,3,1234,7,0,80,2510428,13948,2181194,50788,13247516,5493534,1,325,1.05288,0.00555602,3.83378,0.164649,0.0232845,2.41147,0.414684
naive,naive,default,256,256,3,1234,8,0,100,2267059,16916,1934770,47644,11683141,5319816,1,323,1.4479,0.00746165,4.07801,0.165604,0.0246251,2.19616,0.455341
naive,naive,default,256,256,3,1234,9,0,81,2508060,14109,2178519,52001,13230319,5547267,1,326,1.06641,0.00562546,3.93044,0.164661,0.0238699,2.38502,0.419284
naive,naive,default,256,256,3,1234,10,0,81,2501821,14030,2172318,50544,13197850,5381356,1,323,1.06305,0.00560792,3.82971,0.164596,0.0232673,2.45251,0.407745
naive,naive,default,256,256,3,1234,11,0,100,2271590,17416,1938775,46074,11701668,5284335,1,327,1.48833,0.00766688,3.93739,0.165684,0.0237645,2.21441,0.451588
naive,naive,default,256,256,3,1234,12,0,75,2697785,14766,2344035,53931,14237085,5893657,1,324,1.03715,0.00547338,3.78806,0.164643,0.0230078,2.41566,0.413965
naive,naive,default,256,256,3,1234,13,0,81,2491304,14397,2163971,49708,13145014,5326706,1,327,1.09524,0.0057789,3.78151,0.164623,0.0229707,2.46776,0.405226
naive,naive,default,256,256,3,1234,14,0,89,2423832,16436,2083961,50525,12610553,5608360,2,327,1.30335,0.006781,4.00656,0.165255,0.0242447,2.24853,0.444735
naive,naive,default,256,256,3,1234,15,0,83,2483151,13921,2151636,51361,13042878,5554970,1,325,1.06733,0.00560618,3.93786,0.164966,0.0238707,2.34797,0.425901
naive,naive,default,256,256,3,1234,16,0,80,2540533,13931,2206889,52519,13402897,5600592,1,325,1.0394,0.00548349,3.91848,0.164658,0.0237978,2.39312,0.417864
naive,naive,default,256,256,3,1234,17,0,100,2277753,16529,1943476,46661,11730398,5579361,1,328,1.40907,0.00725671,3.97778,0.165679,0.024009,2.10246,0.475633
naive,naive,default,256,256,3,1234,18,0,81,2492767,14930,2165076,51712,13147624,5437088,1,327,1.13557,0.00598933,3.93318,0.164674,0.0238846,2.41814,0.413541
naive,naive,default,256,256,3,1234,19,0,82,2478500,13622,2152880,49799,13074956,5408020,1,326,1.04184,0.00549607,3.80873,0.164657,0.0231313,2.4177,0.413617
naive,naive,default,256,256,3,1234,20,0,81,2503890,14480,2175278,51160,13211363,5478359,1,328,1.09603,0.005783,3.87242,0.164652,0.0235188,2.41155,0.41467
naive,naive,default,512,512,3,1234,1,0,94,7672748,28407,6771899,155057,41517677,15600302,2,901,0.684215,0.00370232,3.73472,0.163109,0.0228971,2.66134,0.375751
naive,naive,default,512,512,3,1234,2,0,100,7437187,32420,6537443,152192,40013499,15424341,1,903,0.810227,0.00435918,3.80352,0.163381,0.0232801,2.59418,0.385478
naive,naive,default,512,512,3,1234,3,0,93,7732843,28691,6837484,157435,41935385,15461098,1,903,0.684172,0.00371028,3.75423,0.163048,0.0230253,2.71232,0.368689
naive,naive,default,512,512,3,1234,4,0,100,7434295,32862,6535014,151548,40007260,15115015,1,901,0.821401,0.00442032,3.78801,0.163346,0.0231902,2.64686,0.377807
naive,naive,default,512,512,3,1234,5,0,93,7729411,22222,6835172,157426,41921217,15539430,1,905,0.53009,0.00287499,3.75528,0.163048,0.0230318,2.69773,0.370682
naive,naive,default,512,512,3,1234,6,0,100,7438103,29755,6538961,151119,40017857,15217857,1,905,0.743543,0.00400035,3.77629,0.163401,0.0231106,2.62966,0.380277
naive,naive,default,512,512,3,1234,7,0,93,7741773,25489,6845526,153433,41982233,15280121,1,904,0.607138,0.0032924,3.65471,0.163058,0.0224136,2.74751,0.363966
naive,naive,default,512,512,3,1234,8,0,100,7438534,29786,6539012,150445,40019961,15214442,1,903,0.744279,0.00400428,3.75925,0.163394,0.0230073,2.63039,0.380171
naive,naive,default,512,512,3,1234,9,0,93,7732063,24577,6837090,156104,41934808,15433771,1,903,0.586076,0.00317858,3.72254,0.163041,0.0228319,2.71708,0.368042
naive,naive,default,512,512,3,1234,10,0,93,7753593,27971,6852053,155214,42025135,15378567,2,905,0.665578,0.00360749,3.69336,0.163047,0.0226522,2.73271,0.365937
naive,naive,default,512,512,3,1234,11,0,93,7701506,27148,6809352,154552,41763638,15426624,1,903,0.650039,0.00352502,3.70064,0.163045,0.022697,2.70724,0.369379
naive,naive,default,512,512,3,1234,12,0,93,7720088,23287,6827167,154975,41873915,15407046,1,902,0.556122,0.00301642,3.70099,0.163041,0.0226998,2.71784,0.367939
naive,naive,default,512,512,3,1234,13,0,92,7810671,26750,6906418,158486,42356605,15663857,1,902,0.631543,0.0034248,3.74171,0.163054,0.0229476,2.7041,0.369809
naive,naive,default,512,512,3,1234,14,0,100,7431389,26572,6533978,147567,39989701,14882222,0,902,0.664471,0.00357564,3.69013,0.163392,0.0225846,2.68708,0.372151
naive,naive,default,512,512,3,1234,15,0,93,7730097,26290,6834584,155743,41922483,15316614,1,902,0.62711,0.00340099,3.71502,0.163029,0.0227875,2.73706,0.365356
naive,naive,default,512,512,3,1234,16,0,92,7747372,23163,6851002,155573,42019756,15210575,1,904,0.551241,0.00298979,3.70238,0.163042,0.0227081,2.76254,0.361986
naive,naive,default,512,512,3,1234,17,0,93,7692059,23382,6802175,152762,41719209,15364306,1,903,0.560461,0.00303976,3.66167,0.163047,0.0224578,2.71533,0.368279
naive,naive,default,512,512,3,1234,18,0,92,7793999,26013,6887493,155327,42246251,15514493,2,904,0.615747,0.00333757,3.6767,0.163032,0.022552,2.72302,0.36724
naive,naive,default,512,512,3,1234,19,0,100,7433664,29637,6535010,149759,40000071,15113252,1,902,0.740924,0.00398686,3.74397,0.163375,0.0229164,2.64669,0.377831
naive,naive,default,512,512,3,1234,20,0,93,7725520,25374,6831156,154407,41898229,15325115,1,903,0.60561,0.00328444,3.68529,0.163042,0.0226033,2.73396,0.36577
naive,naive,default,1024,1024,3,1234,1,0,100,28088334,74518,24926308,551272,153224002,56268412,2,3208,0.486334,0.00265299,3.59782,0.162679,0.0221161,2.72309,0.36723
naive,naive,default,1024,1024,3,1234,2,0,99,28189059,61691,25022440,550082,153824898,55031329,1,3209,0.401047,0.00218847,3.57603,0.162668,0.0219835,2.79522,0.357753
naive,naive,default,1024,1024,3,1234,3,0,100,28080111,67536,24921268,554597,153192518,55663019,1,3211,0.440857,0.00240512,3.62026,0.162679,0.022254,2.75214,0.363353
naive,naive,default,1024,1024,3,1234,4,0,97,28652333,60968,25467856,561431,156644830,56259443,1,3211,0.389212,0.00212785,3.5841,0.162583,0.0220447,2.78433,0.359153
naive,naive,default,1024,1024,3,1234,5,0,97,28647192,65682,25464955,560386,156626070,56703680,1,3207,0.419355,0.00229279,3.57786,0.162584,0.0220062,2.76219,0.362032
naive,naive,default,1024,1024,3,1234,6,0,96,28729760,61308,25538223,561977,157073945,56100944,1,3209,0.390313,0.00213395,3.57779,0.162587,0.0220053,2.79984,0.357163
naive,naive,default,1024,1024,3,1234,7,0,97,28660299,59432,25476501,562580,156697682,55903280,1,3206,0.379278,0.00207367,3.59023,0.162584,0.0220823,2.80301,0.356759
naive,naive,default,1024,1024,3,1234,8,0,97,28538841,64711,25359159,557139,155941215,55788680,2,3209,0.41497,0.00226747,3.57275,0.16262,0.0219699,2.79521,0.357755
naive,naive,default,1024,1024,3,1234,9,0,100,28081405,74600,24922270,550954,153195165,56045886,1,3209,0.486961,0.00265656,3.59642,0.162683,0.0221069,2.73339,0.365846
naive,naive,default,1024,1024,3,1234,10,0,97,28669519,59150,25483390,561996,156739934,55870713,1,3210,0.377377,0.00206317,3.58553,0.162584,0.0220534,2.8054,0.356455
naive,naive,default,1024,1024,3,1234,11,0,97,28646904,63354,25462089,558287,156607676,56332593,1,3208,0.40454,0.00221155,3.56488,0.162585,0.0219262,2.78005,0.359705
naive,naive,default,1024,1024,3,1234,12,0,98,28415590,62272,25235823,557155,155168861,55768737,2,3210,0.401318,0.00219147,3.59064,0.162635,0.0220779,2.78236,0.359407
naive,naive,default,1024,1024,3,1234,13,0,97,28635783,52287,25454981,562330,156562775,59699779,1,3206,0.333968,0.00182593,3.59172,0.162586,0.0220912,2.6225,0.381315
naive,naive,default,1024,1024,3,1234,14,0,100,28078212,47465,24919117,548101,153182378,55952593,0,3208,0.309859,0.00169046,3.57809,0.162676,0.0219952,2.73772,0.365268
naive,naive,default,1024,1024,3,1234,15,0,97,28629170,61488,25447183,561794,156515772,55928920,1,3210,0.392855,0.00214774,3.58938,0.162585,0.0220769,2.79848,0.357337
naive,naive,default,1024,1024,3,1234,16,0,97,28642872,66243,25460058,559351,156597919,56158207,1,3209,0.423013,0.00231272,3.57189,0.162582,0.0219697,2.78851,0.358614
naive,naive,default,1024,1024,3,1234,17,0,96,28701749,62191,25513554,564183,156923801,56213025,1,3209,0.396313,0.0021668,3.59527,0.162586,0.0221131,2.79159,0.358219
naive,naive,default,1024,1024,3,1234,18,0,100,28077250,68395,24918568,547158,153177365,55558139,0,3208,0.446509,0.00243596,3.57206,0.162678,0.0219578,2.75706,0.362705
naive,naive,default,1024,1024,3,1234,19,0,97,28506412,57724,25338571,558432,155849978,56043233,1,3210,0.370382,0.00202495,3.58314,0.162583,0.0220388,2.78089,0.359597
naive,naive,default,1024,1024,3,1234,20,0,97,28646256,67446,25461779,560109,156608868,55936386,1,3208,0.430665,0.00235444,3.57648,0.162582,0.021998,2.79977,0.357173
naive,naive,default,2048,2048,3,1234,1,0,100,110619445,229991,98429944,2153431,605773570,215758452,1,12427,0.379665,0.00207912,3.55484,0.162486,0.0218778,2.80765,0.35617
naive,naive,default,2048,2048,3,1234,2,0,99,111415143,202090,99179491,2164383,610474308,215841806,2,12428,0.331038,0.00181385,3.54541,0.162463,0.0218229,2.82834,0.353564
naive,naive,default,2048,2048,3,1234,3,0,99,111215144,249367,98992938,2160851,609326143,216126086,5,12428,0.40925,0.0022422,3.5463,0.162463,0.0218283,2.81931,0.354697
naive,naive,default,2048,2048,3,1234,4,0,99,111212030,211767,98999113,2158836,609362365,216855805,2,12429,0.347522,0.00190417,3.54278,0.162463,0.0218066,2.80999,0.355873
naive,naive,default,2048,2048,3,1234,5,0,99,111432126,208611,99196190,2160590,610572701,216452807,1,12429,0.341664,0.00187209,3.53863,0.162464,0.021781,2.82081,0.354508
naive,naive,default,2048,2048,3,1234,6,0,99,111453010,179770,99214239,2162212,610685119,217335982,1,12430,0.294374,0.00161297,3.54063,0.162464,0.0217934,2.80987,0.355889
naive,naive,default,2048,2048,3,1234,7,0,99,111471574,263570,99229963,2164661,610784794,216722547,1,12430,0.431527,0.00236446,3.54406,0.162463,0.0218146,2.81828,0.354826
naive,naive,default,2048,2048,3,1234,8,0,99,111264961,199651,99044647,2168304,609641174,216780181,3,12429,0.327489,0.00179437,3.55669,0.162464,0.0218922,2.81226,0.355587
naive,naive,default,2048,2048,3,1234,9,0,99,111116818,236962,98914574,2153295,608840178,214876639,2,12431,0.389202,0.00213255,3.53672,0.162464,0.0217692,2.83344,0.352928
naive,naive,default,2048,2048,3,1234,10,0,99,111434552,256486,99196469,2161205,610571045,215954510,2,12428,0.420076,0.00230167,3.53965,0.162465,0.0217871,2.82731,0.353693
naive,naive,default,2048,2048,3,1234,11,0,99,111298954,214412,99067758,2156982,609791387,215912573,3,12431,0.351615,0.00192645,3.53725,0.162462,0.0217728,2.82425,0.354076
naive,naive,default,2048,2048,3,1234,12,0,99,111375092,251391,99144385,2167045,610257380,215775205,2,12428,0.411943,0.00225716,3.55103,0.162463,0.0218575,2.82821,0.353581
naive,naive,default,2048,2048,3,1234,13,0,99,110777902,209397,98578784,2156022,606690756,216318436,2,12430,0.345146,0.00189024,3.55374,0.162486,0.0218711,2.80462,0.356555
naive,naive,default,2048,2048,3,1234,14,0,99,111308264,255211,99083713,2157593,609858481,215528429,2,12428,0.418476,0.00229283,3.53786,0.16247,0.0217755,2.8296,0.353407
naive,naive,default,2048,2048,3,1234,15,0,98,111493518,243942,99251858,2162838,610913646,216362298,1,12431,0.399307,0.00218795,3.54033,0.162465,0.0217914,2.82357,0.354162
naive,naive,default,2048,2048,3,1234,16,0,99,111396378,206651,99162426,2158806,610370294,216415281,1,12427,0.338567,0.0018551,3.53688,0.162463,0.0217704,2.82037,0.354564
naive,naive,default,2048,2048,3,1234,17,0,99,111376972,171254,99146757,2162321,610267748,217414535,1,12429,0.280621,0.00153761,3.54323,0.162464,0.0218093,2.80693,0.356261
naive,naive,default,2048,2048,3,1234,18,0,98,111489347,187242,99246556,2162708,610885172,217646801,1,12428,0.306509,0.00167946,3.54029,0.162464,0.0217913,2.80677,0.356281
naive,naive,default,2048,2048,3,1234,19,0,99,111196629,252344,98982516,2158163,609258991,216611387,3,12428,0.414182,0.00226935,3.54228,0.162464,0.0218035,2.81268,0.355533
naive,naive,default,2048,2048,3,1234,20,0,98,111508100,245591,99262537,2166599,610980586,217944882,1,12430,0.401962,0.00220245,3.5461,0.162464,0.021827,2.80337,0.356713
naive,naive,default,4096,4096,3,1234,1,0,99,442072190,934796,393634574,8561136,2423508973,872075994,4,49301,0.38572,0.00211458,3.53254,0.162423,0.0217489,2.77901,0.35984
naive,naive,default,4096,4096,3,1234,2,0,99,441940626,911236,393540422,8550823,2422868699,856850035,4,49300,0.376098,0.0020619,3.52921,0.162427,0.0217279,2.82765,0.353651
naive,naive,default,4096,4096,3,1234,3,0,99,441838078,968563,393446417,8549619,2422294866,855994757,1,49301,0.399853,0.00219212,3.52955,0.162427,0.0217301,2.8298,0.353382
naive,naive,default,4096,4096,3,1234,4,0,99,441684468,937180,393311185,8538669,2421474679,853909166,4,49300,0.387029,0.00212183,3.52623,0.162426,0.0217097,2.83575,0.35264
naive,naive,default,4096,4096,3,1234,5,0,99,441428861,793317,393054887,8539500,2419834705,859339664,3,49302,0.327839,0.00179716,3.52896,0.16243,0.021726,2.81592,0.355123
naive,naive,default,4096,4096,3,1234,6,0,99,441744013,780963,393364005,8540149,2421783867,857937940,1,49300,0.322474,0.00176791,3.52639,0.162427,0.0217106,2.8228,0.354259
naive,naive,default,4096,4096,3,1234,7,0,99,441887649,870033,393490624,8544663,2422569955,856854342,1,49302,0.359136,0.0019689,3.52711,0.162427,0.021715,2.82728,0.353696
naive,naive,default,4096,4096,3,1234,8,0,99,441738112,961328,393355427,8550371,2421740822,854172080,2,49298,0.396957,0.00217624,3.53067,0.162427,0.021737,2.83519,0.35271
naive,naive,default,4096,4096,3,1234,9,0,99,441916413,838575,393515090,8544683,2422743082,855988464,3,49303,0.346126,0.00189759,3.52686,0.162425,0.0217137,2.83035,0.353314
naive,naive,default,4096,4096,3,1234,10,0,99,441545189,891505,393179996,8547652,2420652847,866193864,5,49301,0.368291,0.00201906,3.53114,0.162427,0.0217398,2.79459,0.357835
naive,naive,default,4096,4096,3,1234,11,0,99,442055528,882194,393634628,8549883,2423463104,856545587,1,49303,0.364022,0.00199566,3.52796,0.162426,0.0217204,2.82935,0.353439
naive,naive,default,4096,4096,3,1234,12,0,100,441011117,771607,392661598,8529699,2417393417,855094380,3,49299,0.31919,0.00174963,3.52847,0.162432,0.0217228,2.82705,0.353726
naive,naive,default,4096,4096,3,1234,13,0,100,440986082,921963,392645977,8525192,2417276323,853807906,2,49298,0.381406,0.00209069,3.52678,0.162433,0.0217122,2.83117,0.353211
naive,naive,default,4096,4096,3,1234,14,0,100,440990056,834004,392648789,8528524,2417308182,852110883,0,49302,0.345014,0.00189121,3.52811,0.162432,0.0217205,2.83685,0.352504
naive,naive,default,4096,4096,3,1234,15,0,99,441513134,874098,393123109,8537819,2420245800,857301413,1,49303,0.361161,0.00197978,3.52767,0.162431,0.0217179,2.8231,0.354221
naive,naive,default,4096,4096,3,1234,16,0,99,441789659,989233,393395375,8552589,2421972380,854482344,4,49301,0.408441,0.00223915,3.53125,0.162428,0.0217404,2.83443,0.352804
naive,naive,default,4096,4096,3,1234,17,0,99,441612792,990527,393238786,8537876,2421024917,853953248,5,49301,0.409135,0.00224298,3.52655,0.162427,0.0217117,2.83508,0.352724
naive,naive,default,4096,4096,3,1234,18,0,99,441516046,827749,393148393,8547547,2420450779,856032548,2,49302,0.341981,0.00187479,3.53139,0.162428,0.0217413,2.82752,0.353667
naive,naive,default,4096,4096,3,1234,19,0,99,441886813,810469,393486745,8546731,2422535445,856253724,3,49302,0.334554,0.00183411,3.52801,0.162428,0.0217205,2.82923,0.353454
naive,naive,default,4096,4096,3,1234,20,0,100,441028441,871885,392677717,8534039,2417475267,857130276,3,49300,0.360659,0.00197694,3.53015,0.162433,0.0217329,2.82043,0.354556
naive,naive,default,8192,8192,3,1234,1,0,100,1763175165,3908666,1570284079,34067647,9668368135,3415201432,5,196775,0.404274,0.00221683,3.52362,0.162415,0.0216952,2.83098,0.353235
naive,naive,default,8192,8192,3,1234,2,0,99,1764239207,3879095,1571289788,34095194,9674655169,3415651475,10,196775,0.400954,0.00219874,3.52418,0.162413,0.0216989,2.83245,0.353051
naive,naive,default,8192,8192,3,1234,3,0,100,1763236777,4084105,1570351148,34064024,9668816158,3403834564,3,196771,0.4224,0.00231625,3.52308,0.162414,0.021692,2.84057,0.352043
naive,naive,default,8192,8192,3,1234,4,0,99,1763923118,4203088,1571007658,34084626,9672968428,3418444611,7,196775,0.434519,0.00238281,3.5237,0.162412,0.021696,2.82964,0.353402
naive,naive,default,8192,8192,3,1234,5,0,99,1763827827,3532059,1570914079,34069811,9672330254,3408635745,7,196776,0.365171,0.0020025,3.5224,0.162413,0.0216879,2.8376,0.352411
naive,naive,default,8192,8192,3,1234,6,0,99,1763823757,3905044,1570912107,34071394,9672319709,3410047484,14,196772,0.403734,0.00221396,3.52257,0.162413,0.0216889,2.83642,0.352557
naive,naive,default,8192,8192,3,1234,7,0,99,1763596715,3893452,1570700069,34075290,9671012754,3405639163,5,196773,0.40259,0.00220768,3.52345,0.162413,0.0216943,2.83971,0.352149
naive,naive,default,8192,8192,3,1234,8,0,100,1763188595,3852286,1570309744,34058813,9668572624,3409351472,6,196772,0.398434,0.00218484,3.52263,0.162414,0.0216892,2.8359,0.352622
naive,naive,default,8192,8192,3,1234,9,0,100,1763247531,4236682,1570357591,34043964,9668831121,3419067876,6,196774,0.438179,0.00240277,3.521,0.162414,0.0216791,2.82791,0.353617
naive,naive,default,8192,8192,3,1234,10,0,99,1764121931,3734852,1571184089,34084432,9674006394,3411764575,7,196770,0.386071,0.00211712,3.5233,0.162413,0.0216935,2.83548,0.352673
naive,naive,default,8192,8192,3,1234,11,0,99,1763782816,4077123,1570879588,34068344,9672146903,3415585249,12,196774,0.421532,0.00231158,3.52231,0.162413,0.0216874,2.83177,0.353136
naive,naive,default,8192,8192,3,1234,12,0,99,1764033227,4010744,1571103696,34068733,9673502823,3400179509,7,196775,0.414611,0.00227362,3.52186,0.162413,0.0216846,2.845,0.351494
naive,naive,default,8192,8192,3,1234,13,0,99,1763738009,3795595,1570839008,34091931,9671921532,3403513202,10,196771,0.392434,0.00215202,3.52484,0.162412,0.021703,2.84175,0.351896
naive,naive,default,8192,8192,3,1234,14,0,100,1763224981,4020324,1570341598,34084304,9668735460,3417460965,8,196774,0.415807,0.0022801,3.52521,0.162414,0.021705,2.82922,0.353455
naive,naive,default,8192,8192,3,1234,15,0,99,1764070871,3796419,1571133278,34090563,9673648776,3411863300,7,196773,0.39245,0.00215208,3.52406,0.162414,0.0216981,2.8353,0.352697
naive,naive,default,8192,8192,3,1234,16,0,100,1763189109,3947369,1570314957,34082019,9668593870,3408705269,6,196771,0.408267,0.00223877,3.52502,0.162414,0.0217039,2.83644,0.352554
naive,naive,default,8192,8192,3,1234,17,0,99,1763804081,3992511,1570896421,34083412,9672249538,3410092306,10,196774,0.41278,0.00226358,3.52384,0.162413,0.0216968,2.83636,0.352565
naive,naive,default,8192,8192,3,1234,18,0,99,1763803423,3799440,1570897211,34099483,9672255622,3410352269,6,196774,0.392818,0.00215412,3.52549,0.162413,0.021707,2.83615,0.352591
naive,naive,default,8192,8192,3,1234,19,0,99,1763843400,4124542,1570935034,34078746,9672490934,3411207881,12,196774,0.42642,0.00233838,3.52326,0.162413,0.0216933,2.8355,0.352671
naive,naive,default,8192,8192,3,1234,20,0,99,1763825637,3903679,1570916233,34075392,9672344450,3411864574,6,196775,0.403592,0.00221319,3.52297,0.162413,0.0216914,2.83491,0.352744
naive,naive,default,16384,16384,3,1234,1,0,99,7053986146,30378872,6283685829,136126278,38690485758,13526409946,23,786631,0.785177,0.00430662,3.51834,0.162409,0.0216634,2.86037,0.349606
naive,naive,default,16384,16384,3,1234,2,0,100,7052796324,29950812,6282530276,136125544,38683344628,13529517597,25,786630,0.774256,0.00424666,3.51897,0.162409,0.0216673,2.85918,0.34975
naive,naive,default,16384,16384,3,1234,3,0,99,7053484176,29282829,6283194947,136271833,38687424844,13556663061,23,786628,0.756908,0.00415154,3.52238,0.162409,0.0216883,2.85376,0.350415
naive,naive,default,16384,16384,3,1234,4,0,100,7052773590,28051953,6282517442,136182232,38683237930,13558666449,21,786631,0.725171,0.00397744,3.52045,0.162409,0.0216764,2.85303,0.350505
naive,naive,default,16384,16384,3,1234,5,0,99,7053810420,28375093,6283474794,136164092,38689188853,13556952492,20,786629,0.733411,0.00402266,3.51944,0.162409,0.0216702,2.85383,0.350407
naive,naive,default,16384,16384,3,1234,6,0,99,7053396452,29282843,6283107745,136232850,38686956166,13525136244,26,786629,0.756918,0.00415159,3.52142,0.162409,0.0216824,2.86037,0.349605
naive,naive,default,16384,16384,3,1234,7,0,99,7053671316,28827764,6283368006,136117404,38688643570,13510768751,18,786628,0.745122,0.00408692,3.51828,0.162409,0.0216631,2.86354,0.349218
naive,naive,default,16384,16384,3,1234,8,0,99,7053537591,28416854,6283232479,136248447,38687713063,13550724535,23,786631,0.734519,0.00402874,3.52175,0.162409,0.0216845,2.85503,0.350259
naive,naive,default,16384,16384,3,1234,9,0,100,7052823132,28898194,6282545925,136176936,38683435754,13539456918,26,786630,0.747043,0.00409739,3.52029,0.162409,0.0216754,2.85709,0.350007
naive,naive,default,16384,16384,3,1234,10,0,99,7053431985,29724375,6283139919,136190428,38687136742,13536772950,20,786628,0.768327,0.00421417,3.5203,0.162409,0.0216755,2.85793,0.349904
naive,naive,default,16384,16384,3,1234,11,0,99,7053724501,29750710,6283409417,136164985,38688782724,13535721622,19,786628,0.768975,0.00421773,3.5195,0.162409,0.0216706,2.85827,0.349862
naive,naive,default,16384,16384,3,1234,12,0,99,7053493153,29546564,6283175614,136150180,38687311253,13558413899,24,786627,0.763728,0.00418893,3.51925,0.162409,0.021669,2.85338,0.350462
naive,naive,default,16384,16384,3,1234,13,0,99,7053372271,29273721,6283078935,136215508,38686824684,13540447801,22,786631,0.756685,0.00415032,3.52098,0.162409,0.0216797,2.85713,0.350002
naive,naive,default,16384,16384,3,1234,14,0,99,7053072210,29384353,6282795547,136167527,38684989003,13530404747,22,786628,0.75958,0.00416618,3.51991,0.162409,0.0216731,2.85912,0.349759
naive,naive,default,16384,16384,3,1234,15,0,99,7053443033,28963797,6283145862,136161751,38687162139,13553454524,24,786628,0.748667,0.00410633,3.51956,0.162409,0.021671,2.85441,0.350335
naive,naive,default,16384,16384,3,1234,16,0,100,7052874275,29396156,6282599111,136192928,38683725238,13551610584,24,786627,0.75991,0.00416797,3.52068,0.162409,0.0216778,2.85455,0.350318
naive,naive,default,16384,16384,3,1234,17,0,99,7053222599,29214340,6282951241,136171799,38686154265,13527298337,22,786628,0.755163,0.00414198,3.51991,0.162408,0.0216732,2.85986,0.349668
naive,naive,default,16384,16384,3,1234,18,0,99,7053757944,29597429,6283436267,136227282,38689008973,13534736198,15,786631,0.765009,0.00419598,3.52108,0.162409,0.0216804,2.8585,0.349834
naive,naive,default,16384,16384,3,1234,19,0,100,7052688928,29157571,6282448651,136099385,38682888345,13508913273,15,786632,0.753759,0.00413425,3.51834,0.162409,0.0216634,2.86351,0.349222
naive,naive,default,16384,16384,3,1234,20,0,100,7052871136,29205091,6282602326,136139316,38683718570,13551709779,18,786631,0.754971,0.00414088,3.51929,0.162409,0.0216693,2.85453,0.350321
reorder_base,reorder,default,64,64,3,1234,1,0,100,644449,14451,474105,15287,2744651,2148024,0,141,5.26515,0.0224238,5.56974,0.172738,0.0322439,1.27776,0.782622
reorder_base,reorder,default,64,64,3,1234,2,0,58,704889,14935,523531,18475,3078292,2539164,1,142,4.85172,0.0211877,6.0017,0.170072,0.0352892,1.21233,0.824861
reorder_base,reorder,default,64,64,3,1234,3,0,58,699608,16781,519497,18004,3058280,2416753,1,141,5.48707,0.0239863,5.88697,0.169866,0.0346566,1.26545,0.790233
reorder_base,reorder,default,64,64,3,1234,4,0,48,849798,19920,631345,22248,3710870,2931791,1,141,5.36801,0.0234409,5.99536,0.170134,0.0352391,1.26573,0.790055
reorder_base,reorder,default,64,64,3,1234,5,0,100,647908,15151,476729,15014,2760886,2203624,0,142,5.48773,0.0233845,5.43811,0.172672,0.0314938,1.25288,0.798158
reorder_base,reorder,default,64,64,3,1234,6,0,100,649863,14256,477719,15189,2768407,2134380,0,143,5.14953,0.0219369,5.48655,0.172561,0.0317948,1.29705,0.770978
reorder_base,reorder,default,64,64,3,1234,7,0,45,898590,21839,667350,23265,3922325,2927566,1,143,5.56787,0.0243036,5.93143,0.170141,0.0348618,1.33979,0.746385
reorder_base,reorder,default,64,64,3,1234,8,0,69,716069,15559,531608,17690,3099550,2498664,1,145,5.01976,0.0217284,5.70728,0.171511,0.0332764,1.24048,0.806138
reorder_base,reorder,default,64,64,3,1234,9,0,59,695493,14736,516713,18143,3035338,2524810,1,140,4.85481,0.0211878,5.97726,0.170232,0.0351123,1.2022,0.831805
reorder_base,reorder,default,64,64,3,1234,10,0,100,644204,16067,473785,16972,2745826,2485711,1,139,5.85143,0.0249409,6.18102,0.172547,0.0358222,1.10464,0.905269
reorder_base,reorder,default,64,64,3,1234,11,0,57,720125,15925,534951,18715,3141447,2452728,1,143,5.06932,0.0221142,5.95745,0.170288,0.0349845,1.2808,0.780764
reorder_base,reorder,default,64,64,3,1234,12,0,95,660117,16495,486986,15863,2817086,2262725,1,142,5.85534,0.024988,5.631,0.172869,0.0325738,1.245,0.803215
reorder_base,reorder,default,64,64,3,1234,13,0,58,706577,16730,524601,18766,3088141,2510174,1,140,5.4175,0.0236775,6.0768,0.169876,0.0357719,1.23025,0.812843
reorder_base,reorder,default,64,64,3,1234,14,0,55,759652,18356,565533,19956,3313718,2981992,1,143,5.5394,0.0241637,6.02224,0.170664,0.0352871,1.11124,0.899893
reorder_base,reorder,default,64,64,3,1234,15,0,99,651643,14668,479430,15505,2773989,2236922,1,144,5.28769,0.0225093,5.58942,0.172831,0.0323405,1.24009,0.806392
reorder_base,reorder,default,64,64,3,1234,16,0,67,694342,16181,517120,18533,3019244,2635644,2,144,5.35929,0.0233041,6.13829,0.171275,0.0358389,1.14554,0.872948
reorder_base,reorder,default,64,64,3,1234,17,0,56,726484,14785,539461,18376,3172915,2470964,1,142,4.65975,0.0203514,5.79152,0.170021,0.0340636,1.28408,0.778768
reorder_base,reorder,default,64,64,3,1234,18,0,51,801658,16553,595418,18756,3499785,2819173,1,140,4.72972,0.0206485,5.35919,0.17013,0.0315006,1.24142,0.805527
reorder_base,reorder,default,64,64,3,1234,19,0,57,720370,14757,534720,16772,3145728,2480331,1,141,4.69112,0.0204853,5.33168,0.169983,0.0313659,1.26827,0.788476
reorder_base,reorder,default,64,64,3,1234,20,0,55,743571,14903,552731,16921,3246995,2492626,1,144,4.58978,0.0200425,5.21128,0.170228,0.0306134,1.30264,0.767672
reorder_base,reorder,default,128,128,3,1234,1,0,64,1149367,14280,835159,27739,5294636,3110320,1,179,2.69707,0.0124242,5.23908,0.157737,0.033214,1.70228,0.587447
reorder_base,reorder,default,128,128,3,1234,2,0,100,969497,14576,703805,22136,4341251,2685060,0,179,3.35756,0.0150346,5.09899,0.16212,0.0314519,1.61682,0.618499
reorder_base,reorder,default,128,128,3,1234,3,0,100,967879,15902,702468,23290,4336905,2812658,1,177,3.66667,0.0164297,5.37019,0.161974,0.0331545,1.54192,0.64854
reorder_base,reorder,default,128,128,3,1234,4,0,66,1121947,15249,814571,24937,5155994,2805950,1,180,2.95753,0.0135916,4.83651,0.157985,0.0306137,1.83752,0.544211
reorder_base,reorder,default,128,128,3,1234,5,0,65,1111580,14146,807421,26487,5121492,2849227,1,178,2.76209,0.012726,5.17174,0.157653,0.0328044,1.7975,0.556328
reorder_base,reorder,default,128,128,3,1234,6,0,62,1183357,15817,860367,28340,5449910,3090087,1,177,2.90225,0.0133662,5.20009,0.157868,0.0329394,1.76368,0.566998
reorder_base,reorder,default,128,128,3,1234,7,0,69,1120246,16056,817489,24915,5138430,2946143,2,180,3.12469,0.0143326,4.84876,0.159093,0.0304775,1.74412,0.573355
reorder_base,reorder,default,128,128,3,1234,8,0,62,1169940,15818,850645,25536,5390194,2968949,1,178,2.93459,0.0135204,4.73749,0.157813,0.0300196,1.81552,0.550806
reorder_base,reorder,default,128,128,3,1234,9,0,100,970418,14725,704591,20134,4344577,2742390,0,179,3.38928,0.0151739,4.63428,0.162177,0.0285754,1.58423,0.631221
reorder_base,reorder,default,128,128,3,1234,10,0,100,981138,15646,711189,21088,4387979,2636524,0,180,3.56565,0.0159468,4.80586,0.162077,0.0296518,1.6643,0.600852
reorder_base,reorder,default,128,128,3,1234,11,0,64,1140618,15797,829068,25466,5255305,2831304,1,180,3.00591,0.0138495,4.84577,0.157758,0.0307164,1.85614,0.538752
reorder_base,reorder,default,128,128,3,1234,12,0,64,1141459,17336,830063,23889,5260114,2818069,1,178,3.29575,0.0151876,4.54154,0.157803,0.0287797,1.86657,0.535743
reorder_base,reorder,default,128,128,3,1234,13,0,65,1133736,14468,823473,26580,5222437,2933631,1,176,2.77035,0.0127613,5.08958,0.15768,0.0322779,1.7802,0.561736
reorder_base,reorder,default,128,128,3,1234,14,0,95,1012003,17695,734962,22534,4535909,2866178,1,178,3.90109,0.0174851,4.96791,0.162032,0.0306601,1.58256,0.631886
reorder_base,reorder,default,128,128,3,1234,15,0,65,1129056,16178,820392,25848,5200510,2935437,1,179,3.11085,0.0143288,4.97028,0.157752,0.0315069,1.77163,0.564452
reorder_base,reorder,default,128,128,3,1234,16,0,64,1137157,13971,826931,25512,5240852,2950310,1,176,2.66579,0.0122859,4.86791,0.157786,0.0308514,1.77637,0.562945
reorder_base,reorder,default,128,128,3,1234,17,0,63,1148479,14069,834594,25878,5290072,2991861,1,177,2.65951,0.0122501,4.8918,0.157766,0.0310067,1.76815,0.565561
reorder_base,reorder,default,128,128,3,1234,18,0,100,969277,14893,703806,21234,4341519,2681798,0,178,3.43037,0.0153651,4.89091,0.162111,0.0301702,1.61888,0.61771
reorder_base,reorder,default,128,128,3,1234,19,0,65,1127527,15931,819312,26424,5192035,2926990,1,179,3.06835,0.0141292,5.08933,0.157802,0.0322514,1.77385,0.563746
reorder_base,reorder,default,128,128,3,1234,20,0,71,1097614,15664,801158,24682,5028227,2909423,2,180,3.11521,0.014271,4.90869,0.159332,0.0308079,1.72826,0.578618
reorder_base,reorder,default,256,256,3,1234,1,0,79,2545788,18888,1813147,52599,12195121,5095062,1,325,1.54882,0.00741931,4.31312,0.148678,0.0290098,2.39352,0.417795
reorder_base,reorder,default,256,256,3,1234,2,0,100,2268400,20879,1618345,49240,10696534,5175952,1,325,1.95194,0.00920428,4.60336,0.151296,0.0304261,2.06658,0.483891
reorder_base,reorder,default,256,256,3,1234,3,0,100,2264185,20323,1614817,47320,10677598,4813389,0,326,1.90333,0.00897586,4.43171,0.151234,0.0293036,2.21831,0.450793
reorder_base,reorder,default,256,256,3,1234,4,0,79,2555231,19671,1819568,54187,12239206,5120562,1,326,1.60721,0.00769833,4.42733,0.148667,0.0297801,2.39021,0.418374
reorder_base,reorder,default,256,256,3,1234,5,0,79,2558580,16105,1822152,53471,12255793,5063112,1,327,1.31407,0.00629451,4.36292,0.148677,0.029345,2.4206,0.41312
reorder_base,reorder,default,256,256,3,1234,6,0,80,2532507,19004,1803581,53348,12129968,5156934,1,325,1.5667,0.00750403,4.39803,0.148688,0.0295789,2.35217,0.42514
reorder_base,reorder,default,256,256,3,1234,7,0,79,2562112,16684,1824814,53927,12268974,5192050,1,326,1.35985,0.00651182,4.3954,0.148734,0.0295521,2.36303,0.423185
reorder_base,reorder,default,256,256,3,1234,8,0,79,2561859,17484,1824787,52965,12264979,5192140,1,326,1.42552,0.00682473,4.31839,0.14878,0.0290253,2.36222,0.423331
reorder_base,reorder,default,256,256,3,1234,9,0,79,2554764,20961,1818371,53384,12230368,5186593,1,325,1.71385,0.00820467,4.36487,0.148677,0.0293581,2.35807,0.424075
reorder_base,reorder,default,256,256,3,1234,10,0,83,2515348,24934,1792268,54753,12001095,5264689,1,326,2.07764,0.00991274,4.56233,0.149342,0.0305496,2.27954,0.438684
reorder_base,reorder,default,256,256,3,1234,11,0,95,2335753,18910,1664978,50998,11039475,5183200,2,328,1.71294,0.00809589,4.6196,0.15082,0.0306298,2.12986,0.469515
reorder_base,reorder,default,256,256,3,1234,12,0,100,2286229,18954,1630341,50544,10769900,5169756,2,327,1.7599,0.00829051,4.69308,0.151379,0.0310021,2.08325,0.480019
reorder_base,reorder,default,256,256,3,1234,13,0,96,2314252,19337,1651738,48606,10935044,4943117,1,326,1.76835,0.00835562,4.44498,0.15105,0.0294272,2.21218,0.452044
reorder_base,reorder,default,256,256,3,1234,14,0,80,2523085,16876,1796868,53866,12084925,5138956,1,325,1.39645,0.00668864,4.45729,0.148687,0.0299777,2.35163,0.425237
reorder_base,reorder,default,256,256,3,1234,15,0,94,2363355,18544,1683975,49343,11169004,5033794,1,329,1.66031,0.00784647,4.41785,0.150772,0.0293015,2.2188,0.450693
reorder_base,reorder,default,256,256,3,1234,16,0,79,2566414,16253,1826995,53696,12283125,5241413,1,325,1.3232,0.00633296,4.37153,0.14874,0.0293903,2.34348,0.426717
reorder_base,reorder,default,256,256,3,1234,17,0,79,2606589,18570,1853139,54951,12459046,5462297,1,327,1.49048,0.00712425,4.41053,0.148738,0.0296529,2.28092,0.43842
reorder_base,reorder,default,256,256,3,1234,18,0,100,2268712,23241,1618691,48868,10698650,5108989,1,324,2.17233,0.0102441,4.56768,0.151299,0.0301898,2.09408,0.477536
reorder_base,reorder,default,256,256,3,1234,19,0,77,2617687,20209,1864102,55446,12534003,5355164,1,326,1.61233,0.00772017,4.42365,0.148724,0.0297441,2.34055,0.427251
reorder_base,reorder,default,256,256,3,1234,20,0,79,2546146,18705,1813046,52860,12193737,5062707,1,326,1.53398,0.0073464,4.33501,0.148687,0.0291554,2.40854,0.415189
reorder_base,reorder,default,512,512,3,1234,1,0,93,7736370,58842,5455538,156761,37606174,14143759,1,903,1.56469,0.00760589,4.16849,0.14507,0.0287343,2.65885,0.376102
reorder_base,reorder,default,512,512,3,1234,2,0,100,7431005,62032,5245722,151524,35939720,14044124,1,903,1.726,0.00834773,4.21606,0.145959,0.0288853,2.55906,0.390769
reorder_base,reorder,default,512,512,3,1234,3,0,92,7779447,49006,5486881,156759,37818039,13778282,1,904,1.29584,0.00629942,4.14509,0.145086,0.0285698,2.74476,0.364331
reorder_base,reorder,default,512,512,3,1234,4,0,93,7744555,67886,5461949,160051,37640687,14279720,1,903,1.80353,0.00876564,4.25207,0.145108,0.0293029,2.63595,0.379369
reorder_base,reorder,default,512,512,3,1234,5,0,98,7483028,62556,5280844,153225,36222630,14176876,2,903,1.72699,0.00835972,4.23009,0.145789,0.0290152,2.55505,0.391382
reorder_base,reorder,default,512,512,3,1234,6,0,92,7803488,55181,5503221,158830,37934249,14239455,1,901,1.45465,0.00707133,4.18698,0.145073,0.0288613,2.66402,0.375372
reorder_base,reorder,default,512,512,3,1234,7,0,92,7766479,69277,5476891,156849,37738969,14094216,2,901,1.83569,0.00892,4.15615,0.145126,0.0286383,2.67762,0.373466
reorder_base,reorder,default,512,512,3,1234,8,0,97,7555706,52431,5331615,154469,36563660,14436511,3,902,1.43396,0.00693926,4.22466,0.145817,0.0289723,2.53272,0.394832
reorder_base,reorder,default,512,512,3,1234,9,0,98,7519170,53463,5307671,156048,36378653,14160604,1,906,1.46963,0.00711023,4.28955,0.145901,0.0294005,2.569,0.389256
reorder_base,reorder,default,512,512,3,1234,10,0,92,7794682,56801,5497440,159015,37890602,14255627,1,900,1.49908,0.00728715,4.19669,0.145087,0.0289253,2.65794,0.376231
reorder_base,reorder,default,512,512,3,1234,11,0,96,7618183,52808,5375320,156545,36902305,14227517,1,901,1.43102,0.00693184,4.24215,0.145664,0.0291229,2.59373,0.385545
reorder_base,reorder,default,512,512,3,1234,12,0,100,7430578,51447,5244805,153069,35935500,13919688,0,904,1.43165,0.00692369,4.25955,0.145951,0.0291849,2.58163,0.387352
reorder_base,reorder,default,512,512,3,1234,13,0,92,7789324,54055,5493725,160893,37864130,14222749,1,904,1.4276,0.00693963,4.24922,0.14509,0.0292867,2.66222,0.375626
reorder_base,reorder,default,512,512,3,1234,14,0,92,7754289,68329,5469277,158453,37691659,14480226,1,903,1.81284,0.00881177,4.20393,0.145106,0.0289715,2.60297,0.384176
reorder_base,reorder,default,512,512,3,1234,15,0,100,7436717,55877,5249348,152916,35962929,14139855,1,906,1.55374,0.00751366,4.25205,0.145966,0.0291305,2.54337,0.393179
reorder_base,reorder,default,512,512,3,1234,16,0,92,7756832,36788,5470985,158692,37706329,14324712,2,902,0.975645,0.00474266,4.20863,0.145095,0.0290061,2.63226,0.379902
reorder_base,reorder,default,512,512,3,1234,17,0,92,7785401,65865,5490061,158897,37842249,14199389,1,902,1.74051,0.00846007,4.19893,0.145078,0.0289427,2.66506,0.375226
reorder_base,reorder,default,512,512,3,1234,18,0,100,7429733,70990,5244318,151446,35931213,14074221,0,905,1.97572,0.00955485,4.21489,0.145954,0.0288781,2.55298,0.391699
reorder_base,reorder,default,512,512,3,1234,19,0,92,7793158,64157,5496534,159178,37882653,14206761,2,903,1.69357,0.00823248,4.20187,0.145094,0.0289597,2.66652,0.37502
reorder_base,reorder,default,512,512,3,1234,20,0,92,7795530,48438,5497832,159393,37891529,14161634,1,904,1.27833,0.00621356,4.20656,0.145094,0.028992,2.67565,0.373741
reorder_base,reorder,default,1024,1024,3,1234,1,0,96,28781817,179840,20192272,573296,140191865,52502829,1,3208,1.28281,0.00624839,4.08937,0.144033,0.0283919,2.67018,0.374507
reorder_base,reorder,default,1024,1024,3,1234,2,0,98,28368346,189602,19906211,562007,138022210,52238581,1,3209,1.37371,0.00668358,4.07186,0.144225,0.0282327,2.64215,0.37848
reorder_base,reorder,default,1024,1024,3,1234,3,0,98,28338653,261920,19884520,560865,137900211,55550426,1,3210,1.89934,0.0092425,4.06718,0.144195,0.0282061,2.48243,0.402831
reorder_base,reorder,default,1024,1024,3,1234,4,0,96,28956306,231863,20315417,572575,141047937,53331254,2,3209,1.64386,0.00800734,4.05944,0.144032,0.0281843,2.64475,0.378107
reorder_base,reorder,default,1024,1024,3,1234,5,0,99,28235679,229789,19815034,558999,137372550,52290818,2,3208,1.67274,0.00813825,4.06922,0.144243,0.0282109,2.62709,0.38065
reorder_base,reorder,default,1024,1024,3,1234,6,0,100,28076024,195531,19703261,555519,136569666,51920043,1,3211,1.43173,0.00696434,4.06766,0.144273,0.0281943,2.63038,0.380173
reorder_base,reorder,default,1024,1024,3,1234,7,0,96,28926643,205688,20293519,573272,140895774,52538938,2,3206,1.45986,0.00711068,4.06877,0.144032,0.028249,2.68174,0.372892
reorder_base,reorder,default,1024,1024,3,1234,8,0,100,28090013,216892,19712452,561395,136628490,56394112,3,3206,1.58746,0.00772132,4.10892,0.144278,0.0284792,2.42274,0.412755
reorder_base,reorder,default,1024,1024,3,1234,9,0,96,28787014,208201,20193805,569532,140196437,52084497,2,3209,1.48507,0.00723246,4.06239,0.144039,0.0282033,2.69171,0.371511
reorder_base,reorder,default,1024,1024,3,1234,10,0,96,28712318,194069,20144492,568346,139856948,52152838,1,3211,1.38763,0.00675909,4.06377,0.144036,0.0282135,2.68167,0.372901
reorder_base,reorder,default,1024,1024,3,1234,11,0,100,28099429,198496,19718924,557278,136667377,51680437,3,3212,1.4524,0.00706406,4.07762,0.144284,0.0282611,2.64447,0.378148
reorder_base,reorder,default,1024,1024,3,1234,12,0,96,28794884,187926,20201538,569766,140258008,52802523,2,3210,1.33986,0.00652637,4.06227,0.144031,0.0282041,2.65627,0.376467
reorder_base,reorder,default,1024,1024,3,1234,13,0,96,28832755,190639,20228761,571510,140445016,52994056,1,3210,1.35739,0.00661189,4.06928,0.144033,0.0282523,2.6502,0.37733
reorder_base,reorder,default,1024,1024,3,1234,14,0,96,28967511,201545,20322300,573637,141092280,52933351,2,3208,1.42846,0.00695762,4.06569,0.144036,0.028227,2.66547,0.375168
reorder_base,reorder,default,1024,1024,3,1234,15,0,100,28083315,223929,19707609,554616,136601484,51440361,0,3210,1.63929,0.00797374,4.0601,0.144271,0.0281422,2.65553,0.376572
reorder_base,reorder,default,1024,1024,3,1234,16,0,96,28823480,175688,20222805,569526,140406199,52529689,1,3210,1.25128,0.00609531,4.05627,0.144031,0.0281626,2.67289,0.374127
reorder_base,reorder,default,1024,1024,3,1234,17,0,97,28684626,188084,20125177,569418,139723245,53664510,1,3208,1.34612,0.00655696,4.07533,0.144036,0.0282938,2.60364,0.384077
reorder_base,reorder,default,1024,1024,3,1234,18,0,99,28193777,195591,19785887,557913,137167423,52176213,1,3210,1.42593,0.00693738,4.06739,0.144246,0.0281975,2.62893,0.380383
reorder_base,reorder,default,1024,1024,3,1234,19,0,97,28661696,194008,20108884,566146,139612228,51748734,1,3210,1.38962,0.00676889,4.05513,0.144034,0.028154,2.69789,0.37066
reorder_base,reorder,default,1024,1024,3,1234,20,0,100,28077609,203069,19704086,556399,136578427,51975606,0,3209,1.48683,0.00723242,4.07384,0.144269,0.0282377,2.62774,0.380555
reorder_base,reorder,default,2048,2048,3,1234,1,0,99,111459686,990652,78099217,2177502,543303010,222810030,2,12427,1.82339,0.00888798,4.0079,0.143749,0.0278812,2.43841,0.410103
reorder_base,reorder,default,2048,2048,3,1234,2,0,100,110603185,1082873,77503753,2163389,538943893,220312489,1,12429,2.00925,0.00979061,4.01413,0.143807,0.0279133,2.44627,0.408786
reorder_base,reorder,default,2048,2048,3,1234,3,0,99,111438269,1024172,78084428,2176867,543207231,222436998,2,12427,1.88542,0.00919049,4.00743,0.143747,0.0278784,2.44207,0.409488
reorder_base,reorder,default,2048,2048,3,1234,4,0,100,110629360,1022576,77520008,2161427,539053156,221933789,2,12429,1.89699,0.00924326,4.00967,0.143808,0.0278822,2.42889,0.41171
reorder_base,reorder,default,2048,2048,3,1234,5,0,100,110642210,1025015,77530808,2161225,539118418,219487905,2,12429,1.90128,0.00926423,4.00881,0.14381,0.0278757,2.45626,0.407124
reorder_base,reorder,default,2048,2048,3,1234,6,0,98,111514061,1058155,78136648,2178648,543574932,220823116,1,12429,1.94666,0.00948898,4.008,0.143746,0.0278825,2.46159,0.406242
reorder_base,reorder,default,2048,2048,3,1234,7,0,99,111214974,1038434,77926373,2173799,542104903,221656097,3,12427,1.91556,0.00933718,4.00992,0.143748,0.0278955,2.4457,0.40888
reorder_base,reorder,default,2048,2048,3,1234,8,0,99,111390598,1074377,78050622,2176145,542973049,220791386,2,12426,1.97869,0.00964513,4.00783,0.143747,0.0278812,2.45921,0.406634
reorder_base,reorder,default,2048,2048,3,1234,9,0,99,111117266,1070012,77857942,2170568,541633075,220468390,2,12431,1.97553,0.00962957,4.00745,0.143747,0.0278786,2.45674,0.407044
reorder_base,reorder,default,2048,2048,3,1234,10,0,99,111254342,1069175,77956071,2172520,542316842,220841810,2,12428,1.9715,0.00961019,4.006,0.143746,0.0278685,2.45568,0.407219
reorder_base,reorder,default,2048,2048,3,1234,11,0,99,111473735,1006275,78109508,2176540,543375752,222707348,1,12429,1.8519,0.00902701,4.00559,0.143749,0.0278652,2.43986,0.409859
reorder_base,reorder,default,2048,2048,3,1234,12,0,100,110606123,1091996,77506788,2159677,538958391,219330109,0,12428,2.02612,0.00987283,4.00713,0.143808,0.0278644,2.45729,0.406952
reorder_base,reorder,default,2048,2048,3,1234,13,0,99,111463308,1113455,78101202,2175595,543321220,219411845,1,12430,2.04935,0.00998943,4.00425,0.143748,0.0278561,2.47626,0.403834
reorder_base,reorder,default,2048,2048,3,1234,14,0,99,111160321,1085161,77888832,2171612,541839637,220359928,2,12431,2.00273,0.00976213,4.00785,0.143749,0.0278809,2.45888,0.406688
reorder_base,reorder,default,2048,2048,3,1234,15,0,98,111481412,1104392,78114384,2177588,543420139,219954325,1,12430,2.0323,0.00990651,4.00719,0.143746,0.0278769,2.4706,0.404759
reorder_base,reorder,default,2048,2048,3,1234,16,0,100,110612486,1082637,77510705,2162503,538985694,219914095,0,12429,2.00866,0.00978766,4.01217,0.143808,0.0278994,2.45089,0.408015
reorder_base,reorder,default,2048,2048,3,1234,17,0,99,111441271,1086850,78086028,2180375,543221137,221516722,1,12428,2.00075,0.00975267,4.01379,0.143746,0.0279227,2.45228,0.407784
reorder_base,reorder,default,2048,2048,3,1234,18,0,100,110615411,1019279,77512360,2159558,538998773,220437581,1,12430,1.89106,0.00921462,4.00661,0.143808,0.0278608,2.44513,0.408976
reorder_base,reorder,default,2048,2048,3,1234,19,0,98,111510313,1138592,78134307,2180011,543560052,220134979,1,12429,2.09469,0.0102106,4.01062,0.143745,0.0279008,2.46921,0.404987
reorder_base,reorder,default,2048,2048,3,1234,20,0,99,111115007,1042000,77858594,2170504,541638335,220992406,1,12428,1.92379,0.00937767,4.00729,0.143746,0.0278775,2.45094,0.408007
reorder_base,reorder,default,4096,4096,3,1234,1,0,100,441136444,4921745,308989668,8557735,2150318572,918031351,3,49300,2.28884,0.011157,3.97975,0.143695,0.0276959,2.34231,0.426928
reorder_base,reorder,default,4096,4096,3,1234,2,0,99,441906148,5089393,309513710,8570216,2154237808,913370277,1,49299,2.3625,0.0115169,3.97831,0.143677,0.0276893,2.35856,0.423988
reorder_base,reorder,default,4096,4096,3,1234,3,0,99,441528266,4987410,309241684,8581129,2152350380,915671997,3,49301,2.31719,0.0112958,3.98686,0.143676,0.0277489,2.35057,0.425429
reorder_base,reorder,default,4096,4096,3,1234,4,0,99,441858632,5114417,309477997,8578154,2153985715,915862306,2,49302,2.3744,0.0115748,3.98246,0.143677,0.0277181,2.35187,0.425194
reorder_base,reorder,default,4096,4096,3,1234,5,0,99,441431004,4911338,309179913,8570030,2151874376,915739546,5,49302,2.28235,0.0111259,3.98259,0.143679,0.0277186,2.34988,0.425554
reorder_base,reorder,default,4096,4096,3,1234,6,0,99,441493514,4947344,309219877,8566465,2152212159,917791915,1,49300,2.29873,0.0112059,3.98031,0.143675,0.0277035,2.34499,0.426441
reorder_base,reorder,default,4096,4096,3,1234,7,0,99,441512778,4898736,309243202,8568649,2152342219,915432208,3,49301,2.276,0.0110953,3.98108,0.143678,0.0277084,2.35118,0.425319
reorder_base,reorder,default,4096,4096,3,1234,8,0,99,441850620,5036704,309471255,8586973,2153932318,920445742,2,49302,2.33838,0.0113991,3.98665,0.143677,0.0277472,2.3401,0.427333
reorder_base,reorder,default,4096,4096,3,1234,9,0,99,441608451,4943320,309308972,8577361,2152779864,916977757,4,49300,2.29625,0.0111939,3.98432,0.143679,0.0277307,2.34769,0.425951
reorder_base,reorder,default,4096,4096,3,1234,10,0,99,441693585,4931821,309363219,8578167,2153179316,926411141,2,49301,2.29048,0.0111657,3.98395,0.143677,0.0277285,2.32422,0.430253
reorder_base,reorder,default,4096,4096,3,1234,11,0,99,441521899,4897342,309242645,8573684,2152323288,915619229,6,49301,2.27537,0.011092,3.98346,0.143679,0.0277248,2.35068,0.42541
reorder_base,reorder,default,4096,4096,3,1234,12,0,99,441768998,5001444,309418731,8575728,2153512431,914554371,6,49302,2.32246,0.0113214,3.98221,0.143681,0.0277156,2.35471,0.42468
reorder_base,reorder,default,4096,4096,3,1234,13,0,100,440999051,5080353,308880718,8559855,2149587430,915633896,2,49302,2.36341,0.0115201,3.98209,0.143693,0.0277125,2.34765,0.425958
reorder_base,reorder,default,4096,4096,3,1234,14,0,99,441505372,5013014,309230138,8579659,2152250813,917572994,2,49304,2.3292,0.0113544,3.98637,0.143678,0.0277452,2.34559,0.426332
reorder_base,reorder,default,4096,4096,3,1234,15,0,99,441517737,4929674,309238048,8578426,2152303328,919270796,3,49300,2.29042,0.0111653,3.9857,0.143678,0.0277405,2.34132,0.42711
reorder_base,reorder,default,4096,4096,3,1234,16,0,99,441501565,5077848,309227007,8574423,2152218721,915409482,6,49299,2.35935,0.0115013,3.98399,0.143678,0.0277286,2.3511,0.425333
reorder_base,reorder,default,4096,4096,3,1234,17,0,99,441510410,5058292,309233135,8574295,2152273607,916415108,3,49301,2.35021,0.0114568,3.98383,0.143677,0.0277276,2.34858,0.425789
reorder_base,reorder,default,4096,4096,3,1234,18,0,99,441533670,5028467,309251976,8571420,2152325837,915713190,1,49302,2.33629,0.0113886,3.9824,0.143683,0.0277166,2.35044,0.425453
reorder_base,reorder,default,4096,4096,3,1234,19,0,99,441738120,4906625,309395153,8570504,2153404677,921374258,3,49300,2.27854,0.0111075,3.97998,0.143677,0.0277008,2.33717,0.427869
reorder_base,reorder,default,4096,4096,3,1234,20,0,99,441723378,5013719,309385076,8578031,2153335956,919119163,2,49302,2.32835,0.0113504,3.9836,0.143677,0.0277261,2.34283,0.426835
reorder_base,reorder,default,8192,8192,3,1234,1,0,99,1764063143,20003086,1235577159,34151368,8600479782,3684092153,4,196774,2.32581,0.0113392,3.97087,0.143664,0.02764,2.33449,0.428359
reorder_base,reorder,default,8192,8192,3,1234,2,0,99,1764162041,19802671,1235666546,34128510,8601095486,3681911973,4,196771,2.30234,0.011225,3.96793,0.143664,0.0276195,2.33604,0.428075
reorder_base,reorder,default,8192,8192,3,1234,3,0,99,1764186980,19978629,1235684267,34132684,8601186829,3690113382,3,196775,2.32278,0.0113246,3.96837,0.143664,0.0276225,2.33087,0.429024
reorder_base,reorder,default,8192,8192,3,1234,4,0,100,1763328251,19831170,1235089302,34124436,8596788653,3687207709,10,196771,2.30681,0.0112464,3.96944,0.143669,0.0276291,2.33152,0.428905
reorder_base,reorder,default,8192,8192,3,1234,5,0,99,1763803401,20021581,1235408481,34125812,8599282634,3674065160,6,196773,2.32829,0.0113514,3.96845,0.143664,0.0276231,2.34054,0.427253
reorder_base,reorder,default,8192,8192,3,1234,6,0,99,1763804199,20145275,1235409913,34111932,8599284903,3683694664,9,196775,2.34267,0.0114215,3.96683,0.143664,0.0276118,2.33442,0.428372
reorder_base,reorder,default,8192,8192,3,1234,7,0,99,1763779811,19842276,1235391023,34133925,8599156155,3686650071,7,196773,2.30747,0.0112499,3.96945,0.143664,0.0276301,2.33251,0.428722
reorder_base,reorder,default,8192,8192,3,1234,8,0,99,1764118431,20115294,1235624092,34132946,8600813083,3692791023,7,196775,2.33877,0.0114025,3.96857,0.143664,0.0276241,2.32908,0.429354
reorder_base,reorder,default,8192,8192,3,1234,9,0,99,1764459461,19922011,1235872609,34158567,8602515260,3679033487,5,196775,2.31584,0.0112907,3.97077,0.143664,0.0276392,2.33825,0.42767
reorder_base,reorder,default,8192,8192,3,1234,10,0,99,1763827136,19824387,1235421676,34127715,8599397646,3691937810,6,196772,2.30532,0.0112394,3.96862,0.143664,0.0276243,2.32924,0.429325
reorder_base,reorder,default,8192,8192,3,1234,11,0,99,1764050935,19885975,1235590513,34145555,8600525874,3689581983,5,196772,2.31218,0.0112729,3.97017,0.143665,0.027635,2.33103,0.428995
reorder_base,reorder,default,8192,8192,3,1234,12,0,99,1763953382,19926555,1235512067,34119624,8600050726,3679468287,6,196774,2.31703,0.0112965,3.96737,0.143663,0.0276158,2.33731,0.427843
reorder_base,reorder,default,8192,8192,3,1234,13,0,99,1764302637,20247097,1235750086,34126982,8601763087,3680423886,6,196774,2.35383,0.011476,3.96744,0.143662,0.0276164,2.33717,0.427869
reorder_base,reorder,default,8192,8192,3,1234,14,0,99,1764002388,19966369,1235545225,34128480,8600299857,3685048688,5,196775,2.32159,0.0113188,3.96829,0.143663,0.0276222,2.33384,0.428479
reorder_base,reorder,default,8192,8192,3,1234,15,0,99,1763810884,19965558,1235413324,34149050,8599328786,3689613314,7,196774,2.32176,0.0113196,3.97113,0.143664,0.0276418,2.33069,0.429058
reorder_base,reorder,default,8192,8192,3,1234,16,0,99,1763830256,20048144,1235435516,34123731,8599448091,3671930245,8,196775,2.33133,0.0113663,3.96813,0.143665,0.0276208,2.34194,0.426996
reorder_base,reorder,default,8192,8192,3,1234,17,0,99,1763920686,20072531,1235491525,34128159,8599888857,3684423484,9,196772,2.33405,0.0113795,3.96844,0.143664,0.0276231,2.33412,0.428427
reorder_base,reorder,default,8192,8192,3,1234,18,0,100,1763231752,20172219,1235010134,34105654,8596351089,3672943288,1,196776,2.3466,0.0114405,3.96746,0.143667,0.0276157,2.34045,0.427268
reorder_base,reorder,default,8192,8192,3,1234,19,0,99,1764121362,19995714,1235629295,34143129,8600856727,3684507527,6,196775,2.32485,0.0113347,3.96974,0.143664,0.0276322,2.33433,0.428388
reorder_base,reorder,default,8192,8192,3,1234,20,0,99,1764290748,20144355,1235754781,34122593,8601683236,3670672013,6,196775,2.34191,0.0114178,3.96697,0.143664,0.0276128,2.34335,0.426739
reorder_base,reorder,default,16384,16384,3,1234,1,0,99,7054198568,80487002,4941832039,136208080,34398225816,14685509078,20,786627,2.33986,0.0114098,3.95974,0.143665,0.0275623,2.34232,0.426926
reorder_base,reorder,default,16384,16384,3,1234,2,0,99,7053828963,80423268,4941505646,136196919,34396114008,14673828082,22,786630,2.33815,0.0114014,3.95966,0.143665,0.0275618,2.34405,0.426613
reorder_base,reorder,default,16384,16384,3,1234,3,0,99,7053628784,80563779,4941352945,136302548,34395243025,14652384100,22,786630,2.34229,0.0114216,3.96283,0.143664,0.0275841,2.34742,0.426
reorder_base,reorder,default,16384,16384,3,1234,4,0,99,7053854252,81018448,4941510514,136260092,34396252414,14666401899,22,786630,2.35544,0.0114857,3.96148,0.143664,0.0275746,2.34524,0.426395
reorder_base,reorder,default,16384,16384,3,1234,5,0,99,7053978958,80564304,4941614698,136307654,34396838429,14680779833,17,786630,2.3422,0.0114211,3.9628,0.143665,0.0275836,2.34298,0.426806
reorder_base,reorder,default,16384,16384,3,1234,6,0,99,7053671400,80274000,4941388531,136297530,34395349947,14683611187,19,786629,2.33386,0.0113805,3.96267,0.143664,0.0275828,2.34243,0.426907
reorder_base,reorder,default,16384,16384,3,1234,7,0,99,7053909452,80874693,4941566611,136332716,34396560882,14681387518,22,786629,2.35124,0.0114652,3.96356,0.143665,0.027589,2.34287,0.426827
reorder_base,reorder,default,16384,16384,3,1234,8,0,99,7054228122,81087768,4941810015,136224252,34398066574,14696078540,18,786631,2.35734,0.0114949,3.96023,0.143665,0.0275657,2.34063,0.427236
reorder_base,reorder,default,16384,16384,3,1234,9,0,99,7053882718,80540889,4941539425,136224050,34396352129,14696606902,23,786628,2.34155,0.011418,3.96042,0.143665,0.0275671,2.34043,0.427272
reorder_base,reorder,default,16384,16384,3,1234,10,0,99,7053806067,80639403,4941491974,136214667,34395951175,14668639876,19,786631,2.34444,0.011432,3.96019,0.143665,0.0275655,2.34486,0.426464
reorder_base,reorder,default,16384,16384,3,1234,11,0,99,7054027608,80315243,4941671889,136272189,34397010298,14713858728,26,786629,2.33495,0.0113857,3.96175,0.143666,0.0275761,2.33773,0.427766
reorder_base,reorder,default,16384,16384,3,1234,12,0,99,7053702198,80537310,4941420076,136222415,34395460679,14686734578,20,786630,2.34151,0.0114177,3.96048,0.143665,0.0275675,2.34194,0.426996
reorder_base,reorder,default,16384,16384,3,1234,13,0,99,7054026178,80700638,4941657220,136338976,34397014901,14727964050,24,786627,2.34615,0.0114404,3.96369,0.143665,0.0275897,2.33549,0.428176
reorder_base,reorder,default,16384,16384,3,1234,14,0,99,7054178386,80416356,4941754368,136263638,34397745965,14672732488,23,786632,2.33784,0.0113998,3.96141,0.143665,0.0275739,2.34433,0.426561
reorder_base,reorder,default,16384,16384,3,1234,15,0,99,7053658726,80868291,4941352275,136230356,34395211956,14698633277,21,786631,2.35115,0.0114647,3.96074,0.143664,0.0275694,2.34003,0.427345
reorder_base,reorder,default,16384,16384,3,1234,16,0,99,7053602110,80373090,4941356729,136279760,34394865590,14695209070,22,786630,2.33678,0.0113946,3.96221,0.143666,0.0275794,2.34055,0.42725
reorder_base,reorder,default,16384,16384,3,1234,17,0,99,7053783068,80317261,4941486972,136250539,34395858039,14710610326,26,786627,2.33509,0.0113864,3.96125,0.143665,0.0275728,2.33817,0.427686
reorder_base,reorder,default,16384,16384,3,1234,18,0,99,7053744673,80797475,4941449440,136311726,34395650786,14691200152,21,786630,2.34906,0.0114546,3.96305,0.143665,0.0275854,2.34124,0.427124
reorder_base,reorder,default,16384,16384,3,1234,19,0,99,7054068437,81063139,4941666375,136240474,34397224265,14666700272,26,786630,2.35668,0.0114917,3.9608,0.143665,0.0275697,2.34526,0.426392
reorder_base,reorder,default,16384,16384,3,1234,20,0,100,7053250247,80277066,4941111418,136214940,34393062319,14690588208,19,786627,2.33411,0.0113816,3.96054,0.143666,0.0275677,2.34116,0.427138
unroll_v4,unroll,conv_unroll_v4,64,64,3,1234,1,0,60,665055,14357,462500,16800,2800910,2697267,1,143,5.12583,0.0215877,5.99805,0.165125,0.0363243,1.03843,0.962997
unroll_v4,unroll,conv_unroll_v4,64,64,3,1234,2,0,56,707250,15203,491520,17418,2978530,2479295,1,141,5.1042,0.0214959,5.84785,0.165021,0.035437,1.20136,0.832389
unroll_v4,unroll,conv_unroll_v4,64,64,3,1234,3,0,94,677413,15497,477951,15333,2820244,2384722,2,146,5.49491,0.0228767,5.43676,0.169472,0.0320807,1.18263,0.845573
unroll_v4,unroll,conv_unroll_v4,64,64,3,1234,4,0,56,713443,16358,495823,18009,3003987,2550887,2,141,5.44543,0.0229283,5.99503,0.165055,0.0363214,1.17762,0.849167
unroll_v4,unroll,conv_unroll_v4,64,64,3,1234,5,0,56,713966,15253,495880,17549,3011172,2418075,1,141,5.06547,0.0213638,5.82796,0.16468,0.0353896,1.24528,0.803034
unroll_v4,unroll,conv_unroll_v4,64,64,3,1234,6,0,56,710127,14892,494150,17080,2992176,2507969,1,141,4.97698,0.0209709,5.70822,0.165147,0.0345644,1.19307,0.838176
unroll_v4,unroll,conv_unroll_v4,64,64,3,1234,7,0,56,712444,16532,494744,18069,3003778,2509656,1,142,5.50374,0.0232046,6.01542,0.164707,0.0365219,1.19689,0.8355
unroll_v4,unroll,conv_unroll_v4,64,64,3,1234,8,0,56,711892,16987,495387,18112,2999773,2589677,1,142,5.66276,0.0238618,6.03779,0.165141,0.0365613,1.15836,0.863291
unroll_v4,unroll,conv_unroll_v4,64,64,3,1234,9,0,100,642586,14990,453546,16496,2676454,2386440,1,144,5.60069,0.0233276,6.16338,0.169458,0.0363712,1.12153,0.891642
unroll_v4,unroll,conv_unroll_v4,64,64,3,1234,10,0,57,701438,17349,487826,17601,2953474,2332112,1,144,5.8741,0.0247335,5.95942,0.16517,0.0360805,1.26644,0.789617
unroll_v4,unroll,conv_unroll_v4,64,64,3,1234,11,0,100,639292,15346,450864,16480,2664266,2296769,1,143,5.75994,0.0240047,6.18557,0.169226,0.036552,1.16001,0.862064
unroll_v4,unroll,conv_unroll_v4,64,64,3,1234,12,0,57,694787,17129,482871,17546,2925141,2446929,1,141,5.85579,0.0246536,5.99834,0.165076,0.0363368,1.19543,0.836517
unroll_v4,unroll,conv_unroll_v4,64,64,3,1234,13,0,56,702703,15040,488285,17720,2960694,2395197,1,141,5.07989,0.0214031,5.98508,0.164922,0.0362903,1.2361,0.808998
unroll_v4,unroll,conv_unroll_v4,64,64,3,1234,14,0,100,638601,16587,450415,16629,2658510,2453609,1,142,6.23921,0.025974,6.25501,0.169424,0.0369193,1.08351,0.922926
unroll_v4,unroll,conv_unroll_v4,64,64,3,1234,15,0,58,691614,17338,480374,17409,2912806,2384928,1,142,5.95234,0.0250689,5.97671,0.164918,0.0362405,1.22134,0.818773
unroll_v4,unroll,conv_unroll_v4,64,64,3,1234,16,0,51,785605,19783,546448,20169,3310520,2827617,1,142,5.9758,0.0251819,6.0924,0.165064,0.0369093,1.17078,0.854131
unroll_v4,unroll,conv_unroll_v4,64,64,3,1234,17,0,54,755477,15805,527487,18087,3187889,2626296,2,142,4.95783,0.0209206,5.67366,0.165466,0.034289,1.21383,0.823835
unroll_v4,unroll,conv_unroll_v4,64,64,3,1234,18,0,58,689156,14113,478594,15090,2902480,2512897,1,143,4.86239,0.0204787,5.199,0.164891,0.0315299,1.15503,0.865776
unroll_v4,unroll,conv_unroll_v4,64,64,3,1234,19,0,56,706466,14870,490467,16120,2977017,2475171,1,142,4.99493,0.0210484,5.41482,0.164751,0.0328666,1.20275,0.831427
unroll_v4,unroll,conv_unroll_v4,64,64,3,1234,20,0,54,731984,15040,508821,15129,3081253,2470277,1,142,4.88113,0.0205469,4.91002,0.165134,0.0297334,1.24733,0.801712
unroll_v4,unroll,conv_unroll_v4,128,128,3,1234,1,0,100,928281,14863,600160,22236,3938038,2877279,1,178,3.77421,0.0160113,5.64647,0.152401,0.0370501,1.36867,0.730638
unroll_v4,unroll,conv_unroll_v4,128,128,3,1234,2,0,63,1095547,14248,678879,23452,4709623,2813098,1,179,3.0253,0.0130054,4.97959,0.144147,0.0345452,1.67418,0.597309
unroll_v4,unroll,conv_unroll_v4,128,128,3,1234,3,0,87,994049,15851,636213,22901,4222701,2829202,2,179,3.75376,0.0159459,5.42331,0.150665,0.0359958,1.49254,0.669998
unroll_v4,unroll,conv_unroll_v4,128,128,3,1234,4,0,65,1053554,14169,652816,25447,4525709,2993411,1,179,3.13078,0.0134488,5.62277,0.144246,0.0389804,1.51189,0.661424
unroll_v4,unroll,conv_unroll_v4,128,128,3,1234,5,0,63,1091745,14133,676595,23399,4690562,2892143,1,176,3.01307,0.0129453,4.98853,0.144246,0.0345835,1.62183,0.616588
unroll_v4,unroll,conv_unroll_v4,128,128,3,1234,6,0,87,1008009,15555,649627,22044,4279737,2925536,1,178,3.63457,0.0154314,5.15078,0.151791,0.0339333,1.46289,0.683578
unroll_v4,unroll,conv_unroll_v4,128,128,3,1234,7,0,83,1004345,15426,640536,23054,4277840,3090689,2,179,3.60603,0.0153593,5.38917,0.149734,0.0359917,1.38411,0.722488
unroll_v4,unroll,conv_unroll_v4,128,128,3,1234,8,0,61,1124128,14417,697424,25915,4826950,3198711,1,179,2.98677,0.0128251,5.36881,0.144485,0.0371582,1.50903,0.662677
unroll_v4,unroll,conv_unroll_v4,128,128,3,1234,9,0,58,1173695,15390,727843,28055,5041797,3180986,1,179,3.05248,0.0131124,5.56448,0.144362,0.0385454,1.58498,0.630923
unroll_v4,unroll,conv_unroll_v4,128,128,3,1234,10,0,63,1085909,13789,673640,24689,4663545,2953322,1,179,2.95676,0.0126981,5.29404,0.144448,0.0366501,1.57908,0.633278
unroll_v4,unroll,conv_unroll_v4,128,128,3,1234,11,0,100,928329,15212,600207,21519,3935324,3061160,1,178,3.8655,0.0163864,5.46816,0.152518,0.0358526,1.28557,0.777867
unroll_v4,unroll,conv_unroll_v4,128,128,3,1234,12,0,65,1061111,13655,657868,24576,4559018,2816386,1,177,2.99516,0.0128686,5.39063,0.1443,0.037357,1.61875,0.617762
unroll_v4,unroll,conv_unroll_v4,128,128,3,1234,13,0,65,1085967,14803,674349,24959,4660017,2910120,2,177,3.1766,0.0136312,5.35599,0.14471,0.037012,1.60131,0.624487
unroll_v4,unroll,conv_unroll_v4,128,128,3,1234,14,0,63,1080371,13816,669767,24558,4644804,2837402,1,175,2.97451,0.0127882,5.2872,0.144197,0.0366665,1.63699,0.610877
unroll_v4,unroll,conv_unroll_v4,128,128,3,1234,15,0,64,1085064,14260,673842,22976,4660854,2902461,1,180,3.05953,0.0131421,4.92957,0.144575,0.034097,1.60583,0.622732
unroll_v4,unroll,conv_unroll_v4,128,128,3,1234,16,0,61,1166532,15427,731810,25936,5010453,3189570,1,179,3.07896,0.0132247,5.17638,0.146057,0.0354409,1.57089,0.636583
unroll_v4,unroll,conv_unroll_v4,128,128,3,1234,17,0,100,926401,14583,598815,21697,3928934,2761753,1,179,3.71169,0.0157416,5.52236,0.152412,0.0362332,1.42262,0.702927
unroll_v4,unroll,conv_unroll_v4,128,128,3,1234,18,0,98,942529,15238,609304,22105,3996383,2811956,2,180,3.81295,0.0161671,5.53125,0.152464,0.0362791,1.42121,0.703625
unroll_v4,unroll,conv_unroll_v4,128,128,3,1234,19,0,64,1076514,13774,666930,25551,4625885,2889770,1,178,2.97759,0.012795,5.52348,0.144173,0.0383114,1.60078,0.624696
unroll_v4,unroll,conv_unroll_v4,128,128,3,1234,20,0,63,1081005,14050,670131,24225,4643830,2943048,1,178,3.02552,0.0129972,5.2166,0.144306,0.0361496,1.5779,0.633754
unroll_v4,unroll,conv_unroll_v4,256,256,3,1234,1,0,79,2326136,18087,1291788,52477,10158416,5285319,1,326,1.78049,0.00777556,5.16586,0.127164,0.0406235,1.92201,0.52029
unroll_v4,unroll,conv_unroll_v4,256,256,3,1234,2,0,94,2177721,18546,1243695,48344,9447841,5083190,2,328,1.96299,0.00851624,5.11694,0.131638,0.0388713,1.85864,0.538027
unroll_v4,unroll,conv_unroll_v4,256,256,3,1234,3,0,79,2325859,16683,1291218,52236,10156742,5026082,1,323,1.64255,0.00717283,5.14299,0.127129,0.0404548,2.02081,0.494852
unroll_v4,unroll,conv_unroll_v4,256,256,3,1234,4,0,74,2496103,16222,1385921,54631,10904798,5390069,1,325,1.4876,0.00649893,5.00981,0.127093,0.0394186,2.02313,0.494284
unroll_v4,unroll,conv_unroll_v4,256,256,3,1234,5,0,80,2301865,14484,1280021,51388,10053505,4922221,1,329,1.44069,0.00629229,5.11145,0.127321,0.0401462,2.04247,0.489602
unroll_v4,unroll,conv_unroll_v4,256,256,3,1234,6,0,100,2096423,19144,1205619,47398,9087868,4933379,1,328,2.10654,0.00913174,5.21552,0.132662,0.0393142,1.84212,0.542853
unroll_v4,unroll,conv_unroll_v4,256,256,3,1234,7,0,79,2345826,17762,1304168,52606,10238520,5095927,1,326,1.73482,0.00757175,5.13805,0.127379,0.0403368,2.00916,0.497721
unroll_v4,unroll,conv_unroll_v4,256,256,3,1234,8,0,79,2321141,17441,1288863,53851,10136291,5084170,1,324,1.72065,0.00751398,5.31269,0.127153,0.0417818,1.9937,0.501581
unroll_v4,unroll,conv_unroll_v4,256,256,3,1234,9,0,80,2299777,16395,1278437,49977,10046606,4977820,1,326,1.63189,0.00712895,4.97452,0.127251,0.0390923,2.01827,0.495473
unroll_v4,unroll,conv_unroll_v4,256,256,3,1234,10,0,86,2255556,17435,1273233,49063,9813167,4978294,1,326,1.77669,0.0077298,4.99971,0.129747,0.0385342,1.97119,0.507308
unroll_v4,unroll,conv_unroll_v4,256,256,3,1234,11,0,79,2342489,17104,1304427,52726,10223020,5152047,1,325,1.67309,0.00730164,5.15758,0.127597,0.0404208,1.98426,0.503965
unroll_v4,unroll,conv_unroll_v4,256,256,3,1234,12,0,79,2328073,16085,1294553,51837,10167097,5034269,1,327,1.58206,0.00690915,5.09851,0.127328,0.0400424,2.01958,0.495153
unroll_v4,unroll,conv_unroll_v4,256,256,3,1234,13,0,100,2088524,18607,1199362,45508,9050579,4925783,0,328,2.05589,0.00890916,5.02819,0.132518,0.0379435,1.83739,0.544251
unroll_v4,unroll,conv_unroll_v4,256,256,3,1234,14,0,79,2330252,15364,1295624,52679,10177047,4945933,1,324,1.50967,0.00659328,5.17626,0.127308,0.0406592,2.05766,0.485989
unroll_v4,unroll,conv_unroll_v4,256,256,3,1234,15,0,79,2317318,15413,1286058,52176,10119447,4929588,1,324,1.52311,0.00665122,5.15601,0.127088,0.0405705,2.0528,0.48714
unroll_v4,unroll,conv_unroll_v4,256,256,3,1234,16,0,100,2089103,17927,1200325,45328,9056669,4683048,0,325,1.97943,0.00858119,5.00493,0.132535,0.0377631,1.93393,0.517083
unroll_v4,unroll,conv_unroll_v4,256,256,3,1234,17,0,95,2158006,19769,1236903,46376,9363515,5004633,2,328,2.11128,0.00916077,4.95284,0.132098,0.0374936,1.87097,0.534482
unroll_v4,unroll,conv_unroll_v4,256,256,3,1234,18,0,80,2312136,16050,1284100,50294,10098351,4901160,1,326,1.58937,0.00694163,4.98042,0.127159,0.0391667,2.0604,0.485343
unroll_v4,unroll,conv_unroll_v4,256,256,3,1234,19,0,88,2239453,17430,1270328,48620,9734169,4917446,1,326,1.7906,0.00778315,4.99478,0.130502,0.0382736,1.97952,0.505174
unroll_v4,unroll,conv_unroll_v4,256,256,3,1234,20,0,79,2318016,15405,1287327,53352,10121471,5057772,1,325,1.52201,0.00664577,5.27117,0.127188,0.041444,2.00117,0.499707
unroll_v4,unroll,conv_unroll_v4,512,512,3,1234,1,0,92,7045024,37634,3722403,152441,30988645,13502069,2,902,1.21444,0.00534193,4.91925,0.120122,0.0409523,2.2951,0.43571
unroll_v4,unroll,conv_unroll_v4,512,512,3,1234,2,0,92,6984961,35568,3684075,151700,30723896,13470140,1,904,1.15767,0.00509208,4.93752,0.119909,0.0411772,2.28089,0.438426
unroll_v4,unroll,conv_unroll_v4,512,512,3,1234,3,0,92,6985267,35886,3684270,151458,30726343,13344320,1,903,1.16792,0.00513738,4.92926,0.119906,0.0411094,2.30258,0.434296
unroll_v4,unroll,conv_unroll_v4,512,512,3,1234,4,0,94,6846273,34109,3610016,149695,30116220,13315894,1,903,1.13258,0.00498213,4.97058,0.119869,0.0414666,2.26167,0.44215
unroll_v4,unroll,conv_unroll_v4,512,512,3,1234,5,0,100,6718559,39266,3589860,145235,29472998,13317725,0,902,1.33227,0.00584441,4.92773,0.121802,0.040457,2.21307,0.451862
unroll_v4,unroll,conv_unroll_v4,512,512,3,1234,6,0,94,6934737,38394,3678878,153071,30472184,13478545,2,903,1.25997,0.00553648,5.0233,0.120729,0.0416081,2.26079,0.442323
unroll_v4,unroll,conv_unroll_v4,512,512,3,1234,7,0,92,6994076,35387,3688825,153744,30765948,13500766,1,901,1.1502,0.00505957,4.99721,0.1199,0.0416783,2.27883,0.438822
unroll_v4,unroll,conv_unroll_v4,512,512,3,1234,8,0,91,7049163,35787,3718125,154744,31005246,13699133,1,903,1.15422,0.00507677,4.9909,0.119919,0.0416188,2.2633,0.441833
unroll_v4,unroll,conv_unroll_v4,512,512,3,1234,9,0,92,7016359,37462,3701539,154467,30862283,13562134,1,902,1.21384,0.00533924,5.00504,0.119937,0.0417305,2.27562,0.43944
unroll_v4,unroll,conv_unroll_v4,512,512,3,1234,10,0,92,6977081,36798,3680682,153113,30689311,13733079,1,906,1.19905,0.00527413,4.98913,0.119934,0.0415991,2.2347,0.447487
unroll_v4,unroll,conv_unroll_v4,512,512,3,1234,11,0,94,6846912,34738,3611864,151360,30117032,13221473,1,905,1.15343,0.00507353,5.02573,0.119928,0.0419063,2.27789,0.439003
unroll_v4,unroll,conv_unroll_v4,512,512,3,1234,12,0,100,6712854,41347,3587151,149202,29453446,13653815,1,902,1.40381,0.00615938,5.06569,0.121791,0.0415935,2.15716,0.463573
unroll_v4,unroll,conv_unroll_v4,512,512,3,1234,13,0,91,7062885,37190,3725117,155675,31069490,13518334,1,904,1.19699,0.00526555,5.01054,0.119896,0.0417906,2.29832,0.4351
unroll_v4,unroll,conv_unroll_v4,512,512,3,1234,14,0,97,6806293,37577,3617365,149256,29891161,13376333,1,901,1.25713,0.00552092,4.99332,0.121018,0.041261,2.23463,0.447501
unroll_v4,unroll,conv_unroll_v4,512,512,3,1234,15,0,96,6903060,41336,3672799,152603,30309145,14010667,3,903,1.36381,0.00598807,5.03488,0.121178,0.0415495,2.16329,0.462259
unroll_v4,unroll,conv_unroll_v4,512,512,3,1234,16,0,100,6715678,39892,3589333,148024,29464235,13400779,1,905,1.35391,0.00594013,5.02385,0.12182,0.04124,2.1987,0.454815
unroll_v4,unroll,conv_unroll_v4,512,512,3,1234,17,0,91,7042208,36581,3713617,154483,30977439,13563694,1,904,1.18089,0.00519454,4.98695,0.119881,0.0415991,2.28385,0.437857
unroll_v4,unroll,conv_unroll_v4,512,512,3,1234,18,0,92,7021036,36221,3703210,154069,30885740,13456267,1,903,1.17274,0.00515893,4.98835,0.1199,0.0416042,2.29527,0.435679
unroll_v4,unroll,conv_unroll_v4,512,512,3,1234,19,0,91,7056801,36597,3722079,156280,31043506,13843094,2,903,1.17889,0.00518606,5.03423,0.119899,0.0419873,2.24253,0.445926
unroll_v4,unroll,conv_unroll_v4,512,512,3,1234,20,0,92,7025249,36761,3705661,154456,30902441,13608077,1,902,1.18958,0.0052327,4.99818,0.119915,0.0416811,2.27089,0.440356
unroll_v4,unroll,conv_unroll_v4,1024,1024,3,1234,1,0,96,25866961,132416,13424232,562915,114027076,49764187,1,3208,1.16127,0.00511912,4.93668,0.117728,0.0419328,2.29135,0.436424
unroll_v4,unroll,conv_unroll_v4,1024,1024,3,1234,2,0,99,25266452,131346,13158759,551771,111308799,49392238,2,3209,1.18001,0.00519843,4.95712,0.118218,0.0419318,2.25357,0.443741
unroll_v4,unroll,conv_unroll_v4,1024,1024,3,1234,3,0,97,25499448,127128,13233117,554545,112407939,48890050,1,3209,1.13095,0.00498552,4.93333,0.117724,0.0419058,2.2992,0.434934
unroll_v4,unroll,conv_unroll_v4,1024,1024,3,1234,4,0,97,25653975,124949,13312451,556392,113089297,48992540,1,3206,1.10487,0.00487055,4.91994,0.117716,0.0417949,2.3083,0.43322
unroll_v4,unroll,conv_unroll_v4,1024,1024,3,1234,5,0,97,25673068,127227,13322502,555989,113173936,49147049,1,3207,1.12417,0.00495566,4.91269,0.117717,0.0417331,2.30276,0.434261
unroll_v4,unroll,conv_unroll_v4,1024,1024,3,1234,6,0,98,25444782,128696,13234913,552353,112118489,48883706,2,3211,1.14786,0.00505785,4.92651,0.118044,0.0417345,2.29358,0.436
unroll_v4,unroll,conv_unroll_v4,1024,1024,3,1234,7,0,99,25330229,130234,13176243,552160,111609433,48639591,1,3209,1.16687,0.00514145,4.94725,0.118057,0.0419057,2.29462,0.435802
unroll_v4,unroll,conv_unroll_v4,1024,1024,3,1234,8,0,97,25715610,128529,13343178,560402,113338379,49308846,1,3211,1.13403,0.00499809,4.9445,0.117729,0.0419991,2.29854,0.435059
unroll_v4,unroll,conv_unroll_v4,1024,1024,3,1234,9,0,99,25287047,134476,13165156,548919,111406058,48593553,2,3208,1.20708,0.00531798,4.92719,0.118173,0.0416948,2.29261,0.436184
unroll_v4,unroll,conv_unroll_v4,1024,1024,3,1234,10,0,97,25599824,130699,13304238,556770,112826898,49680774,2,3209,1.1584,0.00510546,4.93473,0.117917,0.0418491,2.27104,0.440327
unroll_v4,unroll,conv_unroll_v4,1024,1024,3,1234,11,0,96,25961989,129650,13471842,564266,114449073,50263243,1,3207,1.13282,0.00499384,4.93028,0.11771,0.0418848,2.27699,0.439176
unroll_v4,unroll,conv_unroll_v4,1024,1024,3,1234,12,0,96,25727929,129173,13351397,557784,113415049,49292353,1,3210,1.13894,0.00502073,4.91808,0.117722,0.0417772,2.30086,0.434619
unroll_v4,unroll,conv_unroll_v4,1024,1024,3,1234,13,0,97,25529070,127675,13248739,554336,112539950,48904146,1,3210,1.13449,0.00500116,4.92568,0.117725,0.0418407,2.30124,0.434549
unroll_v4,unroll,conv_unroll_v4,1024,1024,3,1234,14,0,97,25720471,120212,13347632,559032,113378139,50418050,1,3209,1.06027,0.00467379,4.93069,0.117727,0.0418825,2.24876,0.444689
unroll_v4,unroll,conv_unroll_v4,1024,1024,3,1234,15,0,96,25819248,129093,13400722,561830,113812125,50100212,2,3213,1.13426,0.00499987,4.93647,0.117744,0.0419254,2.27169,0.440201
unroll_v4,unroll,conv_unroll_v4,1024,1024,3,1234,16,0,98,25481734,129404,13255970,554148,112268844,51217738,2,3208,1.15263,0.0050783,4.9359,0.118073,0.0418037,2.19199,0.456206
unroll_v4,unroll,conv_unroll_v4,1024,1024,3,1234,17,0,99,25266805,126672,13157282,551719,111312788,50138561,1,3210,1.13798,0.00501338,4.95647,0.118201,0.0419326,2.2201,0.450429
unroll_v4,unroll,conv_unroll_v4,1024,1024,3,1234,18,0,99,25274780,132515,13160962,549243,111349763,49656601,2,3208,1.19008,0.00524297,4.93259,0.118195,0.0417327,2.2424,0.445952
unroll_v4,unroll,conv_unroll_v4,1024,1024,3,1234,19,0,97,25593390,127664,13281650,556763,112822657,49678961,1,3210,1.13155,0.00498816,4.93485,0.117721,0.0419197,2.27103,0.440328
unroll_v4,unroll,conv_unroll_v4,1024,1024,3,1234,20,0,97,25729240,127241,13353088,559481,113419348,50286456,1,3211,1.12186,0.00494539,4.93285,0.117732,0.041899,2.25547,0.443368
unroll_v4,unroll,conv_unroll_v4,2048,2048,3,1234,1,0,98,100578659,584781,51971291,2175792,443606987,195001050,1,12430,1.31824,0.00581417,4.90477,0.117156,0.0418653,2.2749,0.439581
unroll_v4,unroll,conv_unroll_v4,2048,2048,3,1234,2,0,99,99600882,578354,51461212,2155405,439328082,191622992,2,12429,1.31645,0.00580672,4.90614,0.117136,0.0418841,2.29267,0.436173
unroll_v4,unroll,conv_unroll_v4,2048,2048,3,1234,3,0,98,99917246,583299,51624393,2163502,440725179,192238536,2,12430,1.3235,0.00583782,4.90896,0.117135,0.0419085,2.2926,0.436187
unroll_v4,unroll,conv_unroll_v4,2048,2048,3,1234,4,0,99,99715404,574572,51518869,2159418,439834458,191641103,1,12430,1.30634,0.00576212,4.90962,0.117132,0.0419151,2.29509,0.435712
unroll_v4,unroll,conv_unroll_v4,2048,2048,3,1234,5,0,98,99972161,584447,51652091,2166699,440964726,192493671,1,12430,1.32538,0.0058461,4.91354,0.117134,0.0419479,2.2908,0.436529
unroll_v4,unroll,conv_unroll_v4,2048,2048,3,1234,6,0,98,99969886,567409,51650390,2168096,440958831,192463045,1,12429,1.28676,0.0056758,4.91678,0.117132,0.0419764,2.29114,0.436465
unroll_v4,unroll,conv_unroll_v4,2048,2048,3,1234,7,0,98,99951584,592280,51641356,2167172,440875410,193243311,1,12427,1.34342,0.00592567,4.91561,0.117134,0.0419658,2.28145,0.438317
unroll_v4,unroll,conv_unroll_v4,2048,2048,3,1234,8,0,100,99060045,581816,51230114,2152854,436869222,191323106,1,12432,1.33179,0.00587337,4.92791,0.117266,0.0420232,2.28341,0.437941
unroll_v4,unroll,conv_unroll_v4,2048,2048,3,1234,9,0,99,99672162,589077,51500700,2159312,439634095,191354741,3,12426,1.33993,0.00591015,4.91161,0.117144,0.0419278,2.29748,0.435259
unroll_v4,unroll,conv_unroll_v4,2048,2048,3,1234,10,0,99,99682067,567055,51505363,2161225,439701660,192148629,2,12429,1.28964,0.00568864,4.91521,0.117137,0.0419612,2.28834,0.436998
unroll_v4,unroll,conv_unroll_v4,2048,2048,3,1234,11,0,98,99936238,575454,51636005,2164554,440804913,192587697,2,12429,1.30546,0.00575821,4.91046,0.11714,0.0419195,2.28885,0.4369
unroll_v4,unroll,conv_unroll_v4,2048,2048,3,1234,12,0,99,99628958,572761,51473877,2157344,439456602,191703003,1,12430,1.30334,0.00574894,4.90912,0.117131,0.0419114,2.29238,0.436227
unroll_v4,unroll,conv_unroll_v4,2048,2048,3,1234,13,0,99,99673237,588994,51503526,2158307,439642990,192307792,4,12431,1.33971,0.00590925,4.90923,0.117149,0.041906,2.28614,0.437418
unroll_v4,unroll,conv_unroll_v4,2048,2048,3,1234,14,0,98,99895105,588912,51611942,2163477,440624317,193226320,1,12430,1.33654,0.0058953,4.91003,0.117134,0.0419181,2.28035,0.438528
unroll_v4,unroll,conv_unroll_v4,2048,2048,3,1234,15,0,98,100147694,600014,51742233,2170696,441743919,192428896,1,12429,1.35828,0.00599129,4.91392,0.117132,0.0419521,2.29562,0.435612
unroll_v4,unroll,conv_unroll_v4,2048,2048,3,1234,16,0,99,99696205,589723,51516529,2158007,439737793,191930551,4,12428,1.34108,0.0059152,4.90749,0.117153,0.0418896,2.29113,0.436466
unroll_v4,unroll,conv_unroll_v4,2048,2048,3,1234,17,0,98,99944378,589542,51638512,2165365,440843492,192354973,1,12429,1.3373,0.0058987,4.91187,0.117136,0.0419331,2.29182,0.436334
unroll_v4,unroll,conv_unroll_v4,2048,2048,3,1234,18,0,98,99881383,583073,51605645,2162774,440565381,192134552,1,12427,1.32347,0.00583765,4.90909,0.117135,0.0419096,2.293,0.436109
unroll_v4,unroll,conv_unroll_v4,2048,2048,3,1234,19,0,98,99901757,595228,51624116,2164421,440652890,192538015,2,12432,1.35079,0.00595813,4.91185,0.117154,0.0419265,2.28865,0.436938
unroll_v4,unroll,conv_unroll_v4,2048,2048,3,1234,20,0,98,99878552,587376,51602648,2162386,440556005,191899673,1,12429,1.33326,0.0058809,4.90831,0.117131,0.0419046,2.29576,0.435585
unroll_v4,unroll,conv_unroll_v4,4096,4096,3,1234,1,0,99,395854828,2292457,204403164,8551099,1746686224,765953115,2,49301,1.31246,0.00579116,4.89561,0.117023,0.0418345,2.28041,0.438518
unroll_v4,unroll,conv_unroll_v4,4096,4096,3,1234,2,0,99,395438003,2276892,204160449,8557247,1744731465,761886555,4,49302,1.30501,0.0057579,4.90462,0.117015,0.0419143,2.29001,0.436678
unroll_v4,unroll,conv_unroll_v4,4096,4096,3,1234,3,0,99,395693711,2214354,204280493,8559658,1745851506,761480165,3,49299,1.26835,0.00559613,4.90286,0.117009,0.0419015,2.29271,0.436165
unroll_v4,unroll,conv_unroll_v4,4096,4096,3,1234,4,0,100,394801408,2251609,203872288,8533693,1741831646,759962593,2,49301,1.29267,0.00570314,4.89926,0.117045,0.041858,2.292,0.436301
unroll_v4,unroll,conv_unroll_v4,4096,4096,3,1234,5,0,100,394802095,2226119,203872453,8525250,1741833374,760863111,1,49302,1.27803,0.00563857,4.89441,0.117045,0.0418166,2.28929,0.436817
unroll_v4,unroll,conv_unroll_v4,4096,4096,3,1234,6,0,100,394786312,2203539,203863042,8538500,1741771720,761316798,3,49301,1.26511,0.0055816,4.90219,0.117043,0.0418835,2.28784,0.437093
unroll_v4,unroll,conv_unroll_v4,4096,4096,3,1234,7,0,99,395620787,2249041,204244385,8552743,1745529202,762779467,1,49304,1.28846,0.00568484,4.8998,0.11701,0.041875,2.28838,0.43699
unroll_v4,unroll,conv_unroll_v4,4096,4096,3,1234,8,0,99,394966299,2256339,203950246,8549208,1742571822,760804043,2,49302,1.29483,0.00571274,4.90609,0.11704,0.0419181,2.29043,0.436598
unroll_v4,unroll,conv_unroll_v4,4096,4096,3,1234,9,0,100,394801027,2191248,203870783,8543862,1741826927,757762260,2,49302,1.25802,0.00555026,4.90512,0.117044,0.0419082,2.29865,0.435039
unroll_v4,unroll,conv_unroll_v4,4096,4096,3,1234,10,0,99,395762957,2292734,204320060,8556989,1746154660,763440951,4,49301,1.31302,0.0057932,4.90048,0.117011,0.0418803,2.28722,0.437213
unroll_v4,unroll,conv_unroll_v4,4096,4096,3,1234,11,0,99,395733851,2235595,204305796,8550866,1746021173,761466353,3,49301,1.28039,0.00564924,4.89734,0.117012,0.0418533,2.29297,0.436115
unroll_v4,unroll,conv_unroll_v4,4096,4096,3,1234,12,0,99,395666166,2260508,204267226,8550607,1745724490,761540963,2,49301,1.29488,0.00571317,4.89803,0.11701,0.0418599,2.29236,0.436232
unroll_v4,unroll,conv_unroll_v4,4096,4096,3,1234,13,0,99,395766736,2200891,204318336,8557359,1746168896,759237087,3,49303,1.26041,0.00556108,4.90065,0.117009,0.0418825,2.2999,0.434802
unroll_v4,unroll,conv_unroll_v4,4096,4096,3,1234,14,0,99,395768617,2196704,204320665,8554797,1746177252,760628500,3,49300,1.25801,0.00555048,4.89916,0.11701,0.0418695,2.2957,0.435596
unroll_v4,unroll,conv_unroll_v4,4096,4096,3,1234,15,0,99,395498190,2230335,204178441,8562345,1744986110,760780735,1,49300,1.27814,0.00563931,4.90683,0.117009,0.0419356,2.29368,0.435981
unroll_v4,unroll,conv_unroll_v4,4096,4096,3,1234,16,0,99,395678677,2210016,204271940,8550453,1745778649,762180971,1,49300,1.26592,0.00558538,4.89779,0.117009,0.0418582,2.2905,0.436585
unroll_v4,unroll,conv_unroll_v4,4096,4096,3,1234,17,0,99,395795978,2231714,204335907,8552432,1746295372,760886707,1,49299,1.27797,0.00563855,4.89747,0.117011,0.0418548,2.29508,0.435715
unroll_v4,unroll,conv_unroll_v4,4096,4096,3,1234,18,0,99,395663743,2323642,204265216,8555676,1745716894,761315337,2,49303,1.33105,0.00587277,4.90095,0.117009,0.0418851,2.29303,0.436105
unroll_v4,unroll,conv_unroll_v4,4096,4096,3,1234,19,0,99,395808280,2232080,204341143,8554272,1746349264,759913001,3,49301,1.27814,0.0056393,4.89837,0.11701,0.0418627,2.29809,0.435144
unroll_v4,unroll,conv_unroll_v4,4096,4096,3,1234,20,0,100,394800203,2235639,203875629,8537160,1741872259,760211837,2,49301,1.28347,0.00566271,4.90114,0.117044,0.0418744,2.2913,0.436434
unroll_v4,unroll,conv_unroll_v4,8192,8192,3,1234,1,0,99,1579402797,5889259,815649836,34091348,6970916949,2986549091,6,196774,0.844833,0.00372879,4.89051,0.117008,0.0417965,2.3341,0.42843
unroll_v4,unroll,conv_unroll_v4,8192,8192,3,1234,2,0,99,1579085230,5840559,815510975,34069565,6969667973,2987193212,4,196771,0.837997,0.0036987,4.88826,0.117009,0.041777,2.33318,0.428599
unroll_v4,unroll,conv_unroll_v4,8192,8192,3,1234,3,0,99,1579285557,5952234,815604141,34147673,6970489026,2980356551,8,196772,0.853919,0.00376894,4.89889,0.117008,0.0418679,2.33881,0.427568
unroll_v4,unroll,conv_unroll_v4,8192,8192,3,1234,4,0,99,1579477481,5930758,815701470,34091233,6971373787,2992201814,2,196772,0.85073,0.00375489,4.89017,0.117007,0.0417938,2.32985,0.429213
unroll_v4,unroll,conv_unroll_v4,8192,8192,3,1234,5,0,99,1578903527,5922248,815424274,34098093,6968781485,2978799595,6,196773,0.849825,0.00375086,4.89298,0.117011,0.0418164,2.33946,0.427449
unroll_v4,unroll,conv_unroll_v4,8192,8192,3,1234,6,0,99,1579639810,6133825,815682360,34109982,6971023341,2983785820,8,196775,0.879903,0.00388305,4.89311,0.11701,0.0418177,2.3363,0.428027
unroll_v4,unroll,conv_unroll_v4,8192,8192,3,1234,7,0,99,1579119703,5733566,815538037,34131961,6969782154,2989516755,9,196770,0.822632,0.00363086,4.89713,0.117011,0.0418521,2.33141,0.428925
unroll_v4,unroll,conv_unroll_v4,8192,8192,3,1234,8,0,99,1579082022,5972941,815502795,34139250,6969591351,2982134933,10,196774,0.857,0.00378254,4.89831,0.117009,0.0418628,2.33711,0.427878
unroll_v4,unroll,conv_unroll_v4,8192,8192,3,1234,9,0,99,1579405302,6094243,815668458,34120088,6971038364,2992264198,2,196773,0.874223,0.00385857,4.89455,0.117008,0.0418308,2.32969,0.429242
unroll_v4,unroll,conv_unroll_v4,8192,8192,3,1234,10,0,99,1579012580,5906308,815452685,34127321,6969299130,2976999469,3,196771,0.847475,0.00374051,4.89681,0.117006,0.0418508,2.34105,0.427159
unroll_v4,unroll,conv_unroll_v4,8192,8192,3,1234,11,0,99,1578995788,6003899,815444245,34120503,6969239891,2985595390,3,196774,0.861485,0.00380235,4.89587,0.117006,0.0418428,2.33429,0.428396
unroll_v4,unroll,conv_unroll_v4,8192,8192,3,1234,12,0,99,1579157650,5824566,815555898,34096518,6969996786,2981651043,9,196772,0.835663,0.0036884,4.8919,0.11701,0.0418077,2.33763,0.427784
unroll_v4,unroll,conv_unroll_v4,8192,8192,3,1234,13,0,99,1579193666,5757903,815547118,34107050,6970077630,2982668408,7,196770,0.826089,0.0036461,4.89335,0.117007,0.0418211,2.33686,0.427925
unroll_v4,unroll,conv_unroll_v4,8192,8192,3,1234,14,0,99,1579035006,5754513,815472510,34127878,6969380548,2990076292,4,196774,0.825685,0.00364432,4.89683,0.117008,0.0418504,2.33084,0.42903
unroll_v4,unroll,conv_unroll_v4,8192,8192,3,1234,15,0,99,1579358215,5921212,815636888,34072093,6970804471,2975052759,5,196775,0.84943,0.00374913,4.88783,0.117008,0.0417736,2.34309,0.426788
unroll_v4,unroll,conv_unroll_v4,8192,8192,3,1234,16,0,100,1578458614,6347950,815223159,34129646,6966792462,2987249121,5,196775,0.911173,0.00402161,4.8989,0.117016,0.0418654,2.33218,0.428784
unroll_v4,unroll,conv_unroll_v4,8192,8192,3,1234,17,0,100,1578426340,5831104,815200305,34089976,6966652730,2985744364,6,196773,0.837002,0.00369425,4.89331,0.117015,0.0418179,2.33331,0.428577
unroll_v4,unroll,conv_unroll_v4,8192,8192,3,1234,18,0,99,1579284439,5983456,815606368,34101349,6970523403,2984889318,6,196774,0.858394,0.00378871,4.89222,0.117008,0.041811,2.33527,0.428216
unroll_v4,unroll,conv_unroll_v4,8192,8192,3,1234,19,0,99,1578998172,5913055,815448545,34120826,6969253993,2988949664,5,196772,0.848449,0.00374481,4.89591,0.117007,0.041843,2.33167,0.428877
unroll_v4,unroll,conv_unroll_v4,8192,8192,3,1234,20,0,99,1579474542,5896240,815712912,34098250,6971374936,2978836911,5,196774,0.845779,0.00373304,4.89118,0.117009,0.0418018,2.3403,0.427295
unroll_v4,unroll,conv_unroll_v4,16384,16384,3,1234,1,0,99,6314956225,26150206,3262782158,136317310,27881354990,11877413380,21,786630,0.93791,0.004141,4.88919,0.117024,0.0417795,2.34743,0.425998
unroll_v4,unroll,conv_unroll_v4,16384,16384,3,1234,2,0,99,6315729867,26276068,3262665961,136137285,27880028681,11890828076,17,786628,0.942469,0.00416042,4.88297,0.117025,0.0417258,2.34467,0.4265
unroll_v4,unroll,conv_unroll_v4,16384,16384,3,1234,3,0,99,6314871038,26071126,3262641374,136380326,27880517528,11886887443,22,786631,0.935102,0.00412853,4.8916,0.117022,0.0418006,2.34549,0.426351
unroll_v4,unroll,conv_unroll_v4,16384,16384,3,1234,4,0,99,6314966567,26095341,3262722046,136272185,27880982829,11882093750,17,786631,0.935955,0.0041323,4.88764,0.117023,0.0417664,2.34647,0.426172
unroll_v4,unroll,conv_unroll_v4,16384,16384,3,1234,5,0,99,6314995370,26886472,3262760263,136172289,27881133692,11875418115,18,786626,0.964325,0.00425756,4.88403,0.117024,0.0417353,2.3478,0.42593
unroll_v4,unroll,conv_unroll_v4,16384,16384,3,1234,6,0,99,6314493390,25598688,3262458070,136229343,27878888571,11872968015,27,786628,0.91821,0.00405396,4.88647,0.117023,0.0417567,2.3481,0.425877
unroll_v4,unroll,conv_unroll_v4,16384,16384,3,1234,7,0,99,6314171054,26139740,3262363134,136240199,27877492875,11872132047,17,786630,0.937665,0.00413985,4.8871,0.117025,0.0417612,2.34815,0.425868
unroll_v4,unroll,conv_unroll_v4,16384,16384,3,1234,8,0,99,6314990426,25898228,3262729918,136307541,27881050293,11891595719,25,786628,0.928883,0.00410107,4.8889,0.117023,0.0417771,2.3446,0.426512
unroll_v4,unroll,conv_unroll_v4,16384,16384,3,1234,9,0,99,6314845293,25593207,3262629095,136188163,27880401581,11868875924,18,786628,0.917964,0.00405286,4.88473,0.117022,0.0417418,2.34903,0.425707
unroll_v4,unroll,conv_unroll_v4,16384,16384,3,1234,10,0,99,6314840232,25925304,3262638382,136288979,27880438179,11878980635,11,786627,0.929874,0.00410546,4.88834,0.117022,0.0417726,2.34704,0.426069
unroll_v4,unroll,conv_unroll_v4,16384,16384,3,1234,11,0,99,6314886410,26147631,3262655597,136463537,27880678615,11883938442,24,786627,0.937841,0.00414063,4.89456,0.117022,0.0418259,2.34608,0.426243
unroll_v4,unroll,conv_unroll_v4,16384,16384,3,1234,12,0,99,6314945457,26582769,3262729075,136289969,27880924194,11897507725,21,786629,0.953439,0.0042095,4.88829,0.117024,0.0417718,2.34343,0.426726
unroll_v4,unroll,conv_unroll_v4,16384,16384,3,1234,13,0,99,6314559578,25976603,3262501234,136226037,27879213267,11868072587,19,786629,0.931755,0.00411376,4.88629,0.117023,0.0417551,2.34909,0.425696
unroll_v4,unroll,conv_unroll_v4,16384,16384,3,1234,14,0,100,6313918251,26400677,3262213544,136346491,27876305780,11878694987,24,786631,0.947065,0.00418135,4.89112,0.117025,0.0417957,2.34675,0.426122
unroll_v4,unroll,conv_unroll_v4,16384,16384,3,1234,15,0,99,6314679516,26183675,3262532769,136369372,27879682339,11889767455,20,786629,0.939167,0.00414648,4.89135,0.117022,0.0417986,2.34485,0.426467
unroll_v4,unroll,conv_unroll_v4,16384,16384,3,1234,16,0,99,6314894689,26332341,3262644109,136409945,27880625732,11890364346,20,786631,0.944467,0.00416988,4.89264,0.117022,0.0418096,2.34481,0.426474
unroll_v4,unroll,conv_unroll_v4,16384,16384,3,1234,17,0,99,6315054280,26002032,3262780604,136397490,27881358166,11901903057,21,786632,0.932596,0.00411747,4.89207,0.117024,0.0418041,2.3426,0.426877
unroll_v4,unroll,conv_unroll_v4,16384,16384,3,1234,18,0,99,6314480143,26344090,3262447025,136381999,27878808897,11880260283,26,786631,0.94495,0.00417201,4.89196,0.117022,0.0418036,2.34665,0.426139
unroll_v4,unroll,conv_unroll_v4,16384,16384,3,1234,19,0,99,6314878557,26008360,3262637211,136352001,27880569939,11874435105,23,786628,0.932849,0.00411858,4.89057,0.117022,0.041792,2.34795,0.425904
unroll_v4,unroll,conv_unroll_v4,16384,16384,3,1234,20,0,99,6314659270,25813054,3262572295,136373226,27879636174,11876971644,19,786632,0.925875,0.0040878,4.8915,0.117023,0.0417993,2.34737,0.426009
unroll_v5,unroll,conv_unroll_v5,64,64,3,1234,1,0,57,663680,16115,479065,17589,2823122,2502738,1,144,5.70822,0.0242813,6.23034,0.169693,0.0367153,1.12801,0.886514
unroll_v5,unroll,conv_unroll_v5,64,64,3,1234,2,0,57,658001,17093,475346,17624,2797220,2501794,1,141,6.11071,0.0259772,6.30054,0.169935,0.0370762,1.11809,0.894386
unroll_v5,unroll,conv_unroll_v5,64,64,3,1234,3,0,56,675546,15548,487232,17736,2871762,2463840,1,142,5.4141,0.0230155,6.176,0.169663,0.0364015,1.16556,0.857954
unroll_v5,unroll,conv_unroll_v5,64,64,3,1234,4,0,51,736321,17891,530938,19899,3130757,2816544,1,141,5.71459,0.0242978,6.35597,0.169588,0.037479,1.11156,0.899637
unroll_v5,unroll,conv_unroll_v5,64,64,3,1234,5,0,56,671357,16388,484622,17913,2853665,2459356,1,144,5.74279,0.0244103,6.27719,0.169824,0.0369628,1.16033,0.861824
unroll_v5,unroll,conv_unroll_v5,64,64,3,1234,6,0,45,823996,18441,595603,21783,3506298,2908889,1,140,5.25939,0.02238,6.21254,0.169867,0.036573,1.20537,0.829618
unroll_v5,unroll,conv_unroll_v5,64,64,3,1234,7,0,58,654568,14600,472046,17420,2781255,2455793,1,143,5.24943,0.0223048,6.26336,0.169724,0.0369032,1.13253,0.88298
unroll_v5,unroll,conv_unroll_v5,64,64,3,1234,8,0,54,698341,15963,504793,18682,2966386,2721503,1,142,5.3813,0.0228585,6.2979,0.170171,0.0370092,1.08998,0.917447
unroll_v5,unroll,conv_unroll_v5,64,64,3,1234,9,0,58,658377,16304,476136,17567,2800413,2386006,1,144,5.822,0.0247639,6.273,0.170023,0.0368949,1.17368,0.852019
unroll_v5,unroll,conv_unroll_v5,64,64,3,1234,10,0,57,672194,17261,484351,17745,2860210,2637934,1,143,6.03487,0.0256786,6.20409,0.169341,0.0366367,1.08426,0.922287
unroll_v5,unroll,conv_unroll_v5,64,64,3,1234,11,0,58,653786,17160,472484,17427,2778177,2653573,1,140,6.17671,0.0262471,6.27282,0.17007,0.0368838,1.04696,0.955149
unroll_v5,unroll,conv_unroll_v5,64,64,3,1234,12,0,56,676006,17589,487467,17975,2873682,2603695,1,142,6.12072,0.026019,6.25504,0.169632,0.0368743,1.10369,0.906048
unroll_v5,unroll,conv_unroll_v5,64,64,3,1234,13,0,56,666563,15316,481540,18028,2834087,2395905,1,142,5.40421,0.0229776,6.36113,0.16991,0.0374382,1.18289,0.845389
unroll_v5,unroll,conv_unroll_v5,64,64,3,1234,14,0,57,667319,17003,481994,17933,2838624,2471354,1,144,5.98987,0.0254796,6.3175,0.169798,0.0372059,1.14861,0.870617
unroll_v5,unroll,conv_unroll_v5,64,64,3,1234,15,0,57,659017,17073,475888,17671,2801190,2489520,1,142,6.09491,0.0259068,6.30839,0.169888,0.0371327,1.12519,0.888737
unroll_v5,unroll,conv_unroll_v5,64,64,3,1234,16,0,55,690162,15189,498145,17107,2935004,2556177,1,144,5.17512,0.0220079,5.82861,0.169725,0.0343414,1.1482,0.870928
unroll_v5,unroll,conv_unroll_v5,64,64,3,1234,17,0,42,884365,19131,639239,20509,3763270,3134766,1,140,5.08361,0.0216325,5.44978,0.169863,0.0320835,1.20049,0.83299
unroll_v5,unroll,conv_unroll_v5,64,64,3,1234,18,0,54,699190,15189,505001,16290,2975956,2416779,1,144,5.10391,0.0217237,5.47387,0.169694,0.0322574,1.23137,0.812102
unroll_v5,unroll,conv_unroll_v5,64,64,3,1234,19,0,56,667674,14277,482228,14146,2837360,2224111,1,142,5.03179,0.0213832,4.98562,0.169957,0.0293347,1.27573,0.783866
unroll_v5,unroll,conv_unroll_v5,64,64,3,1234,20,0,55,683458,14628,493426,16143,2907324,2359122,1,144,5.03143,0.0214029,5.55253,0.169718,0.0327162,1.23238,0.811441
unroll_v5,unroll,conv_unroll_v5,128,128,3,1234,1,0,62,974854,13641,661523,24473,4295449,2869437,1,179,3.17569,0.0139929,5.69743,0.154006,0.0369949,1.49697,0.668018
unroll_v5,unroll,conv_unroll_v5,128,128,3,1234,2,0,64,945463,13214,641391,24803,4166415,2832399,1,181,3.17155,0.0139762,5.95308,0.153943,0.0386706,1.47098,0.679817
unroll_v5,unroll,conv_unroll_v5,128,128,3,1234,3,0,90,888127,14780,613904,22005,3842694,2983333,2,179,3.84626,0.0166418,5.72645,0.159759,0.0358444,1.28805,0.776365
unroll_v5,unroll,conv_unroll_v5,128,128,3,1234,4,0,64,944852,13128,640726,24320,4165936,2864738,1,175,3.15127,0.0138942,5.83782,0.153801,0.0379569,1.45421,0.687658
unroll_v5,unroll,conv_unroll_v5,128,128,3,1234,5,0,65,930920,13262,631503,25183,4101321,2876072,1,178,3.23359,0.0142461,6.14022,0.153976,0.0398779,1.42601,0.701255
unroll_v5,unroll,conv_unroll_v5,128,128,3,1234,6,0,62,964640,13780,654630,26100,4251810,2843342,1,178,3.24097,0.0142851,6.13856,0.153965,0.0398699,1.49536,0.668737
unroll_v5,unroll,conv_unroll_v5,128,128,3,1234,7,0,62,973434,13530,660371,23860,4291348,2784294,1,179,3.15286,0.0138992,5.56002,0.153884,0.0361312,1.54127,0.648816
unroll_v5,unroll,conv_unroll_v5,128,128,3,1234,8,0,64,949702,13569,644590,24652,4183658,2919601,1,177,3.24333,0.0142876,5.89245,0.154073,0.0382445,1.43296,0.697858
unroll_v5,unroll,conv_unroll_v5,128,128,3,1234,9,0,61,986482,13692,669155,26172,4347389,3196709,1,180,3.14948,0.0138796,6.02017,0.153921,0.039112,1.35996,0.735317
unroll_v5,unroll,conv_unroll_v5,128,128,3,1234,10,0,79,926124,15170,635775,23561,4027969,2909623,2,179,3.76617,0.0163801,5.84935,0.15784,0.0370587,1.38436,0.722355
unroll_v5,unroll,conv_unroll_v5,128,128,3,1234,11,0,65,936720,13032,634850,24863,4129390,2869644,1,177,3.15591,0.0139124,6.02099,0.153739,0.0391636,1.43899,0.694932
unroll_v5,unroll,conv_unroll_v5,128,128,3,1234,12,0,63,966452,13536,655733,24969,4255890,3071130,1,180,3.18053,0.0140059,5.86693,0.154077,0.038078,1.38577,0.721619
unroll_v5,unroll,conv_unroll_v5,128,128,3,1234,13,0,100,838220,13742,579159,20241,3616357,2709262,0,177,3.79996,0.0163943,5.59707,0.16015,0.034949,1.33481,0.749169
unroll_v5,unroll,conv_unroll_v5,128,128,3,1234,14,0,63,955690,13666,647596,25993,4212448,2865322,1,180,3.24419,0.0142996,6.17052,0.153734,0.0401377,1.47015,0.680204
unroll_v5,unroll,conv_unroll_v5,128,128,3,1234,15,0,100,841621,14237,581643,20521,3630253,2606507,0,180,3.92177,0.0169162,5.65277,0.160221,0.0352811,1.39277,0.717996
unroll_v5,unroll,conv_unroll_v5,128,128,3,1234,16,0,63,953745,13540,647334,25884,4202581,2793380,1,179,3.22183,0.0141967,6.15907,0.154032,0.0399855,1.50448,0.664682
unroll_v5,unroll,conv_unroll_v5,128,128,3,1234,17,0,63,952305,13625,645984,25980,4197113,2891647,1,179,3.24628,0.0143074,6.18997,0.153912,0.0402177,1.45146,0.688961
unroll_v5,unroll,conv_unroll_v5,128,128,3,1234,18,0,64,944458,13415,640894,24847,4161720,2825218,1,178,3.22343,0.0142039,5.97037,0.153997,0.0387693,1.47306,0.678858
unroll_v5,unroll,conv_unroll_v5,128,128,3,1234,19,0,61,981661,13575,665911,25191,4326184,2952307,1,180,3.13787,0.0138286,5.82291,0.153926,0.0378294,1.46536,0.682428
unroll_v5,unroll,conv_unroll_v5,128,128,3,1234,20,0,56,1075659,15152,729813,29179,4742900,3250251,1,177,3.19467,0.0140862,6.15214,0.153875,0.0399815,1.45924,0.685288
unroll_v5,unroll,conv_unroll_v5,256,256,3,1234,1,0,100,1749364,16329,1130886,46479,7870737,4758281,0,324,2.07465,0.00933425,5.90529,0.143682,0.0410996,1.65411,0.604553
unroll_v5,unroll,conv_unroll_v5,256,256,3,1234,2,0,78,1927507,14786,1224380,54351,8799524,4853906,1,327,1.68032,0.00767105,6.17658,0.139142,0.0443906,1.81287,0.55161
unroll_v5,unroll,conv_unroll_v5,256,256,3,1234,3,0,79,1914217,14846,1216056,51130,8738055,4702419,1,326,1.69901,0.00775565,5.85142,0.139168,0.0420458,1.8582,0.538154
unroll_v5,unroll,conv_unroll_v5,256,256,3,1234,4,0,79,1911576,14131,1212898,51471,8726223,4710512,1,326,1.61937,0.00739233,5.89843,0.138995,0.0424364,1.8525,0.539811
unroll_v5,unroll,conv_unroll_v5,256,256,3,1234,5,0,85,1889869,16359,1210805,49902,8571582,4948961,2,324,1.90852,0.00865616,5.8218,0.141258,0.0412139,1.732,0.577368
unroll_v5,unroll,conv_unroll_v5,256,256,3,1234,6,0,77,1964299,14543,1246695,53075,8965376,4971961,1,326,1.62213,0.00740366,5.92,0.139057,0.0425726,1.80319,0.554574
unroll_v5,unroll,conv_unroll_v5,256,256,3,1234,7,0,78,1932593,15644,1227021,53544,8814890,4971293,1,326,1.77472,0.00809482,6.07427,0.139199,0.0436374,1.77316,0.563965
unroll_v5,unroll,conv_unroll_v5,256,256,3,1234,8,0,100,1755244,16771,1135712,46076,7896690,4537674,0,327,2.1238,0.0095548,5.83485,0.143821,0.0405701,1.74025,0.57463
unroll_v5,unroll,conv_unroll_v5,256,256,3,1234,9,0,95,1793715,16601,1158631,48698,8087519,4759881,1,325,2.05267,0.00925509,6.02138,0.143262,0.0420306,1.6991,0.588546
unroll_v5,unroll,conv_unroll_v5,256,256,3,1234,10,0,98,1777189,17184,1148778,44985,7997347,4573925,1,324,2.14871,0.0096692,5.62499,0.143645,0.039159,1.74846,0.57193
unroll_v5,unroll,conv_unroll_v5,256,256,3,1234,11,0,79,1923705,14745,1222219,51635,8778623,4777096,1,328,1.67965,0.0076649,5.8819,0.139227,0.0422469,1.83765,0.544174
unroll_v5,unroll,conv_unroll_v5,256,256,3,1234,12,0,79,1915874,15447,1216953,51844,8742343,4822394,1,326,1.76692,0.00806264,5.93022,0.139202,0.0426015,1.81286,0.551613
unroll_v5,unroll,conv_unroll_v5,256,256,3,1234,13,0,77,1955816,14963,1241672,53228,8926613,4998060,1,326,1.67622,0.00765052,5.96284,0.139098,0.042868,1.78602,0.559906
unroll_v5,unroll,conv_unroll_v5,256,256,3,1234,14,0,81,1853177,13777,1176308,49038,8457041,4589192,1,326,1.62906,0.00743426,5.79848,0.139092,0.0416881,1.84282,0.542647
unroll_v5,unroll,conv_unroll_v5,256,256,3,1234,15,0,72,2104119,13647,1336086,58430,9608018,5415363,1,324,1.42038,0.00648585,6.08138,0.139059,0.0437322,1.77421,0.56363
unroll_v5,unroll,conv_unroll_v5,256,256,3,1234,16,0,78,1934233,14784,1229371,53246,8826036,4837238,1,328,1.67504,0.00764334,6.03283,0.139289,0.0433116,1.8246,0.548065
unroll_v5,unroll,conv_unroll_v5,256,256,3,1234,17,0,77,1965698,16034,1248983,54605,8971461,5042785,1,328,1.78722,0.0081569,6.08652,0.139217,0.0437196,1.77907,0.562092
unroll_v5,unroll,conv_unroll_v5,256,256,3,1234,18,0,84,1799894,14489,1142458,50143,8213381,4639212,1,324,1.76407,0.00804992,6.10504,0.139097,0.0438905,1.77043,0.564836
unroll_v5,unroll,conv_unroll_v5,256,256,3,1234,19,0,100,1757443,18118,1135838,48442,7906213,4936514,1,325,2.29162,0.0103093,6.12708,0.143664,0.0426487,1.60158,0.624384
unroll_v5,unroll,conv_unroll_v5,256,256,3,1234,20,0,78,1929729,16585,1225712,53342,8807325,4896323,1,326,1.88309,0.00859447,6.05655,0.13917,0.0435192,1.79876,0.555938
unroll_v5,unroll,conv_unroll_v5,512,512,3,1234,1,0,93,5561146,27342,3424381,154803,25785337,12813659,2,900,1.06037,0.00491661,6.00353,0.132803,0.0452061,2.01233,0.496936
unroll_v5,unroll,conv_unroll_v5,512,512,3,1234,2,0,91,5606310,27994,3443117,155686,26022301,12820850,1,905,1.07577,0.0049933,5.98279,0.132314,0.0452166,2.02969,0.492687
unroll_v5,unroll,conv_unroll_v5,512,512,3,1234,3,0,91,5626805,26397,3456474,155948,26116202,12821691,1,905,1.01075,0.00469129,5.97131,0.13235,0.0451177,2.03688,0.490948
unroll_v5,unroll,conv_unroll_v5,512,512,3,1234,4,0,92,5582728,26955,3429148,156758,25913080,12812593,1,904,1.04021,0.00482828,6.04938,0.132333,0.0457134,2.02247,0.494445
unroll_v5,unroll,conv_unroll_v5,512,512,3,1234,5,0,96,5486414,28450,3387453,152058,25367569,13088643,2,903,1.12151,0.00518554,5.99419,0.133535,0.0448886,1.93814,0.51596
unroll_v5,unroll,conv_unroll_v5,512,512,3,1234,6,0,100,5388876,33310,3335687,149300,24871137,12819360,2,903,1.3393,0.00618125,6.00294,0.134119,0.0447584,1.94012,0.515431
unroll_v5,unroll,conv_unroll_v5,512,512,3,1234,7,0,91,5608295,27550,3445124,155398,26030253,12598036,1,902,1.05838,0.00491237,5.9699,0.132351,0.0451066,2.06622,0.483977
unroll_v5,unroll,conv_unroll_v5,512,512,3,1234,8,0,97,5479566,31120,3384404,152381,25326082,12757968,3,904,1.22877,0.00567928,6.01676,0.133633,0.0450245,1.98512,0.503748
unroll_v5,unroll,conv_unroll_v5,512,512,3,1234,9,0,91,5608233,27181,3444828,157274,26029294,12950433,1,905,1.04425,0.00484662,6.04219,0.132344,0.0456551,2.00992,0.497533
unroll_v5,unroll,conv_unroll_v5,512,512,3,1234,10,0,100,5367214,30039,3321315,148654,24784236,12470517,1,902,1.21202,0.00559676,5.99793,0.134009,0.0447576,1.98743,0.503163
unroll_v5,unroll,conv_unroll_v5,512,512,3,1234,11,0,100,5369350,30116,3322787,148098,24791186,12451067,0,902,1.21479,0.00560887,5.97382,0.134031,0.0445704,1.99109,0.502238
unroll_v5,unroll,conv_unroll_v5,512,512,3,1234,12,0,91,5621971,26316,3452726,156005,26093340,12695131,1,904,1.00853,0.00468092,5.97873,0.132322,0.0451831,2.05538,0.486528
unroll_v5,unroll,conv_unroll_v5,512,512,3,1234,13,0,91,5583555,26531,3427436,155137,25913934,12703759,1,902,1.02381,0.00475163,5.98662,0.132262,0.0452633,2.03986,0.490229
unroll_v5,unroll,conv_unroll_v5,512,512,3,1234,14,0,91,5617016,25332,3450010,156149,26072381,12982126,1,906,0.971603,0.00450987,5.98906,0.132324,0.0452604,2.00833,0.497926
unroll_v5,unroll,conv_unroll_v5,512,512,3,1234,15,0,96,5518866,30389,3407619,152633,25514426,12919545,3,902,1.19105,0.00550638,5.98222,0.133557,0.0447917,1.97487,0.506362
unroll_v5,unroll,conv_unroll_v5,512,512,3,1234,16,0,95,5518788,30308,3406908,152007,25519558,12807489,2,902,1.18764,0.00549179,5.95649,0.133502,0.0446173,1.99255,0.50187
unroll_v5,unroll,conv_unroll_v5,512,512,3,1234,17,0,91,5651170,26310,3471458,157299,26222026,13365150,2,902,1.00335,0.00465567,5.99874,0.132387,0.0453121,1.96197,0.509692
unroll_v5,unroll,conv_unroll_v5,512,512,3,1234,18,0,93,5568848,28187,3431029,155127,25810480,13106392,2,903,1.09208,0.00506155,6.01023,0.132932,0.045213,1.9693,0.507793
unroll_v5,unroll,conv_unroll_v5,512,512,3,1234,19,0,91,5600457,27651,3439427,155590,25998058,12771287,1,901,1.06358,0.00493728,5.98468,0.132296,0.0452372,2.03566,0.49124
unroll_v5,unroll,conv_unroll_v5,512,512,3,1234,20,0,90,5663760,27609,3479247,157038,26286905,12904954,1,903,1.05029,0.00487468,5.974,0.132357,0.0451356,2.03696,0.490927
unroll_v5,unroll,conv_unroll_v5,1024,1024,3,1234,1,0,96,20353049,56429,12368526,563011,94981025,46055188,1,3212,0.594108,0.00277251,5.92762,0.130221,0.0455197,2.06233,0.484888
unroll_v5,unroll,conv_unroll_v5,1024,1024,3,1234,2,0,96,20269655,55575,12317837,560072,94592865,48644753,1,3209,0.587518,0.00274178,5.92087,0.13022,0.0454684,1.94456,0.514254
unroll_v5,unroll,conv_unroll_v5,1024,1024,3,1234,3,0,100,19824720,63675,12075127,546844,92371386,45306997,1,3208,0.689337,0.0032119,5.92006,0.130724,0.0452868,2.03879,0.490487
unroll_v5,unroll,conv_unroll_v5,1024,1024,3,1234,4,0,96,20202245,55661,12277141,558023,94277364,45868724,1,3209,0.590396,0.00275519,5.91895,0.130224,0.0454522,2.05537,0.48653
unroll_v5,unroll,conv_unroll_v5,1024,1024,3,1234,5,0,97,20195875,59275,12273028,558323,94240420,46792054,1,3211,0.628976,0.00293501,5.92445,0.130231,0.0454919,2.01403,0.496518
unroll_v5,unroll,conv_unroll_v5,1024,1024,3,1234,6,0,96,20220326,58878,12288195,558521,94358054,46155694,1,3211,0.623985,0.00291182,5.91917,0.130229,0.0454518,2.04434,0.489155
unroll_v5,unroll,conv_unroll_v5,1024,1024,3,1234,7,0,96,20218799,59495,12286871,558590,94349585,45611033,1,3210,0.63058,0.00294256,5.92043,0.130227,0.0454623,2.06857,0.483426
unroll_v5,unroll,conv_unroll_v5,1024,1024,3,1234,8,0,96,20261426,55139,12313330,560566,94550131,46848214,1,3207,0.583172,0.00272138,5.92877,0.130231,0.0455251,2.01822,0.495485
unroll_v5,unroll,conv_unroll_v5,1024,1024,3,1234,9,0,100,19925739,66846,12133559,547952,92849412,45994328,1,3211,0.71994,0.00335476,5.90151,0.13068,0.04516,2.01871,0.495365
unroll_v5,unroll,conv_unroll_v5,1024,1024,3,1234,10,0,96,20210259,60548,12282199,558858,94310711,46119246,1,3209,0.642006,0.0029959,5.92571,0.130231,0.0455015,2.04493,0.489014
unroll_v5,unroll,conv_unroll_v5,1024,1024,3,1234,11,0,96,20327625,59874,12349548,560287,94865785,46514265,1,3209,0.631144,0.00294545,5.9061,0.130179,0.045369,2.0395,0.490317
unroll_v5,unroll,conv_unroll_v5,1024,1024,3,1234,12,0,96,20302585,61987,12337840,561915,94742385,46325347,1,3211,0.654269,0.00305316,5.93098,0.130225,0.045544,2.04515,0.488961
unroll_v5,unroll,conv_unroll_v5,1024,1024,3,1234,13,0,97,20180102,60273,12269562,557184,94160478,45528492,2,3211,0.640109,0.00298675,5.91739,0.130305,0.0454119,2.06817,0.48352
unroll_v5,unroll,conv_unroll_v5,1024,1024,3,1234,14,0,96,20234512,56194,12296643,559183,94429563,45735771,1,3209,0.595089,0.00277714,5.92169,0.13022,0.0454744,2.06468,0.484337
unroll_v5,unroll,conv_unroll_v5,1024,1024,3,1234,15,0,96,20206459,53335,12279743,558902,94293411,49257472,1,3210,0.565628,0.0026395,5.92726,0.130229,0.0455141,1.9143,0.522385
unroll_v5,unroll,conv_unroll_v5,1024,1024,3,1234,16,0,97,20136358,59594,12236702,558311,93973147,46014581,1,3207,0.63416,0.00295952,5.94118,0.130215,0.0456259,2.04225,0.489657
unroll_v5,unroll,conv_unroll_v5,1024,1024,3,1234,17,0,96,20237612,60830,12298111,559578,94437793,45533013,1,3210,0.644128,0.00300579,5.92536,0.130224,0.0455011,2.07405,0.482148
unroll_v5,unroll,conv_unroll_v5,1024,1024,3,1234,18,0,96,20194214,53872,12272118,559188,94239687,46297059,1,3209,0.571649,0.00266769,5.93368,0.130222,0.0455657,2.03554,0.491269
unroll_v5,unroll,conv_unroll_v5,1024,1024,3,1234,19,0,99,19914311,74302,12127103,550756,92817390,46473645,3,3207,0.800518,0.00373109,5.93376,0.130656,0.0454153,1.9972,0.5007
unroll_v5,unroll,conv_unroll_v5,1024,1024,3,1234,20,0,97,20167053,59983,12255973,558146,94113977,45324317,2,3210,0.637344,0.00297431,5.93053,0.130225,0.0455407,2.07646,0.48159
unroll_v5,unroll,conv_unroll_v5,2048,2048,3,1234,1,0,100,77586759,244857,47045877,2146748,362488186,176459991,0,12428,0.67549,0.00315591,5.92226,0.129786,0.0456309,2.05422,0.486802
unroll_v5,unroll,conv_unroll_v5,2048,2048,3,1234,2,0,99,77950578,234381,47236544,2156171,364335752,176690643,1,12429,0.64331,0.00300679,5.91809,0.129651,0.0456462,2.062,0.484967
unroll_v5,unroll,conv_unroll_v5,2048,2048,3,1234,3,0,99,77892138,237357,47219087,2157161,363964545,177352307,2,12429,0.652143,0.00304725,5.92684,0.129735,0.0456841,2.05221,0.487279
unroll_v5,unroll,conv_unroll_v5,2048,2048,3,1234,4,0,100,77588655,240984,47050256,2146498,362508837,177632608,1,12430,0.664767,0.00310592,5.92123,0.129791,0.0456214,2.04078,0.490009
unroll_v5,unroll,conv_unroll_v5,2048,2048,3,1234,5,0,100,77558654,250137,47027083,2145411,362366392,175868561,1,12428,0.690288,0.00322513,5.92056,0.129778,0.0456208,2.06044,0.485334
unroll_v5,unroll,conv_unroll_v5,2048,2048,3,1234,6,0,98,78249034,235092,47418446,2165501,365726821,178007772,1,12428,0.642808,0.00300441,5.92109,0.129655,0.0456679,2.05456,0.486723
unroll_v5,unroll,conv_unroll_v5,2048,2048,3,1234,7,0,99,78066738,248071,47309437,2162265,364867458,177671859,2,12431,0.679893,0.00317768,5.92617,0.129662,0.0457047,2.0536,0.486949
unroll_v5,unroll,conv_unroll_v5,2048,2048,3,1234,8,0,98,78268546,256826,47430307,2167244,365809746,178501529,1,12431,0.702075,0.00328134,5.92451,0.129658,0.0456932,2.04934,0.487963
unroll_v5,unroll,conv_unroll_v5,2048,2048,3,1234,9,0,100,77599283,242025,47053331,2144329,362533432,176912892,1,12429,0.667594,0.00311891,5.91484,0.12979,0.0455723,2.04922,0.487991
unroll_v5,unroll,conv_unroll_v5,2048,2048,3,1234,10,0,98,78267013,241110,47429053,2165235,365810296,177139731,1,12431,0.659112,0.00308061,5.91901,0.129655,0.0456521,2.06509,0.484239
unroll_v5,unroll,conv_unroll_v5,2048,2048,3,1234,11,0,98,78287400,236634,47440967,2166403,365903042,178050044,1,12430,0.646712,0.00302263,5.9207,0.129654,0.0456652,2.05506,0.486604
unroll_v5,unroll,conv_unroll_v5,2048,2048,3,1234,12,0,100,77568619,238062,47034158,2145965,362405219,176514649,1,12429,0.656895,0.00306905,5.92145,0.129783,0.0456257,2.05312,0.487064
unroll_v5,unroll,conv_unroll_v5,2048,2048,3,1234,13,0,98,78243171,240231,47414643,2166647,365693670,177639551,1,12429,0.656919,0.00307031,5.92476,0.129657,0.0456957,2.05863,0.485761
unroll_v5,unroll,conv_unroll_v5,2048,2048,3,1234,14,0,99,77968186,230817,47247976,2157157,364414940,176840740,1,12430,0.633391,0.0029604,5.91951,0.129654,0.0456561,2.0607,0.485273
unroll_v5,unroll,conv_unroll_v5,2048,2048,3,1234,15,0,98,78229689,244894,47406093,2166498,365627221,178014086,2,12430,0.669791,0.00313045,5.92543,0.129657,0.0457008,2.05392,0.486873
unroll_v5,unroll,conv_unroll_v5,2048,2048,3,1234,16,0,98,78221089,230200,47401585,2167290,365594850,178630139,1,12431,0.629659,0.00294294,5.92812,0.129656,0.0457219,2.04666,0.488601
unroll_v5,unroll,conv_unroll_v5,2048,2048,3,1234,17,0,98,78216893,238815,47398982,2163810,365566257,177473913,1,12431,0.653274,0.00305324,5.91906,0.129659,0.045651,2.05983,0.485477
unroll_v5,unroll,conv_unroll_v5,2048,2048,3,1234,18,0,98,78280479,241377,47436977,2165499,365864264,177380202,1,12429,0.659745,0.00308349,5.91886,0.129657,0.04565,2.0626,0.484825
unroll_v5,unroll,conv_unroll_v5,2048,2048,3,1234,19,0,98,78233017,242467,47409079,2163086,365652401,177394915,1,12428,0.663108,0.00309929,5.91569,0.129656,0.045626,2.06123,0.485146
unroll_v5,unroll,conv_unroll_v5,2048,2048,3,1234,20,0,100,77572618,241670,47035700,2145599,362419760,176517293,0,12427,0.666823,0.0031154,5.9202,0.129782,0.0456164,2.05317,0.487052
unroll_v5,unroll,conv_unroll_v5,4096,4096,3,1234,1,0,99,309713110,992934,187620817,8564419,1448374946,713695922,1,49303,0.68555,0.00320598,5.91312,0.129539,0.0456475,2.0294,0.492756
unroll_v5,unroll,conv_unroll_v5,4096,4096,3,1234,2,0,100,308786052,986744,187061698,8536329,1443812910,706440003,2,49301,0.683429,0.00319556,5.91235,0.129561,0.0456338,2.04379,0.489288
unroll_v5,unroll,conv_unroll_v5,4096,4096,3,1234,3,0,99,309605304,976101,187529338,8549528,1447783531,710121593,4,49303,0.674204,0.00315273,5.90525,0.129529,0.0455903,2.03878,0.490489
unroll_v5,unroll,conv_unroll_v5,4096,4096,3,1234,4,0,99,309091645,984039,187241175,8550786,1445266884,708396613,3,49302,0.68087,0.00318365,5.91641,0.129555,0.0456672,2.04019,0.490149
unroll_v5,unroll,conv_unroll_v5,4096,4096,3,1234,5,0,99,309574292,1015780,187513813,8551460,1447666083,708472020,1,49301,0.701667,0.00328122,5.90707,0.129528,0.0456044,2.04336,0.489389
unroll_v5,unroll,conv_unroll_v5,4096,4096,3,1234,6,0,99,309588499,1012454,187523350,8563394,1447718903,708644043,1,49299,0.699344,0.00327032,5.91509,0.12953,0.0456657,2.04294,0.48949
unroll_v5,unroll,conv_unroll_v5,4096,4096,3,1234,7,0,99,309316377,954583,187357490,8538722,1446455426,707127397,2,49300,0.659946,0.00308611,5.9032,0.129529,0.0455745,2.04554,0.488869
unroll_v5,unroll,conv_unroll_v5,4096,4096,3,1234,8,0,99,309504466,1002957,187474720,8561394,1447330549,709057963,3,49301,0.69297,0.00324053,5.9153,0.129531,0.0456669,2.0412,0.489907
unroll_v5,unroll,conv_unroll_v5,4096,4096,3,1234,9,0,99,309306189,967106,187353695,8555175,1446405417,707748179,2,49302,0.668627,0.00312669,5.91478,0.129531,0.0456632,2.04367,0.489315
unroll_v5,unroll,conv_unroll_v5,4096,4096,3,1234,10,0,99,309523320,990690,187483970,8551608,1447418878,708318972,2,49301,0.684453,0.0032007,5.90818,0.12953,0.0456125,2.04346,0.489367
unroll_v5,unroll,conv_unroll_v5,4096,4096,3,1234,11,0,99,309577855,1013568,187517132,8556084,1447672709,708634003,2,49302,0.700136,0.00327403,5.91023,0.12953,0.0456283,2.04291,0.489499
unroll_v5,unroll,conv_unroll_v5,4096,4096,3,1234,12,0,99,309373257,1014000,187393377,8548542,1446710798,707961886,3,49303,0.7009,0.00327759,5.90895,0.129531,0.0456182,2.04349,0.48936
unroll_v5,unroll,conv_unroll_v5,4096,4096,3,1234,13,0,99,309285585,971271,187341483,8542595,1446290805,708712308,4,49303,0.67156,0.00314037,5.90655,0.129532,0.0455991,2.04073,0.490021
unroll_v5,unroll,conv_unroll_v5,4096,4096,3,1234,14,0,99,309509835,963742,187473792,8546530,1447357118,708822539,1,49303,0.665863,0.00311377,5.90492,0.129528,0.0455879,2.04192,0.489736
unroll_v5,unroll,conv_unroll_v5,4096,4096,3,1234,15,0,99,309566445,1019003,187510171,8551529,1447624053,708958435,1,49301,0.703914,0.00329171,5.90729,0.12953,0.0456057,2.0419,0.489739
unroll_v5,unroll,conv_unroll_v5,4096,4096,3,1234,16,0,99,309293836,975687,187344826,8542582,1446321130,708464986,6,49300,0.674599,0.00315456,5.90642,0.129532,0.0455982,2.04149,0.489839
unroll_v5,unroll,conv_unroll_v5,4096,4096,3,1234,17,0,99,309615384,988720,187551669,8549384,1447886265,707738804,2,49302,0.682871,0.00319338,5.90473,0.129535,0.0455842,2.04579,0.488808
unroll_v5,unroll,conv_unroll_v5,4096,4096,3,1234,18,0,99,309061297,987429,187233243,8542328,1445203606,708349726,3,49302,0.683246,0.00319493,5.91081,0.129555,0.045624,2.04024,0.490138
unroll_v5,unroll,conv_unroll_v5,4096,4096,3,1234,19,0,99,309360552,977974,187390324,8551330,1446671684,707472006,1,49298,0.676017,0.00316128,5.91104,0.129532,0.0456338,2.04485,0.489034
unroll_v5,unroll,conv_unroll_v5,4096,4096,3,1234,20,0,99,309593502,1055361,187530553,8550237,1447763164,708789072,2,49303,0.72896,0.00340886,5.90583,0.129531,0.0455938,2.04259,0.489575
unroll_v5,unroll,conv_unroll_v5,8192,8192,3,1234,1,0,99,1235253587,4325210,748483342,34126642,5778883511,2836115627,5,196773,0.748451,0.00350148,5.9054,0.12952,0.0455944,2.03761,0.490772
unroll_v5,unroll,conv_unroll_v5,8192,8192,3,1234,2,0,100,1234512355,4416891,748088459,34110780,5775389719,2823902860,7,196772,0.764778,0.00357784,5.90623,0.12953,0.0455973,2.04518,0.488955
unroll_v5,unroll,conv_unroll_v5,8192,8192,3,1234,3,0,99,1235291132,4374629,748526820,34128349,5779160541,2829925597,9,196773,0.756966,0.00354137,5.90542,0.129522,0.045594,2.04216,0.489678
unroll_v5,unroll,conv_unroll_v5,8192,8192,3,1234,4,0,99,1235261465,4567300,748507867,34105454,5779054150,2830693086,6,196774,0.79032,0.00369744,5.90156,0.129521,0.0455646,2.04157,0.489819
unroll_v5,unroll,conv_unroll_v5,8192,8192,3,1234,5,0,99,1235273509,4397376,748519223,34118408,5779109620,2824963388,5,196776,0.760909,0.00355984,5.90375,0.129522,0.0455812,2.04573,0.488823
unroll_v5,unroll,conv_unroll_v5,8192,8192,3,1234,6,0,99,1235335076,4379576,748561815,34091949,5779410647,2826560259,5,196775,0.757789,0.00354525,5.89886,0.129522,0.0455433,2.04468,0.489074
unroll_v5,unroll,conv_unroll_v5,8192,8192,3,1234,7,0,99,1235069032,4443641,748402023,34055592,5778146661,2825412744,6,196773,0.769043,0.00359789,5.89386,0.129523,0.0455044,2.04506,0.488983
unroll_v5,unroll,conv_unroll_v5,8192,8192,3,1234,8,0,99,1234866651,4394270,748265027,34083685,5777217615,2821903767,8,196774,0.76062,0.0035585,5.89967,0.12952,0.0455503,2.04728,0.488454
unroll_v5,unroll,conv_unroll_v5,8192,8192,3,1234,9,0,99,1235227519,4353051,748484165,34076091,5778898123,2828273240,5,196775,0.753267,0.00352409,5.89664,0.12952,0.0455268,2.04326,0.489414
unroll_v5,unroll,conv_unroll_v5,8192,8192,3,1234,10,0,99,1235010330,4397336,748366413,34101109,5777909313,2826657515,6,196773,0.76106,0.00356057,5.90198,0.129522,0.0455674,2.04408,0.489218
unroll_v5,unroll,conv_unroll_v5,8192,8192,3,1234,11,0,99,1234934563,4402632,748314583,34124985,5777547004,2821860212,5,196775,0.762024,0.00356507,5.90648,0.129521,0.0456025,2.04742,0.488418
unroll_v5,unroll,conv_unroll_v5,8192,8192,3,1234,12,0,99,1235198607,4539860,748477143,34100589,5778787169,2828009333,8,196773,0.785608,0.00367541,5.90099,0.129521,0.04556,2.04341,0.489378
unroll_v5,unroll,conv_unroll_v5,8192,8192,3,1234,13,0,99,1234918387,4362141,748303390,34094971,5777470493,2826216896,11,196773,0.755026,0.00353233,5.90137,0.129521,0.045563,2.04424,0.489179
unroll_v5,unroll,conv_unroll_v5,8192,8192,3,1234,14,0,99,1235290223,4459893,748535347,34098660,5779215311,2820005675,4,196774,0.771713,0.0036104,5.90022,0.129522,0.0455538,2.04936,0.487956
unroll_v5,unroll,conv_unroll_v5,8192,8192,3,1234,15,0,99,1235194532,4369602,748470876,34087697,5778765200,2822214764,4,196774,0.756148,0.00353758,5.89879,0.129521,0.0455431,2.0476,0.488377
unroll_v5,unroll,conv_unroll_v5,8192,8192,3,1234,16,0,99,1235041654,4479930,748386634,34121293,5778013906,2837119268,10,196773,0.775341,0.00362735,5.90537,0.129523,0.0455931,2.03658,0.49102
unroll_v5,unroll,conv_unroll_v5,8192,8192,3,1234,17,0,99,1235252701,4417085,748502539,34104874,5779023058,2821329392,6,196774,0.764331,0.00357586,5.90149,0.129521,0.0455641,2.04833,0.488202
unroll_v5,unroll,conv_unroll_v5,8192,8192,3,1234,18,0,99,1235252854,4501917,748510080,34126257,5779010993,2827844597,7,196774,0.779012,0.00364453,5.90521,0.129522,0.0455922,2.04361,0.48933
unroll_v5,unroll,conv_unroll_v5,8192,8192,3,1234,19,0,99,1235289116,4417634,748537815,34076206,5779212354,2830246595,4,196770,0.764401,0.00357619,5.89634,0.129522,0.0455237,2.04195,0.489729
unroll_v5,unroll,conv_unroll_v5,8192,8192,3,1234,20,0,99,1235269398,4368279,748517152,34091220,5779105717,2816196282,4,196773,0.755875,0.0035363,5.89905,0.129521,0.045545,2.0521,0.487307
unroll_v5,unroll,conv_unroll_v5,16384,16384,3,1234,1,0,99,4938961591,32049523,2994281737,136352267,23115628689,11275200539,20,786631,1.38649,0.00648912,5.8987,0.129535,0.0455376,2.05013,0.487774
unroll_v5,unroll,conv_unroll_v5,16384,16384,3,1234,2,0,99,4938499822,32404955,2993907659,136276875,23112998029,11288016337,23,786630,1.40202,0.0065617,5.89611,0.129534,0.0455181,2.04757,0.488384
unroll_v5,unroll,conv_unroll_v5,16384,16384,3,1234,3,0,99,4938801951,32408127,2994071142,136244332,23114388268,11289150668,17,786630,1.40208,0.00656194,5.89435,0.129533,0.0455047,2.04749,0.488404
unroll_v5,unroll,conv_unroll_v5,16384,16384,3,1234,4,0,99,4938697489,32091829,2994003012,136354035,23113922732,11286666138,21,786630,1.38842,0.00649803,5.89922,0.129532,0.0455424,2.0479,0.488306
unroll_v5,unroll,conv_unroll_v5,16384,16384,3,1234,5,0,99,4938376315,31969203,2993806150,136301053,23112463154,11286969581,18,786630,1.3832,0.00647363,5.8973,0.129532,0.0455277,2.04771,0.48835
unroll_v5,unroll,conv_unroll_v5,16384,16384,3,1234,6,0,99,4938724996,32406911,2994032972,136262867,23114080799,11276366080,23,786631,1.40204,0.0065618,5.89523,0.129533,0.0455115,2.04978,0.487857
unroll_v5,unroll,conv_unroll_v5,16384,16384,3,1234,7,0,99,4938735585,32273371,2994039777,136308296,23114126028,11294634441,18,786630,1.39626,0.00653474,5.89719,0.129533,0.0455265,2.04647,0.488646
unroll_v5,unroll,conv_unroll_v5,16384,16384,3,1234,8,0,99,4938850248,32111995,2994124787,136224114,23114668592,11293344680,15,786631,1.38925,0.00650192,5.89341,0.129534,0.0454971,2.04675,0.488579
unroll_v5,unroll,conv_unroll_v5,16384,16384,3,1234,9,0,99,4938716303,32598584,2994057209,136297411,23113945352,11292495546,25,786628,1.41034,0.00660062,5.89676,0.129535,0.0455226,2.04684,0.488558
unroll_v5,unroll,conv_unroll_v5,16384,16384,3,1234,10,0,99,4938888308,32085229,2994147236,136299152,23114928004,11306397509,17,786627,1.38807,0.00649645,5.89659,0.129533,0.0455219,2.04441,0.489138
unroll_v5,unroll,conv_unroll_v5,16384,16384,3,1234,11,0,99,4938600262,32129987,2993974191,136205660,23113468693,11285752702,24,786627,1.3901,0.00650589,5.89291,0.129534,0.0454933,2.04802,0.488276
unroll_v5,unroll,conv_unroll_v5,16384,16384,3,1234,12,0,99,4938711034,32239306,2994007087,136245375,23113994479,11277053448,18,786630,1.3948,0.00652788,5.8945,0.129532,0.045506,2.04965,0.487889
unroll_v5,unroll,conv_unroll_v5,16384,16384,3,1234,13,0,99,4938779251,32195291,2994064174,136311593,23114355481,11288801153,19,786630,1.39287,0.00651888,5.89727,0.129533,0.0455273,2.04755,0.488389
unroll_v5,unroll,conv_unroll_v5,16384,16384,3,1234,14,0,99,4938485534,32623052,2993884485,136226568,23112959277,11292096173,19,786631,1.41146,0.00660588,5.89395,0.129533,0.0455016,2.04683,0.488561
unroll_v5,unroll,conv_unroll_v5,16384,16384,3,1234,15,0,99,4938773206,32855821,2994087457,136328921,23114271942,11310062100,26,786630,1.42145,0.00665263,5.89804,0.129534,0.0455327,2.04369,0.489311
unroll_v5,unroll,conv_unroll_v5,16384,16384,3,1234,16,0,99,4938496417,32675839,2993910801,136405067,23113019223,11295785828,20,786628,1.41374,0.00661656,5.90166,0.129534,0.0455608,2.04616,0.48872
unroll_v5,unroll,conv_unroll_v5,16384,16384,3,1234,17,0,99,4938751781,32107841,2994073616,136296727,23114195759,11310732023,27,786628,1.3891,0.00650121,5.89667,0.129534,0.0455222,2.04356,0.489341
unroll_v5,unroll,conv_unroll_v5,16384,16384,3,1234,18,0,99,4938449140,31995369,2993848865,136424965,23112761940,11285188418,21,786629,1.38432,0.00647883,5.90258,0.129532,0.0455684,2.04806,0.488267
unroll_v5,unroll,conv_unroll_v5,16384,16384,3,1234,19,0,99,4938208513,32255593,2993724822,136298472,23111478188,11289300531,23,786630,1.39565,0.00653184,5.89744,0.129534,0.0455281,2.0472,0.488472
unroll_v5,unroll,conv_unroll_v5,16384,16384,3,1234,20,0,99,4938532469,32277533,2993922262,136267002,23113205211,11293918946,22,786630,1.3965,0.00653586,5.89563,0.129533,0.0455145,2.04652,0.488635
simd128_v2,simd,conv_simd128_v2,64,64,3,1234,1,0,67,531137,12813,419417,15183,2396638,2180565,1,140,5.34624,0.0241237,6.33512,0.175002,0.0362002,1.09909,0.909843
simd128_v2,simd,conv_simd128_v2,64,64,3,1234,2,0,57,626654,15081,494140,17558,2829014,2507885,1,142,5.33083,0.0240659,6.2064,0.174669,0.0355324,1.12805,0.886487
simd128_v2,simd,conv_simd128_v2,64,64,3,1234,3,0,67,532362,15165,419785,15116,2401224,1992853,1,143,6.31553,0.0284863,6.29512,0.174821,0.0360089,1.20492,0.829932
simd128_v2,simd,conv_simd128_v2,64,64,3,1234,4,0,53,673501,16125,531539,18970,3040666,2715575,1,145,5.30311,0.0239421,6.23876,0.17481,0.0356888,1.11971,0.893086
simd128_v2,simd,conv_simd128_v2,64,64,3,1234,5,0,100,589182,14805,450014,16412,2557386,2309376,1,141,5.78911,0.0251281,6.41749,0.175966,0.03647,1.10739,0.903022
simd128_v2,simd,conv_simd128_v2,64,64,3,1234,6,0,55,649256,16713,512315,18549,2928546,2498752,1,142,5.70693,0.0257418,6.33386,0.174938,0.0362062,1.172,0.85324
simd128_v2,simd,conv_simd128_v2,64,64,3,1234,7,0,55,649569,16563,512111,18589,2933339,2561305,1,142,5.64647,0.0254984,6.33715,0.174583,0.0362988,1.14525,0.87317
simd128_v2,simd,conv_simd128_v2,64,64,3,1234,8,0,56,634834,16590,500579,18132,2865773,2620250,1,144,5.78901,0.0261328,6.32709,0.174675,0.0362221,1.0937,0.914326
simd128_v2,simd,conv_simd128_v2,64,64,3,1234,9,0,60,589718,16523,466255,16726,2663922,2536932,1,142,6.20251,0.0280185,6.27871,0.175026,0.0358731,1.05006,0.95233
simd128_v2,simd,conv_simd128_v2,64,64,3,1234,10,0,59,607904,15632,480476,17273,2743906,2602624,1,143,5.69699,0.0257146,6.29504,0.175107,0.0359498,1.05428,0.948511
simd128_v2,simd,conv_simd128_v2,64,64,3,1234,11,0,58,619506,15250,488959,17749,2798114,2527377,1,142,5.4501,0.0246164,6.3432,0.174746,0.0362996,1.10712,0.903243
simd128_v2,simd,conv_simd128_v2,64,64,3,1234,12,0,100,598004,17185,455230,16796,2596937,2466240,1,142,6.61741,0.0287373,6.46762,0.175295,0.0368956,1.05299,0.949673
simd128_v2,simd,conv_simd128_v2,64,64,3,1234,13,0,57,622817,17344,491406,17696,2812310,2424408,1,141,6.16717,0.0278477,6.29234,0.174734,0.036011,1.16,0.86207
simd128_v2,simd,conv_simd128_v2,64,64,3,1234,14,0,52,674864,16163,533530,18379,3046498,2930189,1,143,5.30544,0.02395,6.03283,0.175129,0.0344479,1.03969,0.961822
simd128_v2,simd,conv_simd128_v2,64,64,3,1234,15,0,100,594996,14057,453884,15113,2582672,2300838,1,143,5.44281,0.0236254,5.85169,0.175742,0.0332971,1.12249,0.890875
simd128_v2,simd,conv_simd128_v2,64,64,3,1234,16,0,55,640366,16144,505363,18401,2889351,2403461,1,143,5.58741,0.0252106,6.36856,0.174905,0.0364115,1.20216,0.831834
simd128_v2,simd,conv_simd128_v2,64,64,3,1234,17,0,56,635683,15144,501837,14762,2867933,2155575,1,143,5.28046,0.0238232,5.14726,0.174982,0.0294159,1.33047,0.751613
simd128_v2,simd,conv_simd128_v2,64,64,3,1234,18,0,55,645789,14692,509209,14482,2915595,2277726,1,143,5.03911,0.0227505,4.96708,0.17465,0.0284402,1.28005,0.781222
simd128_v2,simd,conv_simd128_v2,64,64,3,1234,19,0,48,725938,16928,572897,17541,3278648,3466692,1,141,5.1631,0.0233188,5.35007,0.174736,0.0306181,0.945757,1.05735
simd128_v2,simd,conv_simd128_v2,64,64,3,1234,20,0,56,633064,14418,499134,14289,2855778,2341433,1,144,5.04871,0.0227749,5.00354,0.17478,0.0286276,1.21967,0.819893
simd128_v2,simd,conv_simd128_v2,128,128,3,1234,1,0,59,859949,13855,736699,23823,4436743,3000326,1,179,3.12279,0.0161114,5.36948,0.166045,0.0323375,1.47875,0.676245
simd128_v2,simd,conv_simd128_v2,128,128,3,1234,2,0,60,849839,14187,725780,24692,4382554,3023697,1,178,3.23715,0.0166938,5.63416,0.165607,0.0340213,1.4494,0.689939
simd128_v2,simd,conv_simd128_v2,128,128,3,1234,3,0,63,814798,13349,696236,22107,4200334,2784324,1,179,3.17808,0.0163832,5.26315,0.165757,0.0317522,1.50857,0.662882
simd128_v2,simd,conv_simd128_v2,128,128,3,1234,4,0,95,770617,14963,630672,20974,3730391,2805053,2,180,4.01111,0.0194169,5.62247,0.169063,0.0332566,1.32988,0.751946
simd128_v2,simd,conv_simd128_v2,128,128,3,1234,5,0,84,799365,15513,657618,22616,3918086,2771985,2,177,3.95933,0.0194067,5.77221,0.167842,0.0343908,1.41346,0.707484
simd128_v2,simd,conv_simd128_v2,128,128,3,1234,6,0,61,832236,14014,712551,23194,4290964,2863514,1,179,3.26593,0.016839,5.40531,0.166058,0.0325507,1.4985,0.667336
simd128_v2,simd,conv_simd128_v2,128,128,3,1234,7,0,63,810755,13798,692026,24134,4184756,2887254,1,175,3.29721,0.0170187,5.76712,0.165368,0.0348744,1.44939,0.689946
simd128_v2,simd,conv_simd128_v2,128,128,3,1234,8,0,60,861798,14407,736227,24844,4441252,3222858,1,179,3.24391,0.0167174,5.59392,0.16577,0.033745,1.37805,0.725664
simd128_v2,simd,conv_simd128_v2,128,128,3,1234,9,0,62,825219,14164,705329,24647,4253573,2790475,1,177,3.32991,0.0171639,5.79442,0.16582,0.034944,1.52432,0.656031
simd128_v2,simd,conv_simd128_v2,128,128,3,1234,10,0,79,739223,12662,623764,21416,3727401,2576788,2,175,3.39701,0.0171288,5.74556,0.167346,0.0343335,1.44653,0.69131
simd128_v2,simd,conv_simd128_v2,128,128,3,1234,11,0,62,818818,13505,701394,24801,4225363,2968616,1,178,3.19618,0.0164933,5.86955,0.165996,0.0353596,1.42334,0.702571
simd128_v2,simd,conv_simd128_v2,128,128,3,1234,12,0,62,819715,13837,701478,24106,4232579,2841815,1,175,3.26917,0.0168803,5.69535,0.165733,0.0343646,1.48939,0.671415
simd128_v2,simd,conv_simd128_v2,128,128,3,1234,13,0,94,764386,14884,626761,21478,3711256,2799943,2,176,4.0105,0.0194718,5.78726,0.168881,0.0342682,1.32548,0.754446
simd128_v2,simd,conv_simd128_v2,128,128,3,1234,14,0,62,818923,13850,700825,24605,4224998,2737783,1,179,3.27811,0.0169125,5.82367,0.165876,0.0351086,1.54322,0.647996
simd128_v2,simd,conv_simd128_v2,128,128,3,1234,15,0,61,832698,13818,713523,23330,4297854,2802367,1,177,3.21509,0.0165943,5.42829,0.166018,0.0326969,1.53365,0.652039
simd128_v2,simd,conv_simd128_v2,128,128,3,1234,16,0,100,753203,14480,612709,21652,3630036,2742897,1,179,3.98894,0.0192246,5.96468,0.168789,0.0353381,1.32343,0.755612
simd128_v2,simd,conv_simd128_v2,128,128,3,1234,17,0,63,813585,13730,694481,22591,4192034,2770945,1,179,3.27526,0.0168759,5.38903,0.165667,0.0325293,1.51285,0.661003
simd128_v2,simd,conv_simd128_v2,128,128,3,1234,18,0,61,827466,13579,709052,22750,4271859,2737997,1,176,3.17871,0.0164103,5.32555,0.165982,0.0320851,1.56021,0.640938
simd128_v2,simd,conv_simd128_v2,128,128,3,1234,19,0,60,842668,14204,721269,24985,4351729,2861453,1,178,3.26399,0.016856,5.7414,0.165743,0.0346403,1.52081,0.657544
simd128_v2,simd,conv_simd128_v2,128,128,3,1234,20,0,100,751536,14597,611907,21176,3621921,2681558,1,180,4.03018,0.0194229,5.84662,0.168945,0.0346066,1.35068,0.740369
simd128_v2,simd,conv_simd128_v2,256,256,3,1234,1,0,82,1396092,14062,1310474,51185,8322760,4543443,1,326,1.68958,0.0100724,6.15,0.157457,0.0390584,1.83182,0.545906
simd128_v2,simd,conv_simd128_v2,256,256,3,1234,2,0,78,1460161,13601,1371100,52141,8704620,4845253,1,327,1.5625,0.00931473,5.99004,0.157514,0.0380286,1.79653,0.55663
simd128_v2,simd,conv_simd128_v2,256,256,3,1234,3,0,77,1488225,15141,1396115,51763,8864411,4745257,1,327,1.70807,0.0101739,5.83942,0.157497,0.0370765,1.86806,0.535316
simd128_v2,simd,conv_simd128_v2,256,256,3,1234,4,0,78,1471084,14340,1380820,51584,8768069,4637840,1,327,1.63548,0.00974791,5.88317,0.157483,0.0373575,1.89055,0.528947
simd128_v2,simd,conv_simd128_v2,256,256,3,1234,5,0,73,1564293,16725,1468165,55788,9318202,5129190,1,327,1.79487,0.0106917,5.98699,0.157559,0.0379985,1.8167,0.550448
simd128_v2,simd,conv_simd128_v2,256,256,3,1234,6,0,77,1488884,15212,1396675,54482,8851468,4908405,2,324,1.71858,0.010217,6.15514,0.15779,0.0390084,1.80333,0.55453
simd128_v2,simd,conv_simd128_v2,256,256,3,1234,7,0,78,1458062,13344,1368784,51526,8694618,4814217,1,325,1.53474,0.00915187,5.92619,0.157429,0.0376436,1.80603,0.553701
simd128_v2,simd,conv_simd128_v2,256,256,3,1234,8,0,84,1509372,16415,1384489,49652,8710647,4960085,1,327,1.88448,0.0108754,5.70015,0.158942,0.0358631,1.75615,0.569428
simd128_v2,simd,conv_simd128_v2,256,256,3,1234,9,0,84,1469993,16040,1355445,50428,8549028,4878438,2,328,1.87624,0.0109116,5.89868,0.15855,0.037204,1.75241,0.570642
simd128_v2,simd,conv_simd128_v2,256,256,3,1234,10,0,78,1469132,14447,1379318,51724,8753640,4646784,1,326,1.6504,0.0098337,5.90886,0.157571,0.0374997,1.88381,0.53084
simd128_v2,simd,conv_simd128_v2,256,256,3,1234,11,0,77,1480599,15220,1387726,52924,8813211,4822154,1,327,1.72695,0.0102796,6.00508,0.15746,0.0381372,1.82765,0.547151
simd128_v2,simd,conv_simd128_v2,256,256,3,1234,12,0,100,1386205,17265,1249645,47089,7815696,4807814,1,326,2.20902,0.0124549,6.02493,0.159889,0.0376819,1.62562,0.615149
simd128_v2,simd,conv_simd128_v2,256,256,3,1234,13,0,78,1454636,13477,1365741,53487,8672954,4667013,1,325,1.55391,0.00926486,6.1671,0.157471,0.0391634,1.85835,0.538111
simd128_v2,simd,conv_simd128_v2,256,256,3,1234,14,0,72,1580417,15698,1482602,55483,9410830,5039965,1,325,1.66808,0.00993282,5.89565,0.157542,0.0374227,1.86724,0.535549
simd128_v2,simd,conv_simd128_v2,256,256,3,1234,15,0,76,1513014,14800,1420820,53330,9016410,4791651,1,324,1.64145,0.0097818,5.91477,0.157582,0.0375347,1.88169,0.531437
simd128_v2,simd,conv_simd128_v2,256,256,3,1234,16,0,100,1389278,17233,1252464,45533,7830283,4620384,1,325,2.20081,0.0124043,5.81499,0.159951,0.0363547,1.69473,0.590066
simd128_v2,simd,conv_simd128_v2,256,256,3,1234,17,0,75,1522852,13830,1429677,55085,9074666,4896216,1,327,1.52402,0.00908164,6.0702,0.157546,0.0385297,1.8534,0.539548
simd128_v2,simd,conv_simd128_v2,256,256,3,1234,18,0,77,1478486,14426,1387942,51768,8808014,4716775,1,328,1.63783,0.00975728,5.87737,0.157577,0.0372984,1.86738,0.535509
simd128_v2,simd,conv_simd128_v2,256,256,3,1234,19,0,74,1543680,14715,1448932,54810,9199264,4928001,1,328,1.59958,0.00953242,5.95809,0.157505,0.0378279,1.86673,0.535695
simd128_v2,simd,conv_simd128_v2,256,256,3,1234,20,0,77,1472160,13824,1381958,51145,8777678,4630434,1,323,1.5749,0.00939028,5.82671,0.15744,0.0370091,1.89565,0.527524
simd128_v2,simd,conv_simd128_v2,512,512,3,1234,1,0,90,4022082,25707,3970884,155000,25839470,12328194,1,902,0.994873,0.00639147,5.99858,0.153675,0.0390341,2.09597,0.477107
simd128_v2,simd,conv_simd128_v2,512,512,3,1234,2,0,91,3992556,26201,3941559,155646,25649238,12191488,1,903,1.02151,0.00656246,6.06825,0.153672,0.0394884,2.10386,0.475316
simd128_v2,simd,conv_simd128_v2,512,512,3,1234,3,0,100,3894251,30064,3782736,148542,24468269,12506190,1,905,1.22869,0.0077201,6.0708,0.154598,0.0392684,1.95649,0.511119
simd128_v2,simd,conv_simd128_v2,512,512,3,1234,4,0,91,4000917,26273,3951228,154078,25710551,11969603,1,903,1.02188,0.00656674,5.99279,0.153681,0.038995,2.14799,0.465552
simd128_v2,simd,conv_simd128_v2,512,512,3,1234,5,0,91,3979488,24495,3929830,152849,25576315,12056220,1,904,0.957722,0.00615531,5.97619,0.153651,0.0388946,2.12142,0.471382
simd128_v2,simd,conv_simd128_v2,512,512,3,1234,6,0,90,4041150,27459,3990321,155400,25963315,12485138,1,903,1.05761,0.00679485,5.98537,0.153691,0.0389442,2.07954,0.480876
simd128_v2,simd,conv_simd128_v2,512,512,3,1234,7,0,91,4002652,25296,3952146,154665,25720509,12305399,1,902,0.983495,0.00631981,6.01329,0.153657,0.0391344,2.09018,0.478428
simd128_v2,simd,conv_simd128_v2,512,512,3,1234,8,0,91,3989946,25064,3939955,156966,25635226,12235263,1,903,0.977717,0.00628179,6.12306,0.153693,0.0398395,2.09519,0.477283
simd128_v2,simd,conv_simd128_v2,512,512,3,1234,9,0,91,4003212,25900,3952872,153959,25726839,12283178,1,904,1.00673,0.0064698,5.98437,0.153648,0.0389486,2.09448,0.477446
simd128_v2,simd,conv_simd128_v2,512,512,3,1234,10,0,100,3896748,31647,3784241,148176,24476755,12322904,1,905,1.29294,0.00812139,6.05374,0.154606,0.0391561,1.98628,0.503453
simd128_v2,simd,conv_simd128_v2,512,512,3,1234,11,0,100,3894426,31343,3782675,149534,24467199,11970705,1,902,1.28102,0.00804817,6.11161,0.154602,0.0395313,2.04392,0.489255
simd128_v2,simd,conv_simd128_v2,512,512,3,1234,12,0,91,4015303,26137,3965452,156030,25806759,12162882,1,901,1.0128,0.00650935,6.04609,0.153659,0.0393473,2.12176,0.471306
simd128_v2,simd,conv_simd128_v2,512,512,3,1234,13,0,91,4001171,26618,3950527,155984,25706210,12200032,1,903,1.03547,0.00665255,6.06795,0.15368,0.0394844,2.10706,0.474595
simd128_v2,simd,conv_simd128_v2,512,512,3,1234,14,0,91,4013128,25964,3962407,156168,25781705,12271641,1,906,1.00707,0.00646977,6.05732,0.153691,0.0394124,2.10092,0.475983
simd128_v2,simd,conv_simd128_v2,512,512,3,1234,15,0,91,3992863,25859,3943222,156081,25659526,12387563,1,901,1.00777,0.00647631,6.08277,0.153675,0.0395821,2.07139,0.482767
simd128_v2,simd,conv_simd128_v2,512,512,3,1234,16,0,93,3960738,26708,3898347,156915,25327178,12686421,2,901,1.05452,0.00674319,6.19552,0.15392,0.0402517,1.9964,0.500901
simd128_v2,simd,conv_simd128_v2,512,512,3,1234,17,0,91,4008764,27051,3958678,156036,25759020,12364386,1,901,1.05016,0.00674797,6.05753,0.153681,0.0394162,2.08332,0.480002
simd128_v2,simd,conv_simd128_v2,512,512,3,1234,18,0,90,4026191,27121,3975301,157643,25872033,12478585,1,902,1.04827,0.00673614,6.09318,0.153652,0.0396556,2.07331,0.482319
simd128_v2,simd,conv_simd128_v2,512,512,3,1234,19,0,100,3893270,30354,3782198,148851,24464737,12042089,1,902,1.24072,0.00779653,6.08431,0.154598,0.0393557,2.0316,0.492222
simd128_v2,simd,conv_simd128_v2,512,512,3,1234,20,0,91,3992642,27018,3942798,155643,25658416,12192104,1,900,1.05299,0.00676695,6.06596,0.153665,0.0394753,2.10451,0.47517
simd128_v2,simd,conv_simd128_v2,1024,1024,3,1234,1,0,98,14072461,67311,14093492,554553,92339869,43156165,1,3210,0.728948,0.00478317,6.00556,0.152626,0.0393482,2.13967,0.467362
simd128_v2,simd,conv_simd128_v2,1024,1024,3,1234,2,0,96,14149722,65132,14204739,559220,93147160,43699964,1,3210,0.699238,0.00460306,6.00362,0.152498,0.0393686,2.13152,0.46915
simd128_v2,simd,conv_simd128_v2,1024,1024,3,1234,3,0,96,14164318,62504,14220372,560079,93255272,44185406,1,3211,0.670246,0.00441278,6.00587,0.152489,0.0393857,2.11054,0.473811
simd128_v2,simd,conv_simd128_v2,1024,1024,3,1234,4,0,97,14070785,60645,14126132,556901,92636138,43501388,1,3208,0.654658,0.00430999,6.0117,0.152491,0.0394235,2.1295,0.469594
simd128_v2,simd,conv_simd128_v2,1024,1024,3,1234,5,0,96,14128291,61845,14184133,559913,93018804,43607310,1,3208,0.664866,0.00437739,6.01935,0.152487,0.0394746,2.1331,0.468801
simd128_v2,simd,conv_simd128_v2,1024,1024,3,1234,6,0,96,14189713,61408,14244314,560738,93414943,43464076,1,3208,0.657368,0.00432764,6.00266,0.152484,0.0393657,2.14924,0.46528
simd128_v2,simd,conv_simd128_v2,1024,1024,3,1234,7,0,99,13969958,65168,13965856,551281,91435340,43752527,2,3211,0.712722,0.00466487,6.02919,0.15274,0.0394735,2.08983,0.478508
simd128_v2,simd,conv_simd128_v2,1024,1024,3,1234,8,0,97,14001359,62014,14052185,553675,92155620,43230029,1,3211,0.672927,0.00442914,6.00804,0.152483,0.0394013,2.13175,0.469098
simd128_v2,simd,conv_simd128_v2,1024,1024,3,1234,9,0,99,13941278,64474,13929098,547629,91191046,43233729,2,3208,0.707021,0.00462468,6.00529,0.152746,0.0393155,2.10926,0.474101
simd128_v2,simd,conv_simd128_v2,1024,1024,3,1234,10,0,96,14127005,63375,14180431,559143,92991106,43801091,1,3209,0.681517,0.00448609,6.01287,0.152492,0.0394306,2.12303,0.471025
simd128_v2,simd,conv_simd128_v2,1024,1024,3,1234,11,0,97,14115305,60346,14146100,558959,92697927,44793344,3,3207,0.650996,0.00427522,6.0299,0.152604,0.0395133,2.06946,0.483218
simd128_v2,simd,conv_simd128_v2,1024,1024,3,1234,12,0,96,14137631,58508,14191171,559717,93068780,44353456,1,3209,0.628653,0.00413846,6.01401,0.15248,0.0394412,2.09834,0.476566
simd128_v2,simd,conv_simd128_v2,1024,1024,3,1234,13,0,96,14148985,62468,14204946,560855,93153707,43998928,1,3206,0.670591,0.00441502,6.02075,0.152489,0.0394831,2.11718,0.472326
simd128_v2,simd,conv_simd128_v2,1024,1024,3,1234,14,0,99,13934078,65579,13919262,548375,91117967,45387325,2,3211,0.719715,0.00470638,6.0183,0.152761,0.0393968,2.00756,0.498116
simd128_v2,simd,conv_simd128_v2,1024,1024,3,1234,15,0,96,14179586,61088,14234793,561611,93350165,44147130,1,3210,0.654396,0.00430817,6.01618,0.152488,0.0394534,2.11452,0.47292
simd128_v2,simd,conv_simd128_v2,1024,1024,3,1234,16,0,97,14074222,58606,14127795,558467,92649460,43995460,1,3209,0.632556,0.00416407,6.02774,0.152487,0.0395297,2.10589,0.474859
simd128_v2,simd,conv_simd128_v2,1024,1024,3,1234,17,0,96,14209332,65650,14262977,562264,93535903,44721279,1,3210,0.70187,0.0046202,6.01121,0.152487,0.0394212,2.09153,0.478119
simd128_v2,simd,conv_simd128_v2,1024,1024,3,1234,18,0,96,14140757,63223,14195048,560263,93086641,43715199,1,3209,0.679184,0.00447098,6.01873,0.152493,0.0394689,2.12939,0.469618
simd128_v2,simd,conv_simd128_v2,1024,1024,3,1234,19,0,96,14149429,65362,14203326,560556,93144272,43813190,1,3208,0.701729,0.00461941,6.01815,0.152487,0.0394665,2.12594,0.47038
simd128_v2,simd,conv_simd128_v2,1024,1024,3,1234,20,0,96,14154380,63144,14210650,564028,93189915,43764868,1,3210,0.677584,0.00446109,6.05246,0.152491,0.0396905,2.12933,0.469631
simd128_v2,simd,conv_simd128_v2,2048,2048,3,1234,1,0,98,54467257,239769,54941051,2174114,361048435,169853622,2,12428,0.664091,0.00440208,6.02167,0.152171,0.0395718,2.12564,0.470446
simd128_v2,simd,conv_simd128_v2,2048,2048,3,1234,2,0,98,54382774,254962,54858107,2166026,360506478,169522962,1,12432,0.707233,0.00468829,6.00829,0.15217,0.0394842,2.12659,0.470236
simd128_v2,simd,conv_simd128_v2,2048,2048,3,1234,3,0,99,54320884,239275,54783011,2163642,359962277,169806806,2,12428,0.664722,0.00440484,6.01075,0.152191,0.0394948,2.11983,0.471735
simd128_v2,simd,conv_simd128_v2,2048,2048,3,1234,4,0,98,54392790,244201,54859181,2168824,360480279,169573048,2,12431,0.677432,0.00448958,6.01648,0.152184,0.0395344,2.12581,0.470409
simd128_v2,simd,conv_simd128_v2,2048,2048,3,1234,5,0,98,54422680,239848,54896940,2170038,360761375,170172132,1,12428,0.664838,0.00440713,6.01516,0.15217,0.0395293,2.11998,0.471703
simd128_v2,simd,conv_simd128_v2,2048,2048,3,1234,6,0,98,54409456,232456,54884788,2174994,360677919,173001875,1,12430,0.644497,0.00427235,6.03029,0.152171,0.0396284,2.08482,0.479658
simd128_v2,simd,conv_simd128_v2,2048,2048,3,1234,7,0,98,54552322,241472,55027035,2172177,361612935,170036986,1,12430,0.667764,0.00442643,6.00691,0.152171,0.0394747,2.12667,0.470218
simd128_v2,simd,conv_simd128_v2,2048,2048,3,1234,8,0,99,54202939,237167,54675383,2159193,359306947,169036900,1,12427,0.660068,0.00437554,6.00933,0.152169,0.0394911,2.12561,0.470453
simd128_v2,simd,conv_simd128_v2,2048,2048,3,1234,9,0,99,54217312,248405,54690323,2157761,359402011,168974441,2,12429,0.691162,0.00458165,6.00375,0.15217,0.0394542,2.12696,0.470154
simd128_v2,simd,conv_simd128_v2,2048,2048,3,1234,10,0,100,53975810,240739,54377972,2146969,357186238,168626294,1,12431,0.673987,0.00446013,6.01078,0.15224,0.0394823,2.11821,0.472096
simd128_v2,simd,conv_simd128_v2,2048,2048,3,1234,11,0,98,54384745,252917,54860867,2163706,360524875,169422323,1,12431,0.701524,0.00465051,6.00154,0.152169,0.0394399,2.12797,0.469932
simd128_v2,simd,conv_simd128_v2,2048,2048,3,1234,12,0,98,54388931,268776,54865724,2174746,360554282,170191418,1,12429,0.745452,0.00494174,6.03167,0.15217,0.0396376,2.11852,0.472027
simd128_v2,simd,conv_simd128_v2,2048,2048,3,1234,13,0,98,54384413,233616,54860559,2170023,360518762,170174741,1,12431,0.648,0.00429564,6.01917,0.152171,0.0395552,2.11852,0.472027
simd128_v2,simd,conv_simd128_v2,2048,2048,3,1234,14,0,99,54157035,238903,54628555,2157557,358996859,169094758,1,12430,0.665474,0.0044113,6.00996,0.15217,0.039495,2.12305,0.47102
simd128_v2,simd,conv_simd128_v2,2048,2048,3,1234,15,0,98,54397385,244119,54873120,2167108,360603865,170501123,1,12430,0.676973,0.0044877,6.00966,0.15217,0.0394931,2.11496,0.472821
simd128_v2,simd,conv_simd128_v2,2048,2048,3,1234,16,0,98,54375390,257295,54850438,2165495,360454195,169888793,1,12432,0.713808,0.00473183,6.00768,0.15217,0.03948,2.12171,0.471319
simd128_v2,simd,conv_simd128_v2,2048,2048,3,1234,17,0,99,54233721,234363,54707793,2162642,359517123,169524435,2,12430,0.651883,0.00432135,6.01541,0.15217,0.0395308,2.12074,0.471534
simd128_v2,simd,conv_simd128_v2,2048,2048,3,1234,18,0,99,54054174,249126,54466196,2149587,357783408,168873861,2,12430,0.696304,0.00460882,6.00807,0.152232,0.0394664,2.11864,0.472
simd128_v2,simd,conv_simd128_v2,2048,2048,3,1234,19,0,99,54313271,244514,54774691,2167026,359910444,170154134,2,12431,0.679375,0.00450192,6.02101,0.15219,0.0395625,2.1152,0.472768
simd128_v2,simd,conv_simd128_v2,2048,2048,3,1234,20,0,99,54193665,243996,54665423,2158078,359239898,169231211,1,12430,0.679201,0.0045023,6.00734,0.15217,0.0394779,2.12278,0.471081
simd128_v2,simd,conv_simd128_v2,4096,4096,3,1234,1,0,99,214878451,1013962,216946436,8547684,1426460654,678389939,4,49302,0.710824,0.00471877,5.99223,0.152087,0.0394,2.10271,0.475576
simd128_v2,simd,conv_simd128_v2,4096,4096,3,1234,2,0,99,214734252,1008417,216818455,8545924,1425609265,677223081,2,49302,0.707359,0.00469612,5.99458,0.152088,0.0394151,2.10508,0.475041
simd128_v2,simd,conv_simd128_v2,4096,4096,3,1234,3,0,99,214889853,990703,216982787,8549242,1426700095,674402174,1,49299,0.694402,0.00461028,5.99232,0.152087,0.0394006,2.1155,0.472701
simd128_v2,simd,conv_simd128_v2,4096,4096,3,1234,4,0,99,214702727,1005172,216784357,8542488,1425380740,675742186,2,49302,0.705195,0.00468169,5.99313,0.152089,0.0394055,2.10936,0.474078
simd128_v2,simd,conv_simd128_v2,4096,4096,3,1234,5,0,99,214642314,1018933,216733209,8539470,1425057868,675184176,1,49300,0.715012,0.00474712,5.99237,0.152087,0.0394008,2.11062,0.473794
simd128_v2,simd,conv_simd128_v2,4096,4096,3,1234,6,0,99,214891956,993939,216977489,8563667,1426666709,675429177,3,49304,0.696686,0.0046253,6.00257,0.152087,0.039468,2.11224,0.473432
simd128_v2,simd,conv_simd128_v2,4096,4096,3,1234,7,0,99,214954882,993063,217042362,8552518,1427092793,673863245,3,49299,0.695864,0.00461987,5.99297,0.152087,0.0394048,2.11778,0.472193
simd128_v2,simd,conv_simd128_v2,4096,4096,3,1234,8,0,99,214690155,1039075,216772974,8562809,1425320169,676884100,2,49304,0.729012,0.00483988,6.00764,0.152087,0.0395013,2.10571,0.4749
simd128_v2,simd,conv_simd128_v2,4096,4096,3,1234,9,0,99,214659582,1026178,216753022,8549683,1425181834,676006741,3,49302,0.720033,0.00478049,5.99901,0.152088,0.0394444,2.10824,0.47433
simd128_v2,simd,conv_simd128_v2,4096,4096,3,1234,10,0,99,214917878,1041462,216964894,8548492,1426525737,672908850,2,49301,0.730069,0.00484586,5.99253,0.152093,0.0394003,2.11994,0.471712
simd128_v2,simd,conv_simd128_v2,4096,4096,3,1234,11,0,99,214680851,1040743,216774462,8547951,1425316260,674370024,2,49303,0.730184,0.00484786,5.99723,0.152089,0.0394325,2.11355,0.473137
simd128_v2,simd,conv_simd128_v2,4096,4096,3,1234,12,0,100,214393785,1000539,216418342,8523831,1422836645,674182065,2,49303,0.7032,0.00466683,5.99073,0.152103,0.0393859,2.11046,0.47383
simd128_v2,simd,conv_simd128_v2,4096,4096,3,1234,13,0,99,214750273,995657,216845813,8543675,1425799731,673610054,1,49300,0.698315,0.00463635,5.9922,0.152087,0.0393998,2.11665,0.472444
simd128_v2,simd,conv_simd128_v2,4096,4096,3,1234,14,0,99,214615319,961814,216715634,8547256,1424941873,673642503,1,49300,0.674985,0.00448157,5.99832,0.152087,0.03944,2.11528,0.472751
simd128_v2,simd,conv_simd128_v2,4096,4096,3,1234,15,0,99,214906184,1008117,217007413,8550740,1426860144,673785549,3,49298,0.706528,0.00469096,5.9927,0.152087,0.039403,2.11768,0.472216
simd128_v2,simd,conv_simd128_v2,4096,4096,3,1234,16,0,99,214834628,973356,216932640,8553991,1426361099,672750165,3,49299,0.682405,0.00453072,5.99707,0.152088,0.0394316,2.12019,0.471655
simd128_v2,simd,conv_simd128_v2,4096,4096,3,1234,17,0,99,214641404,997262,216737880,8540125,1425083233,672858792,2,49303,0.699792,0.00464618,5.99272,0.152088,0.039403,2.11795,0.472154
simd128_v2,simd,conv_simd128_v2,4096,4096,3,1234,18,0,100,214379735,974925,216407596,8526118,1422753190,674375965,1,49301,0.685238,0.00454765,5.99269,0.152105,0.0393984,2.10973,0.473994
simd128_v2,simd,conv_simd128_v2,4096,4096,3,1234,19,0,99,214674497,1011880,216764956,8552462,1425258435,676437135,4,49299,0.709962,0.00471355,6.00064,0.152088,0.039455,2.10701,0.474607
simd128_v2,simd,conv_simd128_v2,4096,4096,3,1234,20,0,99,214845697,1029459,216935227,8542253,1426373870,675278947,4,49298,0.721732,0.00479162,5.98879,0.152089,0.039377,2.11227,0.473424
simd128_v2,simd,conv_simd128_v2,8192,8192,3,1234,1,0,99,857137873,5189423,865754127,34063412,5693226655,2703640515,2,196774,0.911508,0.00605436,5.98315,0.152067,0.0393454,2.10576,0.474887
simd128_v2,simd,conv_simd128_v2,8192,8192,3,1234,2,0,99,857411638,5256414,866047052,34064181,5695118918,2694297503,5,196773,0.922968,0.00613056,5.98129,0.152068,0.0393329,2.11377,0.473089
simd128_v2,simd,conv_simd128_v2,8192,8192,3,1234,3,0,99,857174422,5352178,865811529,34063523,5693538338,2686203326,7,196775,0.940044,0.00624398,5.98284,0.152069,0.0393429,2.11955,0.471799
simd128_v2,simd,conv_simd128_v2,8192,8192,3,1234,4,0,99,857208103,5225218,865845827,34059379,5693773487,2690703647,4,196775,0.917707,0.00609562,5.98186,0.152069,0.0393365,2.11609,0.472569
simd128_v2,simd,conv_simd128_v2,8192,8192,3,1234,5,0,99,857405624,5231209,866038321,34087632,5695015544,2700867563,4,196772,0.918559,0.00610121,5.98552,0.15207,0.0393604,2.10859,0.474251
simd128_v2,simd,conv_simd128_v2,8192,8192,3,1234,6,0,99,857412614,5257230,866052550,34064198,5695134089,2685964991,6,196771,0.923109,0.00613151,5.98128,0.152069,0.0393327,2.12033,0.471625
simd128_v2,simd,conv_simd128_v2,8192,8192,3,1234,7,0,99,857416064,5193088,866052998,34064382,5695106952,2700858464,8,196771,0.911851,0.00605667,5.98134,0.15207,0.0393329,2.10863,0.474242
simd128_v2,simd,conv_simd128_v2,8192,8192,3,1234,8,0,99,857269828,5242598,865907535,34048769,5694180806,2696857051,8,196772,0.920694,0.00611546,5.97957,0.152069,0.0393215,2.11141,0.473616
simd128_v2,simd,conv_simd128_v2,8192,8192,3,1234,9,0,99,857464682,5590530,866099939,34103132,5695426364,2698594052,3,196774,0.981582,0.00651984,5.98781,0.152069,0.0393755,2.11052,0.473818
simd128_v2,simd,conv_simd128_v2,8192,8192,3,1234,10,0,99,857438777,5240303,866073188,34053944,5695258211,2687325959,3,196775,0.920117,0.00611158,5.97935,0.152069,0.0393199,2.1193,0.471853
simd128_v2,simd,conv_simd128_v2,8192,8192,3,1234,11,0,99,857240377,5300718,865864711,34045286,5693876523,2690950893,7,196773,0.930951,0.00618347,5.97928,0.152069,0.0393194,2.11593,0.472604
simd128_v2,simd,conv_simd128_v2,8192,8192,3,1234,12,0,99,857158859,5423443,865792805,34074469,5693443067,2706417932,5,196775,0.952577,0.00632723,5.98486,0.152068,0.0393564,2.10368,0.475357
simd128_v2,simd,conv_simd128_v2,8192,8192,3,1234,13,0,99,857349262,5606872,865987238,34049964,5694737340,2686089470,6,196773,0.984571,0.00653978,5.9792,0.152068,0.0393192,2.12008,0.471679
simd128_v2,simd,conv_simd128_v2,8192,8192,3,1234,14,0,99,857425035,5265492,866062959,34078871,5695212640,2697459107,2,196772,0.924547,0.00614105,5.98377,0.152069,0.0393492,2.11132,0.473636
simd128_v2,simd,conv_simd128_v2,8192,8192,3,1234,15,0,99,857516467,5501222,866138145,34055680,5695691671,2705979328,4,196774,0.965857,0.0064153,5.9792,0.152069,0.039319,2.10485,0.475092
simd128_v2,simd,conv_simd128_v2,8192,8192,3,1234,16,0,99,857286953,5329818,865917317,34061274,5694238467,2696546957,8,196773,0.936002,0.00621708,5.98171,0.152069,0.0393355,2.11168,0.473557
simd128_v2,simd,conv_simd128_v2,8192,8192,3,1234,17,0,99,857260741,5251335,865893011,34063062,5694133462,2687176742,6,196772,0.922236,0.00612572,5.98213,0.152068,0.0393386,2.119,0.47192
simd128_v2,simd,conv_simd128_v2,8192,8192,3,1234,18,0,99,857595222,5245565,866032584,34065937,5694823503,2693591879,6,196774,0.921111,0.0061166,5.98191,0.152074,0.0393356,2.11421,0.47299
simd128_v2,simd,conv_simd128_v2,8192,8192,3,1234,19,0,99,857454807,5284841,866083467,34112617,5695325724,2703930368,4,196773,0.927926,0.0061634,5.98958,0.152069,0.0393872,2.10631,0.474763
simd128_v2,simd,conv_simd128_v2,8192,8192,3,1234,20,0,99,857221164,5236785,865856082,34065081,5693857728,2684140494,5,196773,0.919725,0.00610902,5.98278,0.152068,0.0393427,2.1213,0.47141
simd128_v2,simd,conv_simd128_v2,16384,16384,3,1234,1,0,99,3428333601,34196999,3463908810,136130621,22778642391,10739032499,21,786631,1.50127,0.00997482,5.97624,0.152068,0.0392997,2.12111,0.471452
simd128_v2,simd,conv_simd128_v2,16384,16384,3,1234,2,0,99,3428156618,33999631,3463683630,136092901,22777152983,10754768806,17,786627,1.49271,0.00991776,5.97497,0.152068,0.0392914,2.11787,0.472174
simd128_v2,simd,conv_simd128_v2,16384,16384,3,1234,3,0,100,3427949364,34030024,3463395344,136104591,22774999982,10746218006,23,786628,1.49418,0.00992722,5.97605,0.15207,0.039298,2.11935,0.471843
simd128_v2,simd,conv_simd128_v2,16384,16384,3,1234,4,0,99,3428376656,33690783,3463909783,136116308,22778602051,10752852431,16,786628,1.47905,0.00982704,5.97562,0.152069,0.0392956,2.11838,0.472059
simd128_v2,simd,conv_simd128_v2,16384,16384,3,1234,5,0,99,3428439455,33902620,3463966326,136133487,22778933609,10750383075,18,786629,1.48833,0.00988864,5.97629,0.152069,0.0392999,2.1189,0.471944
simd128_v2,simd,conv_simd128_v2,16384,16384,3,1234,6,0,99,3428291917,34586898,3463838411,136119014,22778246435,10747338054,16,786627,1.51842,0.0100887,5.97583,0.152068,0.0392972,2.11943,0.471825
simd128_v2,simd,conv_simd128_v2,16384,16384,3,1234,7,0,99,3428349219,33881606,3463884503,136063213,22778450967,10741767638,22,786630,1.48744,0.00988278,5.97333,0.152068,0.0392805,2.12055,0.471576
simd128_v2,simd,conv_simd128_v2,16384,16384,3,1234,8,0,99,3428072556,33842771,3463604163,136096673,22776653601,10764964782,17,786632,1.48585,0.00987224,5.97527,0.152068,0.0392934,2.11581,0.472632
simd128_v2,simd,conv_simd128_v2,16384,16384,3,1234,9,0,99,3428218394,33950405,3463709914,136205055,22777255927,10763003760,25,786629,1.49054,0.00990322,5.97987,0.152069,0.0393235,2.11625,0.472533
simd128_v2,simd,conv_simd128_v2,16384,16384,3,1234,10,0,99,3428388469,33741500,3463903826,136111156,22778568426,10749964421,20,786632,1.48128,0.0098418,5.9754,0.152069,0.0392941,2.11894,0.471933
simd128_v2,simd,conv_simd128_v2,16384,16384,3,1234,11,0,99,3428262836,34338950,3463796318,136270236,22778009544,10742421216,19,786629,1.50755,0.0100164,5.98253,0.152068,0.0393413,2.12038,0.471614
simd128_v2,simd,conv_simd128_v2,16384,16384,3,1234,12,0,99,3428274369,33761698,3463807701,136141444,22778074724,10767674450,14,786626,1.4822,0.00984802,5.97686,0.152068,0.039304,2.11541,0.472721
simd128_v2,simd,conv_simd128_v2,16384,16384,3,1234,13,0,99,3428272393,34086782,3463804878,136046883,22777981815,10731821619,18,786629,1.49648,0.00994285,5.97274,0.152068,0.0392767,2.12247,0.471149
simd128_v2,simd,conv_simd128_v2,16384,16384,3,1234,14,0,99,3428269741,34395809,3463813597,136115007,22778089166,10755780950,14,786627,1.51004,0.010033,5.9757,0.152068,0.0392963,2.11775,0.472199
simd128_v2,simd,conv_simd128_v2,16384,16384,3,1234,15,0,99,3428194192,34082524,3463718459,136049225,22777317035,10732947095,18,786627,1.49634,0.00994183,5.97301,0.152069,0.0392784,2.12219,0.471212
simd128_v2,simd,conv_simd128_v2,16384,16384,3,1234,16,0,99,3428287699,33693964,3463820203,136144046,22778065851,10742077732,15,786630,1.47923,0.00982822,5.97698,0.152068,0.0393046,2.12045,0.471597
simd128_v2,simd,conv_simd128_v2,16384,16384,3,1234,17,0,99,3428413736,34331549,3463938487,136066491,22778796763,10744678744,21,786630,1.50717,0.0100138,5.97338,0.152069,0.0392809,2.12001,0.471697
simd128_v2,simd,conv_simd128_v2,16384,16384,3,1234,18,0,99,3428310319,33898544,3463845782,136225661,22778229117,10743189090,10,786629,1.4882,0.00988783,5.98052,0.152068,0.0393279,2.12025,0.471643
simd128_v2,simd,conv_simd128_v2,16384,16384,3,1234,19,0,99,3428388832,34158577,3463900662,136135037,22778529571,10765418812,19,786628,1.4996,0.00996345,5.97646,0.152069,0.0393011,2.1159,0.472613
simd128_v2,simd,conv_simd128_v2,16384,16384,3,1234,20,0,99,3428238103,35558630,3463757719,136234604,22777655249,10751023088,22,786631,1.56112,0.0103723,5.98106,0.152068,0.0393314,2.11865,0.471999
simd128_v3,simd,conv_simd128_v3,64,64,3,1234,1,0,48,724343,17390,563997,20706,3254599,2875053,1,143,5.34321,0.024008,6.36207,0.173292,0.036713,1.13201,0.883382
simd128_v3,simd,conv_simd128_v3,64,64,3,1234,2,0,58,624165,15947,482784,17879,2792704,2476366,2,142,5.71024,0.0255493,6.40204,0.172873,0.0370331,1.12774,0.886727
simd128_v3,simd,conv_simd128_v3,64,64,3,1234,3,0,56,618830,17411,481505,17966,2779791,2587118,1,142,6.26342,0.0281354,6.46308,0.173216,0.0373122,1.07447,0.930688
simd128_v3,simd,conv_simd128_v3,64,64,3,1234,4,0,69,627570,17729,485244,18015,2779006,2645729,2,145,6.37962,0.0282502,6.48253,0.174611,0.0371257,1.05037,0.952041
simd128_v3,simd,conv_simd128_v3,64,64,3,1234,5,0,58,602503,15619,469032,17596,2706874,2488969,1,140,5.77012,0.0259235,6.50049,0.173274,0.0375156,1.08755,0.919499
simd128_v3,simd,conv_simd128_v3,64,64,3,1234,6,0,57,619743,16407,482967,18027,2781945,2498005,1,143,5.89767,0.0264739,6.48,0.173608,0.0373255,1.11367,0.897935
simd128_v3,simd,conv_simd128_v3,64,64,3,1234,7,0,50,697809,18439,543914,20266,3134781,2769781,2,143,5.88207,0.0264241,6.46489,0.173509,0.0372596,1.13178,0.883564
simd128_v3,simd,conv_simd128_v3,64,64,3,1234,8,0,57,617277,17006,480548,17817,2772220,2516160,1,143,6.13443,0.02755,6.42698,0.173344,0.0370764,1.10177,0.907634
simd128_v3,simd,conv_simd128_v3,64,64,3,1234,9,0,56,625109,16250,487221,17895,2807108,2434971,1,144,5.78888,0.0259955,6.37489,0.173567,0.0367287,1.15283,0.86743
simd128_v3,simd,conv_simd128_v3,64,64,3,1234,10,0,58,598627,14615,466639,17441,2686595,2523227,1,141,5.43997,0.0244142,6.49186,0.173692,0.0373758,1.06475,0.939191
simd128_v3,simd,conv_simd128_v3,64,64,3,1234,11,0,98,597599,16984,451590,16614,2585867,2583085,2,142,6.56801,0.0284204,6.42492,0.174638,0.03679,1.00108,0.998924
simd128_v3,simd,conv_simd128_v3,64,64,3,1234,12,0,57,609948,15869,474899,17611,2738264,2514247,1,140,5.79528,0.026017,6.43145,0.173431,0.0370837,1.0891,0.91819
simd128_v3,simd,conv_simd128_v3,64,64,3,1234,13,0,56,630018,15406,490214,18312,2829628,2356301,1,142,5.44453,0.0244533,6.47152,0.173243,0.0373551,1.20088,0.832725
simd128_v3,simd,conv_simd128_v3,64,64,3,1234,14,0,56,620205,16540,482769,17816,2786369,2626378,1,141,5.93604,0.0266686,6.39398,0.173261,0.0369038,1.06092,0.942581
simd128_v3,simd,conv_simd128_v3,64,64,3,1234,15,0,55,632875,15377,492700,17281,2841230,2671399,1,143,5.41209,0.0242971,6.08222,0.173411,0.0350741,1.06357,0.940226
simd128_v3,simd,conv_simd128_v3,64,64,3,1234,16,0,56,627717,17412,488597,17892,2815605,2502648,1,144,6.18411,0.0277386,6.35458,0.173532,0.0366191,1.12505,0.888849
simd128_v3,simd,conv_simd128_v3,64,64,3,1234,17,0,56,627523,14768,487960,16862,2816366,2320956,1,142,5.24364,0.0235338,5.98715,0.173259,0.0345561,1.21345,0.824096
simd128_v3,simd,conv_simd128_v3,64,64,3,1234,18,0,100,604142,15487,455522,16734,2610161,2381134,1,144,5.93335,0.0256347,6.4111,0.174519,0.0367359,1.09618,0.912256
simd128_v3,simd,conv_simd128_v3,64,64,3,1234,19,0,56,627970,15101,488512,15865,2819789,2215304,1,144,5.35537,0.0240473,5.62631,0.173244,0.0324762,1.27287,0.785628
simd128_v3,simd,conv_simd128_v3,64,64,3,1234,20,0,56,633329,15170,493511,15369,2843685,2241893,1,144,5.33463,0.0239528,5.40461,0.173546,0.0311422,1.26843,0.788376
simd128_v3,simd,conv_simd128_v3,128,128,3,1234,1,0,91,765141,14894,612458,20099,3686717,2599478,1,179,4.03991,0.0194657,5.45173,0.166126,0.0328169,1.41825,0.705093
simd128_v3,simd,conv_simd128_v3,128,128,3,1234,2,0,63,778712,13149,646292,25341,3987534,2792094,1,179,3.29753,0.0168856,6.35506,0.162078,0.0392098,1.42815,0.700206
simd128_v3,simd,conv_simd128_v3,128,128,3,1234,3,0,65,759173,13224,629374,22877,3884744,2930255,1,180,3.40409,0.017419,5.88893,0.162012,0.0363488,1.32574,0.754298
simd128_v3,simd,conv_simd128_v3,128,128,3,1234,4,0,62,812990,13918,675197,24019,4150246,2897804,1,178,3.35354,0.0171195,5.78737,0.162688,0.0355733,1.4322,0.698225
simd128_v3,simd,conv_simd128_v3,128,128,3,1234,5,0,62,792178,13797,657265,26189,4060819,2901255,1,177,3.39759,0.0174165,6.44919,0.161855,0.0398454,1.39968,0.714451
simd128_v3,simd,conv_simd128_v3,128,128,3,1234,6,0,63,783185,13582,649824,25015,4009036,2721621,1,178,3.38785,0.017342,6.23965,0.16209,0.038495,1.47303,0.678872
simd128_v3,simd,conv_simd128_v3,128,128,3,1234,7,0,63,784277,13563,650428,26194,4018910,2790559,1,178,3.3748,0.0172936,6.51769,0.161842,0.0402719,1.44018,0.694357
simd128_v3,simd,conv_simd128_v3,128,128,3,1234,8,0,59,832298,14795,689867,27995,4260434,3195568,1,180,3.47265,0.0177761,6.57093,0.161924,0.0405803,1.33323,0.750057
simd128_v3,simd,conv_simd128_v3,128,128,3,1234,9,0,100,736367,14434,585736,21391,3522988,2647182,1,181,4.09709,0.0196016,6.07183,0.166261,0.0365199,1.33084,0.751403
simd128_v3,simd,conv_simd128_v3,128,128,3,1234,10,0,63,784937,13647,651163,24156,4017200,2754726,1,179,3.39714,0.0173861,6.01314,0.162094,0.0370967,1.45829,0.685733
simd128_v3,simd,conv_simd128_v3,128,128,3,1234,11,0,62,793268,13834,658510,24273,4062956,2742608,1,179,3.40491,0.0174393,5.97422,0.162077,0.0368605,1.48142,0.675028
simd128_v3,simd,conv_simd128_v3,128,128,3,1234,12,0,82,781361,15734,628408,22572,3812229,2839654,2,179,4.12724,0.0201367,5.92095,0.16484,0.0359193,1.3425,0.74488
simd128_v3,simd,conv_simd128_v3,128,128,3,1234,13,0,62,793826,14350,658649,25583,4061531,2879794,1,179,3.53315,0.018077,6.29886,0.162168,0.0388416,1.41035,0.709041
simd128_v3,simd,conv_simd128_v3,128,128,3,1234,14,0,64,767245,13435,636187,25610,3929740,2827008,1,175,3.4188,0.0175107,6.51697,0.16189,0.0402555,1.39007,0.719388
simd128_v3,simd,conv_simd128_v3,128,128,3,1234,15,0,64,772794,14328,641667,25648,3957568,2773517,1,180,3.62041,0.0185405,6.48075,0.162137,0.0399709,1.42691,0.700813
simd128_v3,simd,conv_simd128_v3,128,128,3,1234,16,0,64,772304,13488,640594,25464,3955699,2787361,1,180,3.40976,0.0174646,6.43729,0.161942,0.0397506,1.41916,0.704644
simd128_v3,simd,conv_simd128_v3,128,128,3,1234,17,0,100,731022,14384,581404,22234,3500346,2757495,1,176,4.10931,0.0196766,6.35194,0.166099,0.0382419,1.26939,0.787778
simd128_v3,simd,conv_simd128_v3,128,128,3,1234,18,0,61,808571,14010,670302,23912,4138490,2700171,1,180,3.38529,0.0173269,5.77795,0.161968,0.0356735,1.53268,0.652453
simd128_v3,simd,conv_simd128_v3,128,128,3,1234,19,0,63,788039,13574,654094,24642,4035765,2676782,1,178,3.36343,0.017225,6.10591,0.162074,0.0376735,1.50769,0.663265
simd128_v3,simd,conv_simd128_v3,128,128,3,1234,20,0,61,809938,14233,671640,24410,4147856,2680599,1,179,3.43141,0.017573,5.88497,0.161925,0.0363439,1.54736,0.646261
simd128_v3,simd,conv_simd128_v3,256,256,3,1234,1,0,77,1389234,14409,1244782,54001,8257388,4650258,1,327,1.74498,0.0103719,6.53972,0.150748,0.0433819,1.77568,0.563163
simd128_v3,simd,conv_simd128_v3,256,256,3,1234,2,0,78,1378899,15210,1234505,54611,8197769,4700135,1,325,1.85538,0.0110305,6.66169,0.15059,0.0442372,1.74416,0.573343
simd128_v3,simd,conv_simd128_v3,256,256,3,1234,3,0,75,1429498,15061,1281381,53205,8505557,4593377,1,325,1.77072,0.0105359,6.25532,0.150652,0.0415216,1.8517,0.540044
simd128_v3,simd,conv_simd128_v3,256,256,3,1234,4,0,78,1367319,14029,1224140,52263,8133288,4584036,1,325,1.72489,0.0102602,6.42581,0.15051,0.0426936,1.77426,0.563614
simd128_v3,simd,conv_simd128_v3,256,256,3,1234,5,0,76,1404448,14361,1257305,52052,8347755,4605938,1,325,1.72034,0.0102254,6.23545,0.150616,0.0413997,1.81239,0.551758
simd128_v3,simd,conv_simd128_v3,256,256,3,1234,6,0,77,1392937,14556,1248032,52231,8286394,4514621,1,326,1.75661,0.0104499,6.30322,0.150612,0.0418507,1.83546,0.544823
simd128_v3,simd,conv_simd128_v3,256,256,3,1234,7,0,76,1407361,15366,1258712,52216,8356313,4630501,1,327,1.83885,0.0109183,6.24869,0.15063,0.0414837,1.80462,0.554132
simd128_v3,simd,conv_simd128_v3,256,256,3,1234,8,0,77,1402664,14460,1255269,52764,8328530,4871458,1,326,1.7362,0.010309,6.33533,0.150719,0.042034,1.70966,0.584912
simd128_v3,simd,conv_simd128_v3,256,256,3,1234,9,0,77,1390133,15087,1244343,51817,8256851,4731870,1,326,1.82721,0.0108529,6.27564,0.150704,0.0416421,1.74494,0.573084
simd128_v3,simd,conv_simd128_v3,256,256,3,1234,10,0,100,1318354,16926,1138886,46730,7386869,4603158,1,328,2.29136,0.0128387,6.32609,0.154177,0.0410313,1.60474,0.623154
simd128_v3,simd,conv_simd128_v3,256,256,3,1234,11,0,77,1392033,14150,1246626,51775,8273087,4430973,1,327,1.71037,0.010165,6.25824,0.150685,0.0415321,1.8671,0.535589
simd128_v3,simd,conv_simd128_v3,256,256,3,1234,12,0,76,1400357,13911,1255308,52355,8333519,4490910,1,326,1.66928,0.0099339,6.28246,0.150634,0.0417069,1.85564,0.538897
simd128_v3,simd,conv_simd128_v3,256,256,3,1234,13,0,90,1375623,16917,1198131,48078,7813215,4503686,1,324,2.16518,0.0122977,6.15342,0.153347,0.0401275,1.73485,0.576419
simd128_v3,simd,conv_simd128_v3,256,256,3,1234,14,0,100,1315609,17442,1137053,47294,7376147,4680129,1,324,2.36465,0.0132577,6.41175,0.154153,0.0415935,1.57606,0.634495
simd128_v3,simd,conv_simd128_v3,256,256,3,1234,15,0,77,1394314,15765,1249649,52858,8288657,4505457,1,326,1.902,0.0113066,6.37715,0.150766,0.0422983,1.83969,0.543569
simd128_v3,simd,conv_simd128_v3,256,256,3,1234,16,0,100,1315891,18856,1136651,47448,7378311,4692805,2,324,2.5556,0.0143295,6.43074,0.154053,0.0417437,1.57226,0.636027
simd128_v3,simd,conv_simd128_v3,256,256,3,1234,17,0,77,1396830,14638,1251263,52914,8305100,4531958,1,325,1.76253,0.0104794,6.37127,0.150662,0.0422885,1.83256,0.545684
simd128_v3,simd,conv_simd128_v3,256,256,3,1234,18,0,77,1395575,14398,1249365,52520,8290601,4552072,1,327,1.73667,0.0103169,6.33488,0.150697,0.0420374,1.82128,0.549064
simd128_v3,simd,conv_simd128_v3,256,256,3,1234,19,0,77,1386591,14121,1240781,53092,8236639,4554615,1,327,1.71441,0.010184,6.44583,0.150642,0.0427892,1.80842,0.55297
simd128_v3,simd,conv_simd128_v3,256,256,3,1234,20,0,93,1352081,17709,1174583,49398,7651235,4650428,2,329,2.31453,0.0130976,6.45621,0.153515,0.0420558,1.64528,0.607801
simd128_v3,simd,conv_simd128_v3,512,512,3,1234,1,0,90,3722255,25442,3488171,156453,24008577,11947593,1,900,1.0597,0.0068351,6.51655,0.145289,0.0448524,2.00949,0.497639
simd128_v3,simd,conv_simd128_v3,512,512,3,1234,2,0,100,3598899,28893,3321864,146312,22659741,11515139,1,903,1.27508,0.00802829,6.45691,0.146598,0.0440452,1.96782,0.508176
simd128_v3,simd,conv_simd128_v3,512,512,3,1234,3,0,92,3620537,25404,3392629,151249,23347509,11371157,1,903,1.08808,0.00701664,6.47816,0.14531,0.0445817,2.05322,0.487039
simd128_v3,simd,conv_simd128_v3,512,512,3,1234,4,0,96,3653435,27927,3388672,149379,23177054,11588384,2,903,1.20494,0.00764404,6.44512,0.146208,0.0440819,2.00002,0.499994
simd128_v3,simd,conv_simd128_v3,512,512,3,1234,5,0,91,3691174,22748,3459032,154171,23811336,12184319,1,905,0.955343,0.00616281,6.47469,0.145268,0.0445706,1.95426,0.511702
simd128_v3,simd,conv_simd128_v3,512,512,3,1234,6,0,98,3637472,30343,3361116,150197,22930510,11934800,2,905,1.32326,0.00834178,6.55009,0.146578,0.0446866,1.92131,0.520477
simd128_v3,simd,conv_simd128_v3,512,512,3,1234,7,0,100,3598932,31573,3322734,148199,22656103,11563637,1,904,1.39358,0.00877288,6.54124,0.14666,0.0446015,1.95925,0.510398
simd128_v3,simd,conv_simd128_v3,512,512,3,1234,8,0,100,3603887,32451,3326306,149883,22677960,11690218,1,905,1.43095,0.00900444,6.60919,0.146676,0.0450599,1.93991,0.515488
simd128_v3,simd,conv_simd128_v3,512,512,3,1234,9,0,91,3691547,27061,3460151,159137,23816070,11709619,1,902,1.13625,0.00733053,6.68192,0.145286,0.0459913,2.03389,0.491669
simd128_v3,simd,conv_simd128_v3,512,512,3,1234,10,0,89,3741942,27252,3507387,158002,24142694,12032279,1,903,1.12879,0.00728285,6.54451,0.145277,0.0450484,2.00649,0.498382
simd128_v3,simd,conv_simd128_v3,512,512,3,1234,11,0,91,3690914,27052,3458744,156170,23808533,11811648,1,904,1.13623,0.00732935,6.55941,0.145273,0.0451522,2.01568,0.49611
simd128_v3,simd,conv_simd128_v3,512,512,3,1234,12,0,90,3720317,25991,3485910,157903,23990874,12039124,1,903,1.08337,0.00698623,6.58179,0.145302,0.0452975,1.99274,0.501821
simd128_v3,simd,conv_simd128_v3,512,512,3,1234,13,0,90,3731654,25959,3497509,157910,24075413,11851982,1,902,1.07824,0.00695643,6.55897,0.145273,0.0451493,2.03134,0.492286
simd128_v3,simd,conv_simd128_v3,512,512,3,1234,14,0,91,3693523,26685,3460800,156818,23818153,11867329,1,903,1.12036,0.00722481,6.58397,0.145301,0.0453126,2.00704,0.498247
simd128_v3,simd,conv_simd128_v3,512,512,3,1234,15,0,90,3713535,27568,3479275,158002,23947544,12061843,1,903,1.15118,0.00742365,6.59784,0.145287,0.0454123,1.9854,0.503678
simd128_v3,simd,conv_simd128_v3,512,512,3,1234,16,0,90,3705994,26964,3473199,156861,23902712,11873507,1,907,1.12807,0.00727578,6.56248,0.145306,0.0451633,2.01311,0.496743
simd128_v3,simd,conv_simd128_v3,512,512,3,1234,17,0,91,3686476,25757,3454744,156044,23774692,11972534,1,903,1.08338,0.00698689,6.56345,0.145312,0.045168,1.98577,0.503583
simd128_v3,simd,conv_simd128_v3,512,512,3,1234,18,0,90,3697932,26599,3465191,156361,23852323,11718223,1,902,1.11515,0.00719294,6.55538,0.145277,0.0451233,2.03549,0.491282
simd128_v3,simd,conv_simd128_v3,512,512,3,1234,19,0,91,3719465,28023,3476076,158248,23871086,12100688,2,902,1.17393,0.00753415,6.62928,0.145619,0.0455249,1.9727,0.506918
simd128_v3,simd,conv_simd128_v3,512,512,3,1234,20,0,90,3704899,26431,3472301,156805,23898887,11877254,1,901,1.10595,0.00713407,6.56118,0.145291,0.0451588,2.01216,0.496979
simd128_v3,simd,conv_simd128_v3,1024,1024,3,1234,1,0,96,13007060,64232,12376986,567245,86175496,42046161,2,3211,0.745363,0.00493824,6.58244,0.143625,0.0458306,2.04954,0.487913
simd128_v3,simd,conv_simd128_v3,1024,1024,3,1234,2,0,96,12941587,62103,12315926,560759,85763189,41214733,1,3208,0.724122,0.00479872,6.53846,0.143604,0.0455312,2.08089,0.480564
simd128_v3,simd,conv_simd128_v3,1024,1024,3,1234,3,0,96,13028018,61084,12391510,564783,86276406,42356177,2,3209,0.708004,0.00468866,6.5462,0.143626,0.0455782,2.03693,0.490936
simd128_v3,simd,conv_simd128_v3,1024,1024,3,1234,4,0,96,12994836,59784,12361334,561673,86073574,41906625,2,3207,0.694569,0.0046006,6.5255,0.143614,0.0454379,2.05394,0.48687
simd128_v3,simd,conv_simd128_v3,1024,1024,3,1234,5,0,97,12888206,68053,12244195,557103,85158685,41636094,2,3211,0.799132,0.00528025,6.54194,0.143781,0.0454994,2.04531,0.488924
simd128_v3,simd,conv_simd128_v3,1024,1024,3,1234,6,0,97,12933508,62000,12298527,560395,85589365,42085232,3,3207,0.724389,0.00479375,6.54748,0.143692,0.045566,2.03371,0.491711
simd128_v3,simd,conv_simd128_v3,1024,1024,3,1234,7,0,96,12970018,60075,12343848,561928,85951514,41781013,2,3210,0.698941,0.00463184,6.53773,0.143614,0.0455229,2.05719,0.4861
simd128_v3,simd,conv_simd128_v3,1024,1024,3,1234,8,0,96,13013461,64230,12377722,563856,86179965,42219865,2,3209,0.745301,0.00493566,6.54277,0.143626,0.0455541,2.04122,0.489903
simd128_v3,simd,conv_simd128_v3,1024,1024,3,1234,9,0,96,12963725,60294,12336841,563253,85901105,42205800,1,3210,0.7019,0.00465098,6.55699,0.143617,0.0456562,2.03529,0.49133
simd128_v3,simd,conv_simd128_v3,1024,1024,3,1234,10,0,96,12964977,60586,12338247,562466,85916923,41988927,1,3208,0.70517,0.00467305,6.54663,0.143607,0.0455872,2.04618,0.488715
simd128_v3,simd,conv_simd128_v3,1024,1024,3,1234,11,0,96,13008008,53686,12373868,563628,86158715,45868722,2,3210,0.623106,0.00412715,6.54174,0.143617,0.0455499,1.87838,0.532375
simd128_v3,simd,conv_simd128_v3,1024,1024,3,1234,12,0,96,12949982,64000,12323258,562729,85804259,43302936,1,3210,0.745884,0.00494209,6.55829,0.143621,0.045664,1.98149,0.504671
simd128_v3,simd,conv_simd128_v3,1024,1024,3,1234,13,0,99,12773482,66385,12106426,549616,84079608,41638221,2,3209,0.789549,0.0051971,6.53685,0.143988,0.0453987,2.01929,0.495224
simd128_v3,simd,conv_simd128_v3,1024,1024,3,1234,14,0,96,12977321,58247,12349154,562588,85986967,42381345,1,3210,0.677393,0.00448837,6.54271,0.143617,0.0455568,2.02889,0.492881
simd128_v3,simd,conv_simd128_v3,1024,1024,3,1234,15,0,96,12925162,58556,12300671,561068,85654678,41712132,1,3209,0.683629,0.00453039,6.55035,0.143608,0.0456128,2.05347,0.48698
simd128_v3,simd,conv_simd128_v3,1024,1024,3,1234,16,0,100,12742132,61189,12073250,549150,83834672,41720757,1,3209,0.729877,0.0048021,6.55039,0.144013,0.0454849,2.00942,0.497655
simd128_v3,simd,conv_simd128_v3,1024,1024,3,1234,17,0,97,12945956,60407,12291224,558345,85484655,43050866,3,3211,0.706641,0.00466609,6.53152,0.143783,0.0454263,1.98567,0.503609
simd128_v3,simd,conv_simd128_v3,1024,1024,3,1234,18,0,100,12745171,67212,12074187,547951,83848166,41280731,1,3211,0.801592,0.00527353,6.53504,0.144001,0.045382,2.03117,0.492327
simd128_v3,simd,conv_simd128_v3,1024,1024,3,1234,19,0,96,12953573,59311,12325592,561618,85830969,42459926,1,3210,0.691021,0.00457874,6.5433,0.143603,0.0455652,2.02146,0.494692
simd128_v3,simd,conv_simd128_v3,1024,1024,3,1234,20,0,96,12979803,61873,12350050,561898,85992491,41819495,2,3210,0.719516,0.00476687,6.53427,0.143618,0.0454976,2.05628,0.486316
simd128_v3,simd,conv_simd128_v3,2048,2048,3,1234,1,0,98,49645122,232942,47457792,2167300,331511263,163562037,3,12427,0.702667,0.00469214,6.53764,0.143156,0.0456679,2.02682,0.493383
simd128_v3,simd,conv_simd128_v3,2048,2048,3,1234,2,0,98,49644981,238302,47462624,2167096,331557049,163105983,1,12429,0.718736,0.00480012,6.53612,0.143151,0.045659,2.03277,0.491939
simd128_v3,simd,conv_simd128_v3,2048,2048,3,1234,3,0,98,49663916,237671,47478745,2169280,331665164,163419853,1,12431,0.716599,0.00478559,6.54057,0.143153,0.0456895,2.02953,0.492725
simd128_v3,simd,conv_simd128_v3,2048,2048,3,1234,4,0,99,49470604,236913,47295828,2164157,330390691,162434056,1,12431,0.717069,0.00478897,6.5503,0.143151,0.0457579,2.034,0.491642
simd128_v3,simd,conv_simd128_v3,2048,2048,3,1234,5,0,100,49253527,244196,47032140,2148833,328313757,162182558,1,12430,0.743789,0.00495794,6.54506,0.143254,0.0456886,2.02435,0.493986
simd128_v3,simd,conv_simd128_v3,2048,2048,3,1234,6,0,98,49625925,230556,47441383,2166152,331403479,162667942,2,12428,0.695696,0.00464588,6.5363,0.143153,0.0456595,2.0373,0.490846
simd128_v3,simd,conv_simd128_v3,2048,2048,3,1234,7,0,99,49408359,240600,47211338,2155849,329697054,162827487,2,12430,0.729761,0.00486962,6.53888,0.143196,0.0456638,2.02482,0.49387
simd128_v3,simd,conv_simd128_v3,2048,2048,3,1234,8,0,98,49668524,246180,47482623,2168797,331696543,163822086,1,12430,0.742184,0.00495646,6.5385,0.143151,0.0456756,2.02474,0.493891
simd128_v3,simd,conv_simd128_v3,2048,2048,3,1234,9,0,98,49691624,247004,47505110,2176855,331846778,163895564,1,12431,0.744331,0.00497074,6.55982,0.143154,0.0458236,2.02475,0.493889
simd128_v3,simd,conv_simd128_v3,2048,2048,3,1234,10,0,99,49421354,245371,47206223,2155734,329594734,162184120,2,12429,0.744463,0.00496488,6.54056,0.143225,0.0456663,2.03223,0.492071
simd128_v3,simd,conv_simd128_v3,2048,2048,3,1234,11,0,98,49680842,250496,47494996,2169836,331783860,163218939,1,12429,0.754998,0.0050421,6.53991,0.14315,0.0456856,2.03275,0.491944
simd128_v3,simd,conv_simd128_v3,2048,2048,3,1234,12,0,98,49664899,236392,47478532,2170056,331665831,163411969,2,12427,0.712741,0.00475974,6.5429,0.143152,0.045706,2.02963,0.492701
simd128_v3,simd,conv_simd128_v3,2048,2048,3,1234,13,0,98,49635984,237568,47451704,2164458,331481884,163199910,1,12427,0.716685,0.00478621,6.52964,0.14315,0.0456139,2.03114,0.492334
simd128_v3,simd,conv_simd128_v3,2048,2048,3,1234,14,0,99,49470779,236631,47291920,2160610,330359686,162794176,1,12430,0.716283,0.00478325,6.54017,0.143153,0.0456867,2.02931,0.492779
simd128_v3,simd,conv_simd128_v3,2048,2048,3,1234,15,0,98,49680290,232366,47493116,2169710,331766380,163553380,1,12430,0.70039,0.00467723,6.53987,0.143152,0.0456847,2.02849,0.492978
simd128_v3,simd,conv_simd128_v3,2048,2048,3,1234,16,0,99,49458207,228008,47283339,2162664,330304804,162789444,1,12431,0.690296,0.00461011,6.54748,0.143151,0.0457384,2.02903,0.492846
simd128_v3,simd,conv_simd128_v3,2048,2048,3,1234,17,0,98,49778284,243171,47548773,2169210,332227856,163542153,1,12429,0.73194,0.00488508,6.52928,0.143121,0.0456207,2.03145,0.492259
simd128_v3,simd,conv_simd128_v3,2048,2048,3,1234,18,0,98,49690894,234668,47503571,2168165,331840945,163115812,1,12432,0.70717,0.00472256,6.53375,0.143152,0.0456421,2.03439,0.491548
simd128_v3,simd,conv_simd128_v3,2048,2048,3,1234,19,0,98,49555950,238931,47376971,2166599,330957492,162881156,1,12431,0.721939,0.00482144,6.54646,0.143151,0.0457311,2.0319,0.492151
simd128_v3,simd,conv_simd128_v3,2048,2048,3,1234,20,0,98,49646188,230220,47465970,2174440,331586313,162530361,1,12426,0.694299,0.00463721,6.55769,0.143148,0.0458105,2.04015,0.49016
simd128_v3,simd,conv_simd128_v3,4096,4096,3,1234,1,0,99,196116656,1016688,187653808,8555625,1311847188,653828131,1,49301,0.775005,0.0051841,6.52182,0.143045,0.0455926,2.00641,0.498403
simd128_v3,simd,conv_simd128_v3,4096,4096,3,1234,2,0,99,195762769,975963,187340511,8543094,1309700037,650759134,2,49300,0.745181,0.00498544,6.52294,0.143041,0.045602,2.01257,0.496876
simd128_v3,simd,conv_simd128_v3,4096,4096,3,1234,3,0,99,196015725,956153,187581698,8560357,1311383806,650724040,2,49300,0.729118,0.00487794,6.52773,0.143041,0.0456354,2.01527,0.496212
simd128_v3,simd,conv_simd128_v3,4096,4096,3,1234,4,0,99,195760361,970598,187334355,8543414,1309643172,650653864,1,49300,0.741116,0.00495809,6.52347,0.143042,0.0456052,2.01281,0.496818
simd128_v3,simd,conv_simd128_v3,4096,4096,3,1234,5,0,99,195760900,947746,187337859,8540400,1309685681,649573855,3,49304,0.723644,0.00484134,6.52095,0.14304,0.0455882,2.01622,0.495977
simd128_v3,simd,conv_simd128_v3,4096,4096,3,1234,6,0,99,195969745,934652,187534970,8549819,1311055127,651244314,1,49303,0.712901,0.00476937,6.52133,0.143041,0.0455905,2.01315,0.496733
simd128_v3,simd,conv_simd128_v3,4096,4096,3,1234,7,0,99,196036374,992584,187600429,8550840,1311498447,649432332,5,49302,0.756832,0.00506326,6.5199,0.143043,0.0455801,2.01945,0.495183
simd128_v3,simd,conv_simd128_v3,4096,4096,3,1234,8,0,99,196003737,956372,187563975,8547112,1311247466,650179197,3,49300,0.72936,0.00487936,6.51831,0.143042,0.045569,2.01675,0.495848
simd128_v3,simd,conv_simd128_v3,4096,4096,3,1234,9,0,99,196013186,978865,187575089,8544078,1311324308,649415916,2,49302,0.746471,0.00499387,6.51561,0.143042,0.0455502,2.01924,0.495237
simd128_v3,simd,conv_simd128_v3,4096,4096,3,1234,10,0,99,195942222,998383,187506749,8551667,1310856824,650886181,1,49304,0.761626,0.00509529,6.52372,0.143041,0.0456072,2.01396,0.496535
simd128_v3,simd,conv_simd128_v3,4096,4096,3,1234,11,0,99,195973564,953759,187541535,8547604,1311109185,649811175,1,49299,0.727444,0.00486677,6.51937,0.14304,0.0455771,2.01768,0.495619
simd128_v3,simd,conv_simd128_v3,4096,4096,3,1234,12,0,99,195974952,1004620,187539565,8546725,1311046576,649603570,3,49300,0.766273,0.00512627,6.51901,0.143046,0.0455729,2.01823,0.495485
simd128_v3,simd,conv_simd128_v3,4096,4096,3,1234,13,0,99,195775404,1067936,187351285,8540472,1309761131,650694792,2,49299,0.815367,0.0054549,6.52063,0.143042,0.0455853,2.01287,0.496804
simd128_v3,simd,conv_simd128_v3,4096,4096,3,1234,14,0,99,195959327,965192,187524469,8574442,1310960888,649375781,1,49304,0.736248,0.00492547,6.54058,0.143044,0.0457244,2.0188,0.495343
simd128_v3,simd,conv_simd128_v3,4096,4096,3,1234,15,0,100,195535370,975163,187062024,8527036,1307509810,648085478,1,49304,0.745817,0.00498714,6.52158,0.143067,0.045584,2.0175,0.495664
simd128_v3,simd,conv_simd128_v3,4096,4096,3,1234,16,0,99,195950577,962455,187519277,8546201,1310938839,651658188,1,49302,0.734172,0.00491172,6.51915,0.143042,0.0455751,2.0117,0.497093
simd128_v3,simd,conv_simd128_v3,4096,4096,3,1234,17,0,99,196018312,965332,187580239,8566472,1311358140,652429075,3,49300,0.736131,0.0049247,6.53252,0.143043,0.0456683,2.00996,0.497522
simd128_v3,simd,conv_simd128_v3,4096,4096,3,1234,18,0,100,195543223,973565,187071230,8534532,1307568301,648595178,2,49303,0.744561,0.00497877,6.52703,0.143068,0.0456218,2.016,0.496032
simd128_v3,simd,conv_simd128_v3,4096,4096,3,1234,19,0,99,196179019,993061,187729434,8568033,1312399831,658290247,3,49302,0.756676,0.00506201,6.52852,0.143043,0.0456403,1.99365,0.501593
simd128_v3,simd,conv_simd128_v3,4096,4096,3,1234,20,0,100,195584443,964532,187064008,8524470,1307483405,646436259,1,49300,0.737701,0.00493154,6.51975,0.143072,0.0455698,2.0226,0.494413
simd128_v3,simd,conv_simd128_v3,8192,8192,3,1234,1,0,99,781837219,4321464,748469593,34076370,5233152194,2585824350,5,196775,0.825786,0.00552732,6.51163,0.143025,0.0455281,2.02378,0.494124
simd128_v3,simd,conv_simd128_v3,8192,8192,3,1234,2,0,99,781883767,4405606,748531951,34085566,5233520489,2587212122,6,196774,0.841805,0.0056346,6.51293,0.143026,0.0455366,2.02284,0.494354
simd128_v3,simd,conv_simd128_v3,8192,8192,3,1234,3,0,99,781650512,4450832,748306661,34040056,5231977517,2598896170,3,196772,0.850698,0.00569415,6.50615,0.143026,0.0454894,2.01315,0.496733
simd128_v3,simd,conv_simd128_v3,8192,8192,3,1234,4,0,99,781927279,4343044,748568410,34073478,5233748373,2592688870,5,196772,0.829815,0.00555428,6.51034,0.143027,0.0455182,2.01866,0.495379
simd128_v3,simd,conv_simd128_v3,8192,8192,3,1234,5,0,99,781662305,4642558,748317429,34041506,5232000463,2593608033,6,196774,0.887339,0.00593934,6.5064,0.143027,0.0454907,2.01727,0.49572
simd128_v3,simd,conv_simd128_v3,8192,8192,3,1234,6,0,99,781866693,4447494,748518691,34073247,5233483359,2585518191,4,196773,0.849815,0.0056883,6.51062,0.143025,0.0455209,2.02415,0.494034
simd128_v3,simd,conv_simd128_v3,8192,8192,3,1234,7,0,99,781787523,4526816,748441508,34093302,5232916989,2590848765,4,196772,0.865066,0.00579034,6.51516,0.143026,0.0455524,2.01977,0.495106
simd128_v3,simd,conv_simd128_v3,8192,8192,3,1234,8,0,99,781859177,4249104,748510486,34074546,5233427658,2596900009,4,196770,0.811916,0.00543462,6.51094,0.143025,0.0455231,2.01526,0.496214
simd128_v3,simd,conv_simd128_v3,8192,8192,3,1234,9,0,99,781888051,4402282,748532823,34096595,5233504892,2594583765,3,196773,0.841173,0.00563032,6.51506,0.143027,0.0455512,2.01709,0.495764
simd128_v3,simd,conv_simd128_v3,8192,8192,3,1234,10,0,99,781842202,4373392,748495783,34070861,5233328631,2590836777,4,196774,0.835681,0.0055937,6.51036,0.143025,0.0455191,2.01994,0.495065
simd128_v3,simd,conv_simd128_v3,8192,8192,3,1234,11,0,99,781663110,4552824,748318398,34082048,5232010433,2587313657,2,196772,0.870186,0.00582453,6.51414,0.143027,0.0455448,2.02218,0.494516
simd128_v3,simd,conv_simd128_v3,8192,8192,3,1234,12,0,100,781415493,5004720,748028285,34047996,5229774213,2595285132,6,196775,0.956967,0.00640468,6.51041,0.143033,0.045517,2.01511,0.496252
simd128_v3,simd,conv_simd128_v3,8192,8192,3,1234,13,0,99,781628094,4279873,748283641,34096101,5231797801,2602694603,8,196771,0.81805,0.00547559,6.51709,0.143026,0.0455657,2.01015,0.497476
simd128_v3,simd,conv_simd128_v3,8192,8192,3,1234,14,0,99,781841167,5070998,748494066,34101479,5233329421,2598376095,4,196773,0.968981,0.00648597,6.51621,0.143024,0.0455601,2.01408,0.496505
simd128_v3,simd,conv_simd128_v3,8192,8192,3,1234,15,0,100,781386691,4393623,748002892,34036344,5229618682,2581802030,2,196773,0.840142,0.00562285,6.50838,0.143032,0.045503,2.02557,0.493688
simd128_v3,simd,conv_simd128_v3,8192,8192,3,1234,16,0,99,781757090,4283002,748402870,34056551,5232613870,2596297596,5,196775,0.818521,0.00547869,6.50852,0.143027,0.0455056,2.01541,0.496176
simd128_v3,simd,conv_simd128_v3,8192,8192,3,1234,17,0,99,781835649,4398898,748478491,34060348,5233096613,2605506319,4,196773,0.840592,0.00562637,6.50864,0.143028,0.0455061,2.00848,0.49789
simd128_v3,simd,conv_simd128_v3,8192,8192,3,1234,18,0,99,781529849,4360305,748198630,34061719,5231285600,2589021167,7,196771,0.833505,0.00557919,6.51116,0.143024,0.045525,2.02057,0.494911
simd128_v3,simd,conv_simd128_v3,8192,8192,3,1234,19,0,99,781802809,4295172,748453028,34045223,5232979584,2586916967,2,196772,0.820789,0.00549393,6.5059,0.143026,0.0454875,2.02286,0.494349
simd128_v3,simd,conv_simd128_v3,8192,8192,3,1234,20,0,99,781736563,4467660,748385469,34066782,5232480212,2595020703,4,196774,0.853832,0.00571505,6.51064,0.143027,0.0455204,2.01635,0.495945
simd128_v3,simd,conv_simd128_v3,16384,16384,3,1234,1,0,99,3126143224,32095022,2993944496,136114648,20932203260,10324190040,22,786631,1.53328,0.0102667,6.50264,0.143031,0.0454633,2.02749,0.49322
simd128_v3,simd,conv_simd128_v3,16384,16384,3,1234,2,0,99,3126136013,32324282,2993885470,136106459,20931824864,10320956720,14,786629,1.54426,0.01034,6.50237,0.14303,0.0454615,2.02809,0.493075
simd128_v3,simd,conv_simd128_v3,16384,16384,3,1234,3,0,99,3126180648,32114716,2993913308,136081886,20931880562,10310981918,13,786627,1.53425,0.0102728,6.50118,0.143031,0.0454528,2.03006,0.492597
simd128_v3,simd,conv_simd128_v3,16384,16384,3,1234,4,0,99,3126118985,32890548,2993854615,136142344,20931504437,10327691901,16,786629,1.57134,0.0105212,6.50418,0.143031,0.0454739,2.02674,0.493404
simd128_v3,simd,conv_simd128_v3,16384,16384,3,1234,5,0,99,3126186807,32045459,2993922811,136095892,20932069911,10332929251,12,786630,1.53093,0.0102507,6.50179,0.14303,0.0454574,2.02576,0.493641
simd128_v3,simd,conv_simd128_v3,16384,16384,3,1234,6,0,99,3126355894,32105710,2994071144,136101142,20932901831,10336788294,14,786631,1.53374,0.0102694,6.50178,0.143032,0.0454569,2.02509,0.493806
simd128_v3,simd,conv_simd128_v3,16384,16384,3,1234,7,0,99,3126171090,32012216,2993909696,136072043,20931948836,10315042898,15,786627,1.52935,0.0102401,6.50069,0.143031,0.0454496,2.02926,0.492789
simd128_v3,simd,conv_simd128_v3,16384,16384,3,1234,8,0,99,3125951463,32116727,2993677568,136129230,20930136650,10320348058,16,786630,1.53447,0.0102742,6.50398,0.143032,0.0454722,2.02805,0.493086
simd128_v3,simd,conv_simd128_v3,16384,16384,3,1234,9,0,99,3125950522,33808048,2993696654,136195789,20930447993,10340853845,15,786629,1.61526,0.0108153,6.50707,0.143031,0.0454942,2.02405,0.494058
simd128_v3,simd,conv_simd128_v3,16384,16384,3,1234,10,0,99,3126392893,34369109,2994072829,136187397,20933019508,10351704708,17,786630,1.64186,0.0109932,6.50586,0.143031,0.0454857,2.02218,0.494516
simd128_v3,simd,conv_simd128_v3,16384,16384,3,1234,11,0,99,3126904138,32636984,2993842814,136167183,20930477453,10344372892,13,786629,1.5593,0.0104375,6.50569,0.143037,0.0454824,2.02337,0.494225
simd128_v3,simd,conv_simd128_v3,16384,16384,3,1234,12,0,99,3126166768,32381975,2993911499,136112727,20931970861,10317399614,16,786627,1.54701,0.0103584,6.50262,0.143031,0.0454632,2.0288,0.492901
simd128_v3,simd,conv_simd128_v3,16384,16384,3,1234,13,0,100,3125785366,32042373,2993482728,136141395,20928605514,10347818170,16,786628,1.53103,0.010251,6.50504,0.143033,0.0454793,2.02251,0.494434
simd128_v3,simd,conv_simd128_v3,16384,16384,3,1234,14,0,100,3125736331,33129114,2993439916,136085817,20928374570,10324044384,14,786631,1.58298,0.0105988,6.50246,0.143033,0.0454613,2.02715,0.493304
simd128_v3,simd,conv_simd128_v3,16384,16384,3,1234,15,0,99,3126148971,33396568,2993893823,136135696,20931878975,10342863376,16,786630,1.59549,0.010683,6.50375,0.14303,0.0454711,2.0238,0.49412
simd128_v3,simd,conv_simd128_v3,16384,16384,3,1234,16,0,99,3126121395,32621370,2993846127,136062849,20931330211,10334098932,13,786629,1.55849,0.0104351,6.50044,0.143032,0.0454475,2.02546,0.493714
simd128_v3,simd,conv_simd128_v3,16384,16384,3,1234,17,0,100,3125724911,32090721,2993422843,136120406,20928283156,10323974459,14,786629,1.53337,0.0102666,6.50414,0.143032,0.0454732,2.02715,0.493303
simd128_v3,simd,conv_simd128_v3,16384,16384,3,1234,18,0,99,3126333521,32651632,2994035530,136105592,20933086006,10322863129,13,786629,1.55981,0.0104441,6.50194,0.143029,0.0454589,2.02784,0.493136
simd128_v3,simd,conv_simd128_v3,16384,16384,3,1234,19,0,99,3125885868,32126422,2993636826,136141815,20930116519,10340136447,18,786630,1.53494,0.0102775,6.50459,0.14303,0.0454771,2.02416,0.494031
simd128_v3,simd,conv_simd128_v3,16384,16384,3,1234,20,0,99,3126212199,32315219,2993943520,136086937,20932112970,10339687310,15,786628,1.54381,0.0103369,6.50135,0.143031,0.0454541,2.02444,0.493963
simd128_v4,simd,conv_simd128_v4,64,64,3,1234,1,0,100,587163,16895,441211,16235,2524839,2511685,1,142,6.69152,0.028774,6.43011,0.174748,0.0367965,1.00524,0.99479
simd128_v4,simd,conv_simd128_v4,64,64,3,1234,2,0,54,639972,18158,493404,18373,2844276,2530458,1,141,6.38405,0.0283731,6.45964,0.173473,0.0372372,1.12402,0.889667
simd128_v4,simd,conv_simd128_v4,64,64,3,1234,3,0,56,621043,17276,478440,18046,2761136,2452903,1,144,6.25685,0.0278177,6.53572,0.173277,0.0377184,1.12566,0.888367
simd128_v4,simd,conv_simd128_v4,64,64,3,1234,4,0,55,624544,16651,481664,18119,2774441,2678376,1,141,6.00157,0.0266611,6.53068,0.173608,0.0376175,1.03587,0.965375
simd128_v4,simd,conv_simd128_v4,64,64,3,1234,5,0,57,606351,17015,466861,17378,2691882,2662814,1,141,6.32086,0.0280613,6.45571,0.173433,0.0372231,1.01092,0.989202
simd128_v4,simd,conv_simd128_v4,64,64,3,1234,6,0,64,595770,15721,459961,17777,2634801,2599611,2,144,5.96667,0.0263877,6.747,0.174571,0.0386489,1.01354,0.986644
simd128_v4,simd,conv_simd128_v4,64,64,3,1234,7,0,55,628646,18082,483883,18046,2791471,2447152,1,143,6.47759,0.0287634,6.46469,0.173343,0.0372941,1.1407,0.876653
simd128_v4,simd,conv_simd128_v4,64,64,3,1234,8,0,100,585408,16600,440148,16561,2514593,2429995,1,142,6.60147,0.0283563,6.58596,0.175037,0.037626,1.03481,0.966357
simd128_v4,simd,conv_simd128_v4,64,64,3,1234,9,0,56,620256,17137,477510,17935,2754615,2473596,1,143,6.2212,0.0276289,6.51089,0.173349,0.0375594,1.11361,0.897982
simd128_v4,simd,conv_simd128_v4,64,64,3,1234,10,0,50,691589,19509,532808,19863,3071821,2958595,1,142,6.35096,0.028209,6.4662,0.17345,0.0372798,1.03827,0.96314
simd128_v4,simd,conv_simd128_v4,64,64,3,1234,11,0,55,637741,17713,491050,18441,2830458,2557854,1,143,6.258,0.0277746,6.5152,0.173488,0.0375542,1.10658,0.903689
simd128_v4,simd,conv_simd128_v4,64,64,3,1234,12,0,55,629492,15390,484232,18316,2794555,2576495,1,144,5.50714,0.0244483,6.55417,0.173277,0.0378248,1.08463,0.92197
simd128_v4,simd,conv_simd128_v4,64,64,3,1234,13,0,100,582334,14604,437781,15901,2501365,2298262,1,140,5.83841,0.0250784,6.35693,0.175017,0.0363218,1.08837,0.918803
simd128_v4,simd,conv_simd128_v4,64,64,3,1234,14,0,51,686861,16922,529666,19761,3054690,2556335,1,144,5.53968,0.0246367,6.46907,0.173394,0.0373084,1.19495,0.836856
simd128_v4,simd,conv_simd128_v4,64,64,3,1234,15,0,56,616839,17530,476330,17775,2742448,2366559,1,143,6.3921,0.0284191,6.48144,0.173688,0.0373166,1.15883,0.862937
simd128_v4,simd,conv_simd128_v4,64,64,3,1234,16,0,56,619933,16306,477062,17969,2753437,2545362,1,144,5.92205,0.0263028,6.52603,0.173261,0.037666,1.08175,0.924431
simd128_v4,simd,conv_simd128_v4,64,64,3,1234,17,0,84,624782,16781,470275,16886,2695323,2422920,2,140,6.22597,0.026859,6.26493,0.174478,0.0359067,1.11243,0.898935
simd128_v4,simd,conv_simd128_v4,64,64,3,1234,18,0,54,642686,15010,495495,15325,2857882,2310122,1,143,5.25214,0.0233551,5.36236,0.173378,0.0309287,1.23711,0.808334
simd128_v4,simd,conv_simd128_v4,64,64,3,1234,19,0,53,648482,15061,500609,14025,2882436,2214461,1,141,5.22509,0.023225,4.86568,0.173676,0.0280159,1.30164,0.76826
simd128_v4,simd,conv_simd128_v4,64,64,3,1234,20,0,55,630530,14814,485806,14930,2803345,2255875,1,143,5.2844,0.0234945,5.32578,0.173295,0.0307324,1.24269,0.804708
simd128_v4,simd,conv_simd128_v4,128,128,3,1234,1,0,77,783676,15589,619173,22130,3770463,2805528,2,178,4.13451,0.0198921,5.86931,0.164217,0.0357412,1.34394,0.744081
simd128_v4,simd,conv_simd128_v4,128,128,3,1234,2,0,61,782146,14033,632372,24314,3913714,2819810,1,179,3.5856,0.0179417,6.21251,0.161578,0.0384489,1.38794,0.720495
simd128_v4,simd,conv_simd128_v4,128,128,3,1234,3,0,62,777058,13690,626411,22647,3885981,2707830,1,177,3.52292,0.0176177,5.82787,0.161198,0.0361536,1.43509,0.69682
simd128_v4,simd,conv_simd128_v4,128,128,3,1234,4,0,61,785999,14015,635714,24160,3934976,2699597,1,175,3.56165,0.0178308,6.13981,0.161555,0.0380045,1.45762,0.686052
simd128_v4,simd,conv_simd128_v4,128,128,3,1234,5,0,61,783378,13832,632963,22880,3923699,2702662,1,177,3.52524,0.0176569,5.83123,0.161318,0.0361475,1.45179,0.688805
simd128_v4,simd,conv_simd128_v4,128,128,3,1234,6,0,100,718968,15655,560730,22196,3379649,2688946,1,176,4.63214,0.0217743,6.56755,0.165914,0.0395841,1.25687,0.795629
simd128_v4,simd,conv_simd128_v4,128,128,3,1234,7,0,88,767248,15336,600042,22818,3633472,2790230,2,179,4.22076,0.0199883,6.27994,0.165143,0.0380273,1.30221,0.767924
simd128_v4,simd,conv_simd128_v4,128,128,3,1234,8,0,61,788397,14006,637012,22931,3940767,3030693,1,178,3.55413,0.0177652,5.81892,0.161647,0.0359978,1.30029,0.769062
simd128_v4,simd,conv_simd128_v4,128,128,3,1234,9,0,63,769033,13899,621204,25405,3843372,2924324,1,178,3.61636,0.0180733,6.61008,0.16163,0.0408964,1.31428,0.760875
simd128_v4,simd,conv_simd128_v4,128,128,3,1234,10,0,63,760223,13341,614257,23964,3804493,2728728,1,179,3.50664,0.0175488,6.29887,0.161456,0.039013,1.39424,0.717238
simd128_v4,simd,conv_simd128_v4,128,128,3,1234,11,0,60,798075,13899,645753,25275,3997625,2753890,1,178,3.47681,0.0174157,6.3225,0.161534,0.0391404,1.45163,0.688882
simd128_v4,simd,conv_simd128_v4,128,128,3,1234,12,0,56,860838,15389,694893,25103,4308753,3025927,1,178,3.57157,0.0178768,5.82605,0.161275,0.036125,1.42394,0.702274
simd128_v4,simd,conv_simd128_v4,128,128,3,1234,13,0,77,789251,15346,623568,22559,3798996,2855441,2,177,4.03949,0.0194438,5.93815,0.16414,0.0361773,1.33044,0.75163
simd128_v4,simd,conv_simd128_v4,128,128,3,1234,14,0,62,777331,13496,627676,22528,3889293,2780045,1,178,3.47004,0.017362,5.79231,0.161386,0.0358911,1.399,0.714794
simd128_v4,simd,conv_simd128_v4,128,128,3,1234,15,0,57,840844,15149,678876,26172,4209193,3389721,2,177,3.59903,0.0180164,6.21782,0.161284,0.038552,1.24175,0.805314
simd128_v4,simd,conv_simd128_v4,128,128,3,1234,16,0,56,853203,14800,689980,24606,4268606,2880994,1,179,3.46717,0.0173464,5.76441,0.161641,0.0356619,1.48164,0.674926
simd128_v4,simd,conv_simd128_v4,128,128,3,1234,17,0,57,840641,14968,678211,25660,4207294,2965424,1,179,3.55763,0.0178055,6.09893,0.161199,0.0378348,1.41878,0.704829
simd128_v4,simd,conv_simd128_v4,128,128,3,1234,18,0,58,836925,14384,675977,24894,4188356,2912267,1,177,3.43428,0.0171867,5.94362,0.161394,0.0368267,1.43818,0.695325
simd128_v4,simd,conv_simd128_v4,128,128,3,1234,19,0,59,806335,13787,651567,23228,4035675,2758149,1,181,3.41628,0.0170984,5.75567,0.161452,0.0356494,1.46318,0.683442
simd128_v4,simd,conv_simd128_v4,128,128,3,1234,20,0,58,834748,15198,674024,25524,4169263,3100362,1,178,3.64525,0.0182067,6.12195,0.161665,0.0378681,1.34477,0.743624
simd128_v4,simd,conv_simd128_v4,256,256,3,1234,1,0,77,1329628,14775,1142510,52140,7669158,4507517,1,326,1.92655,0.0111121,6.79866,0.148975,0.0456364,1.70142,0.587746
simd128_v4,simd,conv_simd128_v4,256,256,3,1234,2,0,78,1303080,14677,1119560,51575,7518026,4516849,1,325,1.95224,0.0112633,6.86018,0.148917,0.0460672,1.66444,0.600803
simd128_v4,simd,conv_simd128_v4,256,256,3,1234,3,0,68,1496287,16277,1284441,58551,8632120,5204270,1,328,1.88563,0.0108783,6.78292,0.148798,0.0455848,1.65866,0.602896
simd128_v4,simd,conv_simd128_v4,256,256,3,1234,4,0,74,1368115,14851,1175619,54327,7892930,4775851,1,327,1.88156,0.0108551,6.883,0.148946,0.0462114,1.65268,0.60508
simd128_v4,simd,conv_simd128_v4,256,256,3,1234,5,0,73,1393706,15222,1196420,55189,8040690,4921268,1,324,1.89312,0.010922,6.86371,0.148796,0.0461284,1.63387,0.612045
simd128_v4,simd,conv_simd128_v4,256,256,3,1234,6,0,93,1295860,17671,1084900,47822,7135065,4590204,2,323,2.47664,0.0136365,6.70239,0.152052,0.0440796,1.55441,0.64333
simd128_v4,simd,conv_simd128_v4,256,256,3,1234,7,0,77,1317182,14626,1131290,51902,7594647,4499012,1,325,1.92583,0.011104,6.83402,0.148959,0.0458786,1.68807,0.592393
simd128_v4,simd,conv_simd128_v4,256,256,3,1234,8,0,77,1349892,14321,1157709,52001,7749241,4622959,1,328,1.84805,0.010609,6.71046,0.149396,0.0449172,1.67625,0.596569
simd128_v4,simd,conv_simd128_v4,256,256,3,1234,9,0,77,1322932,14851,1135815,52161,7634221,4580276,1,326,1.94532,0.0112258,6.83252,0.148779,0.0459239,1.66676,0.599966
simd128_v4,simd,conv_simd128_v4,256,256,3,1234,10,0,77,1314707,14652,1129133,51645,7586585,4681481,1,325,1.9313,0.0111447,6.80741,0.148833,0.0457386,1.62055,0.617074
simd128_v4,simd,conv_simd128_v4,256,256,3,1234,11,0,88,1333489,17820,1121729,48541,7394426,4620625,2,326,2.40992,0.0133634,6.56454,0.151699,0.0432734,1.60031,0.624879
simd128_v4,simd,conv_simd128_v4,256,256,3,1234,12,0,76,1338240,15090,1150418,52873,7722066,4557331,1,327,1.95414,0.011276,6.847,0.148978,0.0459598,1.69443,0.59017
simd128_v4,simd,conv_simd128_v4,256,256,3,1234,13,0,76,1326237,15600,1139495,51806,7657813,4589099,1,323,2.03714,0.0117626,6.76512,0.148802,0.045464,1.6687,0.59927
simd128_v4,simd,conv_simd128_v4,256,256,3,1234,14,0,75,1360174,14831,1169209,53377,7846113,4744043,1,327,1.89024,0.0109038,6.80299,0.149018,0.0456522,1.65389,0.604636
simd128_v4,simd,conv_simd128_v4,256,256,3,1234,15,0,76,1342234,15191,1151463,52393,7744993,4662549,1,326,1.9614,0.0113177,6.76476,0.148672,0.0455012,1.66111,0.602008
simd128_v4,simd,conv_simd128_v4,256,256,3,1234,16,0,76,1342281,14560,1152027,52340,7743914,4607630,1,327,1.88019,0.0108472,6.75886,0.148765,0.045433,1.68067,0.595
simd128_v4,simd,conv_simd128_v4,256,256,3,1234,17,0,100,1257006,17117,1047704,45908,6857162,4520405,1,326,2.49622,0.0136173,6.6949,0.15279,0.0438177,1.51694,0.659224
simd128_v4,simd,conv_simd128_v4,256,256,3,1234,18,0,74,1374107,15229,1179985,54654,7924767,4786491,1,325,1.9217,0.0110828,6.89661,0.148898,0.0463175,1.65565,0.603991
simd128_v4,simd,conv_simd128_v4,256,256,3,1234,19,0,76,1337378,14521,1149851,52719,7720253,4513780,1,328,1.8809,0.0108578,6.82866,0.14894,0.0458485,1.71037,0.584667
simd128_v4,simd,conv_simd128_v4,256,256,3,1234,20,0,97,1276892,17280,1067218,46738,6987513,4479884,2,326,2.47298,0.0135329,6.68879,0.152732,0.0437942,1.55975,0.641127
simd128_v4,simd,conv_simd128_v4,512,512,3,1234,1,0,90,3472031,27599,3100953,154592,21741422,11777062,1,903,1.26942,0.00794895,7.11048,0.142629,0.0498531,1.84608,0.541688
simd128_v4,simd,conv_simd128_v4,512,512,3,1234,2,0,100,3394223,30057,2988621,146836,20712961,11584988,1,906,1.45112,0.00885534,7.08909,0.144287,0.0491317,1.78791,0.559311
simd128_v4,simd,conv_simd128_v4,512,512,3,1234,3,0,91,3451917,26631,3082666,155798,21614525,11455009,1,904,1.23209,0.00771484,7.20802,0.14262,0.05054,1.88691,0.529968
simd128_v4,simd,conv_simd128_v4,512,512,3,1234,4,0,93,3373639,26224,3013426,150433,21130602,11143315,1,902,1.24104,0.00777321,7.1192,0.14261,0.0499209,1.89626,0.527354
simd128_v4,simd,conv_simd128_v4,512,512,3,1234,5,0,89,3501299,26198,3127282,158516,21928418,12043949,2,904,1.19471,0.00748237,7.22879,0.142613,0.0506881,1.8207,0.549239
simd128_v4,simd,conv_simd128_v4,512,512,3,1234,6,0,100,3390254,29979,2985942,146078,20694465,11522998,0,902,1.44865,0.0088427,7.0588,0.144287,0.0489219,1.79593,0.556815
simd128_v4,simd,conv_simd128_v4,512,512,3,1234,7,0,90,3466997,28153,3096848,156528,21707960,11563509,1,902,1.2969,0.00812028,7.21063,0.14266,0.0505443,1.87728,0.532685
simd128_v4,simd,conv_simd128_v4,512,512,3,1234,8,0,98,3409263,30561,3010298,149845,20892813,11815308,2,903,1.46275,0.00896411,7.17208,0.144083,0.0497775,1.76828,0.56552
simd128_v4,simd,conv_simd128_v4,512,512,3,1234,9,0,100,3381548,31542,2980398,148482,20660265,11638620,1,903,1.5267,0.00932768,7.18684,0.144257,0.0498195,1.77515,0.563334
simd128_v4,simd,conv_simd128_v4,512,512,3,1234,10,0,90,3480026,27838,3108325,158067,21789622,11663852,1,905,1.27758,0.00799937,7.25423,0.142652,0.0508528,1.86813,0.535294
simd128_v4,simd,conv_simd128_v4,512,512,3,1234,11,0,90,3462355,26680,3092798,156552,21686683,11635163,1,901,1.23025,0.00770574,7.21881,0.142613,0.0506182,1.86389,0.536512
simd128_v4,simd,conv_simd128_v4,512,512,3,1234,12,0,90,3459506,26422,3089655,156185,21657904,11921114,1,906,1.21997,0.00763751,7.21145,0.142657,0.050551,1.81677,0.550428
simd128_v4,simd,conv_simd128_v4,512,512,3,1234,13,0,90,3480496,28239,3105838,157083,21775180,11739505,1,904,1.29684,0.0081135,7.21386,0.142632,0.0505767,1.85486,0.539123
simd128_v4,simd,conv_simd128_v4,512,512,3,1234,14,0,100,3392539,31935,2987118,149898,20704044,11840624,1,905,1.54245,0.0094133,7.24003,0.144277,0.0501815,1.74856,0.571899
simd128_v4,simd,conv_simd128_v4,512,512,3,1234,15,0,94,3463056,31118,3067668,153992,21391867,11787114,3,902,1.45466,0.00898571,7.19862,0.143403,0.0501984,1.81485,0.551009
simd128_v4,simd,conv_simd128_v4,512,512,3,1234,16,0,100,3378972,30414,2978706,146593,20647698,11338409,0,903,1.473,0.00900096,7.09973,0.144263,0.0492137,1.82104,0.549137
simd128_v4,simd,conv_simd128_v4,512,512,3,1234,17,0,90,3471325,27617,3096898,157181,21713295,11675915,2,903,1.27189,0.00795575,7.23893,0.142627,0.0507543,1.85967,0.537731
simd128_v4,simd,conv_simd128_v4,512,512,3,1234,18,0,91,3448331,26800,3078978,155979,21587299,11763661,1,904,1.24147,0.00777188,7.2255,0.142629,0.0506593,1.83508,0.544934
simd128_v4,simd,conv_simd128_v4,512,512,3,1234,19,0,92,3387752,27843,3025772,152818,21212313,11495102,2,901,1.31259,0.00821872,7.20421,0.142642,0.0505055,1.84533,0.541907
simd128_v4,simd,conv_simd128_v4,512,512,3,1234,20,0,90,3456468,27200,3087111,156371,21650935,11581459,1,901,1.2563,0.0078693,7.22237,0.142586,0.0506529,1.86945,0.534917
simd128_v4,simd,conv_simd128_v4,1024,1024,3,1234,1,0,96,12010829,64368,10873559,559481,77321658,41675921,1,3208,0.832471,0.00535916,7.23576,0.140628,0.0514533,1.85531,0.538994
simd128_v4,simd,conv_simd128_v4,1024,1024,3,1234,2,0,96,12002085,61127,10866435,558864,77251478,42611799,2,3207,0.791273,0.00509303,7.23435,0.140663,0.0514303,1.81291,0.551598
simd128_v4,simd,conv_simd128_v4,1024,1024,3,1234,3,0,96,12076784,66501,10933362,563052,77748795,41817603,1,3206,0.855332,0.00550652,7.24194,0.140624,0.0514985,1.85924,0.537855
simd128_v4,simd,conv_simd128_v4,1024,1024,3,1234,4,0,96,12019677,63468,10882603,560471,77384176,41273475,1,3208,0.820168,0.00528034,7.24271,0.140631,0.0515016,1.87491,0.533358
simd128_v4,simd,conv_simd128_v4,1024,1024,3,1234,5,0,96,12063889,67090,10920543,561988,77654923,41682809,1,3210,0.86395,0.00556122,7.23699,0.140629,0.0514615,1.863,0.53677
simd128_v4,simd,conv_simd128_v4,1024,1024,3,1234,6,0,96,12015274,64815,10877412,559035,77343960,41195420,1,3212,0.83801,0.00539438,7.22791,0.140637,0.0513941,1.87749,0.532626
simd128_v4,simd,conv_simd128_v4,1024,1024,3,1234,7,0,97,11998906,68028,10855310,557526,77131132,41134135,1,3208,0.881978,0.00566952,7.22829,0.140738,0.0513597,1.87511,0.533301
simd128_v4,simd,conv_simd128_v4,1024,1024,3,1234,8,0,96,12015944,58522,10877695,559426,77350001,44722142,1,3211,0.756587,0.00487036,7.2324,0.14063,0.0514287,1.72957,0.578179
simd128_v4,simd,conv_simd128_v4,1024,1024,3,1234,9,0,96,12107021,57696,10957510,564601,77908319,43720383,2,3211,0.740563,0.0047655,7.24699,0.140646,0.0515264,1.78197,0.561177
simd128_v4,simd,conv_simd128_v4,1024,1024,3,1234,10,0,96,12017727,63247,10880653,559842,77377241,41157729,1,3209,0.817385,0.00526281,7.23523,0.140618,0.051453,1.88002,0.53191
simd128_v4,simd,conv_simd128_v4,1024,1024,3,1234,11,0,100,11864595,67366,10698006,551062,75822073,41818863,1,3208,0.888475,0.0056779,7.26783,0.141094,0.0515107,1.81311,0.551539
simd128_v4,simd,conv_simd128_v4,1024,1024,3,1234,12,0,96,12031021,64539,10891618,560132,77453442,41151199,1,3208,0.833262,0.00536438,7.23185,0.140621,0.0514278,1.88217,0.531302
simd128_v4,simd,conv_simd128_v4,1024,1024,3,1234,13,0,96,12022209,62130,10884088,559491,77394747,41966161,2,3206,0.802768,0.00516794,7.22906,0.140631,0.0514045,1.84422,0.542235
simd128_v4,simd,conv_simd128_v4,1024,1024,3,1234,14,0,96,12093476,61167,10947860,562916,77846216,42241787,2,3209,0.785741,0.00505785,7.23113,0.140634,0.0514179,1.84287,0.542631
simd128_v4,simd,conv_simd128_v4,1024,1024,3,1234,15,0,96,12017840,62611,10881146,559466,77379054,41005413,1,3208,0.809147,0.00520984,7.2302,0.140621,0.0514161,1.88704,0.529929
simd128_v4,simd,conv_simd128_v4,1024,1024,3,1234,16,0,97,11911530,64202,10783254,554948,76677830,40860038,1,3208,0.837295,0.0053899,7.2374,0.140631,0.0514639,1.8766,0.532879
simd128_v4,simd,conv_simd128_v4,1024,1024,3,1234,17,0,99,11908034,67294,10745546,551107,76190981,41174595,2,3207,0.883228,0.00565114,7.23323,0.141034,0.051287,1.85044,0.540413
simd128_v4,simd,conv_simd128_v4,1024,1024,3,1234,18,0,96,12125112,62921,10971126,566993,78001172,41780073,3,3209,0.806667,0.00518931,7.26903,0.140653,0.0516805,1.86695,0.535634
simd128_v4,simd,conv_simd128_v4,1024,1024,3,1234,19,0,100,11867722,62193,10699255,548463,75836718,42307564,1,3207,0.820091,0.00524052,7.23216,0.141083,0.0512618,1.79251,0.557877
simd128_v4,simd,conv_simd128_v4,1024,1024,3,1234,20,0,96,12037936,59556,10898659,560821,77503746,42067058,1,3209,0.768427,0.00494736,7.23605,0.140621,0.0514578,1.84239,0.542775
simd128_v4,simd,conv_simd128_v4,2048,2048,3,1234,1,0,98,46080017,232813,41892849,2166140,299076872,161802906,1,12428,0.778439,0.00505236,7.24275,0.140074,0.0517067,1.8484,0.541008
simd128_v4,simd,conv_simd128_v4,2048,2048,3,1234,2,0,100,45723154,233476,41527041,2143408,296209667,160523578,1,12429,0.788212,0.0051063,7.23612,0.140195,0.0516148,1.84527,0.541926
simd128_v4,simd,conv_simd128_v4,2048,2048,3,1234,3,0,99,45928208,236562,41757364,2161846,298108083,160687031,1,12430,0.793544,0.00515069,7.25189,0.140075,0.0517716,1.85521,0.539023
simd128_v4,simd,conv_simd128_v4,2048,2048,3,1234,4,0,98,46098902,231164,41912821,2171562,299220500,161571665,1,12426,0.772554,0.00501452,7.2574,0.140073,0.0518114,1.85194,0.539975
simd128_v4,simd,conv_simd128_v4,2048,2048,3,1234,5,0,99,45980090,227988,41793263,2163054,298344402,161288865,4,12430,0.764177,0.00495841,7.25019,0.140084,0.051756,1.84975,0.540613
simd128_v4,simd,conv_simd128_v4,2048,2048,3,1234,6,0,98,45983847,229072,41807520,2169756,298459387,160564511,1,12431,0.767515,0.00498158,7.26985,0.140078,0.0518987,1.85881,0.537978
simd128_v4,simd,conv_simd128_v4,2048,2048,3,1234,7,0,100,45716919,241245,41523291,2145687,296186927,160377706,1,12430,0.814503,0.00527693,7.24437,0.140193,0.0516743,1.84681,0.541475
simd128_v4,simd,conv_simd128_v4,2048,2048,3,1234,8,0,98,46086450,233466,41899932,2169172,299123393,161329726,1,12430,0.780501,0.00506583,7.25176,0.140076,0.0517703,1.85411,0.539342
simd128_v4,simd,conv_simd128_v4,2048,2048,3,1234,9,0,98,45959143,223104,41786130,2164596,298311006,161629141,2,12429,0.747891,0.0048544,7.25617,0.140076,0.0518018,1.84565,0.541814
simd128_v4,simd,conv_simd128_v4,2048,2048,3,1234,10,0,99,45765269,248133,41571346,2149928,296547797,160654217,2,12428,0.836739,0.00542186,7.24985,0.140184,0.0517166,1.84588,0.541748
simd128_v4,simd,conv_simd128_v4,2048,2048,3,1234,11,0,98,46047569,245927,41866551,2169058,298885184,161213883,2,12430,0.822814,0.00534072,7.25716,0.140076,0.0518089,1.85397,0.539384
simd128_v4,simd,conv_simd128_v4,2048,2048,3,1234,12,0,98,46048776,236974,41866612,2164615,298891720,161126218,1,12427,0.792842,0.00514615,7.24214,0.140073,0.0517027,1.85502,0.539079
simd128_v4,simd,conv_simd128_v4,2048,2048,3,1234,13,0,99,45880910,243999,41714513,2161103,297797827,160346196,1,12428,0.819344,0.00531809,7.25695,0.140077,0.051807,1.85722,0.53844
simd128_v4,simd,conv_simd128_v4,2048,2048,3,1234,14,0,100,45730903,232750,41532159,2144576,296239269,160004440,0,12431,0.785682,0.00508956,7.23934,0.140198,0.0516365,1.85144,0.540119
simd128_v4,simd,conv_simd128_v4,2048,2048,3,1234,15,0,98,46075677,230399,41889873,2172607,299048032,161521797,2,12432,0.770441,0.00500045,7.26508,0.140077,0.0518647,1.85144,0.54012
simd128_v4,simd,conv_simd128_v4,2048,2048,3,1234,16,0,98,46091195,232123,41905629,2168235,299168086,160693776,2,12427,0.775895,0.00503617,7.24755,0.140074,0.0517409,1.86173,0.537135
simd128_v4,simd,conv_simd128_v4,2048,2048,3,1234,17,0,99,45883260,237165,41715680,2158527,297807241,161048034,1,12431,0.796371,0.00516888,7.24807,0.140076,0.0517438,1.84918,0.540779
simd128_v4,simd,conv_simd128_v4,2048,2048,3,1234,18,0,99,45894955,225605,41724985,2158752,297871024,161169448,1,12431,0.757392,0.00491568,7.24727,0.140077,0.0517376,1.84819,0.541071
simd128_v4,simd,conv_simd128_v4,2048,2048,3,1234,19,0,98,46081794,231119,41897687,2166569,299104683,161541946,1,12429,0.772703,0.00501541,7.24351,0.140077,0.0517109,1.85156,0.540085
simd128_v4,simd,conv_simd128_v4,2048,2048,3,1234,20,0,99,45879285,231204,41713234,2158442,297796959,160768116,1,12427,0.776381,0.0050394,7.24803,0.140073,0.0517448,1.85234,0.539858
simd128_v4,simd,conv_simd128_v4,4096,4096,3,1234,1,0,99,181725750,1015763,165374978,8537904,1181659723,644582963,3,49302,0.859607,0.00558954,7.22535,0.139951,0.0516275,1.83322,0.545489
simd128_v4,simd,conv_simd128_v4,4096,4096,3,1234,2,0,99,181768495,1033186,165428342,8551116,1182089444,645495686,2,49302,0.874034,0.00568408,7.2339,0.139946,0.0516908,1.83129,0.546063
simd128_v4,simd,conv_simd128_v4,4096,4096,3,1234,3,0,99,181615014,1014024,165289301,8549693,1181087227,642212798,1,49301,0.858551,0.00558337,7.23883,0.139947,0.0517256,1.83909,0.543747
simd128_v4,simd,conv_simd128_v4,4096,4096,3,1234,4,0,99,181585077,980567,165262227,8545342,1180904856,642610253,1,49300,0.830352,0.00540004,7.23627,0.139945,0.0517078,1.83767,0.544168
simd128_v4,simd,conv_simd128_v4,4096,4096,3,1234,5,0,99,181795266,1046345,165451428,8546707,1182255013,643403135,1,49299,0.885042,0.00575562,7.22916,0.139946,0.0516569,1.8375,0.544217
simd128_v4,simd,conv_simd128_v4,4096,4096,3,1234,6,0,99,181786398,994409,165444431,8552127,1182198695,643169280,3,49301,0.841152,0.00547021,7.23409,0.139946,0.0516918,1.83808,0.544045
simd128_v4,simd,conv_simd128_v4,4096,4096,3,1234,7,0,99,181597687,999518,165273566,8538397,1180974075,642351741,3,49299,0.846351,0.00550402,7.22996,0.139947,0.0516622,1.83852,0.543917
simd128_v4,simd,conv_simd128_v4,4096,4096,3,1234,8,0,99,181721640,1048623,165384305,8544196,1181761476,643262006,2,49300,0.887339,0.00577049,7.23005,0.139947,0.0516627,1.83714,0.544325
simd128_v4,simd,conv_simd128_v4,4096,4096,3,1234,9,0,99,181577277,1066219,165254939,8536343,1180838987,643989505,2,49300,0.902933,0.00587198,7.22905,0.139947,0.0516556,1.83363,0.545366
simd128_v4,simd,conv_simd128_v4,4096,4096,3,1234,10,0,99,181507526,1018497,165155930,8535747,1179920022,643605246,2,49301,0.863192,0.00561132,7.23417,0.139972,0.051683,1.8333,0.545465
simd128_v4,simd,conv_simd128_v4,4096,4096,3,1234,11,0,100,181403804,1054969,165051628,8521041,1179113884,642664928,2,49302,0.894713,0.00581558,7.22665,0.139979,0.0516265,1.83473,0.545041
simd128_v4,simd,conv_simd128_v4,4096,4096,3,1234,12,0,99,181771559,1004912,165433557,8556314,1182115867,645527948,2,49301,0.850096,0.00552843,7.23813,0.139947,0.0517205,1.83124,0.546078
simd128_v4,simd,conv_simd128_v4,4096,4096,3,1234,13,0,99,181763526,1015420,165426079,8563052,1182083247,643557429,1,49303,0.859009,0.00558649,7.24403,0.139945,0.0517636,1.8368,0.544426
simd128_v4,simd,conv_simd128_v4,4096,4096,3,1234,14,0,99,181669187,1018890,165336823,8548401,1181424633,643672333,1,49301,0.862425,0.00560849,7.23567,0.139947,0.0517029,1.83544,0.544827
simd128_v4,simd,conv_simd128_v4,4096,4096,3,1234,15,0,99,181602406,1148728,165268227,8552265,1180935495,645817517,3,49300,0.972727,0.00632551,7.24194,0.139947,0.0517478,1.82859,0.546869
simd128_v4,simd,conv_simd128_v4,4096,4096,3,1234,16,0,99,181901500,1040912,165515546,8553938,1182755878,645478924,1,49300,0.880073,0.00572239,7.23221,0.139941,0.0516806,1.83237,0.545741
simd128_v4,simd,conv_simd128_v4,4096,4096,3,1234,17,0,99,181641743,1006479,165312819,8548206,1181261574,645145551,1,49301,0.852037,0.00554101,7.23651,0.139946,0.0517093,1.831,0.54615
simd128_v4,simd,conv_simd128_v4,4096,4096,3,1234,18,0,99,181783448,1014588,165441673,8553996,1182159119,644738430,3,49301,0.85825,0.0055813,7.23591,0.139949,0.051704,1.83355,0.545391
simd128_v4,simd,conv_simd128_v4,4096,4096,3,1234,19,0,99,181775497,1025090,165432078,8545715,1182107381,645224266,1,49302,0.867172,0.00563932,7.22922,0.139947,0.0516569,1.83209,0.545825
simd128_v4,simd,conv_simd128_v4,4096,4096,3,1234,20,0,99,181665285,1143250,165331186,8542719,1181389788,642082949,2,49302,0.967716,0.00629317,7.23108,0.139946,0.0516703,1.83993,0.543498
simd128_v4,simd,conv_simd128_v4,8192,8192,3,1234,1,0,99,725140192,4538787,660255163,34046173,4718515906,2564337571,3,196775,0.96191,0.00625919,7.21544,0.139929,0.0515652,1.84005,0.543463
simd128_v4,simd,conv_simd128_v4,8192,8192,3,1234,2,0,99,725229965,4823630,660360027,34068951,4719172512,2560120660,5,196774,1.02213,0.00665117,7.21926,0.139931,0.0515915,1.84334,0.542494
simd128_v4,simd,conv_simd128_v4,8192,8192,3,1234,3,0,99,725209206,4455427,660341097,34063547,4719062266,2563751120,9,196772,0.944134,0.00614364,7.21829,0.139931,0.0515848,1.84069,0.543276
simd128_v4,simd,conv_simd128_v4,8192,8192,3,1234,4,0,99,725095554,4492218,660233291,34050438,4718223103,2568247384,4,196773,0.9521,0.00619535,7.21679,0.139933,0.0515733,1.83714,0.544325
simd128_v4,simd,conv_simd128_v4,8192,8192,3,1234,5,0,99,725186727,4477101,660324796,34062092,4718978637,2560538683,6,196770,0.948744,0.00617372,7.21811,0.13993,0.0515838,1.84296,0.542604
simd128_v4,simd,conv_simd128_v4,8192,8192,3,1234,6,0,99,725219252,4502983,660354747,34083771,4719173609,2556724965,7,196775,0.954189,0.00620913,7.2224,0.13993,0.0516143,1.84579,0.541774
simd128_v4,simd,conv_simd128_v4,8192,8192,3,1234,7,0,99,725235018,4376792,660367413,34074895,4719245255,2564061654,2,196773,0.927435,0.006035,7.22041,0.139931,0.0515999,1.84054,0.54332
simd128_v4,simd,conv_simd128_v4,8192,8192,3,1234,8,0,99,725022665,4462933,660144155,34065830,4717489688,2565690070,6,196773,0.94604,0.00615558,7.22118,0.139935,0.0516036,1.83868,0.543868
simd128_v4,simd,conv_simd128_v4,8192,8192,3,1234,9,0,99,725202869,4518428,660342281,34049764,4719129023,2566762615,5,196773,0.957471,0.00623057,7.21526,0.139929,0.0515638,1.83855,0.543906
simd128_v4,simd,conv_simd128_v4,8192,8192,3,1234,10,0,99,725185941,4510450,660325401,34065415,4718973528,2559111766,4,196772,0.955812,0.00621972,7.21882,0.13993,0.0515888,1.84399,0.542303
simd128_v4,simd,conv_simd128_v4,8192,8192,3,1234,11,0,99,725177064,4387854,660315794,34058364,4718893586,2563133524,3,196773,0.929848,0.00605073,7.21745,0.13993,0.0515789,1.84106,0.543164
simd128_v4,simd,conv_simd128_v4,8192,8192,3,1234,12,0,99,725227821,4510618,660359643,34100991,4719168957,2575911795,4,196772,0.955808,0.00621959,7.22606,0.139931,0.05164,1.83204,0.54584
simd128_v4,simd,conv_simd128_v4,8192,8192,3,1234,13,0,99,724925157,4517878,660045499,34067882,4716670085,2573191790,7,196773,0.957853,0.0062322,7.22287,0.139939,0.0516144,1.833,0.545553
simd128_v4,simd,conv_simd128_v4,8192,8192,3,1234,14,0,99,725243680,4672875,660371494,34084156,4719272116,2568131587,6,196772,0.990169,0.00644318,7.22233,0.139931,0.0516136,1.83763,0.54418
simd128_v4,simd,conv_simd128_v4,8192,8192,3,1234,15,0,99,724995870,4407822,660151003,34041611,4717725652,2564574631,2,196775,0.934311,0.00607979,7.21568,0.13993,0.0515664,1.83957,0.543604
simd128_v4,simd,conv_simd128_v4,8192,8192,3,1234,16,0,99,725237256,4818831,660371575,34066274,4719311632,2561676953,6,196774,1.02109,0.00664449,7.21848,0.13993,0.0515865,1.84227,0.542807
simd128_v4,simd,conv_simd128_v4,8192,8192,3,1234,17,0,99,725270697,4354841,660398618,34069874,4719487033,2565292151,6,196773,0.922736,0.00600444,7.21898,0.13993,0.0515899,1.83975,0.543553
simd128_v4,simd,conv_simd128_v4,8192,8192,3,1234,18,0,99,725202193,4826795,660334818,34062411,4719066217,2566742387,4,196770,1.02283,0.00665579,7.21804,0.139929,0.0515835,1.83854,0.543909
simd128_v4,simd,conv_simd128_v4,8192,8192,3,1234,19,0,99,725267416,4424451,660387415,34070153,4719365329,2571373075,5,196771,0.93751,0.00610044,7.21922,0.139931,0.0515912,1.83535,0.544856
simd128_v4,simd,conv_simd128_v4,8192,8192,3,1234,20,0,99,725034501,4539311,660178369,34080394,4717874170,2562765180,3,196774,0.962152,0.00626082,7.22368,0.139931,0.051623,1.84093,0.543203
simd128_v4,simd,conv_simd128_v4,16384,16384,3,1234,1,0,100,2899437841,36584278,2641293076,136086190,18874268785,10235783386,17,786630,1.93831,0.0126177,7.21014,0.139941,0.0515226,1.84395,0.542314
simd128_v4,simd,conv_simd128_v4,16384,16384,3,1234,2,0,99,2899612600,37122453,2641440241,136151482,18875693307,10243892706,18,786628,1.96668,0.0128026,7.21306,0.139939,0.0515444,1.84263,0.542703
simd128_v4,simd,conv_simd128_v4,16384,16384,3,1234,3,0,99,2899790503,36206040,2641604338,136172032,18876898718,10227275167,14,786629,1.91801,0.0124857,7.21369,0.139938,0.051549,1.84574,0.541788
simd128_v4,simd,conv_simd128_v4,16384,16384,3,1234,4,0,99,2899714426,36686291,2641538570,136121806,18876482187,10250052986,18,786631,1.94349,0.0126517,7.21119,0.139938,0.0515313,1.8416,0.543007
simd128_v4,simd,conv_simd128_v4,16384,16384,3,1234,5,0,99,2899742697,36554514,2641562568,136108240,18876616938,10241785199,14,786631,1.9365,0.0126061,7.21041,0.139938,0.0515257,1.8431,0.542565
simd128_v4,simd,conv_simd128_v4,16384,16384,3,1234,6,0,99,2899594555,36605714,2641428892,136153560,18875739889,10236893187,15,786627,1.9393,0.0126244,7.21315,0.139938,0.0515454,1.84389,0.542331
simd128_v4,simd,conv_simd128_v4,16384,16384,3,1234,7,0,99,2899736514,36867507,2641550208,136065439,18876392807,10272577726,19,786628,1.9531,0.0127141,7.20823,0.139939,0.0515097,1.83755,0.544202
simd128_v4,simd,conv_simd128_v4,16384,16384,3,1234,8,0,99,2899696559,36385569,2641528878,136153449,18876390829,10234636109,15,786628,1.92757,0.0125481,7.2129,0.139938,0.0515434,1.84436,0.542192
simd128_v4,simd,conv_simd128_v4,16384,16384,3,1234,9,0,99,2899766509,36305711,2641591021,136111376,18876768565,10251325752,13,786630,1.9233,0.0125202,7.21052,0.139939,0.0515263,1.8414,0.543066
simd128_v4,simd,conv_simd128_v4,16384,16384,3,1234,10,0,99,2899580680,36427912,2641431289,136129542,18875831757,10233515871,14,786629,1.92987,0.0125632,7.21184,0.139937,0.0515363,1.84451,0.542149
simd128_v4,simd,conv_simd128_v4,16384,16384,3,1234,11,0,99,2899557144,37263848,2641401755,136056894,18875426574,10229383702,16,786631,1.9742,0.0128516,7.20815,0.139939,0.0515094,1.84522,0.541942
simd128_v4,simd,conv_simd128_v4,16384,16384,3,1234,12,0,99,2899604244,36636625,2641427472,136107087,18875577849,10258808328,17,786627,1.94095,0.012635,7.21075,0.139939,0.0515279,1.83994,0.543496
simd128_v4,simd,conv_simd128_v4,16384,16384,3,1234,13,0,99,2899594114,37010468,2641438088,136068206,18875870850,10249468346,17,786628,1.96073,0.012764,7.20858,0.139937,0.0515129,1.84164,0.542993
simd128_v4,simd,conv_simd128_v4,16384,16384,3,1234,14,0,99,2899537843,36816531,2641378596,136108306,18875264395,10246865960,19,786630,1.95052,0.0126974,7.21094,0.139939,0.0515293,1.84205,0.542873
simd128_v4,simd,conv_simd128_v4,16384,16384,3,1234,15,0,99,2899689356,36702600,2641510198,136072210,18876327728,10266421451,16,786628,1.94437,0.0126574,7.20862,0.139938,0.051513,1.83865,0.543878
simd128_v4,simd,conv_simd128_v4,16384,16384,3,1234,16,0,99,2899698586,37492325,2641518034,136115483,18876360826,10246359546,13,786629,1.98621,0.0129297,7.2109,0.139938,0.0515293,1.84225,0.542814
simd128_v4,simd,conv_simd128_v4,16384,16384,3,1234,17,0,99,2899643545,38225405,2643833232,136085223,18879246457,10236085031,15,786632,2.02473,0.0131828,7.20819,0.140039,0.0514727,1.84438,0.542187
simd128_v4,simd,conv_simd128_v4,16384,16384,3,1234,18,0,99,2899648922,36527062,2641472059,136123298,18876035826,10227497380,17,786629,1.9351,0.0125971,7.21143,0.139938,0.0515331,1.84562,0.541824
simd128_v4,simd,conv_simd128_v4,16384,16384,3,1234,19,0,99,2899435962,36607966,2641280959,136111147,18874697453,10245166009,16,786626,1.93953,0.0126259,7.2113,0.139938,0.0515322,1.8423,0.542799
simd128_v4,simd,conv_simd128_v4,16384,16384,3,1234,20,0,99,2899412242,36613819,2641254589,136142654,18874606946,10239081966,20,786626,1.93985,0.012628,7.21301,0.139937,0.0515447,1.84339,0.542479
simd256_v1,simd,conv_simd256_v1,64,64,3,1234,1,0,56,611942,17320,483136,17888,2767804,2471730,2,141,6.25767,0.0283033,6.46289,0.174556,0.0370248,1.11978,0.893029
simd256_v1,simd,conv_simd256_v1,64,64,3,1234,2,0,57,609766,17539,481531,17770,2754075,2405460,1,140,6.36838,0.0287635,6.45226,0.174843,0.0369031,1.14493,0.873418
simd256_v1,simd,conv_simd256_v1,64,64,3,1234,3,0,56,614233,16155,484267,18008,2775073,2597097,1,140,5.82147,0.0263011,6.4892,0.174506,0.0371861,1.06853,0.935866
simd256_v1,simd,conv_simd256_v1,64,64,3,1234,4,0,57,610034,15012,481886,17537,2754880,2424729,1,142,5.44924,0.0246085,6.36579,0.174921,0.0363924,1.13616,0.880158
simd256_v1,simd,conv_simd256_v1,64,64,3,1234,5,0,100,587256,16896,447519,16592,2549090,2383125,1,141,6.62825,0.0287711,6.50899,0.17556,0.0370755,1.06964,0.934892
simd256_v1,simd,conv_simd256_v1,64,64,3,1234,6,0,57,610066,17054,481461,17909,2753471,2424886,1,142,6.19364,0.0279544,6.50415,0.174856,0.0371972,1.13551,0.880665
simd256_v1,simd,conv_simd256_v1,64,64,3,1234,7,0,58,602697,16455,475871,17781,2720804,2422820,1,144,6.04784,0.0273023,6.5352,0.174901,0.0373652,1.12299,0.890479
simd256_v1,simd,conv_simd256_v1,64,64,3,1234,8,0,57,608035,17090,479659,17774,2746292,2427223,1,141,6.22294,0.0281069,6.472,0.174657,0.0370555,1.13145,0.883818
simd256_v1,simd,conv_simd256_v1,64,64,3,1234,9,0,58,604518,17483,477676,17307,2728190,2692928,1,144,6.40828,0.0289206,6.34377,0.175089,0.0362317,1.01309,0.987075
simd256_v1,simd,conv_simd256_v1,64,64,3,1234,10,0,59,589241,16685,464423,17198,2658928,2652963,1,140,6.27509,0.0283161,6.46802,0.174666,0.0370309,1.00225,0.997757
simd256_v1,simd,conv_simd256_v1,64,64,3,1234,11,0,58,602726,17423,475504,17473,2718616,2398653,1,144,6.40878,0.028907,6.42717,0.174907,0.0367463,1.13339,0.882307
simd256_v1,simd,conv_simd256_v1,64,64,3,1234,12,0,66,581386,15964,459124,17439,2608266,2763089,2,141,6.12054,0.0274585,6.68605,0.176027,0.0379832,0.943967,1.05936
simd256_v1,simd,conv_simd256_v1,64,64,3,1234,13,0,100,579046,16387,441703,14458,2512658,2110517,0,140,6.52178,0.0283,5.75407,0.175791,0.0327324,1.19054,0.839954
simd256_v1,simd,conv_simd256_v1,64,64,3,1234,14,0,56,616434,16451,486133,17902,2782852,2400799,1,144,5.91156,0.0266874,6.43297,0.174689,0.0368253,1.15914,0.862712
simd256_v1,simd,conv_simd256_v1,64,64,3,1234,15,0,56,615147,17395,485008,17880,2772826,2438834,1,144,6.27338,0.0282778,6.44829,0.174915,0.0368654,1.13695,0.879548
simd256_v1,simd,conv_simd256_v1,64,64,3,1234,16,0,68,598585,16769,468297,16544,2678142,2566365,1,142,6.26143,0.0280144,6.17742,0.174859,0.035328,1.04355,0.958263
simd256_v1,simd,conv_simd256_v1,64,64,3,1234,17,0,56,623745,15262,491416,18044,2817236,2500121,1,142,5.41737,0.0244683,6.40486,0.174432,0.0367184,1.12684,0.887438
simd256_v1,simd,conv_simd256_v1,64,64,3,1234,18,0,100,581663,14308,443146,16145,2525434,2292796,1,140,5.66556,0.0245984,6.39296,0.175473,0.0364327,1.10146,0.907882
simd256_v1,simd,conv_simd256_v1,64,64,3,1234,19,0,85,621264,15673,474749,15384,2705854,2268714,2,142,5.79226,0.0252276,5.68545,0.175453,0.0324045,1.19268,0.838447
simd256_v1,simd,conv_simd256_v1,64,64,3,1234,20,0,85,628075,15279,479455,13066,2736610,2034695,1,142,5.58319,0.0243267,4.77452,0.1752,0.0272518,1.34497,0.743509
simd256_v1,simd,conv_simd256_v1,128,128,3,1234,1,0,62,764457,13519,658871,21901,3984468,2659352,1,179,3.39292,0.0176844,5.49659,0.16536,0.0332402,1.49829,0.66743
simd256_v1,simd,conv_simd256_v1,128,128,3,1234,2,0,62,767615,13562,661430,24125,4000156,2776922,1,180,3.39037,0.0176677,6.03101,0.165351,0.036474,1.4405,0.694203
simd256_v1,simd,conv_simd256_v1,128,128,3,1234,3,0,57,827611,14579,712801,24614,4314935,3003898,1,179,3.37873,0.0176158,5.70437,0.165194,0.0345314,1.43645,0.696163
simd256_v1,simd,conv_simd256_v1,128,128,3,1234,4,0,63,753166,13598,648847,24123,3923956,2748319,1,177,3.46538,0.0180545,6.14762,0.165355,0.0371783,1.42777,0.700395
simd256_v1,simd,conv_simd256_v1,128,128,3,1234,5,0,63,755620,13530,650721,24450,3940202,2790483,1,178,3.43383,0.0179058,6.20527,0.165149,0.0375737,1.41201,0.708208
simd256_v1,simd,conv_simd256_v1,128,128,3,1234,6,0,62,774625,13705,666230,24650,4030685,2790792,1,179,3.40017,0.0176924,6.11559,0.16529,0.0369992,1.44428,0.692387
simd256_v1,simd,conv_simd256_v1,128,128,3,1234,7,0,63,751688,13340,647726,22390,3919684,2618558,1,178,3.40334,0.0177467,5.7122,0.16525,0.0345671,1.49689,0.668053
simd256_v1,simd,conv_simd256_v1,128,128,3,1234,8,0,93,743397,15094,609886,21522,3618295,2732513,1,179,4.17158,0.0203041,5.94811,0.168556,0.0352886,1.32416,0.755194
simd256_v1,simd,conv_simd256_v1,128,128,3,1234,9,0,61,776739,14481,669586,26900,4050804,3154643,1,177,3.57485,0.0186433,6.64066,0.165297,0.0401741,1.28408,0.77877
simd256_v1,simd,conv_simd256_v1,128,128,3,1234,10,0,57,837604,14822,721445,26097,4368194,3066903,1,179,3.39316,0.0176957,5.97432,0.165159,0.0361732,1.4243,0.702099
simd256_v1,simd,conv_simd256_v1,128,128,3,1234,11,0,64,739770,13290,637788,23977,3858667,2733292,1,179,3.44419,0.017965,6.2138,0.165287,0.037594,1.41173,0.708351
simd256_v1,simd,conv_simd256_v1,128,128,3,1234,12,0,93,742292,14822,607983,20894,3613419,2822366,2,179,4.10193,0.0199679,5.78234,0.168257,0.0343661,1.28028,0.781079
simd256_v1,simd,conv_simd256_v1,128,128,3,1234,13,0,71,747195,13645,636839,22562,3821166,2807265,2,178,3.5709,0.0182616,5.90448,0.166661,0.0354281,1.36117,0.734662
simd256_v1,simd,conv_simd256_v1,128,128,3,1234,14,0,62,760581,13487,655136,22687,3963217,2732987,1,178,3.40304,0.0177325,5.72439,0.165304,0.0346295,1.45014,0.689588
simd256_v1,simd,conv_simd256_v1,128,128,3,1234,15,0,61,776483,13961,668961,24365,4051926,2788050,1,177,3.44552,0.0179798,6.01319,0.165097,0.0364222,1.45332,0.68808
simd256_v1,simd,conv_simd256_v1,128,128,3,1234,16,0,64,743737,13667,639367,23545,3873181,2681783,1,180,3.52862,0.0183761,6.07898,0.165075,0.0368255,1.44426,0.692398
simd256_v1,simd,conv_simd256_v1,128,128,3,1234,17,0,61,784803,13896,674536,22848,4089347,2788702,1,181,3.3981,0.0177064,5.5872,0.16495,0.0338722,1.4664,0.681943
simd256_v1,simd,conv_simd256_v1,128,128,3,1234,18,0,100,715384,14165,583602,20769,3460849,2614135,1,179,4.09293,0.0198006,6.00113,0.16863,0.0355876,1.3239,0.755345
simd256_v1,simd,conv_simd256_v1,128,128,3,1234,19,0,63,760764,13644,653231,22451,3964337,2640181,1,180,3.44169,0.0179346,5.66324,0.164777,0.0343692,1.50154,0.665983
simd256_v1,simd,conv_simd256_v1,128,128,3,1234,20,0,64,745815,13488,642863,23947,3888821,2631271,1,178,3.4684,0.0180849,6.15791,0.165311,0.0372505,1.47792,0.676624
simd256_v1,simd,conv_simd256_v1,256,256,3,1234,1,0,86,1299234,16894,1215967,48975,7750246,4585095,2,328,2.1798,0.013003,6.31915,0.156894,0.0402766,1.69031,0.591606
simd256_v1,simd,conv_simd256_v1,256,256,3,1234,2,0,77,1287670,15134,1237791,50771,7963944,4467221,1,328,1.90031,0.011753,6.37511,0.155424,0.0410174,1.78275,0.560931
simd256_v1,simd,conv_simd256_v1,256,256,3,1234,3,0,78,1277392,13998,1228042,51415,7898010,4559275,1,328,1.77235,0.0109583,6.50987,0.155488,0.0418675,1.7323,0.577269
simd256_v1,simd,conv_simd256_v1,256,256,3,1234,4,0,77,1291311,15876,1239556,53720,7977948,4701822,1,325,1.98999,0.0122945,6.73356,0.155373,0.0433381,1.69678,0.589352
simd256_v1,simd,conv_simd256_v1,256,256,3,1234,5,0,100,1246320,16799,1140504,48045,7199166,4640497,1,329,2.33346,0.0134789,6.67369,0.158422,0.0421261,1.55138,0.644588
simd256_v1,simd,conv_simd256_v1,256,256,3,1234,6,0,78,1276865,14476,1227283,52544,7892603,4440861,1,325,1.83412,0.0113371,6.65737,0.155498,0.0428133,1.77727,0.562661
simd256_v1,simd,conv_simd256_v1,256,256,3,1234,7,0,78,1273377,14080,1224301,51387,7872199,4390478,1,326,1.78857,0.0110572,6.52766,0.155522,0.0419725,1.79302,0.557719
simd256_v1,simd,conv_simd256_v1,256,256,3,1234,8,0,78,1268468,14626,1220205,53256,7850240,4544371,1,326,1.86313,0.0115304,6.784,0.155435,0.0436451,1.72746,0.578883
simd256_v1,simd,conv_simd256_v1,256,256,3,1234,9,0,78,1281050,14425,1231466,54214,7921170,4740963,1,324,1.82107,0.0112603,6.84419,0.155465,0.044024,1.67079,0.598518
simd256_v1,simd,conv_simd256_v1,256,256,3,1234,10,0,75,1324384,16239,1273375,55944,8185954,4862928,1,327,1.98376,0.0122615,6.83415,0.155556,0.0439336,1.68334,0.594058
simd256_v1,simd,conv_simd256_v1,256,256,3,1234,11,0,100,1236722,17455,1133140,46717,7155603,4519159,1,325,2.43935,0.0141139,6.52873,0.158357,0.0412279,1.58339,0.631555
simd256_v1,simd,conv_simd256_v1,256,256,3,1234,12,0,77,1285427,14546,1236286,51885,7952596,4428857,1,327,1.82909,0.0113161,6.52428,0.155457,0.0419684,1.79563,0.556907
simd256_v1,simd,conv_simd256_v1,256,256,3,1234,13,0,78,1277943,14221,1228691,51366,7907446,4418625,1,324,1.79843,0.011128,6.4959,0.155384,0.0418055,1.78957,0.558793
simd256_v1,simd,conv_simd256_v1,256,256,3,1234,14,0,100,1240737,17119,1137533,46050,7173159,4342688,0,328,2.38654,0.0137974,6.41977,0.158582,0.0404823,1.65178,0.605408
simd256_v1,simd,conv_simd256_v1,256,256,3,1234,15,0,77,1292908,15373,1242386,51193,7996704,4505317,1,326,1.92242,0.0118903,6.40176,0.155362,0.0412054,1.77495,0.563397
simd256_v1,simd,conv_simd256_v1,256,256,3,1234,16,0,77,1298624,14497,1248763,51817,8030133,4477430,2,327,1.80533,0.0111634,6.45282,0.15551,0.0414947,1.79347,0.557579
simd256_v1,simd,conv_simd256_v1,256,256,3,1234,17,0,77,1363443,16001,1298433,53662,8305306,4927995,2,328,1.9266,0.0117357,6.46117,0.156338,0.0413283,1.68533,0.593355
simd256_v1,simd,conv_simd256_v1,256,256,3,1234,18,0,100,1247797,18674,1140975,48021,7201446,4853722,1,326,2.59309,0.0149656,6.66824,0.158437,0.0420877,1.4837,0.673993
simd256_v1,simd,conv_simd256_v1,256,256,3,1234,19,0,78,1283007,13385,1233301,54064,7926683,4537233,1,329,1.6886,0.0104325,6.82051,0.155589,0.0438368,1.74703,0.5724
simd256_v1,simd,conv_simd256_v1,256,256,3,1234,20,0,94,1266538,17918,1168234,47419,7401746,4414460,2,325,2.42078,0.0141472,6.40646,0.157832,0.0405903,1.6767,0.596408
simd256_v1,simd,conv_simd256_v1,512,512,3,1234,1,0,91,3360838,25869,3451303,153410,22893766,11546531,1,903,1.12996,0.00769719,6.70095,0.150753,0.0444499,1.98274,0.504353
simd256_v1,simd,conv_simd256_v1,512,512,3,1234,2,0,91,3361229,27288,3453129,153863,22902927,11610035,1,902,1.19146,0.00811846,6.71805,0.150772,0.0445576,1.97268,0.506924
simd256_v1,simd,conv_simd256_v1,512,512,3,1234,3,0,92,3332396,26337,3422564,152348,22703160,11640517,1,905,1.16006,0.00790332,6.71043,0.150753,0.0445128,1.95036,0.512727
simd256_v1,simd,conv_simd256_v1,512,512,3,1234,4,0,100,3304322,30143,3322837,145123,21869367,11379127,0,903,1.37832,0.00912229,6.6359,0.15194,0.0436744,1.92188,0.520323
simd256_v1,simd,conv_simd256_v1,512,512,3,1234,5,0,91,3369079,26745,3458834,155008,22941873,11608257,1,904,1.16577,0.00793837,6.75655,0.150765,0.0448151,1.97634,0.505986
simd256_v1,simd,conv_simd256_v1,512,512,3,1234,6,0,91,3341733,26116,3431445,153763,22762197,11588817,1,904,1.14734,0.00781511,6.75519,0.150752,0.04481,1.96415,0.509126
simd256_v1,simd,conv_simd256_v1,512,512,3,1234,7,0,100,3309617,29124,3326802,146783,21894097,11977378,1,904,1.33022,0.00879981,6.70423,0.15195,0.0441214,1.82795,0.54706
simd256_v1,simd,conv_simd256_v1,512,512,3,1234,8,0,91,3386470,27503,3472076,157626,23023663,11791487,2,903,1.19455,0.00812144,6.84626,0.150805,0.0453982,1.95257,0.512146
simd256_v1,simd,conv_simd256_v1,512,512,3,1234,9,0,100,3349225,30927,3349351,147329,22081447,11686102,1,906,1.40059,0.00923408,6.67207,0.151682,0.0439873,1.88955,0.529227
simd256_v1,simd,conv_simd256_v1,512,512,3,1234,10,0,90,3383583,27096,3475258,156696,23053348,11751837,1,903,1.17536,0.00800808,6.7971,0.150749,0.045089,1.96168,0.509767
simd256_v1,simd,conv_simd256_v1,512,512,3,1234,11,0,100,3306194,30265,3324036,148989,21881009,11676245,1,900,1.38316,0.00915403,6.80906,0.151914,0.0448217,1.87398,0.533625
simd256_v1,simd,conv_simd256_v1,512,512,3,1234,12,0,91,3369194,27320,3460471,156520,22955679,11750688,1,900,1.19012,0.00810876,6.81836,0.150746,0.0452308,1.95356,0.511886
simd256_v1,simd,conv_simd256_v1,512,512,3,1234,13,0,90,3377105,28119,3468157,156592,23006166,11785973,1,904,1.22224,0.00832636,6.80652,0.150749,0.0451514,1.952,0.512296
simd256_v1,simd,conv_simd256_v1,512,512,3,1234,14,0,89,3431082,27407,3523516,159358,23374144,12025045,2,902,1.17253,0.00798786,6.8177,0.150744,0.045227,1.94379,0.514459
simd256_v1,simd,conv_simd256_v1,512,512,3,1234,15,0,91,3365536,27082,3456144,156106,22919758,11666831,1,905,1.1816,0.00804686,6.81098,0.150793,0.0451677,1.96452,0.509029
simd256_v1,simd,conv_simd256_v1,512,512,3,1234,16,0,91,3386121,27355,3470857,157135,23016187,12029005,2,903,1.18851,0.00807857,6.82715,0.150801,0.0452727,1.91339,0.522632
simd256_v1,simd,conv_simd256_v1,512,512,3,1234,17,0,90,3377717,27707,3467952,158384,22999298,11818693,1,903,1.20469,0.00820288,6.88647,0.150785,0.0456708,1.94601,0.513872
simd256_v1,simd,conv_simd256_v1,512,512,3,1234,18,0,90,3393360,27520,3485115,157223,23115057,11937053,1,902,1.19057,0.00810996,6.80176,0.150773,0.0451127,1.93641,0.516419
simd256_v1,simd,conv_simd256_v1,512,512,3,1234,19,0,97,3344268,32858,3373143,151621,22234453,12103818,2,904,1.4778,0.00982517,6.81919,0.151708,0.0449495,1.83698,0.544372
simd256_v1,simd,conv_simd256_v1,512,512,3,1234,20,0,100,3308644,30548,3325821,148473,21889854,11808372,1,903,1.39553,0.00923279,6.78273,0.151934,0.0446425,1.85376,0.539445
simd256_v1,simd,conv_simd256_v1,1024,1024,3,1234,1,0,96,11688941,65931,12277616,558876,82241820,41245801,1,3207,0.801672,0.00564046,6.79552,0.149287,0.0455199,1.99394,0.501519
simd256_v1,simd,conv_simd256_v1,1024,1024,3,1234,2,0,96,11701566,57999,12294170,563065,82353305,42993925,1,3209,0.70427,0.00495652,6.83719,0.149286,0.0457994,1.91546,0.522067
simd256_v1,simd,conv_simd256_v1,1024,1024,3,1234,3,0,96,11800939,60264,12397269,564556,83041192,42964963,1,3212,0.725712,0.00510671,6.79851,0.149291,0.0455387,1.93277,0.517393
simd256_v1,simd,conv_simd256_v1,1024,1024,3,1234,4,0,95,11892160,64809,12491598,568166,83678322,43472445,2,3208,0.774502,0.00544972,6.78988,0.149281,0.0454839,1.92486,0.519519
simd256_v1,simd,conv_simd256_v1,1024,1024,3,1234,5,0,96,11763260,63014,12361236,562654,82809113,42259682,1,3208,0.760955,0.00535685,6.79459,0.149274,0.0455176,1.95953,0.510326
simd256_v1,simd,conv_simd256_v1,1024,1024,3,1234,6,0,97,11593372,64581,12180567,555745,81591402,41627464,1,3211,0.791517,0.00557051,6.81132,0.149287,0.0456255,1.96004,0.510194
simd256_v1,simd,conv_simd256_v1,1024,1024,3,1234,7,0,96,11741225,66694,12337534,560920,82648979,41514440,1,3208,0.806955,0.00568033,6.78677,0.149276,0.0454645,1.99085,0.502298
simd256_v1,simd,conv_simd256_v1,1024,1024,3,1234,8,0,96,11733540,62551,12328712,561113,82583032,41524154,2,3209,0.757432,0.00533096,6.79453,0.149289,0.0455127,1.9888,0.502817
simd256_v1,simd,conv_simd256_v1,1024,1024,3,1234,9,0,100,11566546,70484,12074772,547819,80701301,41139071,1,3209,0.873394,0.00609378,6.78823,0.149623,0.0453689,1.96167,0.50977
simd256_v1,simd,conv_simd256_v1,1024,1024,3,1234,10,0,100,11574039,63896,12079347,547413,80734861,41986458,1,3210,0.79143,0.00552063,6.78038,0.149617,0.0453181,1.92288,0.520054
simd256_v1,simd,conv_simd256_v1,1024,1024,3,1234,11,0,96,11761124,62343,12356633,562979,82775170,42217501,1,3206,0.753161,0.00530077,6.8013,0.149279,0.0455609,1.96068,0.510026
simd256_v1,simd,conv_simd256_v1,1024,1024,3,1234,12,0,99,11580185,66449,12093369,548917,80831948,41470313,2,3211,0.822064,0.00573816,6.79084,0.149611,0.0453899,1.94915,0.513044
simd256_v1,simd,conv_simd256_v1,1024,1024,3,1234,13,0,96,11765151,62875,12358449,561767,82779962,41916719,1,3211,0.759544,0.00534417,6.78627,0.149293,0.0454561,1.97487,0.506363
simd256_v1,simd,conv_simd256_v1,1024,1024,3,1234,14,0,100,11565739,67002,12074206,548945,80699547,40898057,1,3209,0.830265,0.00579314,6.80233,0.149619,0.0454643,1.97319,0.506794
simd256_v1,simd,conv_simd256_v1,1024,1024,3,1234,15,0,96,11734696,52385,12332476,561233,82613763,42272618,1,3209,0.634095,0.00446411,6.79346,0.149279,0.0455085,1.95431,0.51169
simd256_v1,simd,conv_simd256_v1,1024,1024,3,1234,16,0,96,11706401,59878,12301083,559835,82402167,43099978,1,3211,0.726656,0.00511498,6.79394,0.149281,0.045511,1.91188,0.523044
simd256_v1,simd,conv_simd256_v1,1024,1024,3,1234,17,0,96,11745929,63208,12340854,561405,82663846,41534877,1,3209,0.764639,0.00538127,6.79142,0.14929,0.0454916,1.99023,0.502455
simd256_v1,simd,conv_simd256_v1,1024,1024,3,1234,18,0,96,11701149,60893,12296829,559351,82374620,41511886,1,3209,0.73922,0.00520402,6.79033,0.149279,0.0454874,1.98436,0.50394
simd256_v1,simd,conv_simd256_v1,1024,1024,3,1234,19,0,97,11705373,66124,12268264,560405,82108391,41870696,2,3206,0.805326,0.00564903,6.82519,0.149415,0.0456792,1.961,0.509944
simd256_v1,simd,conv_simd256_v1,1024,1024,3,1234,20,0,96,11772272,62889,12363195,563528,82809963,41897940,2,3211,0.759438,0.00534213,6.80507,0.149296,0.0455811,1.97647,0.505953
simd256_v1,simd,conv_simd256_v1,2048,2048,3,1234,1,0,98,44860612,250597,47446475,2170118,318694046,162956075,2,12427,0.786325,0.00558613,6.80941,0.148878,0.0457382,1.95571,0.511325
simd256_v1,simd,conv_simd256_v1,2048,2048,3,1234,2,0,98,44900490,260762,47494208,2168253,319016082,163173528,1,12429,0.817395,0.00580755,6.79669,0.148877,0.045653,1.95507,0.51149
simd256_v1,simd,conv_simd256_v1,2048,2048,3,1234,3,0,98,44860885,253728,47451632,2166987,318731041,163128828,1,12429,0.796057,0.00565588,6.79879,0.148877,0.0456673,1.95386,0.511807
simd256_v1,simd,conv_simd256_v1,2048,2048,3,1234,4,0,98,44864120,253500,47454829,2165323,318747738,163030590,1,12428,0.7953,0.0056504,6.79322,0.148879,0.0456291,1.95514,0.511472
simd256_v1,simd,conv_simd256_v1,2048,2048,3,1234,5,0,98,44876080,254319,47470859,2167169,318858413,163521407,1,12429,0.797592,0.00566714,6.79665,0.148878,0.0456526,1.94995,0.512834
simd256_v1,simd,conv_simd256_v1,2048,2048,3,1234,6,0,98,44883615,251410,47474090,2166824,318877912,163145812,2,12429,0.788421,0.00560138,6.79515,0.148879,0.0456422,1.95456,0.511625
simd256_v1,simd,conv_simd256_v1,2048,2048,3,1234,7,0,99,44701462,239585,47282291,2157049,317594041,162089358,1,12431,0.754375,0.00535967,6.79184,0.148877,0.0456207,1.95938,0.510366
simd256_v1,simd,conv_simd256_v1,2048,2048,3,1234,8,0,98,44892455,255251,47485586,2165762,318959027,162902727,2,12430,0.800263,0.00568583,6.79009,0.148877,0.0456088,1.95797,0.510732
simd256_v1,simd,conv_simd256_v1,2048,2048,3,1234,9,0,99,44709225,245971,47289792,2161188,317639918,162481631,1,12431,0.774371,0.00550157,6.80389,0.148879,0.0457009,1.95493,0.511528
simd256_v1,simd,conv_simd256_v1,2048,2048,3,1234,10,0,99,44688670,257997,47269974,2157496,317510766,162254042,1,12428,0.812561,0.00577321,6.79503,0.148877,0.045642,1.95687,0.511019
simd256_v1,simd,conv_simd256_v1,2048,2048,3,1234,11,0,98,44880303,240268,47477724,2167751,318906921,163508588,1,12428,0.753411,0.00535353,6.79744,0.148876,0.0456583,1.9504,0.512716
simd256_v1,simd,conv_simd256_v1,2048,2048,3,1234,12,0,98,44864988,253823,47460240,2166205,318788232,162958988,1,12430,0.796212,0.00565749,6.79512,0.148877,0.0456425,1.95625,0.511183
simd256_v1,simd,conv_simd256_v1,2048,2048,3,1234,13,0,99,44694106,248532,47282122,2155961,317589712,162633965,1,12431,0.782557,0.00556073,6.78851,0.148878,0.0455978,1.95279,0.512088
simd256_v1,simd,conv_simd256_v1,2048,2048,3,1234,14,0,99,44685924,272758,47269209,2158704,317505373,162638315,1,12429,0.859066,0.00610389,6.79895,0.148877,0.0456683,1.95222,0.512238
simd256_v1,simd,conv_simd256_v1,2048,2048,3,1234,15,0,98,44853936,250000,47443049,2163241,318674649,163334542,1,12429,0.784499,0.00557365,6.78824,0.148876,0.0455966,1.95105,0.512543
simd256_v1,simd,conv_simd256_v1,2048,2048,3,1234,16,0,99,44551186,257776,47050864,2148812,315859961,162461034,2,12428,0.816109,0.00578606,6.80305,0.148961,0.04567,1.94422,0.514345
simd256_v1,simd,conv_simd256_v1,2048,2048,3,1234,17,0,99,44697434,252802,47280606,2160419,317585932,162501318,1,12430,0.796011,0.00565585,6.80263,0.148875,0.0456936,1.95436,0.511677
simd256_v1,simd,conv_simd256_v1,2048,2048,3,1234,18,0,99,44691743,262856,47237355,2160128,317207641,162568929,2,12431,0.828656,0.00588153,6.80982,0.148916,0.0457292,1.95122,0.5125
simd256_v1,simd,conv_simd256_v1,2048,2048,3,1234,19,0,98,44913889,244158,47510690,2169390,319126753,163265952,2,12429,0.765082,0.00543614,6.79789,0.148877,0.0456611,1.95464,0.511602
simd256_v1,simd,conv_simd256_v1,2048,2048,3,1234,20,0,98,44872201,259805,47466065,2166889,318829145,163225453,1,12430,0.814872,0.00578989,6.7964,0.148876,0.0456513,1.95331,0.511953
simd256_v1,simd,conv_simd256_v1,4096,4096,3,1234,1,0,99,177163108,1102480,187627378,8552672,1261105702,656483243,5,49299,0.874217,0.00622297,6.78188,0.14878,0.0455833,1.921,0.520562
simd256_v1,simd,conv_simd256_v1,4096,4096,3,1234,2,0,99,177052911,1113771,187557516,8546959,1260685166,654146935,2,49301,0.883465,0.00629061,6.77961,0.148774,0.0455698,1.92722,0.518882
simd256_v1,simd,conv_simd256_v1,4096,4096,3,1234,3,0,99,177057206,1137361,187558905,8544468,1260683909,652167325,2,49302,0.902178,0.00642369,6.77765,0.148776,0.0455562,1.93307,0.517312
simd256_v1,simd,conv_simd256_v1,4096,4096,3,1234,4,0,99,177060137,1108918,187560269,8554370,1260697620,654248413,1,49302,0.879607,0.00626295,6.78543,0.148775,0.0456086,1.92694,0.518957
simd256_v1,simd,conv_simd256_v1,4096,4096,3,1234,5,0,99,177064240,1117200,187564623,8554971,1260722677,652684098,3,49302,0.886158,0.00630957,6.78577,0.148775,0.0456108,1.9316,0.517706
simd256_v1,simd,conv_simd256_v1,4096,4096,3,1234,6,0,99,177054326,1057234,187559436,8553535,1260689874,651983336,2,49303,0.838615,0.00597124,6.78481,0.148775,0.0456044,1.93362,0.517164
simd256_v1,simd,conv_simd256_v1,4096,4096,3,1234,7,0,99,176859014,1092523,187354479,8538381,1259322465,652686319,1,49300,0.867548,0.00617737,6.78014,0.148774,0.0455734,1.92945,0.518284
simd256_v1,simd,conv_simd256_v1,4096,4096,3,1234,8,0,99,177075713,1167720,187581235,8554097,1260841688,651508743,1,49300,0.926143,0.00659447,6.78443,0.148775,0.0456021,1.93526,0.516725
simd256_v1,simd,conv_simd256_v1,4096,4096,3,1234,9,0,99,177023335,1091625,187521816,8548888,1260436903,653512911,2,49301,0.866069,0.00616656,6.78248,0.148775,0.0455888,1.92871,0.518481
simd256_v1,simd,conv_simd256_v1,4096,4096,3,1234,10,0,99,177082329,1184346,187579151,8553019,1260828612,651532092,2,49301,0.939339,0.00668811,6.78365,0.148775,0.0455969,1.93517,0.516749
simd256_v1,simd,conv_simd256_v1,4096,4096,3,1234,11,0,99,177065388,1096931,187571555,8547901,1260774100,652586232,2,49302,0.870046,0.00619506,6.77988,0.148775,0.0455714,1.93197,0.517608
simd256_v1,simd,conv_simd256_v1,4096,4096,3,1234,12,0,99,177023208,1093938,187527897,8542148,1260489232,651384173,3,49298,0.867868,0.00617963,6.77685,0.148774,0.0455513,1.93509,0.516771
simd256_v1,simd,conv_simd256_v1,4096,4096,3,1234,13,0,99,176835251,1134816,187327015,8545299,1259130392,652416234,1,49300,0.90127,0.00641736,6.78667,0.148775,0.045617,1.92995,0.518148
simd256_v1,simd,conv_simd256_v1,4096,4096,3,1234,14,0,99,177049543,1171102,187554231,8550191,1260659158,651466403,2,49300,0.92896,0.00661454,6.78232,0.148775,0.0455878,1.93511,0.516766
simd256_v1,simd,conv_simd256_v1,4096,4096,3,1234,15,0,99,177059234,1131955,187563878,8550881,1260718962,652770878,4,49301,0.897865,0.00639309,6.78254,0.148775,0.0455892,1.93133,0.517777
simd256_v1,simd,conv_simd256_v1,4096,4096,3,1234,16,0,99,177073692,1114401,187573194,8562843,1260780030,652380677,1,49303,0.883898,0.00629343,6.7917,0.148776,0.0456507,1.93258,0.517442
simd256_v1,simd,conv_simd256_v1,4096,4096,3,1234,17,0,99,177045956,1095367,187542971,8551224,1260575238,651739245,1,49303,0.868942,0.00618691,6.78359,0.148776,0.0455961,1.93417,0.517017
simd256_v1,simd,conv_simd256_v1,4096,4096,3,1234,18,0,99,176821502,1103747,187309616,8536322,1259011422,651136844,1,49300,0.876678,0.00624215,6.78018,0.148775,0.0455733,1.93356,0.517181
simd256_v1,simd,conv_simd256_v1,4096,4096,3,1234,19,0,99,177022325,1228966,187519409,8544242,1260423960,652874321,2,49303,0.975042,0.00694244,6.77886,0.148775,0.0455646,1.93058,0.51798
simd256_v1,simd,conv_simd256_v1,4096,4096,3,1234,20,0,99,177094764,1087580,187594852,8559645,1260918191,653609846,3,49301,0.86253,0.00614123,6.78842,0.148776,0.0456284,1.92916,0.51836
simd256_v1,simd,conv_simd256_v1,8192,8192,3,1234,1,0,99,706264858,5191413,748448117,34085156,5031431568,2589105498,4,196773,1.0318,0.00735052,6.77444,0.148755,0.0455411,1.94331,0.514586
simd256_v1,simd,conv_simd256_v1,8192,8192,3,1234,2,0,99,706140958,5214671,748334111,34054233,5030648111,2604355801,3,196773,1.03658,0.00738475,6.76935,0.148755,0.0455067,1.93163,0.517698
simd256_v1,simd,conv_simd256_v1,8192,8192,3,1234,3,0,99,706195046,5203453,748394187,34042432,5031065415,2606167005,5,196774,1.03426,0.00736829,6.76645,0.148755,0.0454873,1.93045,0.518015
simd256_v1,simd,conv_simd256_v1,8192,8192,3,1234,4,0,99,706108810,5171434,748304836,34057468,5030478744,2605115326,6,196776,1.02802,0.00732385,6.77022,0.148754,0.0455128,1.931,0.517866
simd256_v1,simd,conv_simd256_v1,8192,8192,3,1234,5,0,99,706355907,5160138,748561839,34065312,5032172011,2596452089,4,196772,1.02543,0.00730529,6.7695,0.148755,0.0455077,1.9381,0.51597
simd256_v1,simd,conv_simd256_v1,8192,8192,3,1234,6,0,99,706120905,5454547,748311536,34053981,5030482297,2597714819,6,196773,1.0843,0.00772466,6.76953,0.148755,0.0455078,1.9365,0.516395
simd256_v1,simd,conv_simd256_v1,8192,8192,3,1234,7,0,100,705937657,5386579,748042514,34032369,5028525635,2608339244,7,196773,1.0712,0.00763039,6.76786,0.14876,0.0454952,1.92786,0.518709
simd256_v1,simd,conv_simd256_v1,8192,8192,3,1234,8,0,99,706287291,5348012,748487193,34084979,5031669862,2603010801,6,196774,1.06287,0.00757201,6.77409,0.148755,0.0455385,1.93302,0.517325
simd256_v1,simd,conv_simd256_v1,8192,8192,3,1234,9,0,99,706104280,5367202,748293604,34068442,5030363621,2588703621,4,196774,1.06696,0.00760115,6.77256,0.148755,0.0455282,1.9432,0.514616
simd256_v1,simd,conv_simd256_v1,8192,8192,3,1234,10,0,99,706209839,5250100,748360298,34065976,5030730507,2603346759,6,196774,1.04361,0.00743419,6.77158,0.148758,0.0455208,1.93241,0.517489
simd256_v1,simd,conv_simd256_v1,8192,8192,3,1234,11,0,100,705983798,5145700,748079781,34066305,5028733325,2599920618,6,196773,1.02326,0.00728869,6.77433,0.148761,0.0455383,1.93419,0.517013
simd256_v1,simd,conv_simd256_v1,8192,8192,3,1234,12,0,99,706120956,5302058,748309676,34057165,5030494715,2616096144,6,196771,1.05398,0.00750871,6.77014,0.148755,0.0455121,1.9229,0.520047
simd256_v1,simd,conv_simd256_v1,8192,8192,3,1234,13,0,99,706182321,5337348,748376654,34071065,5030949347,2591378412,1,196774,1.0609,0.00755803,6.77229,0.148755,0.0455266,1.94142,0.515087
simd256_v1,simd,conv_simd256_v1,8192,8192,3,1234,14,0,99,706433178,5712563,748623587,34077932,5032554251,2599541044,6,196775,1.13512,0.00808649,6.7715,0.148756,0.0455208,1.93594,0.516545
simd256_v1,simd,conv_simd256_v1,8192,8192,3,1234,15,0,99,706398085,5653578,748600265,34086439,5032434415,2601193590,5,196775,1.12343,0.00800339,6.77335,0.148755,0.0455336,1.93466,0.516886
simd256_v1,simd,conv_simd256_v1,8192,8192,3,1234,16,0,99,706377640,5336167,748579245,34090341,5032285111,2596614375,4,196772,1.06039,0.00755427,6.77433,0.148755,0.0455401,1.93802,0.515991
simd256_v1,simd,conv_simd256_v1,8192,8192,3,1234,17,0,100,705982038,5386992,748074767,34052202,5028699365,2588476113,4,196775,1.07125,0.00763049,6.77157,0.148761,0.0455198,1.94273,0.514741
simd256_v1,simd,conv_simd256_v1,8192,8192,3,1234,18,0,99,706113844,5333376,748295560,34081086,5030385700,2605326258,5,196772,1.06023,0.00755314,6.77504,0.148755,0.045545,1.93081,0.517918
simd256_v1,simd,conv_simd256_v1,8192,8192,3,1234,19,0,99,706148532,5547834,748333903,34055337,5030615328,2599798169,6,196772,1.10281,0.00785647,6.76962,0.148756,0.0455082,1.935,0.516795
simd256_v1,simd,conv_simd256_v1,8192,8192,3,1234,20,0,99,706087080,5218899,748282065,34046400,5030321068,2603096360,7,196772,1.03749,0.0073913,6.76824,0.148754,0.0454994,1.93244,0.517481
simd256_v1,simd,conv_simd256_v1,16384,16384,3,1234,1,0,99,2824367291,37550631,2994196808,136066887,20128215222,10327612903,16,786630,1.86557,0.0132952,6.76001,0.148756,0.0454435,1.94897,0.513091
simd256_v1,simd,conv_simd256_v1,16384,16384,3,1234,2,0,99,2824129764,36697661,2993925929,136102233,20126525281,10313838864,16,786631,1.82335,0.0129943,6.76233,0.148755,0.0454595,1.95141,0.51245
simd256_v1,simd,conv_simd256_v1,16384,16384,3,1234,3,0,99,2823922307,37381135,2993690648,136094657,20124972135,10327362336,18,786627,1.85745,0.0132373,6.76248,0.148755,0.0454605,1.9487,0.513162
simd256_v1,simd,conv_simd256_v1,16384,16384,3,1234,4,0,99,2824215220,36275899,2993973854,136184102,20126701227,10340157162,17,786628,1.80238,0.0128446,6.76634,0.148756,0.0454861,1.94646,0.513753
simd256_v1,simd,conv_simd256_v1,16384,16384,3,1234,5,0,99,2824025961,36610698,2993776722,136098966,20125439247,10325270352,18,786629,1.81913,0.012964,6.76253,0.148756,0.0454606,1.94914,0.513046
simd256_v1,simd,conv_simd256_v1,16384,16384,3,1234,6,0,99,2823937562,36052142,2993655496,136103784,20124592700,10318946396,17,786629,1.79145,0.0127666,6.76306,0.148756,0.0454641,1.95026,0.512753
simd256_v1,simd,conv_simd256_v1,16384,16384,3,1234,7,0,99,2824266746,36406971,2994022264,136077591,20127087509,10349895126,23,786628,1.80885,0.0128908,6.76092,0.148756,0.0454498,1.94467,0.514227
simd256_v1,simd,conv_simd256_v1,16384,16384,3,1234,8,0,99,2824183700,36742966,2993958998,136074528,20126743445,10324918064,19,786629,1.82558,0.0130101,6.76088,0.148755,0.0454497,1.94934,0.512995
simd256_v1,simd,conv_simd256_v1,16384,16384,3,1234,9,0,99,2824031151,36071314,2993787602,136084048,20125528578,10312960820,18,786630,1.79232,0.012773,6.76176,0.148756,0.0454555,1.95148,0.512432
simd256_v1,simd,conv_simd256_v1,16384,16384,3,1234,10,0,99,2823829976,35966252,2993523079,136101198,20123676835,10313676865,17,786628,1.78726,0.0127367,6.76324,0.148756,0.0454652,1.95116,0.512515
simd256_v1,simd,conv_simd256_v1,16384,16384,3,1234,11,0,99,2824251198,35941431,2994022730,136148870,20127077563,10333646443,16,786629,1.78573,0.012726,6.76446,0.148756,0.0454736,1.94772,0.51342
simd256_v1,simd,conv_simd256_v1,16384,16384,3,1234,12,0,99,2823956420,36094143,2993725303,136114872,20125196603,10335632866,19,786630,1.79348,0.0127814,6.76341,0.148755,0.0454667,1.94717,0.513567
simd256_v1,simd,conv_simd256_v1,16384,16384,3,1234,13,0,99,2823963875,39586318,2993728381,136113878,20125152835,10335380355,15,786630,1.96701,0.014018,6.76337,0.148756,0.0454663,1.94721,0.513555
simd256_v1,simd,conv_simd256_v1,16384,16384,3,1234,14,0,99,2824249067,37171424,2994020224,136109769,20127059692,10318592831,17,786631,1.84684,0.0131615,6.76253,0.148756,0.0454605,1.95056,0.512673
simd256_v1,simd,conv_simd256_v1,16384,16384,3,1234,15,0,99,2823943625,35901739,2993738600,136090548,20125412778,10326048823,15,786629,1.7839,0.0127133,6.76212,0.148754,0.0454584,1.94899,0.513085
simd256_v1,simd,conv_simd256_v1,16384,16384,3,1234,16,0,99,2824186342,36036910,2993968342,136192920,20126770689,10320558933,15,786627,1.7905,0.0127601,6.76675,0.148756,0.0454891,1.95016,0.512778
simd256_v1,simd,conv_simd256_v1,16384,16384,3,1234,17,0,99,2823968388,36147986,2993731562,136071299,20125162586,10318053754,19,786630,1.79616,0.0128004,6.76125,0.148756,0.0454521,1.95048,0.512694
simd256_v1,simd,conv_simd256_v1,16384,16384,3,1234,18,0,99,2824019370,35905336,2993801307,136087008,20125727016,10316595603,18,786628,1.78405,0.0127143,6.76184,0.148755,0.0454563,1.95081,0.512607
simd256_v1,simd,conv_simd256_v1,16384,16384,3,1234,19,0,99,2823913822,36207579,2993683346,136090504,20124900170,10323075907,19,786629,1.79914,0.0128218,6.76229,0.148755,0.0454592,1.94951,0.51295
simd256_v1,simd,conv_simd256_v1,16384,16384,3,1234,20,0,99,2823880315,35976401,2993658799,136155199,20124798100,10338413193,13,786631,1.78767,0.0127401,6.76554,0.148755,0.0454812,1.9466,0.513715
simd256_v2,simd,conv_simd256_v2,64,64,3,1234,1,0,49,712536,20045,556490,20776,3211013,2987959,1,141,6.24258,0.0281319,6.47023,0.173307,0.037334,1.07465,0.930535
simd256_v2,simd,conv_simd256_v2,64,64,3,1234,2,0,100,585220,16829,443458,16679,2535313,2355226,1,142,6.63784,0.0287567,6.57867,0.174913,0.0376112,1.07646,0.928969
simd256_v2,simd,conv_simd256_v2,64,64,3,1234,3,0,56,639967,15305,497825,18090,2869596,2483301,1,144,5.3335,0.0239153,6.30402,0.173483,0.0363381,1.15556,0.865383
simd256_v2,simd,conv_simd256_v2,64,64,3,1234,4,0,66,520725,15018,407166,15157,2342109,1989085,1,142,6.41217,0.0288406,6.47152,0.173846,0.0372256,1.17748,0.849271
simd256_v2,simd,conv_simd256_v2,64,64,3,1234,5,0,58,591520,14540,463321,17006,2658984,2476574,1,142,5.46825,0.0245807,6.39568,0.174247,0.0367046,1.07365,0.931399
simd256_v2,simd,conv_simd256_v2,64,64,3,1234,6,0,63,598142,17005,468279,16918,2677106,2490889,1,144,6.35201,0.0284297,6.31951,0.17492,0.036128,1.07476,0.930441
simd256_v2,simd,conv_simd256_v2,64,64,3,1234,7,0,97,599021,16248,454046,16762,2595251,2429576,2,143,6.26067,0.0271243,6.45872,0.174953,0.036917,1.06819,0.936162
simd256_v2,simd,conv_simd256_v2,64,64,3,1234,8,0,56,613966,15296,481191,18065,2764003,2354435,1,140,5.534,0.0249134,6.53581,0.174092,0.0375423,1.17396,0.851821
simd256_v2,simd,conv_simd256_v2,64,64,3,1234,9,0,52,665733,18885,520914,19532,2996279,2935361,1,143,6.30282,0.0283672,6.51875,0.173854,0.0374956,1.02075,0.979669
simd256_v2,simd,conv_simd256_v2,64,64,3,1234,10,0,57,627540,17237,488012,18270,2812538,2650951,1,143,6.12863,0.0274676,6.49591,0.173513,0.0374376,1.06095,0.942548
simd256_v2,simd,conv_simd256_v2,64,64,3,1234,11,0,56,621802,18039,485922,18071,2799017,2471695,1,143,6.44476,0.0290108,6.4562,0.173605,0.0371891,1.13243,0.883058
simd256_v2,simd,conv_simd256_v2,64,64,3,1234,12,0,76,619973,16929,475221,17511,2719010,2488186,2,140,6.22616,0.027306,6.44021,0.174777,0.0368481,1.09277,0.915107
simd256_v2,simd,conv_simd256_v2,64,64,3,1234,13,0,55,616372,15422,483411,18257,2774305,2595670,1,139,5.55887,0.0250206,6.58075,0.174246,0.037767,1.06882,0.935611
simd256_v2,simd,conv_simd256_v2,64,64,3,1234,14,0,56,611598,14893,478616,17362,2751453,2471639,1,141,5.41278,0.024351,6.31012,0.17395,0.0362754,1.11321,0.898303
simd256_v2,simd,conv_simd256_v2,64,64,3,1234,15,0,53,658602,16445,515329,19524,2958966,2748137,1,142,5.55768,0.0249696,6.59825,0.174158,0.0378865,1.07672,0.928749
simd256_v2,simd,conv_simd256_v2,64,64,3,1234,16,0,57,612055,17341,478324,17843,2752659,2517492,1,143,6.29973,0.0283324,6.4821,0.173768,0.0373032,1.09341,0.914567
simd256_v2,simd,conv_simd256_v2,64,64,3,1234,17,0,50,680866,16942,534098,19801,3065870,2596260,1,142,5.526,0.024883,6.45853,0.174208,0.0370737,1.18088,0.846827
simd256_v2,simd,conv_simd256_v2,64,64,3,1234,18,0,52,656259,15433,513697,16223,2955026,2432760,1,142,5.22263,0.0235166,5.48997,0.173838,0.0315809,1.21468,0.823262
simd256_v2,simd,conv_simd256_v2,64,64,3,1234,19,0,88,610963,14993,463331,15015,2654030,2521734,2,141,5.64914,0.0245399,5.65743,0.174576,0.0324066,1.05246,0.950153
simd256_v2,simd,conv_simd256_v2,64,64,3,1234,20,0,56,619168,14503,483502,14522,2787014,2329660,1,142,5.20378,0.0234234,5.21059,0.173484,0.030035,1.19632,0.835898
simd256_v2,simd,conv_simd256_v2,128,128,3,1234,1,0,64,732645,13424,619980,24997,3799945,2724041,1,179,3.53268,0.0183227,6.57825,0.163155,0.040319,1.39497,0.716863
simd256_v2,simd,conv_simd256_v2,128,128,3,1234,2,0,63,738209,13536,624763,23840,3828754,2778546,1,179,3.53535,0.0183363,6.22657,0.163177,0.0381585,1.37797,0.725705
simd256_v2,simd,conv_simd256_v2,128,128,3,1234,3,0,63,746070,13794,631135,25445,3869307,2724170,1,181,3.56498,0.0184889,6.57611,0.163113,0.0403163,1.42036,0.704046
simd256_v2,simd,conv_simd256_v2,128,128,3,1234,4,0,58,807653,14389,684099,25378,4192449,2981236,1,180,3.43212,0.0178158,6.05326,0.163174,0.037097,1.40628,0.711097
simd256_v2,simd,conv_simd256_v2,128,128,3,1234,5,0,81,739889,15594,605809,24129,3658713,3028081,2,180,4.26215,0.0210761,6.59494,0.16558,0.0398294,1.20826,0.827636
simd256_v2,simd,conv_simd256_v2,128,128,3,1234,6,0,63,745093,13729,630149,24892,3859708,2876722,1,180,3.557,0.0184259,6.44919,0.163263,0.0395018,1.3417,0.745321
simd256_v2,simd,conv_simd256_v2,128,128,3,1234,7,0,63,743837,13503,629583,22332,3861372,2707661,1,178,3.49694,0.0181532,5.78344,0.163046,0.0354711,1.42609,0.701217
simd256_v2,simd,conv_simd256_v2,128,128,3,1234,8,0,61,769838,14902,651751,27409,3991883,3076040,1,179,3.73308,0.0193573,6.86618,0.163269,0.0420544,1.29773,0.770574
simd256_v2,simd,conv_simd256_v2,128,128,3,1234,9,0,100,703852,14282,566670,20693,3394994,2621421,1,177,4.20678,0.0202912,6.09515,0.166913,0.0365168,1.2951,0.772143
simd256_v2,simd,conv_simd256_v2,128,128,3,1234,10,0,62,755276,13639,638485,23262,3919255,2675178,1,178,3.48,0.0180583,5.93531,0.16291,0.0364331,1.46504,0.682573
simd256_v2,simd,conv_simd256_v2,128,128,3,1234,11,0,63,746961,13667,632014,24876,3872986,2710938,1,178,3.5288,0.0182968,6.42295,0.163185,0.0393599,1.42865,0.699961
simd256_v2,simd,conv_simd256_v2,128,128,3,1234,12,0,65,744277,13343,629422,23107,3834651,2723149,2,178,3.47959,0.0179275,6.02584,0.164141,0.0367115,1.40817,0.710143
simd256_v2,simd,conv_simd256_v2,128,128,3,1234,13,0,63,738564,13544,625277,24690,3831853,2731065,1,178,3.53458,0.0183383,6.44336,0.163179,0.0394865,1.40306,0.712727
simd256_v2,simd,conv_simd256_v2,128,128,3,1234,14,0,63,742479,13346,628040,24395,3854334,2696768,1,179,3.4626,0.0179749,6.32924,0.162944,0.0388431,1.42924,0.699672
simd256_v2,simd,conv_simd256_v2,128,128,3,1234,15,0,63,739235,13372,625853,22717,3834520,2620101,1,180,3.48727,0.018089,5.92434,0.163215,0.0362977,1.4635,0.683293
simd256_v2,simd,conv_simd256_v2,128,128,3,1234,16,0,59,785520,14216,664262,25605,4079810,2879087,1,179,3.48448,0.0180976,6.27603,0.162817,0.0385465,1.41705,0.705691
simd256_v2,simd,conv_simd256_v2,128,128,3,1234,17,0,100,704980,14660,567725,20641,3398336,2574183,1,177,4.31388,0.0207949,6.07385,0.16706,0.0363574,1.32016,0.757483
simd256_v2,simd,conv_simd256_v2,128,128,3,1234,18,0,62,752451,13781,636891,24747,3904024,2754500,1,177,3.52995,0.0183148,6.33884,0.163137,0.0388559,1.41733,0.705554
simd256_v2,simd,conv_simd256_v2,128,128,3,1234,19,0,59,792854,14187,670211,24453,4114707,2836053,1,179,3.44788,0.0178936,5.94283,0.162882,0.0364855,1.45086,0.689248
simd256_v2,simd,conv_simd256_v2,128,128,3,1234,20,0,63,735298,13421,622139,23882,3814258,2706445,1,176,3.51864,0.0182525,6.26124,0.163109,0.0383869,1.40932,0.70956
simd256_v2,simd,conv_simd256_v2,256,256,3,1234,1,0,100,1202692,16591,1076747,46593,6938720,4381856,1,325,2.39108,0.0137949,6.71493,0.155179,0.043272,1.58351,0.631508
simd256_v2,simd,conv_simd256_v2,256,256,3,1234,2,0,78,1242736,14599,1165046,51570,7674751,4395104,1,326,1.90221,0.0117475,6.71944,0.151802,0.0442643,1.7462,0.572671
simd256_v2,simd,conv_simd256_v2,256,256,3,1234,3,0,77,1240521,14170,1163245,51502,7670342,4350333,1,325,1.84738,0.0114226,6.71443,0.151655,0.0442744,1.76316,0.567163
simd256_v2,simd,conv_simd256_v2,256,256,3,1234,4,0,77,1236775,15247,1160847,52473,7653797,4499333,1,326,1.99208,0.012328,6.85581,0.151669,0.0452023,1.7011,0.587856
simd256_v2,simd,conv_simd256_v2,256,256,3,1234,5,0,77,1252178,13916,1174819,51755,7745184,4496931,1,324,1.79673,0.0111134,6.68222,0.151684,0.0440536,1.72233,0.58061
simd256_v2,simd,conv_simd256_v2,256,256,3,1234,6,0,76,1256747,14457,1178140,51599,7769548,4497125,1,327,1.86073,0.0115035,6.64118,0.151636,0.043797,1.72767,0.578814
simd256_v2,simd,conv_simd256_v2,256,256,3,1234,7,0,77,1256874,15051,1177295,51796,7763251,4469127,1,328,1.93875,0.0119749,6.67195,0.15165,0.0439958,1.73708,0.575677
simd256_v2,simd,conv_simd256_v2,256,256,3,1234,8,0,78,1237310,13815,1158799,51287,7642382,4587064,1,324,1.80768,0.0111654,6.71087,0.151628,0.0442588,1.66607,0.600214
simd256_v2,simd,conv_simd256_v2,256,256,3,1234,9,0,94,1229914,17334,1108670,47237,7168895,4480214,2,327,2.41795,0.0140937,6.58916,0.15465,0.0426069,1.60012,0.624952
simd256_v2,simd,conv_simd256_v2,256,256,3,1234,10,0,78,1240923,14544,1163509,52157,7665164,4491192,1,326,1.89742,0.0117203,6.80442,0.151792,0.0448273,1.70671,0.585922
simd256_v2,simd,conv_simd256_v2,256,256,3,1234,11,0,77,1249153,14403,1170085,52418,7710966,4519835,1,329,1.86786,0.0115302,6.79785,0.151743,0.0447985,1.70603,0.586157
simd256_v2,simd,conv_simd256_v2,256,256,3,1234,12,0,76,1263361,14918,1184795,53589,7803861,4696179,1,327,1.91162,0.0118082,6.86699,0.151822,0.0452306,1.66175,0.601776
simd256_v2,simd,conv_simd256_v2,256,256,3,1234,13,0,77,1243631,14382,1166108,52717,7687307,4484562,1,324,1.87088,0.0115645,6.85767,0.151693,0.0452076,1.71417,0.583372
simd256_v2,simd,conv_simd256_v2,256,256,3,1234,14,0,83,1236636,15408,1146519,50375,7495748,4553505,2,325,2.05557,0.0124596,6.72048,0.152956,0.0439373,1.64615,0.607478
simd256_v2,simd,conv_simd256_v2,256,256,3,1234,15,0,77,1249979,14625,1171522,52489,7719855,4450014,1,324,1.89447,0.0117002,6.79922,0.151754,0.0448041,1.73479,0.576438
simd256_v2,simd,conv_simd256_v2,256,256,3,1234,16,0,76,1262478,13923,1183602,52650,7797243,4670602,1,327,1.78563,0.0110283,6.75239,0.151798,0.0444829,1.66943,0.599007
simd256_v2,simd,conv_simd256_v2,256,256,3,1234,17,0,81,1280701,16968,1182093,52420,7717558,4811580,2,326,2.19862,0.013249,6.7923,0.153169,0.0443451,1.60396,0.623459
simd256_v2,simd,conv_simd256_v2,256,256,3,1234,18,0,77,1250301,14746,1171592,52714,7728542,4494207,1,327,1.90799,0.011794,6.82069,0.151593,0.0449935,1.71967,0.581508
simd256_v2,simd,conv_simd256_v2,256,256,3,1234,19,0,100,1209032,18047,1081949,47827,6966779,4505009,1,326,2.59044,0.0149268,6.86501,0.155301,0.0442045,1.54645,0.646642
simd256_v2,simd,conv_simd256_v2,256,256,3,1234,20,0,88,1245321,17632,1136245,49347,7387027,4506714,2,323,2.38689,0.0141586,6.68022,0.153816,0.0434299,1.63912,0.610085
simd256_v2,simd,conv_simd256_v2,512,512,3,1234,1,0,100,3160789,29190,3094629,146879,20977847,11396365,1,904,1.39147,0.00923504,7.00162,0.147519,0.0474626,1.84075,0.543257
simd256_v2,simd,conv_simd256_v2,512,512,3,1234,2,0,90,3215296,26045,3213884,154704,22003542,11369434,1,903,1.18367,0.00810034,7.03087,0.146062,0.0481361,1.93532,0.516709
simd256_v2,simd,conv_simd256_v2,512,512,3,1234,3,0,92,3168812,26235,3167745,151820,21683277,11139856,1,901,1.20992,0.00827913,7.00171,0.146092,0.0479268,1.94646,0.513753
simd256_v2,simd,conv_simd256_v2,512,512,3,1234,4,0,100,3159005,29446,3093041,145194,20970789,11211447,0,903,1.40414,0.00932129,6.92363,0.147493,0.0469422,1.87048,0.534622
simd256_v2,simd,conv_simd256_v2,512,512,3,1234,5,0,91,3215166,26889,3207436,156285,21954026,11437457,2,901,1.22479,0.00836318,7.11874,0.146098,0.0487258,1.91948,0.520973
simd256_v2,simd,conv_simd256_v2,512,512,3,1234,6,0,97,3208516,29986,3151421,149791,21413958,11406542,2,903,1.4003,0.00934575,6.99502,0.147167,0.0475313,1.87734,0.532669
simd256_v2,simd,conv_simd256_v2,512,512,3,1234,7,0,90,3215924,25973,3215634,155642,22013076,11456476,1,904,1.17989,0.00807637,7.07043,0.146078,0.0484017,1.92145,0.52044
simd256_v2,simd,conv_simd256_v2,512,512,3,1234,8,0,91,3208463,26372,3201742,154246,21913394,11634755,2,901,1.20346,0.00821951,7.03889,0.146109,0.0481756,1.88344,0.530943
simd256_v2,simd,conv_simd256_v2,512,512,3,1234,9,0,100,3159676,29361,3093663,144826,20972668,11123055,0,904,1.39996,0.00929241,6.90546,0.147509,0.0468138,1.88551,0.53036
simd256_v2,simd,conv_simd256_v2,512,512,3,1234,10,0,90,3256122,29067,3240849,157286,22175928,11670241,2,906,1.31075,0.00892688,7.09265,0.146143,0.0485323,1.90021,0.526257
simd256_v2,simd,conv_simd256_v2,512,512,3,1234,11,0,100,3172205,30684,3100342,150561,21022265,11639243,2,905,1.4596,0.00967277,7.16198,0.147479,0.0485627,1.80615,0.553663
simd256_v2,simd,conv_simd256_v2,512,512,3,1234,12,0,90,3214427,26692,3213756,156424,22000723,11379493,1,901,1.21323,0.00830381,7.10995,0.146075,0.0486733,1.93337,0.517233
simd256_v2,simd,conv_simd256_v2,512,512,3,1234,13,0,100,3162208,30387,3095624,149863,20982770,11670029,1,904,1.44819,0.00960942,7.14219,0.147532,0.0484112,1.798,0.556172
simd256_v2,simd,conv_simd256_v2,512,512,3,1234,14,0,90,3236396,25852,3235366,157433,22148261,11752410,2,902,1.16722,0.0079879,7.10814,0.146078,0.04866,1.88457,0.530625
simd256_v2,simd,conv_simd256_v2,512,512,3,1234,15,0,89,3266505,26692,3265998,160087,22355956,11808776,1,903,1.19395,0.00817142,7.16082,0.146091,0.0490163,1.89316,0.528216
simd256_v2,simd,conv_simd256_v2,512,512,3,1234,16,0,89,3254587,27235,3252410,158184,22267843,11808082,1,904,1.22306,0.00836819,7.1037,0.146059,0.0486359,1.88581,0.530275
simd256_v2,simd,conv_simd256_v2,512,512,3,1234,17,0,100,3163207,31018,3096361,148452,20988440,11601288,1,904,1.47786,0.00980587,7.07304,0.147527,0.047944,1.80915,0.552747
simd256_v2,simd,conv_simd256_v2,512,512,3,1234,18,0,91,3210733,28120,3209890,156428,21977523,11414274,1,901,1.27949,0.00875812,7.11764,0.146053,0.0487331,1.92544,0.519361
simd256_v2,simd,conv_simd256_v2,512,512,3,1234,19,0,90,3214988,27655,3213556,156292,22000683,11531129,1,904,1.25701,0.0086019,7.10396,0.146066,0.0486352,1.90794,0.524126
simd256_v2,simd,conv_simd256_v2,512,512,3,1234,20,0,100,3152148,29871,3087724,146068,20940287,11449050,0,900,1.42648,0.0094764,6.97545,0.147454,0.047306,1.829,0.546748
simd256_v2,simd,conv_simd256_v2,1024,1024,3,1234,1,0,96,11104185,61009,11351131,558283,78662136,40492837,2,3213,0.775583,0.00549423,7.09723,0.144302,0.049183,1.94262,0.514769
simd256_v2,simd,conv_simd256_v2,1024,1024,3,1234,2,0,96,11092911,58815,11342476,560552,78611807,41326260,1,3210,0.74817,0.00530203,7.13063,0.144285,0.0494206,1.90222,0.5257
simd256_v2,simd,conv_simd256_v2,1024,1024,3,1234,3,0,95,11196203,63297,11448033,564174,79341816,41836265,1,3210,0.797776,0.00565343,7.11068,0.144288,0.0492813,1.89648,0.527291
simd256_v2,simd,conv_simd256_v2,1024,1024,3,1234,4,0,96,11108038,62910,11358495,559971,78725140,40877319,1,3206,0.799109,0.00566347,7.11299,0.14428,0.0492998,1.92589,0.519241
simd256_v2,simd,conv_simd256_v2,1024,1024,3,1234,5,0,96,11097653,57548,11347669,560078,78647465,41603735,1,3208,0.731721,0.0051856,7.12137,0.144285,0.0493562,1.89039,0.52899
simd256_v2,simd,conv_simd256_v2,1024,1024,3,1234,6,0,96,11114291,56746,11364902,560159,78763881,42772824,1,3208,0.720457,0.00510568,7.11188,0.144291,0.0492885,1.84145,0.543051
simd256_v2,simd,conv_simd256_v2,1024,1024,3,1234,7,0,95,11245613,62965,11498806,567459,79694172,42077243,1,3208,0.790083,0.00559907,7.12046,0.144287,0.0493494,1.894,0.527984
simd256_v2,simd,conv_simd256_v2,1024,1024,3,1234,8,0,96,11110976,63624,11361158,560986,78736639,41056599,1,3209,0.808061,0.00572623,7.12484,0.144293,0.0493775,1.91776,0.521442
simd256_v2,simd,conv_simd256_v2,1024,1024,3,1234,9,0,96,11150941,62368,11401340,562186,79018357,41593917,1,3210,0.789285,0.00559307,7.11463,0.144287,0.0493088,1.89976,0.526383
simd256_v2,simd,conv_simd256_v2,1024,1024,3,1234,10,0,98,11051903,68531,11246505,554281,77781340,40601793,2,3211,0.881073,0.00620083,7.12614,0.144591,0.0492847,1.91571,0.521999
simd256_v2,simd,conv_simd256_v2,1024,1024,3,1234,11,0,96,11136890,63236,11385386,561846,78912296,41256559,1,3209,0.801345,0.00567807,7.11988,0.144279,0.049348,1.91272,0.522815
simd256_v2,simd,conv_simd256_v2,1024,1024,3,1234,12,0,96,11138927,62344,11384853,561383,78899889,43836698,2,3208,0.790166,0.00559695,7.11513,0.144295,0.0493096,1.79986,0.555599
simd256_v2,simd,conv_simd256_v2,1024,1024,3,1234,13,0,96,11124452,62733,11372178,562374,78818465,41821402,1,3206,0.795918,0.0056392,7.13505,0.144283,0.0494517,1.88464,0.530604
simd256_v2,simd,conv_simd256_v2,1024,1024,3,1234,14,0,96,11104382,63746,11350635,558945,78634537,41020899,1,3208,0.810662,0.00574062,7.10814,0.144347,0.0492435,1.91694,0.521665
simd256_v2,simd,conv_simd256_v2,1024,1024,3,1234,15,0,96,11136260,60946,11386605,564208,78915803,41192560,1,3208,0.772291,0.00547275,7.14949,0.144288,0.0495502,1.91578,0.521981
simd256_v2,simd,conv_simd256_v2,1024,1024,3,1234,16,0,96,11138111,62559,11386209,560864,78915816,41163784,1,3211,0.792731,0.00561666,7.10712,0.144283,0.0492582,1.91712,0.521616
simd256_v2,simd,conv_simd256_v2,1024,1024,3,1234,17,0,96,11138045,64589,11388157,562122,78924018,41498272,1,3211,0.818369,0.00579895,7.12232,0.144293,0.0493602,1.90186,0.5258
simd256_v2,simd,conv_simd256_v2,1024,1024,3,1234,18,0,97,11122797,63697,11359993,558767,78676078,40756088,1,3210,0.809611,0.00572671,7.10212,0.144389,0.0491873,1.93041,0.518024
simd256_v2,simd,conv_simd256_v2,1024,1024,3,1234,19,0,100,10983348,70657,11157676,547924,77106687,40332926,0,3210,0.916354,0.0064331,7.10605,0.144704,0.0491074,1.91176,0.523079
simd256_v2,simd,conv_simd256_v2,1024,1024,3,1234,20,0,96,11105391,58511,11355345,560611,78698403,41358250,1,3211,0.743484,0.0052687,7.12354,0.144289,0.0493698,1.90285,0.525528
simd256_v2,simd,conv_simd256_v2,2048,2048,3,1234,1,0,99,42408760,267610,43635777,2159886,303359798,160393630,3,12430,0.882154,0.00631025,7.11988,0.143842,0.0494981,1.89135,0.528724
simd256_v2,simd,conv_simd256_v2,2048,2048,3,1234,2,0,98,42478655,250467,43734788,2169498,304142576,160789872,1,12426,0.823518,0.0058963,7.13316,0.143797,0.0496058,1.89155,0.528666
simd256_v2,simd,conv_simd256_v2,2048,2048,3,1234,3,0,100,42181506,281384,43358739,2143729,301298312,159315136,2,12429,0.933905,0.00667079,7.11497,0.143906,0.0494417,1.89121,0.528762
simd256_v2,simd,conv_simd256_v2,2048,2048,3,1234,4,0,98,42509084,258112,43765418,2166794,304354224,159872348,1,12429,0.848064,0.00607193,7.11932,0.143798,0.0495093,1.90373,0.525284
simd256_v2,simd,conv_simd256_v2,2048,2048,3,1234,5,0,100,42189441,265067,43362636,2150778,301326250,159442399,1,12429,0.879668,0.00628278,7.13771,0.143906,0.0495998,1.88988,0.529135
simd256_v2,simd,conv_simd256_v2,2048,2048,3,1234,6,0,98,42504971,273864,43762890,2166392,304331823,160238434,1,12430,0.899886,0.00644311,7.11852,0.1438,0.0495029,1.89924,0.526525
simd256_v2,simd,conv_simd256_v2,2048,2048,3,1234,7,0,98,42489043,314660,43741181,2163688,304179826,161293268,1,12429,1.03445,0.00740567,7.11319,0.1438,0.0494657,1.88588,0.530256
simd256_v2,simd,conv_simd256_v2,2048,2048,3,1234,8,0,98,42504079,272857,43759106,2169314,304301745,160244185,2,12430,0.896666,0.00641955,7.12883,0.143802,0.049574,1.89899,0.526596
simd256_v2,simd,conv_simd256_v2,2048,2048,3,1234,9,0,98,42495672,275894,43754202,2168491,304275749,160423681,1,12429,0.906724,0.00649228,7.12673,0.143798,0.0495607,1.8967,0.527231
simd256_v2,simd,conv_simd256_v2,2048,2048,3,1234,10,0,98,42480303,271979,43735877,2171105,304145857,160770729,2,12427,0.894239,0.00640247,7.13837,0.143799,0.0496413,1.8918,0.528597
simd256_v2,simd,conv_simd256_v2,2048,2048,3,1234,11,0,98,42484941,253731,43739937,2165623,304166957,161350448,2,12431,0.834183,0.00597226,7.11985,0.143802,0.0495113,1.88513,0.530467
simd256_v2,simd,conv_simd256_v2,2048,2048,3,1234,12,0,98,42496417,277518,43753457,2167171,304268462,160154666,1,12429,0.912083,0.00653039,7.12256,0.143799,0.0495314,1.89984,0.52636
simd256_v2,simd,conv_simd256_v2,2048,2048,3,1234,13,0,99,42275521,262132,43466364,2151594,302098201,159722803,2,12426,0.867705,0.00620056,7.12217,0.143882,0.0495002,1.89139,0.528712
simd256_v2,simd,conv_simd256_v2,2048,2048,3,1234,14,0,98,42496459,263400,43751730,2170774,304258559,160627779,1,12428,0.865711,0.00619816,7.13464,0.143798,0.0496157,1.89418,0.527932
simd256_v2,simd,conv_simd256_v2,2048,2048,3,1234,15,0,98,42487594,300681,43743959,2164758,304202724,160409651,1,12430,0.988423,0.00707691,7.11617,0.143799,0.049487,1.89641,0.527312
simd256_v2,simd,conv_simd256_v2,2048,2048,3,1234,16,0,98,42520417,263573,43775392,2171129,304421618,160516952,1,12428,0.865816,0.00619874,7.13198,0.143799,0.049597,1.89651,0.527285
simd256_v2,simd,conv_simd256_v2,2048,2048,3,1234,17,0,98,42513981,284543,43768655,2177493,304372175,161132607,1,12426,0.934852,0.00669293,7.15405,0.1438,0.0497501,1.88895,0.529393
simd256_v2,simd,conv_simd256_v2,2048,2048,3,1234,18,0,99,42373787,250593,43572793,2159717,302849305,160436672,3,12431,0.827451,0.00591387,7.13133,0.143876,0.0495657,1.88766,0.529757
simd256_v2,simd,conv_simd256_v2,2048,2048,3,1234,19,0,99,42324782,249228,43574921,2161808,303030989,161518866,1,12431,0.822451,0.00588847,7.13395,0.143797,0.0496113,1.87613,0.533011
simd256_v2,simd,conv_simd256_v2,2048,2048,3,1234,20,0,99,42374396,255766,43627387,2161497,303387071,159843141,2,12430,0.843035,0.00603586,7.12455,0.143801,0.0495445,1.89803,0.526862
simd256_v2,simd,conv_simd256_v2,4096,4096,3,1234,1,0,99,167706766,1047450,172899768,8547008,1203308746,642159928,2,49302,0.870475,0.00624572,7.10292,0.143687,0.0494333,1.87385,0.533662
simd256_v2,simd,conv_simd256_v2,4096,4096,3,1234,2,0,99,167555831,1081029,172782881,8554636,1202560456,638738914,2,49301,0.898939,0.00645175,7.11368,0.143679,0.0495109,1.88271,0.531149
simd256_v2,simd,conv_simd256_v2,4096,4096,3,1234,3,0,99,167377230,1037322,172595817,8545178,1201229106,640129066,2,49301,0.863551,0.00619751,7.1137,0.143683,0.0495098,1.87654,0.532895
simd256_v2,simd,conv_simd256_v2,4096,4096,3,1234,4,0,99,167408578,1090358,172631340,8534625,1201488185,637360286,1,49303,0.907506,0.00651315,7.10338,0.143681,0.0494384,1.8851,0.530476
simd256_v2,simd,conv_simd256_v2,4096,4096,3,1234,5,0,100,167217921,1055563,172361197,8527915,1199379115,636165060,2,49301,0.880091,0.0063125,7.11027,0.143709,0.049477,1.88533,0.530412
simd256_v2,simd,conv_simd256_v2,4096,4096,3,1234,6,0,99,167402049,1103726,172621361,8547005,1201412086,639755858,4,49299,0.918691,0.00659326,7.11413,0.143682,0.049513,1.87792,0.532503
simd256_v2,simd,conv_simd256_v2,4096,4096,3,1234,7,0,99,167583290,1129879,172809417,8551652,1202717221,638267520,3,49300,0.939439,0.00674219,7.11028,0.143682,0.049486,1.88435,0.530688
simd256_v2,simd,conv_simd256_v2,4096,4096,3,1234,8,0,99,167547876,1058073,172773910,8546221,1202479445,638802479,1,49302,0.879909,0.00631505,7.10717,0.143681,0.0494648,1.8824,0.531238
simd256_v2,simd,conv_simd256_v2,4096,4096,3,1234,9,0,99,167369371,1029217,172588987,8551059,1201188275,640448022,1,49301,0.856832,0.00614937,7.11883,0.143682,0.0495458,1.87554,0.533179
simd256_v2,simd,conv_simd256_v2,4096,4096,3,1234,10,0,99,167400468,1016179,172616786,8532477,1201381191,639512336,2,49298,0.845842,0.00607035,7.10222,0.143682,0.0494302,1.87859,0.532314
simd256_v2,simd,conv_simd256_v2,4096,4096,3,1234,11,0,99,167429317,1029286,172640412,8541121,1201536656,639789164,3,49299,0.856641,0.00614759,7.1085,0.143683,0.0494735,1.87802,0.532476
simd256_v2,simd,conv_simd256_v2,4096,4096,3,1234,12,0,99,167517801,1050909,172729445,8544342,1202108071,640078361,3,49302,0.874222,0.00627342,7.1078,0.143689,0.0494666,1.87806,0.532463
simd256_v2,simd,conv_simd256_v2,4096,4096,3,1234,13,0,99,167593037,1033215,172817726,8557592,1202782298,639988763,3,49301,0.859021,0.00616502,7.11483,0.143682,0.049518,1.87938,0.53209
simd256_v2,simd,conv_simd256_v2,4096,4096,3,1234,14,0,99,167574883,1052499,172797057,8560329,1202633838,641332634,1,49300,0.875162,0.00628077,7.11798,0.143682,0.0495398,1.87521,0.533273
simd256_v2,simd,conv_simd256_v2,4096,4096,3,1234,15,0,99,167611622,1033503,172832806,8549191,1202867468,640820251,4,49301,0.859199,0.00616606,7.10734,0.143684,0.0494651,1.87707,0.532744
simd256_v2,simd,conv_simd256_v2,4096,4096,3,1234,16,0,99,167587486,1016094,172800165,8553135,1202612615,640507857,4,49300,0.844905,0.00606307,7.11213,0.143687,0.0494973,1.87759,0.532597
simd256_v2,simd,conv_simd256_v2,4096,4096,3,1234,17,0,99,167625674,1032338,172845586,8549642,1202962909,640677163,1,49303,0.858163,0.00615859,7.10715,0.143683,0.049464,1.87764,0.532583
simd256_v2,simd,conv_simd256_v2,4096,4096,3,1234,18,0,99,167369256,1028143,172527886,8531401,1200595094,639222959,2,49302,0.856361,0.00614296,7.10598,0.143702,0.0494494,1.87821,0.532422
simd256_v2,simd,conv_simd256_v2,4096,4096,3,1234,19,0,100,167238490,1036197,172377315,8524138,1199487874,638219989,1,49301,0.863866,0.00619592,7.10648,0.143709,0.0494505,1.87943,0.532077
simd256_v2,simd,conv_simd256_v2,4096,4096,3,1234,20,0,99,167609938,1041103,172827223,8549595,1202830539,645979351,2,49301,0.865544,0.00621146,7.1079,0.143684,0.049469,1.86203,0.537049
simd256_v2,simd,conv_simd256_v2,8192,8192,3,1234,1,0,99,668631761,4594681,689790313,34068684,4801353148,2564133790,5,196776,0.956955,0.00687177,7.09564,0.143666,0.0493899,1.8725,0.534044
simd256_v2,simd,conv_simd256_v2,8192,8192,3,1234,2,0,99,668589590,4593238,689767248,34078507,4801191655,2560439969,7,196772,0.956687,0.00687004,7.09793,0.143666,0.0494058,1.87514,0.533293
simd256_v2,simd,conv_simd256_v2,8192,8192,3,1234,3,0,99,668361619,4515278,689537445,34063517,4799652680,2544929287,5,196775,0.940751,0.00675574,7.09708,0.143664,0.0494005,1.88597,0.530232
simd256_v2,simd,conv_simd256_v2,8192,8192,3,1234,4,0,99,668592681,4572001,689775037,34065748,4801275042,2547421335,6,196771,0.952247,0.00683825,7.09515,0.143665,0.0493868,1.88476,0.530572
simd256_v2,simd,conv_simd256_v2,8192,8192,3,1234,5,0,99,668589624,4529568,689767516,34075261,4801196446,2560849964,5,196775,0.943425,0.00677481,7.09724,0.143666,0.0494011,1.87484,0.533377
simd256_v2,simd,conv_simd256_v2,8192,8192,3,1234,6,0,99,668564864,4542811,689750507,34056344,4801127315,2561100413,5,196773,0.946197,0.00679487,7.09341,0.143664,0.0493749,1.87463,0.533437
simd256_v2,simd,conv_simd256_v2,8192,8192,3,1234,7,0,99,668541166,4513626,689719248,34074838,4800894258,2548058596,6,196774,0.940164,0.00675146,7.0976,0.143665,0.0494039,1.88414,0.530747
simd256_v2,simd,conv_simd256_v2,8192,8192,3,1234,8,0,99,668593636,4575758,689773277,34050590,4801234411,2548159283,3,196774,0.953038,0.00684386,7.09205,0.143666,0.0493649,1.8842,0.53073
simd256_v2,simd,conv_simd256_v2,8192,8192,3,1234,9,0,99,668600985,4605362,689779264,34063261,4801283217,2551424974,6,196772,0.959194,0.00688806,7.09462,0.143666,0.0493828,1.8818,0.531405
simd256_v2,simd,conv_simd256_v2,8192,8192,3,1234,10,0,99,668547409,4545096,689729312,34060765,4800997584,2553574609,6,196775,0.946698,0.00679846,7.09452,0.143664,0.0493828,1.88011,0.531884
simd256_v2,simd,conv_simd256_v2,8192,8192,3,1234,11,0,99,668578636,4605730,689759194,34066137,4801143933,2558277369,4,196773,0.959298,0.00688884,7.09542,0.143666,0.0493884,1.87671,0.532847
simd256_v2,simd,conv_simd256_v2,8192,8192,3,1234,12,0,99,668352118,4529185,689534743,34060610,4799644488,2541530993,4,196773,0.94365,0.00677664,7.09649,0.143664,0.0493965,1.88849,0.529525
simd256_v2,simd,conv_simd256_v2,8192,8192,3,1234,13,0,100,668298034,4793621,689374360,34047950,4798189363,2559639997,5,196773,0.999048,0.00717288,7.096,0.143674,0.0493896,1.87456,0.53346
simd256_v2,simd,conv_simd256_v2,8192,8192,3,1234,14,0,99,668605742,4537885,689783551,34054433,4801314827,2553986042,5,196772,0.945134,0.00678709,7.09273,0.143666,0.0493697,1.87993,0.531935
simd256_v2,simd,conv_simd256_v2,8192,8192,3,1234,15,0,100,668210119,4574993,689302147,34039965,4797758925,2558000680,6,196775,0.953569,0.00684664,7.09497,0.143672,0.0493832,1.87559,0.533166
simd256_v2,simd,conv_simd256_v2,8192,8192,3,1234,16,0,99,668507832,4641727,689679767,34071888,4800609846,2553232699,4,196776,0.966904,0.00694341,7.09741,0.143665,0.0494025,1.88021,0.531856
simd256_v2,simd,conv_simd256_v2,8192,8192,3,1234,17,0,99,668570356,4670547,689749312,34083378,4801098845,2546250433,5,196771,0.972808,0.00698587,7.09908,0.143665,0.0494142,1.88556,0.530347
simd256_v2,simd,conv_simd256_v2,8192,8192,3,1234,18,0,99,668605216,4544303,689781019,34069096,4801303751,2553825170,8,196773,0.946473,0.00679669,7.0958,0.143665,0.0493912,1.88004,0.531902
simd256_v2,simd,conv_simd256_v2,8192,8192,3,1234,19,0,99,668231376,4560747,689321057,34041869,4797887359,2556656961,4,196773,0.950574,0.0068251,7.09518,0.143672,0.0493846,1.87663,0.532871
simd256_v2,simd,conv_simd256_v2,8192,8192,3,1234,20,0,99,668596347,4955987,689774262,34061425,4801260262,2557857206,7,196774,1.03223,0.00741252,7.09427,0.143665,0.0493805,1.87706,0.532747
simd256_v2,simd,conv_simd256_v2,16384,16384,3,1234,1,0,99,2673220199,33152759,2759093797,136171758,19204287828,10146337599,15,786630,1.72632,0.0124018,7.0907,0.143671,0.0493538,1.89273,0.528337
simd256_v2,simd,conv_simd256_v2,16384,16384,3,1234,2,0,99,2673013643,32573042,2758826852,136089926,19202432652,10160151819,14,786631,1.6963,0.0121859,7.08712,0.143671,0.0493289,1.88997,0.529108
simd256_v2,simd,conv_simd256_v2,16384,16384,3,1234,3,0,99,2673158214,32610450,2758979446,136110679,19203544241,10158092679,17,786628,1.69815,0.0121992,7.08779,0.14367,0.0493337,1.89047,0.52897
simd256_v2,simd,conv_simd256_v2,16384,16384,3,1234,4,0,99,2672969392,33497586,2758783708,136104103,19202196956,10143845316,15,786630,1.74447,0.012532,7.08794,0.14367,0.0493348,1.89299,0.528265
simd256_v2,simd,conv_simd256_v2,16384,16384,3,1234,5,0,99,2673233883,32801736,2759043932,136110757,19203908681,10159332667,17,786630,1.70808,0.0122704,7.08766,0.143671,0.0493326,1.89027,0.529024
simd256_v2,simd,conv_simd256_v2,16384,16384,3,1234,6,0,99,2674009221,32865382,2759022621,136077522,19202873900,10151040991,20,786631,1.71148,0.0122907,7.08631,0.143678,0.0493209,1.89171,0.528621
simd256_v2,simd,conv_simd256_v2,16384,16384,3,1234,7,0,99,2673121758,32333711,2758951625,136049258,19203426132,10146970058,16,786626,1.68375,0.0120959,7.08463,0.14367,0.0493119,1.89253,0.528394
simd256_v2,simd,conv_simd256_v2,16384,16384,3,1234,8,0,99,2672958825,32975307,2758775243,136108074,19202153639,10162845598,19,786628,1.71727,0.0123366,7.08817,0.14367,0.0493364,1.88945,0.529256
simd256_v2,simd,conv_simd256_v2,16384,16384,3,1234,9,0,100,2672848948,32859504,2758580456,136129755,19200475554,10174059568,16,786630,1.71139,0.0122938,7.08992,0.143673,0.0493478,1.8872,0.529886
simd256_v2,simd,conv_simd256_v2,16384,16384,3,1234,10,0,99,2673022220,34927942,2758845124,136063525,19202665261,10157034214,17,786629,1.81891,0.0130668,7.08566,0.14367,0.049319,1.89058,0.528939
simd256_v2,simd,conv_simd256_v2,16384,16384,3,1234,11,0,99,2672827258,32693070,2758663042,136170272,19201484327,10155308023,18,786630,1.70263,0.0122316,7.09165,0.143669,0.049361,1.89078,0.528881
simd256_v2,simd,conv_simd256_v2,16384,16384,3,1234,12,0,99,2673260985,32503101,2759079598,136151175,19204154225,10166240027,16,786631,1.6925,0.0121586,7.08967,0.143671,0.0493466,1.88901,0.529377
simd256_v2,simd,conv_simd256_v2,16384,16384,3,1234,13,0,99,2673124255,32882648,2758943694,136099631,19203339155,10154577471,19,786628,1.71234,0.0123012,7.08729,0.14367,0.0493303,1.8911,0.528792
simd256_v2,simd,conv_simd256_v2,16384,16384,3,1234,14,0,99,2673233357,32761830,2759038732,136127432,19203899206,10178992032,13,786629,1.706,0.0122555,7.08853,0.143671,0.0493387,1.88662,0.530048
simd256_v2,simd,conv_simd256_v2,16384,16384,3,1234,15,0,99,2673225038,32527116,2759031604,136118661,19203836228,10154587734,17,786630,1.69378,0.0121677,7.0881,0.143671,0.0493357,1.89115,0.528779
simd256_v2,simd,conv_simd256_v2,16384,16384,3,1234,16,0,99,2673323300,32680369,2759093171,136121507,19204404424,10145826308,17,786627,1.70171,0.0122246,7.08804,0.14367,0.0493356,1.89284,0.528307
simd256_v2,simd,conv_simd256_v2,16384,16384,3,1234,17,0,99,2673227199,32558219,2759034122,136168020,19203869616,10152202616,16,786630,1.6954,0.0121794,7.09066,0.143671,0.0493535,1.8916,0.528654
simd256_v2,simd,conv_simd256_v2,16384,16384,3,1234,18,0,99,2672850268,32761666,2758670038,136085366,19201540698,10152443975,20,786631,1.7062,0.0122572,7.08721,0.143669,0.0493301,1.89132,0.528731
simd256_v2,simd,conv_simd256_v2,16384,16384,3,1234,19,0,99,2672959919,32868269,2758787671,136262194,19202342079,10157510618,12,786630,1.71168,0.0122966,7.09612,0.143669,0.0493921,1.89046,0.528972
simd256_v2,simd,conv_simd256_v2,16384,16384,3,1234,20,0,99,2672922300,32386406,2758730364,136130295,19201882734,10162754748,20,786629,1.68663,0.0121165,7.08942,0.14367,0.0493453,1.88944,0.529258
simd256_v3,simd,conv_simd256_v3,64,64,3,1234,1,0,100,577943,16257,437587,14482,2494312,2142127,0,144,6.51763,0.0281291,5.80601,0.175434,0.0330951,1.16441,0.858805
simd256_v3,simd,conv_simd256_v3,64,64,3,1234,2,0,58,593897,15773,462107,17461,2658530,2365305,1,141,5.93298,0.0265585,6.56792,0.17382,0.0377856,1.12397,0.889704
simd256_v3,simd,conv_simd256_v3,64,64,3,1234,3,0,57,624612,16198,483705,18371,2788152,2458491,1,141,5.80958,0.0259329,6.58895,0.173486,0.0379798,1.13409,0.881764
simd256_v3,simd,conv_simd256_v3,64,64,3,1234,4,0,56,603638,17282,470577,17599,2706009,2403200,1,142,6.38653,0.0286297,6.50367,0.173901,0.0373988,1.126,0.888098
simd256_v3,simd,conv_simd256_v3,64,64,3,1234,5,0,70,587569,17022,455762,17293,2598400,2626611,2,142,6.55095,0.0289702,6.65525,0.175401,0.037943,0.98926,1.01086
simd256_v3,simd,conv_simd256_v3,64,64,3,1234,6,0,55,621404,17968,483558,18244,2785350,2572076,1,142,6.45089,0.0289152,6.54998,0.173608,0.0377287,1.08292,0.92343
simd256_v3,simd,conv_simd256_v3,64,64,3,1234,7,0,57,596713,17547,465761,17442,2673325,2352423,1,139,6.56374,0.0294061,6.52446,0.174225,0.0374484,1.13641,0.879961
simd256_v3,simd,conv_simd256_v3,64,64,3,1234,8,0,57,599508,16174,467659,17564,2684980,2453653,1,141,6.02388,0.0269788,6.54158,0.174176,0.0375573,1.09428,0.913844
simd256_v3,simd,conv_simd256_v3,64,64,3,1234,9,0,46,740898,21274,577694,21434,3315860,2924431,1,145,6.41583,0.0287138,6.46408,0.174221,0.0371027,1.13385,0.881952
simd256_v3,simd,conv_simd256_v3,64,64,3,1234,10,0,58,589818,15924,459731,17209,2639740,2548961,1,143,6.03241,0.0269982,6.5192,0.174158,0.0374328,1.03561,0.965611
simd256_v3,simd,conv_simd256_v3,64,64,3,1234,11,0,57,603449,16507,470578,17715,2702067,2470984,1,141,6.10903,0.0273544,6.55609,0.174155,0.0376452,1.09352,0.914479
simd256_v3,simd,conv_simd256_v3,64,64,3,1234,12,0,68,594016,16397,460992,17618,2632640,2536233,2,141,6.22835,0.0276036,6.69214,0.175106,0.0382176,1.03801,0.96338
simd256_v3,simd,conv_simd256_v3,64,64,3,1234,13,0,100,579561,16618,438425,14657,2499523,2263951,0,143,6.64847,0.0286734,5.86392,0.175403,0.033431,1.10405,0.905753
simd256_v3,simd,conv_simd256_v3,64,64,3,1234,14,0,57,594987,14918,464000,17462,2663281,2371366,1,142,5.60136,0.0250728,6.55657,0.174221,0.0376336,1.1231,0.890393
simd256_v3,simd,conv_simd256_v3,64,64,3,1234,15,0,63,593501,15255,462757,17859,2644154,2469262,2,144,5.76933,0.0257034,6.75415,0.175011,0.0385926,1.07083,0.933857
simd256_v3,simd,conv_simd256_v3,64,64,3,1234,16,0,55,621739,14550,485275,15163,2785743,2289821,1,142,5.22302,0.0234021,5.44307,0.174199,0.0312462,1.21658,0.821979
simd256_v3,simd,conv_simd256_v3,64,64,3,1234,17,0,59,573935,13890,448144,12727,2573048,2490615,1,142,5.39827,0.0242013,4.94627,0.174169,0.0283994,1.0331,0.967963
simd256_v3,simd,conv_simd256_v3,64,64,3,1234,18,0,99,584895,14172,441934,14479,2524921,2569513,2,142,5.61285,0.02423,5.73444,0.175029,0.0327628,0.982646,1.01766
simd256_v3,simd,conv_simd256_v3,64,64,3,1234,19,0,55,619978,14633,483570,14175,2773737,2311931,1,142,5.27555,0.0236025,5.11043,0.174339,0.0293132,1.19975,0.833508
simd256_v3,simd,conv_simd256_v3,64,64,3,1234,20,0,100,582160,13990,440192,13055,2512724,2197909,1,141,5.56766,0.0240312,5.19556,0.175185,0.0296575,1.14323,0.874712
simd256_v3,simd,conv_simd256_v3,128,128,3,1234,1,0,63,730107,13926,611542,24068,3752735,2675818,1,177,3.71089,0.0190739,6.41346,0.162959,0.0393563,1.40246,0.713031
simd256_v3,simd,conv_simd256_v3,128,128,3,1234,2,0,100,699828,15293,558294,22338,3342903,2742871,1,177,4.57477,0.0218525,6.68222,0.167009,0.0400112,1.21876,0.820506
simd256_v3,simd,conv_simd256_v3,128,128,3,1234,3,0,88,733746,17050,587881,22389,3539191,2726185,2,178,4.81749,0.0232369,6.32602,0.166106,0.0380842,1.29822,0.770285
simd256_v3,simd,conv_simd256_v3,128,128,3,1234,4,0,60,763675,14475,639242,25117,3920564,2803709,1,178,3.69207,0.0189544,6.40648,0.163048,0.0392918,1.39835,0.715129
simd256_v3,simd,conv_simd256_v3,128,128,3,1234,5,0,62,737164,14326,616301,23161,3784228,2721154,1,177,3.78571,0.0194339,6.1204,0.16286,0.0375807,1.39067,0.719078
simd256_v3,simd,conv_simd256_v3,128,128,3,1234,6,0,62,742512,14345,620980,23244,3810875,2811073,1,179,3.76423,0.0193196,6.09939,0.162949,0.0374312,1.35567,0.737645
simd256_v3,simd,conv_simd256_v3,128,128,3,1234,7,0,62,751767,14637,627943,23284,3858656,2817368,2,177,3.79329,0.0194701,6.03423,0.162736,0.0370798,1.3696,0.730142
simd256_v3,simd,conv_simd256_v3,128,128,3,1234,8,0,100,705239,16454,562264,23073,3369403,3014911,1,179,4.88336,0.0233311,6.8478,0.166873,0.0410359,1.11758,0.894791
simd256_v3,simd,conv_simd256_v3,128,128,3,1234,9,0,61,751937,14296,629076,24762,3860159,2697898,1,179,3.70347,0.0190122,6.41476,0.162966,0.0393625,1.4308,0.698909
simd256_v3,simd,conv_simd256_v3,128,128,3,1234,10,0,62,739802,14664,617932,25100,3797106,2692926,1,178,3.86189,0.0198215,6.6103,0.162738,0.0406194,1.41003,0.709205
simd256_v3,simd,conv_simd256_v3,128,128,3,1234,11,0,63,725849,14163,606965,24338,3725264,2718816,1,176,3.80188,0.0195123,6.53323,0.162932,0.0400979,1.37018,0.729832
simd256_v3,simd,conv_simd256_v3,128,128,3,1234,12,0,61,748293,14111,625740,23718,3841783,2789113,1,180,3.67303,0.0188576,6.1737,0.162877,0.0379039,1.37742,0.725994
simd256_v3,simd,conv_simd256_v3,128,128,3,1234,13,0,61,756010,14352,632698,24501,3880366,3009598,1,180,3.69862,0.0189839,6.3141,0.163051,0.0387246,1.28933,0.775596
simd256_v3,simd,conv_simd256_v3,128,128,3,1234,14,0,63,735033,14370,614614,24149,3774146,2844127,1,178,3.80748,0.0195501,6.39853,0.162848,0.0392913,1.327,0.753582
simd256_v3,simd,conv_simd256_v3,128,128,3,1234,15,0,100,703721,15083,561054,20782,3359021,2715818,1,179,4.4903,0.0214332,6.18692,0.167029,0.037041,1.23684,0.808515
simd256_v3,simd,conv_simd256_v3,128,128,3,1234,16,0,63,734179,14521,614257,23080,3767840,2592143,1,179,3.85393,0.0197786,6.12553,0.163026,0.0375738,1.45356,0.687965
simd256_v3,simd,conv_simd256_v3,128,128,3,1234,17,0,63,732300,14169,611313,24454,3754765,2672425,1,181,3.77361,0.0193486,6.51279,0.16281,0.0400024,1.405,0.711742
simd256_v3,simd,conv_simd256_v3,128,128,3,1234,18,0,54,851096,16412,711543,26801,4370987,3197474,1,179,3.75476,0.0192834,6.13157,0.162788,0.037666,1.36701,0.731522
simd256_v3,simd,conv_simd256_v3,128,128,3,1234,19,0,64,731981,14048,612682,23756,3746292,2740046,1,178,3.74984,0.0191918,6.3412,0.163544,0.0387738,1.36724,0.731402
simd256_v3,simd,conv_simd256_v3,128,128,3,1234,20,0,63,722907,13759,604813,24124,3716700,2678750,1,177,3.70194,0.0190329,6.4907,0.162728,0.0398867,1.38748,0.720733
simd256_v3,simd,conv_simd256_v3,256,256,3,1234,1,0,78,1198198,15089,1102298,52660,7305363,4485377,1,328,2.06547,0.0125931,7.2084,0.150889,0.0477729,1.62871,0.613984
simd256_v3,simd,conv_simd256_v3,256,256,3,1234,2,0,100,1182212,18748,1040624,46088,6720156,4548387,1,328,2.78982,0.0158584,6.85817,0.154851,0.0442888,1.47748,0.676828
simd256_v3,simd,conv_simd256_v3,256,256,3,1234,3,0,81,1212160,16976,1104657,49801,7271990,4313575,1,325,2.33444,0.0140048,6.84833,0.151906,0.0450828,1.68584,0.593177
simd256_v3,simd,conv_simd256_v3,256,256,3,1234,4,0,78,1200595,16476,1103843,52201,7316553,4414584,1,327,2.25188,0.0137232,7.13464,0.150869,0.0472902,1.65736,0.603369
simd256_v3,simd,conv_simd256_v3,256,256,3,1234,5,0,77,1210516,15343,1113643,51289,7385083,4399195,1,327,2.07757,0.0126748,6.94495,0.150796,0.0460552,1.67874,0.595687
simd256_v3,simd,conv_simd256_v3,256,256,3,1234,6,0,77,1210221,15905,1113364,53696,7379851,4528672,1,326,2.15519,0.0131422,7.27603,0.150865,0.0482286,1.62958,0.613654
simd256_v3,simd,conv_simd256_v3,256,256,3,1234,7,0,74,1259101,17586,1157026,56724,7670644,4761477,1,328,2.29264,0.0139671,7.39495,0.150838,0.0490257,1.61098,0.62074
simd256_v3,simd,conv_simd256_v3,256,256,3,1234,8,0,100,1179553,20492,1037794,47449,6705950,4620668,1,328,3.05579,0.0173727,7.07566,0.154757,0.045721,1.45129,0.68904
simd256_v3,simd,conv_simd256_v3,256,256,3,1234,9,0,78,1224528,16986,1120116,52613,7423052,4466108,1,329,2.28828,0.0138715,7.08779,0.150897,0.046971,1.66209,0.601654
simd256_v3,simd,conv_simd256_v3,256,256,3,1234,10,0,79,1183447,16282,1089146,52732,7219259,4339305,1,324,2.25536,0.0137581,7.30435,0.150867,0.0484159,1.66369,0.601073
simd256_v3,simd,conv_simd256_v3,256,256,3,1234,11,0,77,1215265,16733,1116968,52075,7401944,4511685,1,326,2.26062,0.013769,7.03531,0.150902,0.0466217,1.64062,0.609527
simd256_v3,simd,conv_simd256_v3,256,256,3,1234,12,0,84,1277524,18806,1143234,52073,7464260,4909609,1,324,2.51947,0.0147207,6.97631,0.153161,0.0455489,1.52034,0.657749
simd256_v3,simd,conv_simd256_v3,256,256,3,1234,13,0,74,1274263,16776,1166796,55577,7727688,4860785,1,325,2.1709,0.0131653,7.19193,0.150989,0.0476321,1.5898,0.629009
simd256_v3,simd,conv_simd256_v3,256,256,3,1234,14,0,77,1211477,17008,1114608,54298,7394225,4596620,1,323,2.30017,0.0140391,7.3433,0.15074,0.0487149,1.60862,0.62165
simd256_v3,simd,conv_simd256_v3,256,256,3,1234,15,0,75,1239381,16971,1139699,53293,7552602,4509332,1,327,2.24704,0.0136931,7.05624,0.150902,0.0467606,1.67488,0.597057
simd256_v3,simd,conv_simd256_v3,256,256,3,1234,16,0,78,1189934,16567,1094830,51459,7260636,4371819,1,324,2.28176,0.0139226,7.0874,0.15079,0.0470018,1.66078,0.602126
simd256_v3,simd,conv_simd256_v3,256,256,3,1234,17,0,74,1264215,18184,1162925,55778,7706793,4883164,1,326,2.35948,0.0143836,7.23751,0.150896,0.0479635,1.57824,0.633618
simd256_v3,simd,conv_simd256_v3,256,256,3,1234,18,0,82,1133155,14082,1042331,47947,6912443,4209641,1,326,2.0372,0.0124272,6.93633,0.150791,0.0459998,1.64205,0.608995
simd256_v3,simd,conv_simd256_v3,256,256,3,1234,19,0,78,1199940,16968,1104342,52583,7322032,4520925,1,323,2.31739,0.0141407,7.18148,0.150825,0.0476148,1.61959,0.617441
simd256_v3,simd,conv_simd256_v3,256,256,3,1234,20,0,77,1223972,16413,1124969,54275,7456657,4731542,1,327,2.20112,0.0134096,7.27873,0.150868,0.0482458,1.57595,0.634539
simd256_v3,simd,conv_simd256_v3,512,512,3,1234,1,0,90,3117954,34845,3049982,156765,21070848,11616576,1,903,1.65371,0.0111756,7.4399,0.144749,0.0513987,1.81386,0.55131
simd256_v3,simd,conv_simd256_v3,512,512,3,1234,2,0,92,3025824,33871,2959746,151661,20449701,11164063,1,904,1.65631,0.011194,7.41629,0.144733,0.0512412,1.83174,0.545928
simd256_v3,simd,conv_simd256_v3,512,512,3,1234,3,0,90,3100034,33681,3030446,155050,20936313,11538559,1,904,1.60874,0.0108647,7.40579,0.144746,0.0511641,1.81447,0.551127
simd256_v3,simd,conv_simd256_v3,512,512,3,1234,4,0,90,3098703,33466,3031379,154691,20944567,11561845,1,903,1.59784,0.0108,7.38573,0.144733,0.0510299,1.81152,0.552021
simd256_v3,simd,conv_simd256_v3,512,512,3,1234,5,0,91,3091163,33231,3017172,154335,20839270,11366842,2,906,1.59463,0.0107503,7.40597,0.144783,0.0511522,1.83334,0.545453
simd256_v3,simd,conv_simd256_v3,512,512,3,1234,6,0,93,3114442,36019,3016746,154648,20737813,11799575,2,902,1.73688,0.0115652,7.4573,0.145471,0.0512632,1.75751,0.568988
simd256_v3,simd,conv_simd256_v3,512,512,3,1234,7,0,100,3050476,36088,2922696,146118,19977296,11436099,1,903,1.80645,0.0118303,7.3142,0.146301,0.0499943,1.74686,0.572455
simd256_v3,simd,conv_simd256_v3,512,512,3,1234,8,0,93,3018050,34038,2952357,152361,20395396,11109904,1,902,1.66891,0.0112781,7.47036,0.144756,0.0516066,1.83579,0.544726
simd256_v3,simd,conv_simd256_v3,512,512,3,1234,9,0,90,3111250,33645,3042845,157766,21021686,11521786,1,903,1.60049,0.010814,7.50492,0.144748,0.0518482,1.82452,0.54809
simd256_v3,simd,conv_simd256_v3,512,512,3,1234,10,0,90,3116906,35352,3047774,156942,21056602,11787143,1,904,1.6789,0.011342,7.45334,0.144742,0.051494,1.7864,0.559784
simd256_v3,simd,conv_simd256_v3,512,512,3,1234,11,0,90,3100218,34789,3031668,156282,20941930,11548736,1,904,1.66121,0.0112215,7.46264,0.144765,0.0515498,1.81335,0.551465
simd256_v3,simd,conv_simd256_v3,512,512,3,1234,12,0,89,3137968,34479,3069216,159215,21210450,11819043,1,902,1.62557,0.0109877,7.50644,0.144703,0.0518748,1.7946,0.557227
simd256_v3,simd,conv_simd256_v3,512,512,3,1234,13,0,91,3092280,33150,3023334,155870,20886156,11702294,1,903,1.58718,0.0107202,7.46284,0.144753,0.0515557,1.78479,0.56029
simd256_v3,simd,conv_simd256_v3,512,512,3,1234,14,0,90,3118273,35310,3050334,157369,21073754,11641841,1,902,1.67554,0.0113236,7.46754,0.144746,0.0515907,1.81017,0.552433
simd256_v3,simd,conv_simd256_v3,512,512,3,1234,15,0,90,3093744,35401,3025860,156273,20907412,11485434,1,904,1.69323,0.0114428,7.47453,0.144727,0.0516458,1.82034,0.549347
simd256_v3,simd,conv_simd256_v3,512,512,3,1234,16,0,89,3141620,35229,3071622,158562,21219937,11884582,2,903,1.66018,0.0112136,7.47231,0.144752,0.0516216,1.7855,0.560067
simd256_v3,simd,conv_simd256_v3,512,512,3,1234,17,0,90,3098261,32526,3030449,156597,20931843,11578437,1,904,1.5539,0.0104981,7.48128,0.144777,0.0516745,1.80783,0.553149
simd256_v3,simd,conv_simd256_v3,512,512,3,1234,18,0,98,3073445,39122,2949646,149770,20163737,11702963,2,905,1.94022,0.012729,7.42769,0.146285,0.0507756,1.72296,0.580397
simd256_v3,simd,conv_simd256_v3,512,512,3,1234,19,0,100,3046808,38670,2920504,146395,19961172,11123937,0,904,1.93726,0.012692,7.33399,0.146309,0.0501266,1.79443,0.557279
simd256_v3,simd,conv_simd256_v3,512,512,3,1234,20,0,90,3097288,36446,3029462,156295,20928429,11574656,1,904,1.74146,0.0117671,7.46807,0.144753,0.0515917,1.80813,0.553059
simd256_v3,simd,conv_simd256_v3,1024,1024,3,1234,1,0,96,10641782,97982,10636859,560126,74494207,40630138,1,3209,1.3153,0.00920729,7.51905,0.142788,0.052659,1.83347,0.545413
simd256_v3,simd,conv_simd256_v3,1024,1024,3,1234,2,0,96,10654556,90414,10649056,563116,74576337,42124306,2,3208,1.21237,0.00848595,7.55087,0.142794,0.0528794,1.77039,0.564848
simd256_v3,simd,conv_simd256_v3,1024,1024,3,1234,3,0,96,10655770,95891,10652223,560149,74604684,40913530,2,3209,1.28532,0.00899897,7.50823,0.142782,0.0525852,1.82347,0.548404
simd256_v3,simd,conv_simd256_v3,1024,1024,3,1234,4,0,96,10698987,92201,10699271,566327,74933825,42488172,1,3209,1.23043,0.00861773,7.5577,0.142783,0.0529314,1.76364,0.567009
simd256_v3,simd,conv_simd256_v3,1024,1024,3,1234,5,0,96,10664977,93253,10662791,561651,74680199,41332078,1,3210,1.2487,0.00874385,7.52075,0.142779,0.0526739,1.80683,0.553454
simd256_v3,simd,conv_simd256_v3,1024,1024,3,1234,6,0,96,10687710,92541,10685730,562371,74836017,41261285,1,3208,1.23658,0.00865864,7.51471,0.142789,0.0526282,1.81371,0.551356
simd256_v3,simd,conv_simd256_v3,1024,1024,3,1234,7,0,96,10632968,95436,10631096,558128,74455923,40801998,1,3208,1.28178,0.00897548,7.49609,0.142784,0.0524996,1.82481,0.548002
simd256_v3,simd,conv_simd256_v3,1024,1024,3,1234,8,0,95,10749767,91970,10744385,565154,75251948,42234713,1,3210,1.22216,0.00855553,7.51016,0.142779,0.0525999,1.78176,0.561244
simd256_v3,simd,conv_simd256_v3,1024,1024,3,1234,9,0,96,10656505,96054,10654958,561926,74628660,41260285,1,3209,1.28709,0.00901365,7.52963,0.142773,0.0527385,1.80873,0.552875
simd256_v3,simd,conv_simd256_v3,1024,1024,3,1234,10,0,96,10678416,90956,10675273,561245,74764091,41936742,1,3210,1.21657,0.00851774,7.50688,0.142786,0.0525743,1.78278,0.560921
simd256_v3,simd,conv_simd256_v3,1024,1024,3,1234,11,0,96,10658503,92731,10656012,560883,74631390,40777604,1,3209,1.24252,0.00870019,7.51538,0.142782,0.0526354,1.83021,0.546387
simd256_v3,simd,conv_simd256_v3,1024,1024,3,1234,12,0,96,10624973,86815,10624260,561902,74411311,41825038,1,3210,1.16669,0.00817084,7.5513,0.142777,0.0528886,1.77911,0.562079
simd256_v3,simd,conv_simd256_v3,1024,1024,3,1234,13,0,96,10653294,94039,10651210,561408,74599181,41055016,1,3207,1.26059,0.00882722,7.52566,0.142779,0.0527084,1.81705,0.550341
simd256_v3,simd,conv_simd256_v3,1024,1024,3,1234,14,0,96,10707402,91408,10703260,563500,74960903,41573082,2,3207,1.21941,0.0085369,7.51725,0.142785,0.0526475,1.80311,0.554597
simd256_v3,simd,conv_simd256_v3,1024,1024,3,1234,15,0,96,10692601,93316,10690111,563024,74870831,41392550,1,3209,1.24636,0.00872716,7.51994,0.142781,0.0526677,1.8088,0.552853
simd256_v3,simd,conv_simd256_v3,1024,1024,3,1234,16,0,97,10661024,94052,10633235,558243,74375369,40931158,2,3206,1.26456,0.00882204,7.50575,0.142967,0.0524998,1.81708,0.550332
simd256_v3,simd,conv_simd256_v3,1024,1024,3,1234,17,0,96,10643291,90607,10640181,558418,74520957,40697042,1,3210,1.21586,0.00851306,7.49344,0.142781,0.052482,1.83111,0.546115
simd256_v3,simd,conv_simd256_v3,1024,1024,3,1234,18,0,96,10643972,91261,10642072,559901,74527746,40510360,2,3210,1.22452,0.00857396,7.51265,0.142793,0.052612,1.83972,0.543561
simd256_v3,simd,conv_simd256_v3,1024,1024,3,1234,19,0,98,10635864,95525,10594462,555447,74064051,42409036,1,3208,1.28976,0.0089814,7.49955,0.143045,0.0524281,1.74642,0.572599
simd256_v3,simd,conv_simd256_v3,1024,1024,3,1234,20,0,96,10681719,91778,10677557,561681,74778499,41810800,1,3211,1.22733,0.00859206,7.51126,0.142789,0.0526039,1.7885,0.559129
simd256_v3,simd,conv_simd256_v3,2048,2048,3,1234,1,0,98,40814736,386535,41074390,2172352,288757076,160590648,2,12432,1.33862,0.00947048,7.52311,0.142245,0.0528882,1.79809,0.556144
simd256_v3,simd,conv_simd256_v3,2048,2048,3,1234,2,0,98,40708944,400765,40971916,2169797,288043855,160107080,2,12428,1.39133,0.00984464,7.53287,0.142242,0.0529582,1.79907,0.555843
simd256_v3,simd,conv_simd256_v3,2048,2048,3,1234,3,0,99,40525900,369278,40792397,2158149,286785013,159508616,1,12430,1.28765,0.00911215,7.52532,0.14224,0.0529057,1.79793,0.556196
simd256_v3,simd,conv_simd256_v3,2048,2048,3,1234,4,0,98,40617412,379917,40879578,2162410,287398171,159713948,1,12429,1.32192,0.00935355,7.52409,0.14224,0.0528971,1.79946,0.555724
simd256_v3,simd,conv_simd256_v3,2048,2048,3,1234,5,0,98,40727249,383728,40992794,2176043,288190370,161165069,1,12430,1.33151,0.0094219,7.55071,0.142242,0.0530835,1.78817,0.559231
simd256_v3,simd,conv_simd256_v3,2048,2048,3,1234,6,0,98,40703935,375652,40966553,2168562,288001296,160476374,2,12428,1.30434,0.00922889,7.5297,0.142244,0.0529349,1.79466,0.557207
simd256_v3,simd,conv_simd256_v3,2048,2048,3,1234,7,0,98,40682884,377598,40944044,2169414,287851948,160491471,1,12426,1.31178,0.0092815,7.53656,0.14224,0.0529848,1.79357,0.557549
simd256_v3,simd,conv_simd256_v3,2048,2048,3,1234,8,0,99,40575770,389146,40812786,2158632,286824608,159825188,2,12429,1.35674,0.0095906,7.52597,0.142292,0.0528911,1.79461,0.557223
simd256_v3,simd,conv_simd256_v3,2048,2048,3,1234,9,0,100,40419537,387409,40613299,2146373,285285246,159064677,1,12431,1.35797,0.0095847,7.5236,0.14236,0.052849,1.79352,0.557564
simd256_v3,simd,conv_simd256_v3,2048,2048,3,1234,10,0,99,40550363,381340,40811899,2159577,286921348,159421627,1,12429,1.32908,0.00940411,7.52672,0.142241,0.0529154,1.79976,0.555628
simd256_v3,simd,conv_simd256_v3,2048,2048,3,1234,11,0,98,40690375,372180,40954145,2169021,287920056,160798324,2,12430,1.29265,0.00914663,7.53341,0.142241,0.0529622,1.79057,0.558483
simd256_v3,simd,conv_simd256_v3,2048,2048,3,1234,12,0,98,40731445,378203,40992348,2169914,288183631,161401269,1,12430,1.31237,0.00928528,7.52962,0.142244,0.0529346,1.78551,0.560064
simd256_v3,simd,conv_simd256_v3,2048,2048,3,1234,13,0,98,40737281,390992,41000296,2171149,288241155,160112238,1,12432,1.35648,0.00959789,7.5324,0.142243,0.0529545,1.80024,0.55548
simd256_v3,simd,conv_simd256_v3,2048,2048,3,1234,14,0,99,40537169,369264,40802911,2158956,286860159,159147806,1,12430,1.28726,0.00910927,7.52616,0.14224,0.0529118,1.80248,0.554792
simd256_v3,simd,conv_simd256_v3,2048,2048,3,1234,15,0,98,40712244,379899,40976538,2168536,288079120,159856960,2,12430,1.31873,0.00933132,7.52757,0.142241,0.0529214,1.80211,0.554906
simd256_v3,simd,conv_simd256_v3,2048,2048,3,1234,16,0,98,40694275,372866,40959664,2167888,287963006,159827288,1,12429,1.29484,0.00916262,7.52836,0.142239,0.0529274,1.80171,0.555027
simd256_v3,simd,conv_simd256_v3,2048,2048,3,1234,17,0,98,40736650,379232,41001643,2167706,288258606,159900988,1,12429,1.3156,0.00930936,7.52,0.142239,0.0528688,1.80273,0.554714
simd256_v3,simd,conv_simd256_v3,2048,2048,3,1234,18,0,98,40674694,385538,40938507,2165407,287807737,159344151,2,12427,1.33957,0.00947857,7.5238,0.142243,0.0528941,1.8062,0.553648
simd256_v3,simd,conv_simd256_v3,2048,2048,3,1234,19,0,98,40699039,371531,40960286,2168128,287962325,161775642,1,12431,1.29021,0.00912874,7.52921,0.142242,0.0529324,1.78001,0.561794
simd256_v3,simd,conv_simd256_v3,2048,2048,3,1234,20,0,99,40552283,374613,40817843,2161030,286962969,159363507,2,12431,1.30544,0.00923778,7.53069,0.142241,0.0529433,1.80068,0.555345
simd256_v3,simd,conv_simd256_v3,4096,4096,3,1234,1,0,100,160310280,2115035,161493333,8528253,1136076404,641475910,1,49301,1.8617,0.0131934,7.50676,0.14215,0.0528087,1.77104,0.564642
simd256_v3,simd,conv_simd256_v3,4096,4096,3,1234,2,0,100,160155112,2040285,161368118,8527255,1135260907,640068278,2,49303,1.79719,0.0127394,7.51127,0.142142,0.0528435,1.77366,0.563807
simd256_v3,simd,conv_simd256_v3,4096,4096,3,1234,3,0,99,160489806,2115210,161768670,8553701,1138299696,638675417,3,49302,1.85822,0.0131797,7.51445,0.142114,0.0528761,1.78228,0.561078
simd256_v3,simd,conv_simd256_v3,4096,4096,3,1234,4,0,99,160297760,2048752,161581861,8536326,1136999000,639406573,1,49299,1.80189,0.0127809,7.50777,0.142113,0.0528297,1.77821,0.562363
simd256_v3,simd,conv_simd256_v3,4096,4096,3,1234,5,0,99,160295199,2060536,161578524,8545329,1136977055,641109986,2,49301,1.81229,0.0128546,7.51583,0.142112,0.0528865,1.77345,0.563872
simd256_v3,simd,conv_simd256_v3,4096,4096,3,1234,6,0,99,160468424,2101919,161752847,8549264,1138211879,638829540,1,49301,1.84669,0.0130986,7.51114,0.142111,0.0528539,1.78171,0.561257
simd256_v3,simd,conv_simd256_v3,4096,4096,3,1234,7,0,99,160591541,2086594,161827542,8545442,1138798909,641367231,2,49300,1.83228,0.0129932,7.50391,0.142104,0.0528059,1.77558,0.563196
simd256_v3,simd,conv_simd256_v3,4096,4096,3,1234,8,0,99,160511009,2046418,161797843,8555480,1138526696,639892258,3,49300,1.79743,0.0127494,7.51452,0.142112,0.0528776,1.77925,0.562035
simd256_v3,simd,conv_simd256_v3,4096,4096,3,1234,9,0,99,160497935,2134628,161782491,8549850,1138412196,640013291,2,49300,1.87509,0.0133,7.51033,0.142112,0.0528478,1.77873,0.562198
simd256_v3,simd,conv_simd256_v3,4096,4096,3,1234,10,0,99,160481513,2044478,161759433,8548162,1138235083,639411849,2,49302,1.79618,0.0127396,7.51001,0.142114,0.0528449,1.78013,0.561757
simd256_v3,simd,conv_simd256_v3,4096,4096,3,1234,11,0,99,160449540,2050239,161730023,8550243,1138023291,639992258,2,49301,1.80158,0.0127781,7.51324,0.142115,0.0528674,1.77818,0.562372
simd256_v3,simd,conv_simd256_v3,4096,4096,3,1234,12,0,99,160418306,2058088,161694926,8551744,1137782427,640111057,3,49301,1.80886,0.0128295,7.51615,0.142114,0.0528881,1.77748,0.562595
simd256_v3,simd,conv_simd256_v3,4096,4096,3,1234,13,0,99,160399044,2076150,161685229,8548470,1137731591,639046226,3,49303,1.82482,0.0129437,7.51361,0.142112,0.0528711,1.78036,0.561685
simd256_v3,simd,conv_simd256_v3,4096,4096,3,1234,14,0,99,160485278,2056101,161764335,8554278,1138276217,639849540,2,49299,1.80633,0.0128118,7.51512,0.142113,0.0528811,1.77897,0.562122
simd256_v3,simd,conv_simd256_v3,4096,4096,3,1234,15,0,99,160463066,2089735,161744873,8550522,1138138364,639761703,1,49300,1.8361,0.0130232,7.51273,0.142114,0.0528643,1.779,0.562112
simd256_v3,simd,conv_simd256_v3,4096,4096,3,1234,16,0,99,160467100,2075204,161747727,8545188,1138158988,640707138,2,49299,1.8233,0.0129323,7.5079,0.142113,0.0528303,1.77641,0.562933
simd256_v3,simd,conv_simd256_v3,4096,4096,3,1234,17,0,99,160487445,2043110,161769351,8552178,1138308647,642532879,2,49304,1.79486,0.0127307,7.51306,0.142114,0.0528665,1.7716,0.564463
simd256_v3,simd,conv_simd256_v3,4096,4096,3,1234,18,0,99,160483493,2102843,161760039,8547925,1138243580,640483422,1,49304,1.84745,0.0131032,7.50975,0.142114,0.0528432,1.77716,0.562695
simd256_v3,simd,conv_simd256_v3,4096,4096,3,1234,19,0,99,160585565,2058327,161864665,8551522,1138975387,640233729,3,49301,1.80717,0.0128176,7.50808,0.142114,0.0528313,1.779,0.562114
simd256_v3,simd,conv_simd256_v3,4096,4096,3,1234,20,0,99,160385133,2069039,161665620,8543251,1137587328,641701375,1,49299,1.8188,0.0129004,7.50997,0.142113,0.0528452,1.77277,0.56409
simd256_v3,simd,conv_simd256_v3,8192,8192,3,1234,1,0,100,639893649,8561021,645254152,34047344,4540774952,2567305586,6,196774,1.88537,0.0133788,7.49814,0.142102,0.0527658,1.76869,0.565389
simd256_v3,simd,conv_simd256_v3,8192,8192,3,1234,2,0,99,640053069,8828573,645499415,34071281,4542708445,2567617577,5,196775,1.94346,0.0137935,7.50021,0.142096,0.0527828,1.76923,0.565217
simd256_v3,simd,conv_simd256_v3,8192,8192,3,1234,3,0,99,640069902,8554304,645529613,34053220,4543022809,2547494131,4,196774,1.88295,0.0133646,7.49572,0.142093,0.0527524,1.78333,0.560749
simd256_v3,simd,conv_simd256_v3,8192,8192,3,1234,4,0,99,640089276,8375319,645529748,34070686,4542932518,2553427641,8,196775,1.84359,0.0130846,7.49971,0.142095,0.0527794,1.77915,0.562066
simd256_v3,simd,conv_simd256_v3,8192,8192,3,1234,5,0,100,639899483,8529230,645279702,34032342,4540945382,2568059657,4,196771,1.87829,0.013329,7.49455,0.142103,0.0527405,1.76824,0.565534
simd256_v3,simd,conv_simd256_v3,8192,8192,3,1234,6,0,99,640026497,8395089,645481426,34065809,4542652307,2567459753,5,196772,1.84806,0.0131168,7.4991,0.142094,0.0527758,1.76932,0.56519
simd256_v3,simd,conv_simd256_v3,8192,8192,3,1234,7,0,99,640251069,8399169,645704513,34049796,4544149788,2550154207,3,196775,1.84835,0.0131186,7.49311,0.142096,0.0527328,1.78191,0.561195
simd256_v3,simd,conv_simd256_v3,8192,8192,3,1234,8,0,99,640251782,8527458,645695763,34053522,4544062486,2555860141,7,196772,1.87662,0.0133189,7.49407,0.142097,0.0527393,1.7779,0.562461
simd256_v3,simd,conv_simd256_v3,8192,8192,3,1234,9,0,99,640165872,8442422,645618502,34107357,4543576095,2562972030,6,196774,1.8581,0.0131879,7.50672,0.142095,0.052829,1.77278,0.564087
simd256_v3,simd,conv_simd256_v3,8192,8192,3,1234,10,0,99,640295350,8451892,645742328,34051971,4544414411,2565814981,5,196775,1.85984,0.0132,7.49315,0.142096,0.0527331,1.77114,0.564608
simd256_v3,simd,conv_simd256_v3,8192,8192,3,1234,11,0,99,640138372,8482864,645574494,34078832,4543163420,2557171798,5,196775,1.86717,0.0132516,7.50112,0.142098,0.0527884,1.77664,0.562862
simd256_v3,simd,conv_simd256_v3,8192,8192,3,1234,12,0,99,640239895,8312745,645687175,34063921,4544090918,2552238240,9,196773,1.82935,0.0129838,7.49631,0.142094,0.0527561,1.78043,0.561661
simd256_v3,simd,conv_simd256_v3,8192,8192,3,1234,13,0,99,640257275,8529012,645704777,34083025,4544130761,2565786504,6,196775,1.87693,0.0133212,7.50045,0.142096,0.0527842,1.77105,0.564637
simd256_v3,simd,conv_simd256_v3,8192,8192,3,1234,14,0,99,640171085,8306398,645627333,34066091,4543658088,2549175741,5,196774,1.82813,0.0129753,7.4975,0.142094,0.0527643,1.7824,0.56104
simd256_v3,simd,conv_simd256_v3,8192,8192,3,1234,15,0,99,640062363,8330804,645514182,34052057,4542835114,2548005795,3,196772,1.83383,0.0130156,7.49577,0.142095,0.0527518,1.7829,0.560884
simd256_v3,simd,conv_simd256_v3,8192,8192,3,1234,16,0,99,640185247,8407894,645636678,34083796,4543665412,2563562795,6,196770,1.85047,0.0131335,7.50139,0.142096,0.052791,1.7724,0.564206
simd256_v3,simd,conv_simd256_v3,8192,8192,3,1234,17,0,99,640236123,8380205,645689082,34074221,4544068960,2564583303,6,196773,1.84421,0.0130892,7.49861,0.142095,0.0527719,1.77185,0.56438
simd256_v3,simd,conv_simd256_v3,8192,8192,3,1234,18,0,99,639997049,8429334,645456871,34107577,4542487132,2562266277,5,196773,1.85566,0.0131709,7.50857,0.142093,0.0528425,1.77284,0.564067
simd256_v3,simd,conv_simd256_v3,8192,8192,3,1234,19,0,99,640176054,8515542,645633678,34064757,4543697689,2548590734,5,196772,1.87414,0.0133019,7.49714,0.142094,0.0527617,1.78283,0.560907
simd256_v3,simd,conv_simd256_v3,8192,8192,3,1234,20,0,99,639989086,8454590,645428978,34100001,4542187152,2570897435,4,196773,1.86135,0.0132105,7.5074,0.142097,0.0528331,1.76677,0.566004
simd256_v3,simd,conv_simd256_v3,16384,16384,3,1234,1,0,99,2560012524,46866722,2582973544,136154027,18176814080,10171929252,19,786628,2.57838,0.0183072,7.49053,0.142103,0.0527121,1.78696,0.55961
simd256_v3,simd,conv_simd256_v3,16384,16384,3,1234,2,0,99,2559723905,46056276,2582654337,136077306,18174807694,10169885347,17,786631,2.53407,0.0179927,7.48714,0.142101,0.0526889,1.78712,0.559559
simd256_v3,simd,conv_simd256_v3,16384,16384,3,1234,3,0,99,2559708065,45765183,2582643190,136036106,18174810231,10154264122,19,786629,2.51806,0.0178791,7.48487,0.1421,0.0526732,1.78987,0.5587
simd256_v3,simd,conv_simd256_v3,16384,16384,3,1234,4,0,99,2559629602,45767322,2582554879,136084682,18174101038,10187420909,18,786626,2.51827,0.0178804,7.48784,0.142101,0.0526938,1.78397,0.560546
simd256_v3,simd,conv_simd256_v3,16384,16384,3,1234,5,0,99,2559728374,45645634,2582653235,136170928,18174794076,10181652806,15,786629,2.51148,0.0178322,7.4923,0.142101,0.0527252,1.78505,0.560207
simd256_v3,simd,conv_simd256_v3,16384,16384,3,1234,6,0,99,2559827723,45721314,2582755917,136123389,18175541156,10166877157,19,786629,2.51554,0.0178611,7.48937,0.142101,0.0527047,1.78772,0.559371
simd256_v3,simd,conv_simd256_v3,16384,16384,3,1234,7,0,99,2559804083,45317753,2582735714,136258035,18175517374,10164191899,19,786628,2.49334,0.0177036,7.49679,0.1421,0.0527573,1.78819,0.559224
simd256_v3,simd,conv_simd256_v3,16384,16384,3,1234,8,0,99,2559599125,45877864,2582515935,136094784,18173905792,10156013486,17,786629,2.52438,0.0179238,7.48847,0.1421,0.0526985,1.78947,0.558824
simd256_v3,simd,conv_simd256_v3,16384,16384,3,1234,9,0,99,2559586036,46201149,2582508020,136070303,18173943939,10164931737,17,786627,2.54216,0.0180502,7.48711,0.142099,0.0526892,1.78791,0.559313
simd256_v3,simd,conv_simd256_v3,16384,16384,3,1234,10,0,99,2559985468,46801775,2585240120,136114290,18179356058,10182756669,18,786630,2.57445,0.018282,7.4873,0.142207,0.0526505,1.78531,0.560127
simd256_v3,simd,conv_simd256_v3,16384,16384,3,1234,11,0,99,2559969021,46000293,2582870834,136155441,18176172303,10162239082,17,786629,2.5308,0.0179691,7.49088,0.142102,0.0527148,1.7886,0.559097
simd256_v3,simd,conv_simd256_v3,16384,16384,3,1234,12,0,99,2559836040,46620771,2582757524,136048830,18175557730,10160014034,17,786632,2.56503,0.0182124,7.48526,0.142101,0.0526758,1.78893,0.558993
simd256_v3,simd,conv_simd256_v3,16384,16384,3,1234,13,0,99,2559848267,45837179,2582758584,136103420,18175489056,10190325015,19,786628,2.52192,0.0179062,7.48829,0.142101,0.0526969,1.7836,0.560663
simd256_v3,simd,conv_simd256_v3,16384,16384,3,1234,14,0,99,2559868990,45956034,2582788390,136136445,18175757088,10155375412,18,786629,2.52842,0.0179525,7.49,0.142101,0.0527091,1.78977,0.558732
simd256_v3,simd,conv_simd256_v3,16384,16384,3,1234,15,0,99,2559803459,45720873,2582730316,136061759,18175453489,10157867787,15,786629,2.51553,0.0178611,7.48602,0.1421,0.0526814,1.7893,0.558878
simd256_v3,simd,conv_simd256_v3,16384,16384,3,1234,16,0,99,2559908627,47021793,2582818596,136078661,18175915060,10181138145,17,786628,2.58704,0.0183685,7.48676,0.142101,0.0526861,1.78525,0.560144
simd256_v3,simd,conv_simd256_v3,16384,16384,3,1234,17,0,99,2559865302,45863871,2582772877,136157548,18175611126,10193827279,17,786631,2.52337,0.0179165,7.49122,0.142101,0.0527176,1.783,0.560852
simd256_v3,simd,conv_simd256_v3,16384,16384,3,1234,18,0,99,2559849656,45934047,2582769790,136185894,18175659154,10172282521,18,786629,2.52723,0.017944,7.49276,0.1421,0.0527286,1.78678,0.559665
simd256_v3,simd,conv_simd256_v3,16384,16384,3,1234,19,0,99,2559847278,46341392,2582761830,136058043,18175518357,10177245800,19,786629,2.54966,0.0181032,7.48579,0.142101,0.0526793,1.7859,0.559943
simd256_v3,simd,conv_simd256_v3,16384,16384,3,1234,20,0,99,2559910087,46257368,2582828575,136113923,18175977208,10166184609,15,786629,2.54497,0.0180699,7.48867,0.142101,0.0526996,1.78789,0.55932
tile_8,tile,8,64,64,3,1234,1,0,50,836174,19732,651864,20611,3710602,3035861,1,143,5.31774,0.023598,5.55462,0.175676,0.0316186,1.22226,0.818159
tile_8,tile,8,64,64,3,1234,2,0,71,698812,16927,540683,17681,3070195,2651577,2,144,5.51333,0.0242225,5.75892,0.176107,0.0327012,1.15788,0.863651
tile_8,tile,8,64,64,3,1234,3,0,55,748681,16736,583571,18713,3321828,2693117,1,143,5.03819,0.022354,5.63334,0.175678,0.0320664,1.23345,0.810733
tile_8,tile,8,64,64,3,1234,4,0,59,711975,16177,554267,18122,3160812,2532245,1,143,5.11799,0.0227213,5.73334,0.175356,0.0326954,1.24823,0.801137
tile_8,tile,8,64,64,3,1234,5,0,58,725890,17372,565052,18487,3220547,2495708,1,141,5.39411,0.023932,5.74033,0.175452,0.0327173,1.29043,0.774933
tile_8,tile,8,64,64,3,1234,6,0,58,708747,16524,552327,17686,3149354,2459789,1,142,5.24679,0.0233144,5.61575,0.175378,0.0320209,1.28034,0.781046
tile_8,tile,8,64,64,3,1234,7,0,56,735193,17278,573378,18527,3263366,2533392,1,144,5.29453,0.0235013,5.67727,0.175701,0.032312,1.28814,0.776313
tile_8,tile,8,64,64,3,1234,8,0,59,708834,16940,552086,18095,3147158,2659306,1,142,5.38263,0.0238984,5.74963,0.175424,0.0327757,1.18345,0.844986
tile_8,tile,8,64,64,3,1234,9,0,58,713746,15699,556088,17871,3167525,2497758,1,145,4.95624,0.0219952,5.64194,0.175559,0.032137,1.26815,0.788552
tile_8,tile,8,64,64,3,1234,10,0,58,721285,16232,561431,18361,3201795,2560345,1,144,5.06966,0.0225043,5.7346,0.175349,0.0327039,1.25053,0.799659
tile_8,tile,8,64,64,3,1234,11,0,57,733567,16442,571566,18780,3253719,2666650,1,144,5.05329,0.0224138,5.77186,0.175665,0.0328571,1.22015,0.81957
tile_8,tile,8,64,64,3,1234,12,0,57,724663,14994,565247,18205,3217335,2437315,1,142,4.66038,0.020691,5.65841,0.175688,0.0322072,1.32003,0.757557
tile_8,tile,8,64,64,3,1234,13,0,57,732814,15060,570909,18466,3252974,2731475,1,141,4.62961,0.0205509,5.67665,0.175504,0.0323449,1.19092,0.839685
tile_8,tile,8,64,64,3,1234,14,0,54,761153,15555,593499,19351,3378199,2772713,1,144,4.60452,0.0204361,5.7282,0.175685,0.0326049,1.21837,0.820767
tile_8,tile,8,64,64,3,1234,15,0,100,656816,15168,498539,16935,2829849,2431770,1,144,5.36,0.0230932,5.98442,0.176172,0.0339693,1.1637,0.859329
tile_8,tile,8,64,64,3,1234,16,0,52,792461,15579,617715,17577,3516319,2473800,1,141,4.43049,0.019659,4.99869,0.175671,0.0284549,1.42142,0.70352
tile_8,tile,8,64,64,3,1234,17,0,57,722681,14652,563243,17078,3212558,2376335,1,141,4.56085,0.0202745,5.31601,0.175325,0.0303208,1.3519,0.739702
tile_8,tile,8,64,64,3,1234,18,0,57,726291,14671,566254,16342,3222507,2406149,1,144,4.55267,0.0201999,5.07121,0.175718,0.0288598,1.33928,0.74667
tile_8,tile,8,64,64,3,1234,19,0,46,915543,18043,713063,19362,4065630,3017357,1,144,4.43793,0.0197074,4.76236,0.175388,0.0271533,1.34741,0.742162
tile_8,tile,8,64,64,3,1234,20,0,100,648549,14106,492947,13620,2794158,2192377,0,141,5.04839,0.0217501,4.87446,0.176421,0.0276297,1.27449,0.784629
tile_8,tile,8,128,128,3,1234,1,0,100,995926,14827,787780,23073,4600390,3091283,1,179,3.22299,0.0148877,5.01544,0.171242,0.0292886,1.48818,0.671961
tile_8,tile,8,128,128,3,1234,2,0,66,1147852,13169,931716,26962,5494968,3032461,1,178,2.39656,0.0114727,4.90667,0.169558,0.028938,1.81205,0.551861
tile_8,tile,8,128,128,3,1234,3,0,65,1158077,13195,940262,24972,5542570,2984997,1,180,2.38066,0.0113939,4.50549,0.169644,0.0265586,1.85681,0.538558
tile_8,tile,8,128,128,3,1234,4,0,75,1054464,12932,855057,25525,5018855,3095956,2,178,2.57668,0.0122641,5.08582,0.170369,0.0298518,1.6211,0.616865
tile_8,tile,8,128,128,3,1234,5,0,68,1242035,16303,996399,27432,5848050,3520746,2,177,2.78777,0.013126,4.69079,0.170381,0.0275311,1.66103,0.602038
tile_8,tile,8,128,128,3,1234,6,0,66,1149353,13400,933742,26616,5500853,3151580,1,178,2.43599,0.0116587,4.83852,0.169745,0.0285047,1.74543,0.572926
tile_8,tile,8,128,128,3,1234,7,0,61,1231299,14136,999532,27090,5893769,3348217,1,178,2.39847,0.0114806,4.59638,0.169591,0.0271027,1.76027,0.568094
tile_8,tile,8,128,128,3,1234,8,0,100,997124,14773,788741,23624,4604041,3012131,1,178,3.2087,0.0148156,5.13114,0.171315,0.0299515,1.5285,0.654236
tile_8,tile,8,128,128,3,1234,9,0,64,1173294,14496,952280,29229,5613386,3327715,1,177,2.5824,0.012355,5.20702,0.169644,0.0306937,1.68686,0.592818
tile_8,tile,8,128,128,3,1234,10,0,84,1075230,15361,856238,23879,5019765,3042969,2,178,3.0601,0.0142862,4.757,0.170573,0.0278883,1.64963,0.606198
tile_8,tile,8,128,128,3,1234,11,0,65,1158481,13586,940579,28065,5542503,3170793,1,180,2.45124,0.0117274,5.0636,0.169703,0.029838,1.74799,0.572087
tile_8,tile,8,128,128,3,1234,12,0,69,1102516,12750,894469,26049,5276348,3061984,1,177,2.41644,0.0115645,4.93694,0.169524,0.0291223,1.72318,0.580323
tile_8,tile,8,128,128,3,1234,13,0,71,1087281,12819,883764,23818,5188631,3053032,2,178,2.47059,0.01179,4.59042,0.170327,0.0269506,1.6995,0.588408
tile_8,tile,8,128,128,3,1234,14,0,65,1159360,13186,940915,27707,5547786,3232552,1,178,2.3768,0.0113735,4.99424,0.169602,0.0294469,1.71622,0.582674
tile_8,tile,8,128,128,3,1234,15,0,66,1136929,13458,923371,26697,5442105,3069377,1,177,2.47294,0.0118372,4.90564,0.169672,0.0289125,1.77303,0.564005
tile_8,tile,8,128,128,3,1234,16,0,66,1147053,13021,931159,25160,5490282,3059667,1,179,2.37165,0.0113517,4.58264,0.169601,0.0270201,1.79441,0.557288
tile_8,tile,8,128,128,3,1234,17,0,66,1150137,13379,934160,26497,5504921,3249508,1,181,2.43037,0.0116325,4.81333,0.169695,0.0283645,1.69408,0.590291
tile_8,tile,8,128,128,3,1234,18,0,100,998027,14661,789728,23538,4608941,3091276,1,178,3.18099,0.01469,5.10703,0.171347,0.0298052,1.49095,0.670713
tile_8,tile,8,128,128,3,1234,19,0,66,1149392,13379,933296,25241,5504830,2942898,1,176,2.43041,0.0116401,4.58525,0.169541,0.027045,1.87055,0.534603
tile_8,tile,8,128,128,3,1234,20,0,66,1153542,13706,936976,26354,5521363,2997097,1,179,2.48236,0.0118817,4.7731,0.1697,0.0281267,1.84224,0.542818
tile_8,tile,8,256,256,3,1234,1,0,81,2607952,14707,2182517,57230,13182931,5716714,1,328,1.11561,0.00563929,4.34122,0.165556,0.026222,2.30603,0.433645
tile_8,tile,8,256,256,3,1234,2,0,81,2623642,15115,2196067,60500,13262250,5901916,1,327,1.1397,0.00576108,4.56182,0.165588,0.0275493,2.24711,0.445016
tile_8,tile,8,256,256,3,1234,3,0,82,2599664,15328,2175482,60251,13139683,5913631,1,327,1.16654,0.00589615,4.58542,0.165566,0.0276955,2.22193,0.450059
tile_8,tile,8,256,256,3,1234,4,0,80,2649093,14972,2216197,60669,13390393,5982260,1,329,1.11812,0.00565175,4.53079,0.165506,0.0273753,2.23835,0.446758
tile_8,tile,8,256,256,3,1234,5,0,85,2556550,14620,2136597,58214,12884518,5674212,1,324,1.1347,0.00571864,4.51814,0.165827,0.0272461,2.27071,0.44039
tile_8,tile,8,256,256,3,1234,6,0,81,2610832,14443,2185326,60763,13197411,5816017,1,326,1.09438,0.00553195,4.60416,0.165587,0.027805,2.26915,0.440694
tile_8,tile,8,256,256,3,1234,7,0,80,2657178,14957,2224288,57646,13434795,5885894,1,326,1.1133,0.0056289,4.2908,0.165562,0.0259166,2.28254,0.438108
tile_8,tile,8,256,256,3,1234,8,0,72,2941060,16883,2461781,66051,14869634,6936067,1,325,1.1354,0.00574045,4.44201,0.165558,0.0268306,2.14381,0.466458
tile_8,tile,8,256,256,3,1234,9,0,81,2609003,14069,2183996,58623,13188533,5817377,1,325,1.06676,0.00539248,4.445,0.165598,0.0268421,2.26709,0.441094
tile_8,tile,8,256,256,3,1234,10,0,82,2597329,14367,2173469,60285,13128463,5842978,1,328,1.09434,0.00553145,4.59193,0.165554,0.0277368,2.24688,0.445062
tile_8,tile,8,256,256,3,1234,11,0,82,2592861,14263,2170113,60071,13107302,5732713,1,326,1.08817,0.00550087,4.58302,0.165565,0.027681,2.2864,0.437368
tile_8,tile,8,256,256,3,1234,12,0,81,2627553,14501,2198708,60880,13279352,6044010,1,326,1.092,0.00551882,4.58456,0.165573,0.027689,2.19711,0.455143
tile_8,tile,8,256,256,3,1234,13,0,82,2604350,15238,2179251,59799,13157671,5893838,1,326,1.15811,0.00585098,4.5448,0.165626,0.0274402,2.23245,0.447939
tile_8,tile,8,256,256,3,1234,14,0,81,2602674,15311,2177906,59297,13154727,5799010,1,326,1.16392,0.0058828,4.50766,0.165561,0.0272266,2.26844,0.440831
tile_8,tile,8,256,256,3,1234,15,0,100,2369594,17596,1956545,55251,11749013,5644183,1,325,1.49766,0.00742574,4.70261,0.166528,0.0282391,2.08161,0.480396
tile_8,tile,8,256,256,3,1234,16,0,98,2398313,17834,1982949,54824,11907239,5635465,2,327,1.49774,0.00743606,4.60426,0.166533,0.0276477,2.11291,0.473281
tile_8,tile,8,256,256,3,1234,17,0,82,2595355,14590,2172066,58244,13120833,5664308,1,327,1.11197,0.00562158,4.43905,0.165543,0.026815,2.31641,0.431703
tile_8,tile,8,256,256,3,1234,18,0,77,2741627,15782,2294238,60304,13855653,6217688,1,327,1.13903,0.00575644,4.3523,0.165581,0.026285,2.22843,0.448747
tile_8,tile,8,256,256,3,1234,19,0,82,2587577,14909,2165635,56049,13080761,5618894,1,327,1.13977,0.00576176,4.28484,0.165559,0.0258811,2.328,0.429554
tile_8,tile,8,256,256,3,1234,20,0,81,2637643,15545,2206756,61328,13327870,5926985,1,329,1.16635,0.00589352,4.60149,0.165575,0.027791,2.24868,0.444706
tile_8,tile,8,512,512,3,1234,1,0,92,8203746,31800,6952824,189196,42380143,16909205,1,903,0.750351,0.00387628,4.46426,0.164059,0.0272114,2.50634,0.398989
tile_8,tile,8,512,512,3,1234,2,0,95,7977942,29653,6761733,177660,41212653,16025724,1,905,0.719512,0.00371687,4.31081,0.164069,0.0262743,2.57166,0.388854
tile_8,tile,8,512,512,3,1234,3,0,93,8106756,28954,6870281,176339,41878665,16302444,1,902,0.691378,0.00357159,4.21071,0.164052,0.0256669,2.56886,0.389278
tile_8,tile,8,512,512,3,1234,4,0,100,7833047,34211,6609467,177465,40207811,16325268,0,903,0.850855,0.00436752,4.41369,0.164383,0.0268501,2.46292,0.406022
tile_8,tile,8,512,512,3,1234,5,0,99,7865756,36343,6634357,176511,40364617,16258835,4,903,0.900368,0.00462041,4.37291,0.164361,0.0266056,2.48263,0.402799
tile_8,tile,8,512,512,3,1234,6,0,99,7876436,34804,6650312,180792,40458498,16415674,2,903,0.86024,0.00441875,4.46858,0.164374,0.0271855,2.46463,0.405741
tile_8,tile,8,512,512,3,1234,7,0,98,7915194,33225,6683560,181660,40674476,16384996,1,903,0.816851,0.00419762,4.46619,0.164318,0.0271801,2.48242,0.402832
tile_8,tile,8,512,512,3,1234,8,0,92,8232863,32612,6974171,187800,42488180,16793805,1,905,0.767555,0.0039612,4.42005,0.164144,0.0269279,2.52999,0.395258
tile_8,tile,8,512,512,3,1234,9,0,93,8116705,31544,6879544,186989,41929703,16489454,1,903,0.752307,0.00388631,4.45958,0.164073,0.0271804,2.54282,0.393264
tile_8,tile,8,512,512,3,1234,10,0,93,8165795,32697,6920904,184224,42184022,16843920,1,904,0.775104,0.00400414,4.36715,0.164065,0.0266185,2.50441,0.399296
tile_8,tile,8,512,512,3,1234,11,0,93,8125663,31676,6887495,186592,41977971,16565011,1,903,0.754586,0.00389827,4.445,0.164074,0.0270914,2.53413,0.394612
tile_8,tile,8,512,512,3,1234,12,0,100,7834046,36469,6610196,182331,40213554,16561409,1,902,0.906883,0.00465519,4.53407,0.164377,0.0275833,2.42815,0.411836
tile_8,tile,8,512,512,3,1234,13,0,97,7963609,35596,6727554,181266,40950684,16430848,2,902,0.869241,0.00446983,4.42645,0.164284,0.0269438,2.4923,0.401235
tile_8,tile,8,512,512,3,1234,14,0,93,8109578,30607,6873116,185449,41892479,16596970,1,905,0.730608,0.00377418,4.42679,0.164066,0.0269818,2.5241,0.39618
tile_8,tile,8,512,512,3,1234,15,0,92,8197301,32527,6945976,184259,42339166,16838161,1,905,0.768248,0.00396801,4.35198,0.164056,0.0265274,2.51448,0.397697
tile_8,tile,8,512,512,3,1234,16,0,100,7844577,34450,6617613,180967,40259885,16289848,2,906,0.85569,0.00439157,4.49497,0.164372,0.0273463,2.47147,0.404617
tile_8,tile,8,512,512,3,1234,17,0,93,8118007,31757,6880080,187657,41939520,16523359,1,903,0.757209,0.00391192,4.47447,0.164048,0.0272754,2.5382,0.393981
tile_8,tile,8,512,512,3,1234,18,0,100,7835353,35610,6611402,180195,40217730,16096960,0,904,0.88543,0.00454479,4.48049,0.16439,0.0272552,2.49847,0.400245
tile_8,tile,8,512,512,3,1234,19,0,93,8148027,32359,6904792,186930,42087129,16658633,1,904,0.768857,0.00397139,4.4415,0.164059,0.0270725,2.52645,0.395813
tile_8,tile,8,512,512,3,1234,20,0,93,8117805,30738,6880198,180839,41934475,16535741,1,905,0.733001,0.00378649,4.31242,0.16407,0.026284,2.53599,0.394323
tile_8,tile,8,1024,1024,3,1234,1,0,97,30275205,84670,25751324,670271,157375134,60791267,2,3210,0.538014,0.00279668,4.25907,0.16363,0.0260286,2.58878,0.386283
tile_8,tile,8,1024,1024,3,1234,2,0,97,30245953,81906,25726386,687776,157226340,61273085,1,3209,0.520943,0.002708,4.37443,0.163626,0.0267343,2.56599,0.389713
tile_8,tile,8,1024,1024,3,1234,3,0,97,30293355,82161,25765449,665156,157462157,61264272,1,3211,0.521783,0.00271218,4.22423,0.163629,0.0258158,2.57021,0.389073
tile_8,tile,8,1024,1024,3,1234,4,0,97,30246303,83592,25727131,674432,157231786,60672004,1,3208,0.531648,0.00276371,4.28941,0.163626,0.0262148,2.5915,0.385876
tile_8,tile,8,1024,1024,3,1234,5,0,97,30328999,83629,25795366,689242,157640285,61266248,1,3211,0.530505,0.00275739,4.37225,0.163634,0.0267196,2.57304,0.388646
tile_8,tile,8,1024,1024,3,1234,6,0,97,30263627,81025,25742387,691543,157322110,61452638,1,3209,0.515026,0.00267731,4.39571,0.163629,0.026864,2.56005,0.390617
tile_8,tile,8,1024,1024,3,1234,7,0,97,30291088,83051,25764816,692776,157463865,61260651,1,3211,0.527429,0.00274176,4.39959,0.163624,0.0268885,2.57039,0.389046
tile_8,tile,8,1024,1024,3,1234,8,0,98,30002477,84742,25519933,661316,155963255,59773996,1,3209,0.543346,0.0028245,4.2402,0.163628,0.0259137,2.60922,0.383257
tile_8,tile,8,1024,1024,3,1234,9,0,97,30246095,83161,25726967,672328,157231164,61093111,1,3209,0.528909,0.00274948,4.27605,0.163625,0.0261332,2.57363,0.388556
tile_8,tile,8,1024,1024,3,1234,10,0,97,30290892,80359,25764196,672399,157458123,61367297,1,3211,0.510352,0.00265291,4.27034,0.163626,0.0260982,2.56583,0.389737
tile_8,tile,8,1024,1024,3,1234,11,0,98,29965750,82274,25488088,664134,155771739,60543786,1,3208,0.52817,0.0027456,4.26351,0.163625,0.0260566,2.57288,0.38867
tile_8,tile,8,1024,1024,3,1234,12,0,96,30377827,84801,25839573,699172,157915320,61796705,1,3210,0.537003,0.00279154,4.42751,0.163629,0.0270582,2.5554,0.391328
tile_8,tile,8,1024,1024,3,1234,13,0,97,30226613,83370,25710005,672614,157123837,60866123,2,3208,0.530601,0.00275817,4.28079,0.163629,0.0261616,2.58147,0.387377
tile_8,tile,8,1024,1024,3,1234,14,0,98,29930883,85263,25435088,683395,155391461,60537121,2,3210,0.548698,0.00284866,4.39789,0.163684,0.0268682,2.56688,0.389578
tile_8,tile,8,1024,1024,3,1234,15,0,97,30236680,83580,25717851,697504,157173454,61155736,1,3208,0.531769,0.00276419,4.4378,0.163627,0.0271214,2.57005,0.389097
tile_8,tile,8,1024,1024,3,1234,16,0,97,30253258,80979,25730832,665890,157256355,61274340,1,3210,0.514949,0.0026767,4.23442,0.163623,0.0258791,2.56643,0.389646
tile_8,tile,8,1024,1024,3,1234,17,0,98,30035189,78105,25547337,681869,156130815,62874101,1,3209,0.500254,0.00260045,4.36729,0.163628,0.0266904,2.48323,0.402701
tile_8,tile,8,1024,1024,3,1234,18,0,97,30352998,81458,25815146,698067,157765439,61945312,1,3211,0.516323,0.00268369,4.42471,0.16363,0.027041,2.54685,0.392642
tile_8,tile,8,1024,1024,3,1234,19,0,97,30237429,84399,25717164,694868,157171391,61305757,1,3210,0.536987,0.00279121,4.42108,0.163625,0.0270196,2.56373,0.390057
tile_8,tile,8,1024,1024,3,1234,20,0,97,30332832,81526,25801274,693083,157680763,61500849,2,3209,0.517032,0.00268771,4.39548,0.16363,0.0268624,2.56388,0.390034
tile_8,tile,8,2048,2048,3,1234,1,0,99,117860559,297661,100344226,2678854,613681731,238336837,1,12430,0.485041,0.00252554,4.36522,0.163512,0.0266966,2.57485,0.388372
tile_8,tile,8,2048,2048,3,1234,2,0,99,117495457,281278,100035841,2588496,611791823,236110603,1,12428,0.459761,0.00239395,4.23101,0.163513,0.0258757,2.59112,0.385933
tile_8,tile,8,2048,2048,3,1234,3,0,99,117831200,277353,100322246,2642587,613544819,237342226,2,12430,0.45205,0.00235382,4.30708,0.163512,0.026341,2.58506,0.386838
tile_8,tile,8,2048,2048,3,1234,4,0,99,117950960,301857,100421764,2634427,614157173,237270101,1,12430,0.491498,0.00255917,4.2895,0.163512,0.0262336,2.58843,0.386334
tile_8,tile,8,2048,2048,3,1234,5,0,99,117935366,297112,100407947,2692393,614070257,237755941,1,12432,0.48384,0.00251928,4.3845,0.163512,0.0268145,2.58278,0.38718
tile_8,tile,8,2048,2048,3,1234,6,0,99,117817305,302073,100309466,2692576,613469968,238006533,1,12428,0.492401,0.00256391,4.38909,0.163512,0.0268427,2.57753,0.387968
tile_8,tile,8,2048,2048,3,1234,7,0,99,117895337,301401,100377253,2693044,613881294,238266165,2,12428,0.490976,0.00255651,4.38691,0.163512,0.0268292,2.57645,0.388131
tile_8,tile,8,2048,2048,3,1234,8,0,99,117801816,298303,100297104,2698237,613392392,237760508,1,12429,0.486317,0.00253224,4.39888,0.163512,0.0269024,2.57988,0.387616
tile_8,tile,8,2048,2048,3,1234,9,0,99,117879970,287920,100361557,2634903,613788562,236915561,2,12429,0.469087,0.00244248,4.29285,0.163512,0.0262541,2.59075,0.385989
tile_8,tile,8,2048,2048,3,1234,10,0,99,117535260,278725,100070504,2687331,612007034,236949942,2,12429,0.455428,0.00237142,4.39101,0.163512,0.0268544,2.58285,0.387169
tile_8,tile,8,2048,2048,3,1234,11,0,99,117873991,286160,100357419,2617070,613760547,236655190,2,12431,0.46624,0.00242768,4.26399,0.163512,0.0260775,2.59348,0.385582
tile_8,tile,8,2048,2048,3,1234,12,0,99,117827844,289582,100320184,2590486,613533269,236577546,1,12428,0.471991,0.00245767,4.22224,0.163512,0.0258222,2.59337,0.385599
tile_8,tile,8,2048,2048,3,1234,13,0,99,117928829,293439,100402623,2676304,614041277,237514476,1,12431,0.477882,0.00248827,4.35851,0.163511,0.0266557,2.58528,0.386805
tile_8,tile,8,2048,2048,3,1234,14,0,99,117488500,293737,100028180,2678215,611745745,236776846,1,12428,0.480162,0.00250013,4.37799,0.163513,0.0267746,2.58364,0.387051
tile_8,tile,8,2048,2048,3,1234,15,0,99,117088410,298212,99658153,2650800,609406453,236193060,2,12427,0.489348,0.0025469,4.34981,0.163533,0.0265989,2.58012,0.387579
tile_8,tile,8,2048,2048,3,1234,16,0,99,117204065,296976,99763754,2585869,610054243,236284583,2,12428,0.486803,0.00253384,4.23875,0.163533,0.0259199,2.58186,0.387317
tile_8,tile,8,2048,2048,3,1234,17,0,99,117731694,296845,100234962,2607747,613010540,236453510,2,12429,0.484241,0.00252137,4.254,0.163513,0.0260163,2.59252,0.385725
tile_8,tile,8,2048,2048,3,1234,18,0,99,117831395,290607,100319246,2669307,613535651,237960293,1,12428,0.47366,0.0024663,4.3507,0.16351,0.0266081,2.57831,0.387851
tile_8,tile,8,2048,2048,3,1234,19,0,99,117315452,300249,99866801,2677125,610707623,236705287,2,12431,0.491641,0.00255933,4.38364,0.163526,0.026807,2.58003,0.387592
tile_8,tile,8,2048,2048,3,1234,20,0,100,117032643,297849,99610510,2591690,609111627,235587299,2,12427,0.488989,0.00254501,4.25487,0.163534,0.0260182,2.5855,0.386772
tile_8,tile,8,4096,4096,3,1234,1,0,99,467639440,1146470,398219964,10459088,2436005938,950489262,2,49303,0.470635,0.00245161,4.29354,0.163472,0.0262646,2.5629,0.390183
tile_8,tile,8,4096,4096,3,1234,2,0,99,467552727,1139989,398153376,10398476,2435549275,946458007,3,49301,0.468062,0.0024382,4.26946,0.163476,0.0261168,2.57333,0.388601
tile_8,tile,8,4096,4096,3,1234,3,0,100,466659806,1145883,397361827,10479478,2430630566,945423794,2,49303,0.471434,0.0024555,4.31142,0.163481,0.0263726,2.57094,0.388962
tile_8,tile,8,4096,4096,3,1234,4,0,99,467206896,1144603,397860515,10164931,2433755484,940770084,4,49298,0.470303,0.00244988,4.17664,0.163476,0.025549,2.58698,0.386551
tile_8,tile,8,4096,4096,3,1234,5,0,100,466682417,1144295,397380303,10613883,2430732697,949211731,1,49301,0.470761,0.00245198,4.36654,0.163482,0.0267096,2.56079,0.390504
tile_8,tile,8,4096,4096,3,1234,6,0,99,467565018,1134372,398163200,10423075,2435612573,943735881,2,49304,0.465744,0.00242613,4.27945,0.163476,0.0261779,2.58082,0.387474
tile_8,tile,8,4096,4096,3,1234,7,0,100,466700460,1154688,397393660,10671553,2430825455,949585579,2,49299,0.475019,0.00247415,4.39009,0.163481,0.0268539,2.55988,0.390643
tile_8,tile,8,4096,4096,3,1234,8,0,99,467558341,1136216,398160135,10416186,2435586428,943473812,2,49301,0.466506,0.00243011,4.27666,0.163476,0.0261608,2.58151,0.38737
tile_8,tile,8,4096,4096,3,1234,9,0,99,467537911,1162561,398139919,10309429,2435457960,943976814,2,49300,0.477348,0.00248656,4.23306,0.163476,0.025894,2.58,0.387597
tile_8,tile,8,4096,4096,3,1234,10,0,99,466904985,1155928,397574475,10271504,2431940249,942457692,4,49302,0.475311,0.00247572,4.22358,0.16348,0.0258354,2.58042,0.387533
tile_8,tile,8,4096,4096,3,1234,11,0,99,467175594,1159213,397831911,10445846,2433581834,945770756,3,49302,0.47634,0.00248132,4.29238,0.163476,0.0262569,2.57312,0.388633
tile_8,tile,8,4096,4096,3,1234,12,0,99,467213870,1150427,397862639,10407988,2433773871,944701826,1,49300,0.472693,0.00246231,4.27648,0.163476,0.0261598,2.57623,0.388163
tile_8,tile,8,4096,4096,3,1234,13,0,99,467535084,1158105,398136695,10575765,2435450362,948530505,2,49303,0.47552,0.00247704,4.34243,0.163476,0.0265632,2.5676,0.389468
tile_8,tile,8,4096,4096,3,1234,14,0,99,467398553,1187048,398020055,10608378,2434726497,947108380,4,49302,0.487549,0.00253969,4.35711,0.163476,0.0266529,2.57069,0.389
tile_8,tile,8,4096,4096,3,1234,15,0,99,467500861,1134063,398110084,10633799,2435290451,948735935,2,49302,0.465679,0.0024258,4.36654,0.163475,0.0267107,2.56688,0.389578
tile_8,tile,8,4096,4096,3,1234,16,0,99,467572505,1161874,398170248,10444922,2435644977,946384597,2,49298,0.477029,0.00248491,4.28836,0.163476,0.0262323,2.57363,0.388556
tile_8,tile,8,4096,4096,3,1234,17,0,99,467572501,1156658,398168490,10599671,2435641471,948369985,4,49302,0.474888,0.00247375,4.3519,0.163476,0.0266211,2.56824,0.389372
tile_8,tile,8,4096,4096,3,1234,18,0,99,467320252,1144548,397956660,10199097,2434345090,942088110,4,49301,0.470167,0.00244917,4.18967,0.163476,0.0256287,2.58399,0.386999
tile_8,tile,8,4096,4096,3,1234,19,0,99,467566312,1142668,398164971,10379766,2435618982,945143604,1,49303,0.469149,0.00244386,4.26165,0.163476,0.026069,2.57698,0.388051
tile_8,tile,8,4096,4096,3,1234,20,0,99,467392124,1136728,398017324,10534889,2434706340,946982149,2,49300,0.466885,0.00243206,4.32696,0.163477,0.0264684,2.57102,0.388951
tile_8,tile,8,8192,8192,3,1234,1,0,99,1866981014,4837754,1590093761,40775314,9727660611,3765210463,7,196772,0.497319,0.00259122,4.19169,0.163461,0.0256433,2.58356,0.387062
tile_8,tile,8,8192,8192,3,1234,2,0,99,1866443061,5273081,1589632552,40997772,9724754291,3774466479,9,196772,0.542233,0.0028252,4.21582,0.163462,0.0257907,2.57646,0.38813
tile_8,tile,8,8192,8192,3,1234,3,0,99,1866670480,4928710,1589847911,41238109,9726130441,3767731743,8,196775,0.506749,0.00264037,4.23993,0.163462,0.0259384,2.58143,0.387382
tile_8,tile,8,8192,8192,3,1234,4,0,99,1867215251,4911908,1590311431,41078204,9728955034,3761508246,5,196774,0.504875,0.00263061,4.22226,0.163462,0.0258303,2.58645,0.38663
tile_8,tile,8,8192,8192,3,1234,5,0,99,1867308278,4888697,1590389186,41159461,9729452252,3765906426,7,196771,0.502464,0.00261804,4.2304,0.163461,0.0258801,2.58356,0.387063
tile_8,tile,8,8192,8192,3,1234,6,0,99,1866922772,4874652,1590060238,41141881,9727469600,3776955228,8,196771,0.501122,0.00261106,4.22945,0.163461,0.0258744,2.57548,0.388277
tile_8,tile,8,8192,8192,3,1234,7,0,99,1866651590,4837563,1589827009,41694221,9726019087,3773800283,11,196771,0.497384,0.00259157,4.28687,0.163461,0.0262256,2.57725,0.388011
tile_8,tile,8,8192,8192,3,1234,8,0,99,1867054894,4839109,1590174906,41874341,9728134895,3770654748,5,196775,0.497434,0.00259184,4.30446,0.163461,0.0263332,2.57996,0.387603
tile_8,tile,8,8192,8192,3,1234,9,0,99,1866956078,4815110,1590088932,40728323,9727622480,3764035638,9,196772,0.494994,0.00257912,4.18687,0.163461,0.0256139,2.58436,0.386943
tile_8,tile,8,8192,8192,3,1234,10,0,99,1866991384,4806096,1590119856,41103704,9727790673,3766857000,7,196772,0.494058,0.00257425,4.22539,0.163462,0.0258494,2.58247,0.387226
tile_8,tile,8,8192,8192,3,1234,11,0,99,1866902296,4825976,1590044464,40823565,9727350845,3757815112,10,196775,0.496124,0.00258502,4.19678,0.163461,0.0256745,2.58857,0.386314
tile_8,tile,8,8192,8192,3,1234,12,0,99,1866503900,4763583,1589705034,41228330,9725302443,3769772632,6,196775,0.489813,0.00255214,4.23929,0.163461,0.0259346,2.57981,0.387625
tile_8,tile,8,8192,8192,3,1234,13,0,99,1866591679,4888384,1589777980,41638391,9725720239,3775508689,5,196772,0.502624,0.00261888,4.28127,0.163461,0.0261913,2.576,0.388198
tile_8,tile,8,8192,8192,3,1234,14,0,99,1867021556,4864036,1590146018,41232935,9727971856,3766030974,8,196774,0.500005,0.00260524,4.2386,0.163461,0.0259303,2.58308,0.387134
tile_8,tile,8,8192,8192,3,1234,15,0,99,1866632533,4863380,1589815235,41224119,9725943666,3760267688,8,196772,0.500042,0.00260543,4.23857,0.163461,0.0259301,2.5865,0.386622
tile_8,tile,8,8192,8192,3,1234,16,0,99,1866990435,4826489,1590117810,41216624,9727830875,3767947234,8,196773,0.496153,0.00258517,4.23698,0.163461,0.0259205,2.58173,0.387337
tile_8,tile,8,8192,8192,3,1234,17,0,99,1866980086,4768122,1590108832,40459642,9727805366,3764034587,7,196771,0.490154,0.00255392,4.15917,0.16346,0.0254446,2.58441,0.386936
tile_8,tile,8,8192,8192,3,1234,18,0,99,1867077860,4808652,1590191758,41049260,9728241835,3765683354,9,196770,0.494298,0.0025755,4.2196,0.163461,0.025814,2.58339,0.387088
tile_8,tile,8,8192,8192,3,1234,19,0,99,1866962549,4833775,1590095978,40782115,9727655894,3756577509,8,196774,0.496911,0.00258911,4.19239,0.163461,0.0256476,2.5895,0.386175
tile_8,tile,8,8192,8192,3,1234,20,0,99,1866912671,4811903,1590646053,41012652,9728223696,3768288128,7,196772,0.494633,0.00257747,4.21584,0.163508,0.0257836,2.5816,0.387356
tile_8,tile,8,16384,16384,3,1234,1,0,99,7465412049,22264707,6359431043,164280837,38905812410,14994118185,23,786629,0.572272,0.00298238,4.22253,0.163457,0.0258326,2.59474,0.385395
tile_8,tile,8,16384,16384,3,1234,2,0,99,7465090619,22373600,6359072171,165875108,38903629320,15020223697,32,786628,0.575103,0.0029971,4.26374,0.163457,0.0260848,2.59008,0.386088
tile_8,tile,8,16384,16384,3,1234,3,0,100,7464190392,22981222,6358279077,164600338,38898863580,14992979942,29,786628,0.590794,0.00307886,4.23149,0.163457,0.0258876,2.59447,0.385435
tile_8,tile,8,16384,16384,3,1234,4,0,99,7465320956,22659897,6359273353,164364561,38904929084,14984154467,26,786629,0.582443,0.00303535,4.22477,0.163457,0.0258464,2.5964,0.385148
tile_8,tile,8,16384,16384,3,1234,5,0,99,7465286640,22339312,6359246682,162201321,38904757455,14966033498,24,786631,0.574205,0.00299243,4.16919,0.163457,0.0255064,2.59954,0.384684
tile_8,tile,8,16384,16384,3,1234,6,0,99,7465347119,22074827,6359289587,162677548,38905056075,14997867325,25,786629,0.567403,0.00295697,4.1814,0.163457,0.0255811,2.59404,0.385499
tile_8,tile,8,16384,16384,3,1234,7,0,99,7465338958,22408028,6359286092,165368070,38904970049,15005330540,24,786628,0.575968,0.00300161,4.25056,0.163457,0.0260042,2.59274,0.385692
tile_8,tile,8,16384,16384,3,1234,8,0,99,7465245121,22375421,6359207012,165015088,38904545085,15005218667,24,786630,0.575136,0.00299728,4.24154,0.163457,0.025949,2.59273,0.385693
tile_8,tile,8,16384,16384,3,1234,9,0,99,7465224153,22823241,6359183762,164727187,38904375326,15027253399,26,786628,0.58665,0.00305727,4.23416,0.163457,0.0259038,2.58892,0.386261
tile_8,tile,8,16384,16384,3,1234,10,0,100,7464372366,22552284,6358437741,165477131,38899777288,15022005439,24,786630,0.579754,0.00302132,4.25394,0.163457,0.0260248,2.58952,0.386172
tile_8,tile,8,16384,16384,3,1234,11,0,99,7465257457,22239606,6359229848,164845949,38904649822,15011632465,23,786630,0.571644,0.00297908,4.23718,0.163457,0.0259223,2.59163,0.385857
tile_8,tile,8,16384,16384,3,1234,12,0,99,7465008383,22276711,6359001453,164656437,38903114940,15011835910,24,786629,0.57262,0.00298415,4.23247,0.163457,0.0258934,2.5915,0.385877
tile_8,tile,8,16384,16384,3,1234,13,0,99,7465220630,21940343,6359198698,160864975,38904470181,14949524057,27,786629,0.563954,0.00293901,4.13487,0.163457,0.0252964,2.60239,0.384262
tile_8,tile,8,16384,16384,3,1234,14,0,99,7465234235,22272695,6359206061,163027371,38904515550,14982572749,26,786628,0.572496,0.00298352,4.19045,0.163457,0.0256364,2.59665,0.385111
tile_8,tile,8,16384,16384,3,1234,15,0,99,7465218914,22281835,6359187419,165990289,38904400222,15011582216,30,786629,0.572733,0.00298475,4.26662,0.163457,0.0261024,2.59163,0.385858
tile_8,tile,8,16384,16384,3,1234,16,0,99,7465203930,22342372,6359176776,165700525,38904353502,15026481760,26,786632,0.57429,0.00299287,4.25918,0.163457,0.0260569,2.58905,0.386242
tile_8,tile,8,16384,16384,3,1234,17,0,99,7464875500,22233400,6358901599,165034452,38902610946,15005312649,28,786629,0.571514,0.0029784,4.24225,0.163457,0.0259533,2.59259,0.385715
tile_8,tile,8,16384,16384,3,1234,18,0,99,7465339634,22114767,6359304861,162011022,38905059822,14972471400,25,786629,0.568429,0.00296233,4.16427,0.163457,0.0254762,2.59844,0.384846
tile_8,tile,8,16384,16384,3,1234,19,0,99,7465139493,22354347,6359125381,166313303,38904098070,15011264815,28,786629,0.574601,0.0029945,4.27496,0.163456,0.0261535,2.59166,0.385853
tile_8,tile,8,16384,16384,3,1234,20,0,99,7465281441,22229539,6359252090,162985331,38904772965,14970999689,26,786629,0.571383,0.00297772,4.18934,0.163457,0.0256296,2.59868,0.384811
tile_16,tile,16,64,64,3,1234,1,0,94,663507,16722,508514,17064,2878164,2727460,2,142,5.80995,0.0252024,5.92878,0.17668,0.0335566,1.05525,0.947639
tile_16,tile,16,64,64,3,1234,2,0,55,739059,15294,579185,18319,3298536,2711675,1,141,4.6366,0.0206939,5.55368,0.175589,0.0316289,1.21642,0.822084
tile_16,tile,16,64,64,3,1234,3,0,55,754869,15631,591752,18959,3366313,2677199,1,144,4.64336,0.0207069,5.63198,0.175786,0.0320388,1.2574,0.795291
tile_16,tile,16,64,64,3,1234,4,0,57,720321,16252,564451,17552,3213215,2465787,1,144,5.05786,0.0225622,5.46244,0.175665,0.0310957,1.30312,0.767389
tile_16,tile,16,64,64,3,1234,5,0,100,652686,15379,496725,16548,2822077,2373098,1,142,5.44953,0.0235626,5.86377,0.176014,0.0333142,1.1892,0.840905
tile_16,tile,16,64,64,3,1234,6,0,56,734434,17419,574844,18233,3276305,2554174,2,141,5.31666,0.0237176,5.56511,0.175455,0.0317182,1.28273,0.77959
tile_16,tile,16,64,64,3,1234,7,0,57,722652,17502,565910,18124,3224282,2501874,1,141,5.42819,0.0242191,5.6211,0.175515,0.0320263,1.28875,0.775948
tile_16,tile,16,64,64,3,1234,8,0,59,701003,16401,549553,17467,3130020,2608156,1,142,5.2399,0.0233965,5.58048,0.175575,0.031784,1.20009,0.833271
tile_16,tile,16,64,64,3,1234,9,0,58,713712,16598,558737,18072,3184946,2652490,1,141,5.21139,0.0232559,5.67419,0.175431,0.0323444,1.20074,0.832821
tile_16,tile,16,64,64,3,1234,10,0,57,724127,16237,567417,17992,3229880,2515860,1,144,5.02712,0.0224229,5.57049,0.175677,0.0317086,1.28381,0.778933
tile_16,tile,16,64,64,3,1234,11,0,58,712026,16901,557929,17762,3173723,2486187,1,144,5.32529,0.0237365,5.59658,0.175796,0.0318356,1.27654,0.783366
tile_16,tile,16,64,64,3,1234,12,0,57,722832,17384,565615,18131,3223333,2521521,1,144,5.39318,0.0240498,5.62492,0.175475,0.0320554,1.27833,0.782271
tile_16,tile,16,64,64,3,1234,13,0,57,721562,17285,565423,17806,3217730,2510484,1,144,5.3718,0.023955,5.53371,0.175721,0.0314915,1.28172,0.780203
tile_16,tile,16,64,64,3,1234,14,0,57,727239,16284,570219,18096,3241021,2612444,1,142,5.02434,0.0223915,5.58343,0.175938,0.0317352,1.24061,0.806056
tile_16,tile,16,64,64,3,1234,15,0,59,706476,16713,552618,17689,3150234,2611681,2,142,5.30532,0.0236569,5.61514,0.175421,0.0320095,1.20621,0.829043
tile_16,tile,16,64,64,3,1234,16,0,56,740995,15142,580942,17019,3302801,2712525,1,144,4.58459,0.0204347,5.1529,0.175894,0.0292955,1.21761,0.82128
tile_16,tile,16,64,64,3,1234,17,0,55,752592,14877,589960,15372,3359734,2491813,1,143,4.42803,0.0197677,4.57536,0.175597,0.026056,1.34831,0.74167
tile_16,tile,16,64,64,3,1234,18,0,57,726381,14761,569170,17026,3238517,2487999,1,142,4.55795,0.0203213,5.25734,0.17575,0.0299137,1.30166,0.768253
tile_16,tile,16,64,64,3,1234,19,0,57,729778,15000,571786,17298,3255625,2446888,1,142,4.60741,0.0205542,5.31327,0.17563,0.0302526,1.33052,0.751588
tile_16,tile,16,64,64,3,1234,20,0,57,726732,14806,570051,15304,3242699,2367256,1,142,4.56595,0.0203734,4.71953,0.175795,0.0268467,1.36981,0.730026
tile_16,tile,16,128,128,3,1234,1,0,79,1092946,15386,881941,23708,5166677,3207567,2,178,2.97793,0.0140775,4.58864,0.170698,0.0268816,1.61078,0.620818
tile_16,tile,16,128,128,3,1234,2,0,62,1236269,14606,1016707,28489,5952949,3435046,1,179,2.45357,0.0118146,4.7857,0.17079,0.0280209,1.733,0.577033
tile_16,tile,16,128,128,3,1234,3,0,64,1157277,13673,953015,24501,5599245,3122697,1,177,2.44194,0.0118148,4.37577,0.170204,0.0257089,1.79308,0.5577
tile_16,tile,16,128,128,3,1234,4,0,65,1139221,13805,936667,26796,5507798,3176755,1,179,2.50645,0.0121179,4.8651,0.170062,0.0286078,1.73378,0.576774
tile_16,tile,16,128,128,3,1234,5,0,65,1140254,13073,938784,23872,5514798,2939352,1,178,2.37053,0.011465,4.32872,0.17023,0.0254286,1.8762,0.532994
tile_16,tile,16,128,128,3,1234,6,0,63,1180281,13955,970653,25826,5708059,3195328,1,180,2.44479,0.0118235,4.52448,0.17005,0.0266068,1.78638,0.559792
tile_16,tile,16,128,128,3,1234,7,0,66,1121937,13026,923751,24697,5427273,3003008,1,179,2.4001,0.0116103,4.55054,0.170205,0.0267356,1.80728,0.553318
tile_16,tile,16,128,128,3,1234,8,0,61,1221214,14488,1005506,25594,5907200,3296007,1,178,2.4526,0.0118636,4.33268,0.170217,0.0254539,1.79223,0.557964
tile_16,tile,16,128,128,3,1234,9,0,100,982649,14774,785274,23433,4576215,3098596,1,177,3.22843,0.0150349,5.12061,0.171599,0.0298405,1.47687,0.677109
tile_16,tile,16,128,128,3,1234,10,0,65,1138705,13394,937181,24497,5507651,3071352,1,179,2.43189,0.0117625,4.44781,0.17016,0.026139,1.79323,0.557652
tile_16,tile,16,128,128,3,1234,11,0,66,1124050,13168,925054,24720,5438921,2961265,1,180,2.42107,0.0117148,4.54502,0.17008,0.0267228,1.83669,0.544458
tile_16,tile,16,128,128,3,1234,12,0,59,1247099,15312,1026343,25219,6034359,3270978,1,179,2.53747,0.0122781,4.17923,0.170083,0.0245717,1.84482,0.542059
tile_16,tile,16,128,128,3,1234,13,0,63,1176166,13828,967785,23954,5688750,3072857,1,178,2.43076,0.0117568,4.21077,0.170123,0.0247514,1.85129,0.540164
tile_16,tile,16,128,128,3,1234,14,0,65,1142947,13181,941061,23489,5528442,2984592,1,177,2.38422,0.0115325,4.24876,0.170222,0.0249601,1.85233,0.539861
tile_16,tile,16,128,128,3,1234,15,0,65,1135648,13291,934530,24569,5489623,3139777,1,178,2.42111,0.0117035,4.47554,0.170236,0.0262902,1.74841,0.571948
tile_16,tile,16,128,128,3,1234,16,0,65,1140563,13500,938001,25452,5512164,3204808,1,180,2.44913,0.0118363,4.61742,0.170169,0.0271343,1.71997,0.581407
tile_16,tile,16,128,128,3,1234,17,0,83,1065457,16111,859439,24005,5025739,3044400,2,179,3.2057,0.0151212,4.77641,0.171007,0.027931,1.65081,0.605762
tile_16,tile,16,128,128,3,1234,18,0,66,1122202,13206,923540,25042,5430558,3048751,1,177,2.43179,0.0117679,4.61131,0.170064,0.0271152,1.78124,0.561407
tile_16,tile,16,128,128,3,1234,19,0,100,983234,14801,785827,21573,4576017,2878601,1,179,3.23447,0.0150534,4.71436,0.171727,0.0274526,1.58967,0.629063
tile_16,tile,16,128,128,3,1234,20,0,65,1140866,13306,938629,24770,5519938,2999628,1,179,2.41053,0.0116631,4.48737,0.170043,0.0263896,1.84021,0.543417
tile_16,tile,16,256,256,3,1234,1,0,81,2550470,15904,2177117,53945,13094889,5528542,1,328,1.21452,0.00623571,4.11955,0.166257,0.0247782,2.3686,0.422191
tile_16,tile,16,256,256,3,1234,2,0,100,2320176,18580,1950109,48578,11664758,5389220,1,328,1.59283,0.00800801,4.16451,0.16718,0.0249104,2.16446,0.462009
tile_16,tile,16,256,256,3,1234,3,0,80,2582304,15919,2202976,53398,13262781,5548400,1,327,1.20028,0.00616465,4.02615,0.166102,0.024239,2.39038,0.418344
tile_16,tile,16,256,256,3,1234,4,0,85,2515231,16013,2138419,53091,12839012,5554716,2,326,1.24721,0.00636641,4.13513,0.166556,0.0248272,2.31137,0.432644
tile_16,tile,16,256,256,3,1234,5,0,81,2549689,15574,2176618,54665,13096302,5566239,1,328,1.18919,0.0061082,4.17408,0.166201,0.0251147,2.35281,0.425024
tile_16,tile,16,256,256,3,1234,6,0,81,2545390,15399,2172392,53767,13068348,5736522,1,330,1.17834,0.00604976,4.11429,0.166233,0.0247501,2.2781,0.438963
tile_16,tile,16,256,256,3,1234,7,0,100,2321463,18592,1950210,50795,11670984,5714146,1,328,1.59301,0.00800874,4.35225,0.167099,0.0260459,2.04247,0.489603
tile_16,tile,16,256,256,3,1234,8,0,81,2555358,15941,2180674,53833,13119659,5464854,1,327,1.21505,0.00623826,4.10323,0.166214,0.0246864,2.40073,0.416539
tile_16,tile,16,256,256,3,1234,9,0,81,2545373,15353,2172457,56447,13070401,5600754,1,328,1.17464,0.00603173,4.31869,0.166212,0.025983,2.33369,0.428507
tile_16,tile,16,256,256,3,1234,10,0,100,2313346,17567,1943989,49385,11633141,5303379,0,327,1.51008,0.00759376,4.2452,0.167108,0.025404,2.19353,0.455885
tile_16,tile,16,256,256,3,1234,11,0,88,2461989,17535,2088302,53640,12537733,5640390,3,327,1.39858,0.00712229,4.27829,0.166561,0.0256859,2.22285,0.449873
tile_16,tile,16,256,256,3,1234,12,0,96,2372746,18541,1999290,49612,11964426,5496501,2,325,1.54968,0.00781415,4.14663,0.167103,0.0248148,2.17673,0.459404
tile_16,tile,16,256,256,3,1234,13,0,81,2559619,14948,2184619,56701,13146502,5638464,1,327,1.13703,0.00583993,4.31301,0.166175,0.0259546,2.33158,0.428895
tile_16,tile,16,256,256,3,1234,14,0,100,2317182,18566,1946512,48720,11650073,5491202,1,325,1.59364,0.00801232,4.18195,0.167082,0.0250294,2.12159,0.471345
tile_16,tile,16,256,256,3,1234,15,0,100,2317287,17305,1947517,49089,11651577,5284000,0,326,1.48521,0.00746778,4.21308,0.167146,0.0252059,2.20507,0.453501
tile_16,tile,16,256,256,3,1234,16,0,82,2533050,14203,2162177,55407,13008283,5488773,1,326,1.09184,0.00560707,4.25936,0.166215,0.0256256,2.36998,0.421944
tile_16,tile,16,256,256,3,1234,17,0,82,2527143,14838,2156635,54263,12978506,5586693,1,328,1.14327,0.00587145,4.18099,0.16617,0.025161,2.32311,0.430457
tile_16,tile,16,256,256,3,1234,18,0,89,2461196,17995,2081714,53494,12485271,5766730,2,326,1.4413,0.00731149,4.28457,0.166734,0.0256971,2.16505,0.461883
tile_16,tile,16,256,256,3,1234,19,0,100,2315681,18775,1945951,50714,11645842,5704559,1,325,1.61216,0.00810777,4.35469,0.167094,0.0260613,2.0415,0.489837
tile_16,tile,16,256,256,3,1234,20,0,81,2544315,14512,2172270,53181,13066991,5431275,1,325,1.11058,0.0057037,4.06987,0.166241,0.0244818,2.40588,0.415648
tile_16,tile,16,512,512,3,1234,1,0,93,7906461,31115,6851808,162091,41585762,15656025,2,905,0.748213,0.00393539,3.89775,0.164763,0.0236567,2.65621,0.376476
tile_16,tile,16,512,512,3,1234,2,0,93,7873882,27791,6822612,167262,41418213,16179019,1,905,0.670985,0.00352952,4.03837,0.164725,0.0245158,2.56,0.390626
tile_16,tile,16,512,512,3,1234,3,0,100,7618915,33886,6568304,160723,39800780,15507657,0,903,0.85139,0.00444761,4.03819,0.16503,0.0244695,2.56652,0.389632
tile_16,tile,16,512,512,3,1234,4,0,95,7824505,32176,6765450,161816,41035434,15665702,2,904,0.784103,0.00411221,3.94332,0.164868,0.023918,2.61944,0.38176
tile_16,tile,16,512,512,3,1234,5,0,98,7697876,36527,6637470,162446,40226744,15808108,3,903,0.908028,0.00474508,4.03826,0.165001,0.0244741,2.54469,0.392975
tile_16,tile,16,512,512,3,1234,6,0,92,7986080,30536,6920972,169337,42013151,16087554,1,903,0.72682,0.00382365,4.03057,0.164733,0.0244672,2.61153,0.382917
tile_16,tile,16,512,512,3,1234,7,0,92,7967549,32101,6902752,170166,41905916,15976876,1,904,0.766025,0.00402897,4.06067,0.16472,0.0246519,2.62291,0.381256
tile_16,tile,16,512,512,3,1234,8,0,100,7623392,36449,6571666,158825,39820690,15436975,0,905,0.915328,0.00478121,3.9885,0.165031,0.0241681,2.57957,0.387662
tile_16,tile,16,512,512,3,1234,9,0,95,7757702,30918,6722273,167619,40807722,15631026,1,904,0.757651,0.00398546,4.10753,0.16473,0.0249349,2.61069,0.383041
tile_16,tile,16,512,512,3,1234,10,0,100,7622114,36178,6570663,162466,39816395,15650494,1,903,0.908621,0.00474645,4.08038,0.165024,0.024726,2.5441,0.393067
tile_16,tile,16,512,512,3,1234,11,0,95,7836461,34744,6772809,169692,41083730,15931661,2,904,0.845688,0.00443363,4.13039,0.164854,0.0250549,2.57875,0.387785
tile_16,tile,16,512,512,3,1234,12,0,93,7932957,30692,6874207,168976,41731190,15765402,1,903,0.735469,0.00386892,4.04915,0.164726,0.0245812,2.64701,0.377785
tile_16,tile,16,512,512,3,1234,13,0,92,7958532,32045,6896154,169643,41864640,16103069,1,903,0.765443,0.0040265,4.05218,0.164725,0.0245997,2.59979,0.384646
tile_16,tile,16,512,512,3,1234,14,0,93,7928415,32111,6869712,167658,41703806,15855202,1,905,0.769978,0.00405012,4.02021,0.164726,0.0244054,2.63029,0.380186
tile_16,tile,16,512,512,3,1234,15,0,93,7886768,31778,6833716,166956,41484426,15890628,1,903,0.766022,0.00402928,4.02455,0.16473,0.0244312,2.61062,0.38305
tile_16,tile,16,512,512,3,1234,16,0,92,7949345,31882,6887911,170573,41815112,15993718,1,905,0.762452,0.00401064,4.07922,0.164723,0.0247641,2.61447,0.382487
tile_16,tile,16,512,512,3,1234,17,0,94,7886372,32250,6830411,166894,41452480,16018776,2,902,0.777999,0.00408933,4.02615,0.164777,0.024434,2.58774,0.386437
tile_16,tile,16,512,512,3,1234,18,0,100,7634649,36950,6579549,163183,39867623,15808740,2,904,0.926817,0.00483978,4.09312,0.165035,0.0248015,2.52187,0.396531
tile_16,tile,16,512,512,3,1234,19,0,93,7922985,32263,6864782,169630,41675491,15866513,1,906,0.774148,0.00407208,4.07026,0.16472,0.0247102,2.62663,0.380716
tile_16,tile,16,512,512,3,1234,20,0,93,7909501,31400,6850328,165776,41586570,15740140,2,905,0.755051,0.00396991,3.98629,0.164725,0.0241997,2.64207,0.378491
tile_16,tile,16,1024,1024,3,1234,1,0,97,29361521,148512,25551522,607820,155515863,57742498,1,3211,0.954964,0.00505805,3.90841,0.164302,0.023788,2.69327,0.371297
tile_16,tile,16,1024,1024,3,1234,2,0,98,29111263,146045,25334232,618714,154190502,58516450,1,3211,0.947172,0.00501679,4.01266,0.164305,0.0244221,2.63499,0.379507
tile_16,tile,16,1024,1024,3,1234,3,0,96,29488771,140176,25661928,617854,156184841,59187724,1,3210,0.897501,0.00475354,3.95592,0.164305,0.0240767,2.6388,0.378959
tile_16,tile,16,1024,1024,3,1234,4,0,97,29404928,146438,25590347,621559,155751509,58205661,1,3207,0.940203,0.00498005,3.99071,0.164302,0.0242888,2.67588,0.373708
tile_16,tile,16,1024,1024,3,1234,5,0,96,29504413,150536,25674992,622623,156265942,59097285,1,3209,0.963332,0.00510215,3.98438,0.164303,0.0242502,2.64422,0.378184
tile_16,tile,16,1024,1024,3,1234,6,0,97,29372852,145159,25561775,616285,155578778,58394859,1,3208,0.933026,0.00494194,3.96124,0.164301,0.0241096,2.66425,0.375339
tile_16,tile,16,1024,1024,3,1234,7,0,97,29392304,144885,25579445,618413,155682931,57714210,1,3208,0.930642,0.00492935,3.97226,0.164305,0.0241762,2.69748,0.370716
tile_16,tile,16,1024,1024,3,1234,8,0,97,29414830,146537,25598947,610759,155803017,58001843,1,3209,0.940527,0.00498174,3.92007,0.164303,0.0238588,2.68617,0.372277
tile_16,tile,16,1024,1024,3,1234,9,0,97,29394796,150094,25579743,617568,155684469,58139075,1,3210,0.964091,0.00510614,3.96679,0.164305,0.0241429,2.67779,0.373442
tile_16,tile,16,1024,1024,3,1234,10,0,97,29415733,146437,25599733,619057,155805432,60225638,1,3208,0.939871,0.00497819,3.97327,0.164306,0.0241822,2.58703,0.386544
tile_16,tile,16,1024,1024,3,1234,11,0,97,29437965,147513,25618640,622973,155922553,58117157,1,3211,0.946066,0.00501098,3.9954,0.164304,0.0243172,2.6829,0.372731
tile_16,tile,16,1024,1024,3,1234,12,0,96,29513522,145488,25685188,619733,156327225,58073918,2,3208,0.930663,0.00492954,3.96433,0.164304,0.024128,2.69187,0.371489
tile_16,tile,16,1024,1024,3,1234,13,0,97,29446452,148017,25625480,616515,155965501,58169695,1,3210,0.949037,0.00502665,3.95289,0.164302,0.0240587,2.68122,0.372965
tile_16,tile,16,1024,1024,3,1234,14,0,97,29393440,140698,25579449,603121,155684227,62068936,1,3211,0.90374,0.00478671,3.874,0.164303,0.0235783,2.50825,0.398685
tile_16,tile,16,1024,1024,3,1234,15,0,100,28832048,151228,25056644,608452,152427419,57208213,1,3210,0.992131,0.00524514,3.99175,0.164384,0.0242831,2.66443,0.375314
tile_16,tile,16,1024,1024,3,1234,16,0,97,29363860,144372,25551116,613867,155488980,58554096,1,3209,0.928503,0.00491666,3.94798,0.164328,0.0240251,2.65548,0.37658
tile_16,tile,16,1024,1024,3,1234,17,0,97,29261622,148129,25459118,615378,154927426,60006722,2,3208,0.956119,0.00506223,3.97204,0.164329,0.0241712,2.58183,0.387321
tile_16,tile,16,1024,1024,3,1234,18,0,97,29468043,147192,25644900,610249,156079888,58607646,1,3210,0.943056,0.00499497,3.90985,0.164306,0.0237961,2.66313,0.375498
tile_16,tile,16,1024,1024,3,1234,19,0,97,29466218,146068,25643591,624027,156075289,59021507,1,3207,0.935882,0.00495713,3.99824,0.164303,0.0243346,2.64438,0.37816
tile_16,tile,16,1024,1024,3,1234,20,0,96,29490480,148561,25663993,600968,156202992,58948628,2,3208,0.951077,0.00503759,3.84735,0.164299,0.0234168,2.64982,0.377385
tile_16,tile,16,2048,2048,3,1234,1,0,98,114791519,591572,100011836,2405608,609118612,227037201,1,12426,0.971193,0.00515345,3.94933,0.164191,0.0240532,2.6829,0.372731
tile_16,tile,16,2048,2048,3,1234,2,0,99,114504659,538158,99765083,2357179,607612923,226592327,2,12429,0.885692,0.00469988,3.87941,0.164192,0.0236273,2.68152,0.372922
tile_16,tile,16,2048,2048,3,1234,3,0,99,114525271,543671,99782832,2400110,607719484,226534266,1,12429,0.894608,0.00474717,3.94937,0.164192,0.0240533,2.68268,0.372761
tile_16,tile,16,2048,2048,3,1234,4,0,99,114538787,574364,99794256,2402380,607790770,226014406,2,12429,0.945003,0.00501458,3.95264,0.164192,0.0240733,2.68917,0.371862
tile_16,tile,16,2048,2048,3,1234,5,0,99,114507467,564944,99765788,2334821,607616476,227504822,1,12431,0.929771,0.00493369,3.84259,0.164192,0.023403,2.67079,0.374422
tile_16,tile,16,2048,2048,3,1234,6,0,98,114577754,594399,99828654,2340649,607999406,227251859,1,12429,0.977631,0.00518773,3.84976,0.164192,0.0234467,2.67544,0.37377
tile_16,tile,16,2048,2048,3,1234,7,0,99,114508634,599206,99767587,2341998,607630062,226940152,1,12430,0.986136,0.00523285,3.85432,0.164191,0.0234745,2.67749,0.373484
tile_16,tile,16,2048,2048,3,1234,8,0,99,114190746,614241,99482984,2409842,605900997,226950475,2,12430,1.01376,0.00537908,3.97729,0.16419,0.0242237,2.66975,0.374567
tile_16,tile,16,2048,2048,3,1234,9,0,99,114514240,605055,99770244,2401955,607648503,226382799,2,12428,0.995732,0.00528367,3.95287,0.164191,0.0240749,2.68416,0.372556
tile_16,tile,16,2048,2048,3,1234,10,0,99,114279487,585737,99547933,2406852,606266667,226192246,2,12429,0.966138,0.00512548,3.96996,0.164198,0.0241778,2.68032,0.37309
tile_16,tile,16,2048,2048,3,1234,11,0,99,114192680,576234,99492028,2388077,605955682,225724793,1,12428,0.950951,0.00504616,3.94101,0.16419,0.0240027,2.68449,0.37251
tile_16,tile,16,2048,2048,3,1234,12,0,99,114164009,557687,99466939,2397137,605796909,226426892,1,12427,0.920584,0.00488496,3.957,0.164192,0.0240998,2.67546,0.373767
tile_16,tile,16,2048,2048,3,1234,13,0,98,114590411,555047,99840820,2344434,608070248,227453829,2,12431,0.912801,0.00484375,3.85553,0.164193,0.0234817,2.67338,0.374058
tile_16,tile,16,2048,2048,3,1234,14,0,99,114448900,564403,99715017,2398248,607308586,225800794,2,12432,0.929351,0.00493148,3.94898,0.164192,0.024051,2.68958,0.371806
tile_16,tile,16,2048,2048,3,1234,15,0,99,114458172,568978,99725862,2415684,607368511,225667453,1,12431,0.936792,0.00497106,3.9773,0.164193,0.0242232,2.69143,0.371549
tile_16,tile,16,2048,2048,3,1234,16,0,99,114462608,574646,99725769,2386476,607374741,226269145,2,12432,0.946114,0.00502038,3.92917,0.164191,0.0239304,2.6843,0.372536
tile_16,tile,16,2048,2048,3,1234,17,0,99,114538671,570586,99794584,2408699,607789306,225546296,2,12428,0.938789,0.0049816,3.96305,0.164193,0.0241366,2.69474,0.371093
tile_16,tile,16,2048,2048,3,1234,18,0,99,114478922,582061,99741487,2384314,607467776,226031702,1,12433,0.958176,0.00508444,3.925,0.164192,0.0239049,2.68753,0.372088
tile_16,tile,16,2048,2048,3,1234,19,0,98,114578804,575321,99828818,2363232,608003064,227138539,1,12427,0.946247,0.00502118,3.88688,0.164191,0.0236728,2.67679,0.373581
tile_16,tile,16,2048,2048,3,1234,20,0,99,114589255,574514,99805735,2347630,607983931,227999542,1,12429,0.944949,0.00501368,3.86134,0.164159,0.023522,2.6666,0.375009
tile_16,tile,16,4096,4096,3,1234,1,0,99,454245163,2301282,395848441,9416456,2411494765,910238472,2,49300,0.954297,0.00506617,3.90482,0.164151,0.023788,2.6493,0.377458
tile_16,tile,16,4096,4096,3,1234,2,0,99,454087880,2297701,395719628,9313511,2410639183,906724461,3,49300,0.95315,0.00506004,3.8635,0.164155,0.0235356,2.65862,0.376134
tile_16,tile,16,4096,4096,3,1234,3,0,100,453174017,2285607,394886013,9341919,2405491451,903720124,3,49298,0.950162,0.00504355,3.88358,0.16416,0.0236573,2.66177,0.37569
tile_16,tile,16,4096,4096,3,1234,4,0,99,454096457,2327884,395727059,9216262,2410684294,911817306,2,49301,0.965653,0.00512641,3.82309,0.164155,0.0232894,2.64382,0.37824
tile_16,tile,16,4096,4096,3,1234,5,0,99,453779968,2292729,395445922,9357732,2408970971,905492153,4,49301,0.951746,0.00505251,3.88453,0.164156,0.0236637,2.6604,0.375883
tile_16,tile,16,4096,4096,3,1234,6,0,99,453852751,2282028,395513933,9496421,2409383640,903708829,2,49303,0.947142,0.00502812,3.94143,0.164156,0.0240103,2.66611,0.375079
tile_16,tile,16,4096,4096,3,1234,7,0,99,454021058,2294109,395661828,9474780,2410283203,902680108,2,49302,0.951801,0.00505287,3.93098,0.164156,0.0239467,2.67014,0.374512
tile_16,tile,16,4096,4096,3,1234,8,0,99,454062043,2263944,395696365,9215901,2410500092,907690926,3,49304,0.939201,0.00498598,3.82323,0.164155,0.0232903,2.65564,0.376557
tile_16,tile,16,4096,4096,3,1234,9,0,99,454070752,2279952,395705187,9355277,2410542769,905938064,4,49301,0.945825,0.00502114,3.88098,0.164156,0.023642,2.66083,0.375823
tile_16,tile,16,4096,4096,3,1234,10,0,99,454127658,2284829,395756306,9491373,2410864508,902963574,2,49302,0.947722,0.00503125,3.93692,0.164155,0.0239829,2.66995,0.374539
tile_16,tile,16,4096,4096,3,1234,11,0,99,453725111,2272246,395405569,9306287,2408721521,905786585,2,49303,0.943341,0.00500798,3.86358,0.164156,0.0235361,2.65926,0.376045
tile_16,tile,16,4096,4096,3,1234,12,0,99,453306607,2284314,395011839,9257448,2406244841,905681087,4,49302,0.949327,0.00503923,3.84726,0.164161,0.0234359,2.65683,0.376388
tile_16,tile,16,4096,4096,3,1234,13,0,99,453754648,2279125,395426252,9343108,2408848161,905917555,3,49301,0.946147,0.00502281,3.87866,0.164156,0.0236279,2.65901,0.376079
tile_16,tile,16,4096,4096,3,1234,14,0,99,453860256,2273339,395518936,9365630,2409393002,904429576,3,49302,0.943532,0.0050089,3.88713,0.164157,0.0236793,2.66399,0.375377
tile_16,tile,16,4096,4096,3,1234,15,0,99,454034327,2292633,395674056,9374745,2410353005,906202615,2,49302,0.951161,0.00504947,3.88937,0.164156,0.0236931,2.65984,0.375963
tile_16,tile,16,4096,4096,3,1234,16,0,99,453528184,2283577,395211507,9434487,2407481988,902208454,5,49301,0.948533,0.00503514,3.91882,0.16416,0.023872,2.66843,0.374752
tile_16,tile,16,4096,4096,3,1234,17,0,99,453695037,2280687,395373550,9277894,2408537248,906502313,2,49298,0.946918,0.00502692,3.85209,0.164155,0.0234661,2.65696,0.37637
tile_16,tile,16,4096,4096,3,1234,18,0,99,454126667,2296084,395754019,9393342,2410840154,903192086,3,49302,0.9524,0.00505604,3.89629,0.164156,0.0237353,2.66924,0.374638
tile_16,tile,16,4096,4096,3,1234,19,0,99,454091036,2281159,395723219,9396379,2410654199,905564716,3,49299,0.946282,0.00502357,3.89785,0.164156,0.0237448,2.66205,0.375651
tile_16,tile,16,4096,4096,3,1234,20,0,99,453649915,2283316,395339145,9253512,2408310651,906584929,2,49302,0.948099,0.00503321,3.84232,0.164156,0.0234065,2.65646,0.37644
tile_16,tile,16,8192,8192,3,1234,1,0,99,1812977085,9295729,1580167199,36700818,9626889639,3632289985,8,196774,0.9656,0.00512733,3.81232,0.164141,0.0232259,2.65036,0.377307
tile_16,tile,16,8192,8192,3,1234,2,0,99,1812517758,9490973,1579788640,37562124,9624597077,3613897411,5,196774,0.986116,0.00523635,3.90272,0.164141,0.0237767,2.66322,0.375486
tile_16,tile,16,8192,8192,3,1234,3,0,99,1813291159,9566000,1580457699,35911048,9628680434,3638840699,8,196773,0.99349,0.00527549,3.72959,0.164141,0.0227219,2.64608,0.377917
tile_16,tile,16,8192,8192,3,1234,4,0,99,1812820287,9526326,1580047528,37171196,9626217804,3622595561,7,196772,0.989623,0.00525498,3.86145,0.16414,0.0235254,2.65727,0.376326
tile_16,tile,16,8192,8192,3,1234,5,0,99,1813081353,9447141,1580274338,36779979,9627579897,3618231234,8,196771,0.981258,0.00521054,3.82027,0.16414,0.0232744,2.66085,0.375819
tile_16,tile,16,8192,8192,3,1234,6,0,99,1812930490,9509770,1580145921,37455051,9626764014,3607425276,7,196774,0.987847,0.00524552,3.89072,0.164141,0.0237035,2.6686,0.374729
tile_16,tile,16,8192,8192,3,1234,7,0,99,1812911425,9538398,1580126889,37122433,9626676897,3628068020,6,196775,0.99083,0.00526137,3.8562,0.16414,0.0234933,2.65339,0.376876
tile_16,tile,16,8192,8192,3,1234,8,0,99,1812944964,9441621,1580157207,37164797,9626910832,3614152736,9,196773,0.980753,0.00520789,3.86051,0.16414,0.0235197,2.66367,0.375422
tile_16,tile,16,8192,8192,3,1234,9,0,99,1812472109,9468215,1579744558,36888924,9624341945,3615819331,6,196775,0.983778,0.00522392,3.83288,0.164141,0.0233512,2.66173,0.375695
tile_16,tile,16,8192,8192,3,1234,10,0,99,1812756707,9441014,1579993384,36774327,9625855433,3627797617,8,196772,0.980797,0.0052081,3.82037,0.164141,0.023275,2.65336,0.376881
tile_16,tile,16,8192,8192,3,1234,11,0,99,1813040020,9494810,1580236163,37259092,9627355518,3615819929,7,196773,0.986232,0.00523696,3.87013,0.16414,0.0235782,2.66256,0.375578
tile_16,tile,16,8192,8192,3,1234,12,0,99,1812550280,9441944,1579813178,37053336,9624772672,3610221290,8,196773,0.981004,0.0052092,3.84979,0.16414,0.0234543,2.66598,0.375097
tile_16,tile,16,8192,8192,3,1234,13,0,100,1811957432,9465656,1579264891,37090897,9621353906,3612684165,9,196774,0.983817,0.00522399,3.85506,0.164142,0.0234862,2.66321,0.375486
tile_16,tile,16,8192,8192,3,1234,14,0,99,1813326261,9458988,1580484065,36968220,9628847387,3633541701,6,196772,0.982359,0.00521637,3.83932,0.164141,0.0233904,2.64999,0.37736
tile_16,tile,16,8192,8192,3,1234,15,0,99,1812834604,9481245,1580057353,36620690,9626268369,3625286126,9,196770,0.984935,0.00523007,3.80425,0.16414,0.0231768,2.65531,0.376603
tile_16,tile,16,8192,8192,3,1234,16,0,99,1812571785,9517724,1579826337,37082873,9624854242,3617327771,7,196775,0.988869,0.00525095,3.85282,0.16414,0.0234728,2.66076,0.375832
tile_16,tile,16,8192,8192,3,1234,17,0,99,1812789535,9475327,1580015764,37322344,9626029781,3615755513,7,196771,0.984344,0.00522693,3.87723,0.16414,0.0236215,2.66225,0.375623
tile_16,tile,16,8192,8192,3,1234,18,0,99,1812600708,9494448,1579849504,36792938,9625011896,3631814598,8,196775,0.986435,0.00523803,3.82264,0.16414,0.0232889,2.65019,0.377331
tile_16,tile,16,8192,8192,3,1234,19,0,99,1813010361,9486479,1580214843,37072136,9627198968,3615306150,7,196773,0.985383,0.00523245,3.85077,0.164141,0.0234602,2.6629,0.37553
tile_16,tile,16,8192,8192,3,1234,20,0,99,1812594114,9491172,1579842450,36979434,9624952249,3627029048,10,196772,0.986101,0.00523624,3.84204,0.16414,0.023407,2.65367,0.376836
tile_16,tile,16,16384,16384,3,1234,1,0,99,7249150313,45770339,6319433088,150237920,38501233883,14359725176,24,786626,1.1888,0.00631389,3.90216,0.164136,0.023774,2.6812,0.372968
tile_16,tile,16,16384,16384,3,1234,2,0,99,7248785479,45604234,6319042190,148360341,38498824193,14412067002,29,786630,1.18456,0.00629129,3.85363,0.164136,0.0234783,2.67129,0.374351
tile_16,tile,16,16384,16384,3,1234,3,0,99,7249137279,45638807,6319359369,149011103,38500678385,14395724447,30,786627,1.1854,0.00629576,3.87035,0.164136,0.0235801,2.67445,0.373908
tile_16,tile,16,16384,16384,3,1234,4,0,99,7248958655,45395825,6319205304,148435986,38499874559,14402307368,28,786628,1.17912,0.00626239,3.85549,0.164136,0.0234897,2.67317,0.374087
tile_16,tile,16,16384,16384,3,1234,5,0,99,7248921224,45597339,6319165259,148344626,38499584442,14421314598,32,786630,1.18436,0.00629022,3.85315,0.164136,0.0234754,2.66963,0.374584
tile_16,tile,16,16384,16384,3,1234,6,0,99,7249063161,45413309,6319293668,149218353,38500331238,14385915148,32,786630,1.17956,0.00626471,3.87577,0.164136,0.0236131,2.67625,0.373657
tile_16,tile,16,16384,16384,3,1234,7,0,99,7249106604,45355857,6319326674,147486737,38500509622,14425364926,31,786628,1.17806,0.00625675,3.83077,0.164136,0.023339,2.66895,0.37468
tile_16,tile,16,16384,16384,3,1234,8,0,99,7248624044,45445970,6318908473,147759798,38498052917,14435465524,30,786627,1.18047,0.0062696,3.83811,0.164136,0.0233838,2.66691,0.374966
tile_16,tile,16,16384,16384,3,1234,9,0,99,7248533428,45460523,6318842219,148508245,38497638897,14395284828,33,786628,1.18087,0.00627169,3.85759,0.164136,0.0235024,2.67432,0.373926
tile_16,tile,16,16384,16384,3,1234,10,0,99,7248781140,46032195,6319050603,148514489,38498842893,14414741645,30,786630,1.19568,0.00635034,3.85764,0.164136,0.0235027,2.6708,0.37442
tile_16,tile,16,16384,16384,3,1234,11,0,99,7248974034,45332717,6319225051,148351098,38499978794,14400120164,32,786632,1.17747,0.00625367,3.85328,0.164136,0.0234762,2.67359,0.374029
tile_16,tile,16,16384,16384,3,1234,12,0,99,7248455190,45574658,6318758664,148676946,38497041595,14393754001,34,786628,1.18385,0.0062875,3.86204,0.164136,0.0235295,2.67457,0.373892
tile_16,tile,16,16384,16384,3,1234,13,0,99,7248992010,45528836,6319244158,148915401,38500085630,14394262718,33,786627,1.18256,0.00628071,3.86792,0.164136,0.0235654,2.67468,0.373876
tile_16,tile,16,16384,16384,3,1234,14,0,99,7248683025,45386836,6318970170,148843923,38498345853,14384113002,33,786628,1.17893,0.00626139,3.86624,0.164136,0.0235551,2.67645,0.373629
tile_16,tile,16,16384,16384,3,1234,15,0,99,7249046081,45323811,6319286362,146861017,38500289060,14433132068,32,786628,1.17723,0.00625238,3.81454,0.164136,0.0232401,2.66749,0.374884
tile_16,tile,16,16384,16384,3,1234,16,0,100,7248222996,45573436,6318529702,147859028,38495585543,14430559658,34,786628,1.18386,0.00628753,3.84093,0.164136,0.0234009,2.66764,0.374863
tile_16,tile,16,16384,16384,3,1234,17,0,99,7248944276,45587382,6319205009,148769511,38499867949,14397776547,33,786630,1.18409,0.00628883,3.86416,0.164136,0.0235424,2.67401,0.37397
tile_16,tile,16,16384,16384,3,1234,18,0,99,7248579889,45455366,6318880904,149304411,38497908884,14382591209,30,786627,1.18072,0.00627093,3.87825,0.164136,0.0236283,2.6767,0.373594
tile_16,tile,16,16384,16384,3,1234,19,0,99,7249062475,45515051,6319299488,149208440,38500392363,14393334844,33,786632,1.1822,0.00627875,3.8755,0.164136,0.0236115,2.67488,0.373849
tile_16,tile,16,16384,16384,3,1234,20,0,99,7248841677,45546417,6319113637,148592337,38499207783,14390197705,29,786629,1.18305,0.00628327,3.85962,0.164136,0.0235147,2.67538,0.373779
tile_32,tile,32,64,64,3,1234,1,0,56,737729,17895,579529,18314,3299551,2681643,2,144,5.42347,0.0242569,5.55045,0.175639,0.0316015,1.23042,0.81273
tile_32,tile,32,64,64,3,1234,2,0,68,683405,16408,535757,16199,3033065,2751331,1,142,5.40971,0.0240092,5.3408,0.176639,0.0302357,1.1024,0.907112
tile_32,tile,32,64,64,3,1234,3,0,57,719629,16255,566020,18110,3216366,2640495,1,144,5.05384,0.022588,5.63058,0.175981,0.0319953,1.21809,0.820956
tile_32,tile,32,64,64,3,1234,4,0,66,688236,15314,540144,17744,3059082,2603292,2,141,5.00608,0.0222511,5.80043,0.176571,0.0328505,1.17508,0.851004
tile_32,tile,32,64,64,3,1234,5,0,57,722646,16257,567680,18008,3231415,2497642,1,143,5.03092,0.0224965,5.57279,0.175675,0.0317221,1.29379,0.772925
tile_32,tile,32,64,64,3,1234,6,0,53,780411,19005,614093,19372,3489320,2859365,1,142,5.44662,0.0243526,5.5518,0.175992,0.0315457,1.22031,0.819462
tile_32,tile,32,64,64,3,1234,7,0,95,663379,17199,508533,15471,2877945,2359055,1,143,5.97614,0.0259264,5.37571,0.1767,0.0304228,1.21996,0.819701
tile_32,tile,32,64,64,3,1234,8,0,58,714212,16183,559635,17732,3194189,2490025,1,140,5.06639,0.0226585,5.55133,0.175204,0.0316849,1.28279,0.779548
tile_32,tile,32,64,64,3,1234,9,0,59,720326,17450,562984,17810,3210816,2601209,1,142,5.43476,0.0242251,5.54688,0.17534,0.031635,1.23436,0.81014
tile_32,tile,32,64,64,3,1234,10,0,57,708220,16906,557106,17548,3169891,2464487,1,141,5.33331,0.0238711,5.53584,0.175749,0.0314985,1.28623,0.777467
tile_32,tile,32,64,64,3,1234,11,0,58,707771,14738,556795,17681,3162147,2543371,1,143,4.66076,0.0208231,5.59145,0.176081,0.031755,1.24329,0.804318
tile_32,tile,32,64,64,3,1234,12,0,58,714623,17174,561339,17740,3196084,2488687,1,142,5.37345,0.0240323,5.55054,0.175633,0.031603,1.28425,0.778668
tile_32,tile,32,64,64,3,1234,13,0,58,711024,16720,558878,17806,3180701,2524029,1,143,5.2567,0.0235154,5.59814,0.175709,0.0318603,1.26017,0.793545
tile_32,tile,32,64,64,3,1234,14,0,57,723503,16217,568466,17887,3233241,2608359,1,145,5.01571,0.0224146,5.53222,0.175819,0.0314654,1.23957,0.806732
tile_32,tile,32,64,64,3,1234,15,0,59,698231,16963,549295,17096,3121080,2722989,1,142,5.43498,0.0242943,5.47759,0.175995,0.0311235,1.1462,0.872451
tile_32,tile,32,64,64,3,1234,16,0,58,711157,14911,557943,17156,3178341,2421121,1,143,4.69144,0.0209672,5.39778,0.175545,0.0307487,1.31276,0.761756
tile_32,tile,32,64,64,3,1234,17,0,55,742693,15000,584257,15505,3321268,2378878,1,143,4.51635,0.0201968,4.6684,0.175914,0.026538,1.39615,0.716256
tile_32,tile,32,64,64,3,1234,18,0,53,765624,15145,602362,15604,3428370,2608100,1,141,4.41755,0.0197813,4.55143,0.175699,0.0259047,1.31451,0.760741
tile_32,tile,32,64,64,3,1234,19,0,51,802569,16075,631555,15149,3587808,2560788,1,141,4.48045,0.0200294,4.22236,0.176028,0.0239868,1.40106,0.713747
tile_32,tile,32,64,64,3,1234,20,0,100,649138,14390,495449,14177,2811596,2232562,1,140,5.11809,0.0221679,5.04233,0.176216,0.0286144,1.25936,0.794055
tile_32,tile,32,128,128,3,1234,1,0,64,1145640,13897,949440,23733,5571271,2909820,1,179,2.4944,0.0121303,4.25989,0.170417,0.0249968,1.91464,0.52229
tile_32,tile,32,128,128,3,1234,2,0,65,1139607,13635,943951,25762,5540685,3120795,1,179,2.46089,0.0119647,4.64961,0.170367,0.0272917,1.77541,0.563251
tile_32,tile,32,128,128,3,1234,3,0,66,1114204,13838,921693,23531,5417287,3060555,1,178,2.55442,0.0124196,4.34369,0.170139,0.0255302,1.77003,0.564961
tile_32,tile,32,128,128,3,1234,4,0,63,1173722,14082,972604,25330,5706544,3269073,1,177,2.46769,0.0119977,4.43876,0.170437,0.0260435,1.74562,0.572864
tile_32,tile,32,128,128,3,1234,5,0,61,1216703,14279,1007672,26204,5917848,3353953,1,179,2.41287,0.0117358,4.42796,0.170277,0.0260045,1.76444,0.566752
tile_32,tile,32,128,128,3,1234,6,0,65,1135615,13718,941479,23026,5525826,3056606,1,175,2.48252,0.0120798,4.16698,0.170378,0.0244573,1.80783,0.553149
tile_32,tile,32,128,128,3,1234,7,0,64,1151410,15233,953637,27084,5600631,3553564,1,177,2.71987,0.0132299,4.83588,0.170273,0.0284007,1.57606,0.634494
tile_32,tile,32,128,128,3,1234,8,0,67,1107395,13531,917350,26034,5384076,3038866,1,179,2.51315,0.0122188,4.83537,0.170382,0.0283796,1.77174,0.564417
tile_32,tile,32,128,128,3,1234,9,0,66,1120982,13397,928268,23028,5447942,2976585,1,180,2.45909,0.0119511,4.22692,0.170389,0.0248075,1.83027,0.546369
tile_32,tile,32,128,128,3,1234,10,0,65,1140182,13652,944310,24118,5545461,3030662,1,178,2.46183,0.0119735,4.34914,0.170285,0.0255403,1.82979,0.546512
tile_32,tile,32,128,128,3,1234,11,0,65,1123305,13719,931306,25881,5466102,3087141,1,177,2.50983,0.0122131,4.73482,0.170378,0.02779,1.7706,0.564779
tile_32,tile,32,128,128,3,1234,12,0,65,1122011,13754,929903,23183,5457859,2966447,1,175,2.52004,0.0122583,4.24764,0.170379,0.0249306,1.83986,0.543518
tile_32,tile,32,128,128,3,1234,13,0,65,1138464,13947,943203,26148,5535411,3245113,1,177,2.5196,0.0122507,4.72377,0.170394,0.0277226,1.70577,0.586246
tile_32,tile,32,128,128,3,1234,14,0,59,1251831,14760,1036730,27278,6086818,3450701,1,180,2.42491,0.0117907,4.48149,0.170324,0.0263116,1.76394,0.566914
tile_32,tile,32,128,128,3,1234,15,0,67,1108218,13261,917775,24027,5389574,2918519,1,180,2.46049,0.0119661,4.45805,0.170287,0.0261796,1.84668,0.541512
tile_32,tile,32,128,128,3,1234,16,0,66,1113859,13376,922729,25346,5418243,3043619,1,179,2.4687,0.0120087,4.6779,0.1703,0.0274685,1.7802,0.561735
tile_32,tile,32,128,128,3,1234,17,0,66,1113009,13906,921284,24810,5410388,3064526,1,177,2.57024,0.0124941,4.58562,0.170281,0.0269298,1.76549,0.566415
tile_32,tile,32,128,128,3,1234,18,0,61,1196895,14335,991480,26585,5821589,3446870,1,179,2.46239,0.0119768,4.56662,0.170311,0.0268135,1.68895,0.592084
tile_32,tile,32,128,128,3,1234,19,0,65,1124931,13603,932075,26164,5470306,3134567,1,179,2.4867,0.0120923,4.78291,0.170388,0.0280707,1.74516,0.573015
tile_32,tile,32,128,128,3,1234,20,0,83,1062920,16059,861432,24982,5030426,3219164,2,181,3.19237,0.0151084,4.96618,0.171244,0.0290005,1.56265,0.639939
tile_32,tile,32,256,256,3,1234,1,0,81,2529403,15950,2179562,53438,13093042,5486608,1,326,1.2182,0.00630584,4.0814,0.166467,0.0245178,2.38636,0.419048
tile_32,tile,32,256,256,3,1234,2,0,81,2526025,15575,2176224,54098,13073202,5566145,1,326,1.19137,0.00616581,4.13808,0.166464,0.0248587,2.3487,0.425768
tile_32,tile,32,256,256,3,1234,3,0,100,2293574,18385,1943472,50595,11609899,5617141,1,329,1.58356,0.00801587,4.35792,0.167398,0.0260333,2.06687,0.483823
tile_32,tile,32,256,256,3,1234,4,0,82,2511743,16511,2164719,51616,12989851,5517365,2,326,1.27107,0.00657352,3.97356,0.166647,0.0238442,2.35436,0.424744
tile_32,tile,32,256,256,3,1234,5,0,81,2521373,16201,2172204,53529,13050397,5514559,1,327,1.24142,0.00642547,4.10171,0.166447,0.0246427,2.36654,0.422559
tile_32,tile,32,256,256,3,1234,6,0,80,2547343,16672,2194751,53238,13185116,5602645,1,326,1.26446,0.00654486,4.03773,0.166457,0.024257,2.35337,0.424922
tile_32,tile,32,256,256,3,1234,7,0,81,2520488,14874,2170698,54028,13047314,5612845,1,325,1.14,0.00590124,4.14093,0.166371,0.0248897,2.32455,0.430192
tile_32,tile,32,256,256,3,1234,8,0,100,2291283,18330,1941278,48995,11601034,5483472,1,326,1.58003,0.00799988,4.22333,0.167337,0.0252385,2.11564,0.472671
tile_32,tile,32,256,256,3,1234,9,0,100,2294511,18904,1943453,49223,11615563,5492590,1,327,1.62747,0.00823879,4.23768,0.167315,0.0253276,2.11477,0.472865
tile_32,tile,32,256,256,3,1234,10,0,81,2536180,15945,2185046,53747,13123219,5493220,1,328,1.21502,0.00628701,4.09557,0.166502,0.0245977,2.38898,0.418588
tile_32,tile,32,256,256,3,1234,11,0,81,2517041,15824,2167999,53277,13021197,5506091,1,328,1.21525,0.00628675,4.09156,0.166498,0.0245743,2.36487,0.422856
tile_32,tile,32,256,256,3,1234,12,0,81,2516554,15832,2168381,53336,13023363,5536362,1,325,1.21566,0.00629114,4.09541,0.166499,0.0245972,2.35233,0.42511
tile_32,tile,32,256,256,3,1234,13,0,81,2535417,15551,2183821,51891,13119055,5511384,1,329,1.18538,0.00613351,3.95539,0.166462,0.0237616,2.38036,0.420105
tile_32,tile,32,256,256,3,1234,14,0,100,2286649,18836,1938076,46036,11579870,5270861,0,325,1.62662,0.00823738,3.97552,0.167366,0.0237535,2.19696,0.455174
tile_32,tile,32,256,256,3,1234,15,0,80,2547440,16304,2195499,54719,13186821,5567677,1,325,1.23639,0.00640015,4.14952,0.166492,0.0249233,2.36846,0.422215
tile_32,tile,32,256,256,3,1234,16,0,81,2516643,16340,2168256,52542,13027978,5436607,1,326,1.25422,0.00649278,4.03301,0.166431,0.0242324,2.39634,0.417302
tile_32,tile,32,256,256,3,1234,17,0,94,2376767,18311,2019615,51365,12084526,5603375,2,326,1.51524,0.00770416,4.25048,0.167124,0.0254331,2.15665,0.463682
tile_32,tile,32,256,256,3,1234,18,0,80,2551922,15464,2198277,53108,13205320,5515165,1,329,1.17104,0.00605975,4.02171,0.166469,0.0241589,2.39437,0.417647
tile_32,tile,32,256,256,3,1234,19,0,82,2497011,15940,2151699,54231,12922674,5662530,1,324,1.23349,0.00638363,4.19658,0.166506,0.0252038,2.28214,0.438186
tile_32,tile,32,256,256,3,1234,20,0,92,2404931,18584,2045339,51745,12242128,5653993,2,326,1.51804,0.00772746,4.2268,0.167074,0.025299,2.16522,0.461847
tile_32,tile,32,512,512,3,1234,1,0,100,7524669,39945,6553255,155415,39640574,15280063,1,902,1.00768,0.00530854,3.9206,0.165317,0.0237157,2.59427,0.385465
tile_32,tile,32,512,512,3,1234,2,0,93,7812145,37957,6841798,161357,41460911,15674339,1,902,0.915489,0.00485872,3.89179,0.165018,0.023584,2.64515,0.378051
tile_32,tile,32,512,512,3,1234,3,0,93,7827413,37133,6853702,162136,41529604,15582025,1,904,0.894133,0.00474397,3.90411,0.165032,0.0236567,2.66523,0.375203
tile_32,tile,32,512,512,3,1234,4,0,93,7823855,38210,6851094,161719,41517023,15487649,1,905,0.920345,0.00488378,3.89525,0.165019,0.0236048,2.68065,0.373043
tile_32,tile,32,512,512,3,1234,5,0,95,7751378,39688,6776975,161146,41033267,15806655,3,905,0.967215,0.00512012,3.9272,0.165158,0.0237785,2.59595,0.385216
tile_32,tile,32,512,512,3,1234,6,0,100,7530952,42963,6556488,157099,39666456,15708557,1,902,1.08311,0.00570486,3.9605,0.16529,0.0239608,2.52515,0.396016
tile_32,tile,32,512,512,3,1234,7,0,93,7813574,40262,6840684,162439,41453696,15595402,1,904,0.971252,0.00515283,3.91856,0.16502,0.023746,2.65807,0.376213
tile_32,tile,32,512,512,3,1234,8,0,95,7670437,37524,6716651,158739,40701437,15171055,1,905,0.921933,0.00489203,3.90008,0.165022,0.0236337,2.68283,0.37274
tile_32,tile,32,512,512,3,1234,9,0,93,7824307,37693,6849997,162045,41513878,16030266,1,903,0.907961,0.00481742,3.90339,0.165005,0.0236562,2.58972,0.386142
tile_32,tile,32,512,512,3,1234,10,0,100,7530678,41521,6557171,157062,39664757,15651322,1,904,1.0468,0.00551358,3.95974,0.165315,0.0239527,2.53428,0.39459
tile_32,tile,32,512,512,3,1234,11,0,97,7675336,42462,6690875,159983,40497197,15366239,3,903,1.04852,0.00553227,3.95047,0.165218,0.0239106,2.63547,0.37944
tile_32,tile,32,512,512,3,1234,12,0,93,7823130,38340,6851091,164442,41516396,15859267,1,902,0.923491,0.00490085,3.96089,0.165021,0.0240023,2.6178,0.382
tile_32,tile,32,512,512,3,1234,13,0,91,7981636,36728,6989214,164803,42352193,16237319,1,902,0.867204,0.00460156,3.89125,0.165026,0.0235796,2.60832,0.383388
tile_32,tile,32,512,512,3,1234,14,0,93,7816539,38521,6843712,162130,41475015,15908221,2,902,0.928776,0.00492814,3.9091,0.165008,0.0236904,2.60714,0.383562
tile_32,tile,32,512,512,3,1234,15,0,92,7905118,40097,6922398,164461,41946921,15701367,1,905,0.955899,0.00507228,3.92069,0.165028,0.0237578,2.67155,0.374315
tile_32,tile,32,512,512,3,1234,16,0,93,7810581,38232,6838635,162852,41441673,15700568,2,900,0.92255,0.0048949,3.92967,0.165018,0.0238135,2.6395,0.378859
tile_32,tile,32,512,512,3,1234,17,0,96,7709631,40378,6729775,160496,40739620,15726770,2,904,0.991124,0.00523735,3.93956,0.16519,0.0238486,2.59046,0.386031
tile_32,tile,32,512,512,3,1234,18,0,92,7843533,38146,6867847,162280,41620295,15584600,1,904,0.916524,0.00486337,3.89906,0.165012,0.0236289,2.6706,0.374447
tile_32,tile,32,512,512,3,1234,19,0,92,7924123,37596,6938288,163877,42047105,15745084,1,906,0.89414,0.0047445,3.89746,0.165012,0.0236192,2.67049,0.374463
tile_32,tile,32,512,512,3,1234,20,0,94,7784236,38425,6811130,161823,41250053,15920365,2,905,0.931514,0.00493626,3.92298,0.165118,0.0237586,2.59102,0.385948
tile_32,tile,32,1024,1024,3,1234,1,0,97,28990102,96518,25502606,592191,154941472,59393797,1,3211,0.622932,0.00332934,3.82203,0.164595,0.0232208,2.60871,0.383331
tile_32,tile,32,1024,1024,3,1234,2,0,97,28988278,94964,25503356,591327,154940119,60455570,2,3211,0.612908,0.00327594,3.81649,0.164601,0.0231862,2.56288,0.390187
tile_32,tile,32,1024,1024,3,1234,3,0,96,29085070,96999,25589313,594289,155464493,58389515,1,3211,0.62393,0.00333501,3.82267,0.164599,0.0232241,2.66254,0.375581
tile_32,tile,32,1024,1024,3,1234,4,0,100,28445620,103288,24988541,579446,151739462,55899706,0,3211,0.680693,0.00363107,3.81869,0.164681,0.0231885,2.71449,0.368393
tile_32,tile,32,1024,1024,3,1234,5,0,97,29064394,102354,25568602,593309,155343459,57520764,2,3209,0.658888,0.00352163,3.81934,0.164594,0.0232046,2.70065,0.370281
tile_32,tile,32,1024,1024,3,1234,6,0,97,28999014,99024,25512993,592467,154987953,58715254,2,3208,0.638914,0.00341474,3.82266,0.164613,0.0232222,2.63965,0.378838
tile_32,tile,32,1024,1024,3,1234,7,0,97,28920457,102059,25422068,592303,154417555,59037130,2,3210,0.660929,0.00352896,3.83572,0.164632,0.0232988,2.6156,0.382321
tile_32,tile,32,1024,1024,3,1234,8,0,97,29040146,101709,25550363,592909,155229058,56469706,1,3206,0.655219,0.00350236,3.81957,0.164598,0.0232055,2.74889,0.363783
tile_32,tile,32,1024,1024,3,1234,9,0,96,29101264,101607,25602478,595822,155546896,58006385,2,3207,0.653224,0.0034915,3.8305,0.164597,0.023272,2.68155,0.372919
tile_32,tile,32,1024,1024,3,1234,10,0,97,28988101,99445,25504455,590676,154949786,57022218,1,3208,0.641789,0.00343055,3.81205,0.164598,0.0231597,2.71736,0.368004
tile_32,tile,32,1024,1024,3,1234,11,0,97,28804030,98632,25341321,588191,153958784,57101575,1,3210,0.640639,0.00342424,3.82044,0.164598,0.0232107,2.69623,0.370889
tile_32,tile,32,1024,1024,3,1234,12,0,97,29005973,102973,25518045,593317,155035630,58521151,1,3209,0.664189,0.00355006,3.82697,0.164595,0.0232509,2.64922,0.377469
tile_32,tile,32,1024,1024,3,1234,13,0,96,29139117,92706,25636521,594611,155751460,58672218,1,3210,0.595218,0.0031815,3.81769,0.164599,0.0231939,2.6546,0.376704
tile_32,tile,32,1024,1024,3,1234,14,0,100,28461972,105097,24998538,584025,151803803,58301399,1,3210,0.692321,0.00369254,3.84724,0.164677,0.0233624,2.60378,0.384058
tile_32,tile,32,1024,1024,3,1234,15,0,97,29035147,101838,25542893,592567,155188912,57932452,1,3210,0.65622,0.0035074,3.81836,0.164592,0.0231989,2.67879,0.373303
tile_32,tile,32,1024,1024,3,1234,16,0,97,29000661,97589,25513310,591772,155005024,59060967,1,3208,0.629586,0.00336506,3.81776,0.164597,0.0231946,2.62449,0.381026
tile_32,tile,32,1024,1024,3,1234,17,0,96,29096281,98093,25597671,593787,155515841,58899378,1,3209,0.630759,0.00337132,3.81818,0.164598,0.0231969,2.64036,0.378736
tile_32,tile,32,1024,1024,3,1234,18,0,97,28981221,96352,25496982,591748,154898348,57390012,1,3208,0.622034,0.00332464,3.82023,0.164605,0.0232086,2.69905,0.370501
tile_32,tile,32,1024,1024,3,1234,19,0,97,29081352,105230,25583627,593274,155432201,58031389,1,3209,0.677015,0.00361847,3.81693,0.164597,0.0231896,2.67842,0.373355
tile_32,tile,32,1024,1024,3,1234,20,0,98,28748116,101459,25291992,586925,153662710,56248350,1,3211,0.660271,0.00352924,3.81957,0.164594,0.023206,2.73186,0.366051
tile_32,tile,32,2048,2048,3,1234,1,0,99,112915013,397120,99464738,2294618,604697262,222138021,1,12428,0.656725,0.00351698,3.79466,0.164487,0.0230697,2.72217,0.367354
tile_32,tile,32,2048,2048,3,1234,2,0,99,112893356,354993,99447567,2294662,604589420,221896184,2,12431,0.587164,0.0031445,3.79541,0.164488,0.0230741,2.72465,0.36702
tile_32,tile,32,2048,2048,3,1234,3,0,99,112907988,357630,99460433,2295212,604670779,222149625,2,12429,0.591446,0.00316745,3.7958,0.164487,0.0230766,2.72191,0.367389
tile_32,tile,32,2048,2048,3,1234,4,0,99,112734580,381840,99308512,2292749,603745201,221974233,1,12428,0.632452,0.00338707,3.79754,0.164487,0.0230871,2.71989,0.367662
tile_32,tile,32,2048,2048,3,1234,5,0,98,113019107,385629,99559577,2296763,605272469,221184847,2,12431,0.637116,0.00341207,3.79459,0.164487,0.0230692,2.7365,0.36543
tile_32,tile,32,2048,2048,3,1234,6,0,99,112964387,398577,99509899,2295351,604971270,226992962,1,12429,0.658836,0.00352834,3.79415,0.164487,0.0230666,2.66515,0.375213
tile_32,tile,32,2048,2048,3,1234,7,0,99,112903954,411014,99455422,2294896,604642818,227014634,1,12428,0.679763,0.00364039,3.79546,0.164486,0.0230746,2.66345,0.375452
tile_32,tile,32,2048,2048,3,1234,8,0,99,112934766,413694,99469930,2293390,604716759,227001930,1,12428,0.684112,0.00366312,3.7925,0.16449,0.0230561,2.66393,0.375386
tile_32,tile,32,2048,2048,3,1234,9,0,98,112995030,412768,99535797,2297260,605127706,223734823,2,12429,0.682117,0.00365297,3.79632,0.164487,0.0230797,2.70466,0.369732
tile_32,tile,32,2048,2048,3,1234,10,0,99,112791138,413008,99356752,2293743,604039955,224781647,2,12429,0.683743,0.00366171,3.79734,0.164487,0.0230859,2.68723,0.37213
tile_32,tile,32,2048,2048,3,1234,11,0,99,112901052,415085,99452965,2292765,604622897,227529326,2,12429,0.686519,0.00367654,3.79206,0.164488,0.0230538,2.65734,0.376316
tile_32,tile,32,2048,2048,3,1234,12,0,99,112954083,391101,99497283,2296954,604908529,223102440,1,12430,0.646546,0.00346248,3.79719,0.164483,0.0230856,2.71135,0.36882
tile_32,tile,32,2048,2048,3,1234,13,0,99,112977866,385220,99520590,2297841,605036060,221765477,1,12429,0.636689,0.00340969,3.79786,0.164487,0.0230891,2.72827,0.366533
tile_32,tile,32,2048,2048,3,1234,14,0,99,112744113,374824,99315617,2292177,603788948,222936746,2,12430,0.620786,0.00332455,3.79632,0.164487,0.0230797,2.70834,0.36923
tile_32,tile,32,2048,2048,3,1234,15,0,99,112674338,381341,99251144,2292618,603399267,227173472,3,12428,0.631988,0.00338445,3.7995,0.164487,0.0230992,2.65612,0.376489
tile_32,tile,32,2048,2048,3,1234,16,0,98,112999291,377210,99541205,2295665,605162861,225612110,1,12429,0.62332,0.00333816,3.79347,0.164487,0.0230625,2.68232,0.372812
tile_32,tile,32,2048,2048,3,1234,17,0,99,112775303,376606,99342868,2290825,603957675,221861331,1,12430,0.623564,0.00333944,3.79302,0.164486,0.0230598,2.72223,0.367346
tile_32,tile,32,2048,2048,3,1234,18,0,100,112080766,386722,98693328,2277690,599935117,220161653,1,12429,0.644606,0.00345039,3.79656,0.164507,0.0230785,2.72498,0.366976
tile_32,tile,32,2048,2048,3,1234,19,0,99,112924910,386583,99473944,2297551,604758954,224205611,1,12430,0.639235,0.00342336,3.79912,0.164485,0.023097,2.69734,0.370735
tile_32,tile,32,2048,2048,3,1234,20,0,99,112947839,382642,99496381,2295068,604887386,221712989,1,12430,0.632584,0.00338778,3.79421,0.164487,0.0230668,2.72825,0.366536
tile_32,tile,32,4096,4096,3,1234,1,0,99,447586416,1537189,394362182,9072196,2398108331,909289016,4,49301,0.641001,0.0034344,3.78306,0.164447,0.0230047,2.63734,0.379169
tile_32,tile,32,4096,4096,3,1234,2,0,99,447858712,1512294,394612249,9080133,2399570377,886591155,2,49303,0.630235,0.00337672,3.78407,0.164451,0.0230103,2.70651,0.369479
tile_32,tile,32,4096,4096,3,1234,3,0,100,446885448,1518726,393717058,9059238,2394055953,894389176,4,49301,0.634374,0.00339847,3.78405,0.164456,0.0230095,2.67675,0.373587
tile_32,tile,32,4096,4096,3,1234,4,0,99,447735328,1506648,394506237,9074823,2398920168,886237876,3,49301,0.628053,0.00336504,3.78288,0.164452,0.023003,2.70686,0.369432
tile_32,tile,32,4096,4096,3,1234,5,0,99,448047429,1517359,394745353,9083251,2400532172,889380233,4,49301,0.632093,0.0033866,3.78385,0.164441,0.0230104,2.69911,0.370493
tile_32,tile,32,4096,4096,3,1234,6,0,99,447570595,1521349,394356206,9080602,2398012137,887243126,5,49301,0.634421,0.00339913,3.78672,0.164451,0.0230264,2.70277,0.369991
tile_32,tile,32,4096,4096,3,1234,7,0,99,447798338,1528199,394558163,9076644,2399236627,897450809,1,49301,0.636952,0.00341269,3.78314,0.164452,0.0230046,2.67339,0.374057
tile_32,tile,32,4096,4096,3,1234,8,0,100,446884845,1518090,393716531,9060675,2394054402,886080707,2,49301,0.634108,0.00339705,3.78466,0.164456,0.0230132,2.70185,0.370117
tile_32,tile,32,4096,4096,3,1234,9,0,99,447812350,1515109,394573363,9077907,2399330773,896658717,2,49303,0.631471,0.00338336,3.78352,0.164451,0.0230069,2.67586,0.373712
tile_32,tile,32,4096,4096,3,1234,10,0,99,447792553,1521574,394555885,9077353,2399231132,896284674,2,49299,0.634192,0.00339794,3.78344,0.164451,0.0230065,2.67686,0.373572
tile_32,tile,32,4096,4096,3,1234,11,0,100,446878697,1523830,393713268,9069172,2394031182,891855839,4,49301,0.636512,0.00340994,3.78824,0.164456,0.023035,2.68433,0.372533
tile_32,tile,32,4096,4096,3,1234,12,0,99,447727202,1520086,394499308,9073254,2398889700,886805121,2,49301,0.633662,0.00339512,3.78227,0.164451,0.0229994,2.70509,0.369673
tile_32,tile,32,4096,4096,3,1234,13,0,100,446900514,1520953,393730080,9067039,2394127827,903416998,4,49301,0.635285,0.00340334,3.7872,0.164457,0.0230286,2.65008,0.377347
tile_32,tile,32,4096,4096,3,1234,14,0,99,447774085,1523267,394541098,9081125,2399135452,885416620,1,49303,0.634923,0.00340187,3.78517,0.164451,0.0230169,2.70961,0.369057
tile_32,tile,32,4096,4096,3,1234,15,0,99,447854725,1530288,394611981,9076030,2399563648,887848677,3,49303,0.637736,0.00341693,3.78237,0.164452,0.0229999,2.70267,0.370004
tile_32,tile,32,4096,4096,3,1234,16,0,99,447725107,1519360,394493093,9075739,2398847926,903712673,3,49299,0.633371,0.00339351,3.78337,0.164451,0.0230061,2.65444,0.376728
tile_32,tile,32,4096,4096,3,1234,17,0,99,447432390,1502219,394241004,9071353,2397307690,884597453,2,49301,0.626628,0.00335742,3.78398,0.164452,0.0230097,2.71005,0.368996
tile_32,tile,32,4096,4096,3,1234,18,0,99,447457500,1518021,394261983,9077783,2397426617,884707585,3,49303,0.633188,0.00339255,3.78647,0.164452,0.0230247,2.70985,0.369024
tile_32,tile,32,4096,4096,3,1234,19,0,99,447813402,1523932,394573388,9076876,2399334199,896865913,3,49301,0.635148,0.00340305,3.78308,0.164451,0.0230043,2.67524,0.373798
tile_32,tile,32,4096,4096,3,1234,20,0,99,447650758,1520791,394427575,9075354,2398445822,908032114,5,49303,0.634074,0.00339727,3.78385,0.164451,0.0230089,2.64137,0.378592
tile_32,tile,32,8192,8192,3,1234,1,0,99,1787405241,6303981,1575124800,36187676,9578972150,3597808804,9,196774,0.658106,0.00352689,3.77782,0.164436,0.0229745,2.66245,0.375594
tile_32,tile,32,8192,8192,3,1234,2,0,99,1787656481,6377721,1575364740,36189270,9580460488,3575880627,7,196774,0.665701,0.00356764,3.7774,0.164435,0.022972,2.67919,0.373247
tile_32,tile,32,8192,8192,3,1234,3,0,99,1788865613,6344431,1576428603,36209574,9586898392,3615586462,9,196772,0.661781,0.00354662,3.77699,0.164436,0.0229694,2.65155,0.377138
tile_32,tile,32,8192,8192,3,1234,4,0,99,1787323515,6390612,1575041876,36193170,9578436144,3592883642,12,196774,0.667187,0.00357552,3.77861,0.164436,0.0229792,2.66595,0.375101
tile_32,tile,32,8192,8192,3,1234,5,0,99,1787907786,6363762,1575579062,36204766,9581752028,3611854808,7,196774,0.664154,0.00355933,3.77851,0.164435,0.0229787,2.65286,0.376951
tile_32,tile,32,8192,8192,3,1234,6,0,99,1787468579,6380035,1575194336,36184438,9579403749,3587498136,9,196772,0.666016,0.00356931,3.77732,0.164436,0.0229714,2.67022,0.374501
tile_32,tile,32,8192,8192,3,1234,7,0,99,1787851772,6353950,1575527060,36213326,9581456780,3651231585,8,196774,0.663151,0.00355396,3.77952,0.164435,0.0229849,2.62417,0.381073
tile_32,tile,32,8192,8192,3,1234,8,0,99,1787559381,6337952,1575273079,36192644,9579874436,3594735441,10,196771,0.66159,0.00354559,3.77799,0.164436,0.0229755,2.66497,0.375238
tile_32,tile,32,8192,8192,3,1234,9,0,99,1788063630,6392830,1575547041,36219832,9581366719,3581023791,8,196775,0.667215,0.00357528,3.78024,0.164439,0.0229887,2.67559,0.373749
tile_32,tile,32,8192,8192,3,1234,10,0,99,1787790969,6380521,1575477061,36209577,9581131225,3558415043,8,196771,0.665947,0.00356894,3.77926,0.164435,0.0229832,2.69253,0.371398
tile_32,tile,32,8192,8192,3,1234,11,0,99,1787921035,6336605,1575591862,36205622,9581835965,3585692644,7,196772,0.661314,0.00354412,3.77857,0.164435,0.0229791,2.67224,0.374218
tile_32,tile,32,8192,8192,3,1234,12,0,99,1787616607,6355030,1575304106,36194077,9580058134,3579454574,14,196774,0.66336,0.00355503,3.77806,0.164436,0.0229759,2.6764,0.373636
tile_32,tile,32,8192,8192,3,1234,13,0,99,1787358698,6458720,1575066208,36191363,9578576505,3579369946,10,196775,0.674288,0.00361356,3.77837,0.164436,0.0229777,2.67605,0.373685
tile_32,tile,32,8192,8192,3,1234,14,0,99,1788119560,6380885,1575769379,36187051,9582898545,3555104182,8,196773,0.665862,0.00356849,3.77621,0.164436,0.0229647,2.69553,0.370984
tile_32,tile,32,8192,8192,3,1234,15,0,99,1787851808,6361260,1575532120,36205583,9581480317,3614795211,7,196775,0.663912,0.00355805,3.7787,0.164435,0.0229799,2.65063,0.377269
tile_32,tile,32,8192,8192,3,1234,16,0,99,1787843539,6378486,1575526184,36206965,9581395880,3543214983,14,196772,0.665716,0.0035677,3.77888,0.164436,0.0229809,2.70415,0.369802
tile_32,tile,32,8192,8192,3,1234,17,0,99,1787768307,6403967,1575459942,36181596,9581064023,3593379974,9,196770,0.668398,0.0035821,3.77637,0.164435,0.0229657,2.66631,0.37505
tile_32,tile,32,8192,8192,3,1234,18,0,99,1787939955,6361416,1575604253,36200195,9581880987,3614780665,10,196773,0.663901,0.00355796,3.77798,0.164436,0.0229754,2.65075,0.377252
tile_32,tile,32,8192,8192,3,1234,19,0,99,1788950323,6350216,1576499760,36205076,9587355207,3570014116,6,196771,0.662353,0.00354969,3.77634,0.164435,0.0229655,2.68552,0.372367
tile_32,tile,32,8192,8192,3,1234,20,0,99,1787827894,6388292,1575514538,36201790,9581360385,3547213108,12,196773,0.666742,0.00357321,3.77836,0.164435,0.0229778,2.7011,0.37022
tile_32,tile,32,16384,16384,3,1234,1,0,99,7149021619,35910785,6301115303,144614821,38320779465,14244451758,34,786630,0.93711,0.00502317,3.7738,0.164431,0.0229507,2.69022,0.371716
tile_32,tile,32,16384,16384,3,1234,2,0,99,7148940890,36020384,6300974609,144588633,38319858729,14382656473,34,786628,0.939993,0.00503856,3.7732,0.164431,0.022947,2.66431,0.375332
tile_32,tile,32,16384,16384,3,1234,3,0,99,7148820079,36007177,6300881469,144625156,38319324462,14233868015,30,786629,0.939661,0.0050368,3.77421,0.164431,0.0229532,2.69212,0.371454
tile_32,tile,32,16384,16384,3,1234,4,0,99,7148837804,35858109,6300886163,144632088,38319404477,14382212835,28,786629,0.935769,0.00501594,3.77438,0.164431,0.0229542,2.66436,0.375325
tile_32,tile,32,16384,16384,3,1234,5,0,99,7148906640,36008332,6300966105,144682077,38319800975,14140069906,27,786630,0.93968,0.0050369,3.77565,0.164431,0.0229619,2.71001,0.369002
tile_32,tile,32,16384,16384,3,1234,6,0,99,7148805001,35865241,6300861582,144616454,38319225725,14281884627,33,786629,0.935959,0.00501696,3.77399,0.164431,0.0229519,2.68307,0.372708
tile_32,tile,32,16384,16384,3,1234,7,0,99,7148467530,35846467,6300566845,144639913,38317428668,14273742229,34,786631,0.935513,0.00501457,3.77478,0.164431,0.0229567,2.68447,0.372513
tile_32,tile,32,16384,16384,3,1234,8,0,99,7148504607,35845796,6300601705,144705297,38317602687,14239568182,35,786628,0.935492,0.00501445,3.77647,0.164431,0.0229669,2.69092,0.371619
tile_32,tile,32,16384,16384,3,1234,9,0,99,7148776605,35977634,6300835814,144708427,38319012480,14277581715,31,786629,0.938898,0.0050327,3.77641,0.164431,0.0229665,2.68386,0.372598
tile_32,tile,32,16384,16384,3,1234,10,0,99,7148662440,35925906,6300712570,144702568,38318249967,14517769524,32,786628,0.937566,0.00502554,3.77634,0.164431,0.0229661,2.6394,0.378874
tile_32,tile,32,16384,16384,3,1234,11,0,99,7148445826,36025131,6300533849,144623683,38317268543,14411865986,28,786630,0.94018,0.00503958,3.77437,0.164431,0.0229542,2.65873,0.376119
tile_32,tile,32,16384,16384,3,1234,12,0,100,7147904009,35842193,6300044293,144610820,38314143470,14257079302,34,786628,0.935482,0.00501436,3.77435,0.164431,0.0229539,2.68738,0.37211
tile_32,tile,32,16384,16384,3,1234,13,0,100,7147907049,35832462,6300036472,144574315,38314144512,14353688699,34,786631,0.935228,0.005013,3.77339,0.164431,0.0229482,2.66929,0.374632
tile_32,tile,32,16384,16384,3,1234,14,0,99,7148454966,35997089,6300567701,144741781,38317403974,14295214317,34,786629,0.939445,0.00503565,3.77744,0.164431,0.0229728,2.68044,0.373074
tile_32,tile,32,16384,16384,3,1234,15,0,99,7148900031,36357310,6300957690,144622238,38319797098,14277731674,30,786631,0.948787,0.00508572,3.77409,0.164431,0.0229524,2.68389,0.372594
tile_32,tile,32,16384,16384,3,1234,16,0,99,7148889488,36051273,6300949531,144717163,38319731337,14299398670,33,786630,0.940802,0.00504292,3.77657,0.164431,0.0229675,2.67981,0.37316
tile_32,tile,32,16384,16384,3,1234,17,0,99,7148819400,36191020,6300892155,144640450,38319446253,14216950722,35,786629,0.944456,0.00506252,3.7746,0.164431,0.0229556,2.69534,0.371011
tile_32,tile,32,16384,16384,3,1234,18,0,99,7148873288,35990136,6300929564,144669826,38319634968,14261412866,31,786629,0.939209,0.00503438,3.77534,0.164431,0.0229601,2.68695,0.37217
tile_32,tile,32,16384,16384,3,1234,19,0,99,7148866084,36035817,6300911269,144680432,38319409921,14411044558,35,786629,0.940406,0.00504077,3.77564,0.164431,0.0229618,2.65903,0.376077
tile_32,tile,32,16384,16384,3,1234,20,0,99,7148847736,35884513,6300905303,144673100,38319450050,14298300008,36,786632,0.936457,0.00501962,3.77545,0.164431,0.0229607,2.68,0.373134
tile_64,tile,64,64,64,3,1234,1,0,90,669053,16561,514571,17205,2910534,2715866,2,142,5.69002,0.0247529,5.91129,0.176796,0.0334356,1.07168,0.933116
tile_64,tile,64,64,64,3,1234,2,0,100,648982,14825,496025,16493,2810063,2405650,1,142,5.27568,0.0228435,5.86926,0.176517,0.0332503,1.16811,0.856084
tile_64,tile,64,64,64,3,1234,3,0,58,707298,16159,556988,17707,3169580,2491323,1,142,5.09815,0.0228461,5.58654,0.175729,0.0317906,1.27225,0.78601
tile_64,tile,64,64,64,3,1234,4,0,58,705092,14719,555268,17441,3156241,2418551,1,140,4.66346,0.0208753,5.52588,0.175927,0.0314101,1.30501,0.766276
tile_64,tile,64,64,64,3,1234,5,0,58,700883,15831,551432,17279,3137890,2534381,1,143,5.04511,0.0225872,5.50657,0.175733,0.0313348,1.23813,0.80767
tile_64,tile,64,64,64,3,1234,6,0,57,722655,16423,569520,17757,3233770,2515175,1,142,5.07859,0.0227259,5.49111,0.176116,0.0311789,1.2857,0.777784
tile_64,tile,64,64,64,3,1234,7,0,56,729242,17550,573920,18166,3265826,2618254,2,142,5.37383,0.0240661,5.56245,0.175735,0.0316525,1.24733,0.801713
tile_64,tile,64,64,64,3,1234,8,0,57,721824,15158,569276,17839,3234196,2471261,1,142,4.68679,0.0209996,5.51574,0.176018,0.0313363,1.30872,0.764104
tile_64,tile,64,64,64,3,1234,9,0,100,652108,17295,497225,16665,2825590,2449740,1,139,6.12085,0.0265217,5.89788,0.175972,0.033516,1.15342,0.866984
tile_64,tile,64,64,64,3,1234,10,0,58,705881,15930,555469,17842,3158530,2472172,1,141,5.04349,0.0225675,5.64883,0.175863,0.0321206,1.27763,0.782697
tile_64,tile,64,64,64,3,1234,11,0,56,726637,17745,572603,18039,3252722,2493026,1,143,5.45543,0.0244207,5.54582,0.176038,0.0315035,1.30473,0.766443
tile_64,tile,64,64,64,3,1234,12,0,91,669835,16434,514700,17077,2911177,2554355,2,141,5.64514,0.0245344,5.86601,0.176801,0.0331786,1.13969,0.87743
tile_64,tile,64,64,64,3,1234,13,0,57,725390,17510,570568,18030,3244021,2773606,1,141,5.39762,0.0241387,5.55792,0.175883,0.0316001,1.1696,0.85499
tile_64,tile,64,64,64,3,1234,14,0,100,649161,16840,496268,16486,2812974,2508146,1,142,5.98655,0.0259412,5.8607,0.176421,0.03322,1.12154,0.891635
tile_64,tile,64,64,64,3,1234,15,0,57,721033,17324,567147,17837,3227126,2507293,1,141,5.36824,0.0240266,5.52721,0.175744,0.0314504,1.2871,0.776943
tile_64,tile,64,64,64,3,1234,16,0,76,721649,16182,556192,14482,3157032,2278732,1,144,5.1257,0.0224236,4.58722,0.176176,0.0260378,1.38543,0.721796
tile_64,tile,64,64,64,3,1234,17,0,57,713154,14422,561847,16698,3192159,2408897,1,142,4.51795,0.0202228,5.23094,0.176008,0.0297198,1.32515,0.754629
tile_64,tile,64,64,64,3,1234,18,0,100,648432,13990,495339,15734,2808300,2319762,1,143,4.98166,0.0215751,5.60268,0.176384,0.0317641,1.2106,0.826038
tile_64,tile,64,64,64,3,1234,19,0,57,720407,14542,566848,16825,3224588,2338651,1,145,4.50972,0.0201858,5.21772,0.175789,0.0296817,1.37882,0.725256
tile_64,tile,64,64,64,3,1234,20,0,56,735277,14854,578689,15994,3292356,2294487,1,141,4.51166,0.0202019,4.85792,0.175767,0.0276383,1.4349,0.696913
tile_64,tile,64,128,128,3,1234,1,0,65,1123440,13702,933667,24771,5475131,2998259,1,180,2.50259,0.0121965,4.52428,0.170529,0.0265309,1.8261,0.547614
tile_64,tile,64,128,128,3,1234,2,0,66,1104617,13457,917925,22287,5388861,2952059,1,177,2.49719,0.0121825,4.13575,0.170337,0.0242798,1.82546,0.547808
tile_64,tile,64,128,128,3,1234,3,0,63,1159899,14187,964364,25583,5654709,3131640,1,179,2.50888,0.0122312,4.52419,0.170542,0.0265284,1.80567,0.553811
tile_64,tile,64,128,128,3,1234,4,0,82,1076508,15788,875255,22620,5106371,3084743,2,178,3.09182,0.0146659,4.42976,0.171405,0.0258439,1.65536,0.604097
tile_64,tile,64,128,128,3,1234,5,0,62,1175200,14609,976190,24890,5729571,3135953,1,180,2.54975,0.0124311,4.34413,0.170378,0.0254971,1.82706,0.547328
tile_64,tile,64,128,128,3,1234,6,0,64,1141261,13804,948736,23314,5563934,3065506,1,177,2.48098,0.0120954,4.1902,0.170515,0.0245737,1.81501,0.55096
tile_64,tile,64,128,128,3,1234,7,0,57,1275642,15362,1060316,28776,6222672,3641153,1,178,2.46871,0.0120426,4.62438,0.170396,0.0271391,1.70898,0.585143
tile_64,tile,64,128,128,3,1234,8,0,65,1125838,13774,935735,24398,5490268,2925161,1,177,2.5088,0.0122344,4.44386,0.170435,0.0260736,1.87691,0.53279
tile_64,tile,64,128,128,3,1234,9,0,64,1140281,14586,946540,24520,5556310,3338336,1,179,2.62512,0.0127916,4.413,0.170354,0.0259049,1.6644,0.600819
tile_64,tile,64,128,128,3,1234,10,0,65,1126853,13718,936943,24850,5496036,2982473,1,176,2.49598,0.0121737,4.52144,0.170476,0.0265224,1.84278,0.542659
tile_64,tile,64,128,128,3,1234,11,0,51,1420331,17439,1180826,30920,6924170,3983367,1,178,2.51857,0.0122781,4.46552,0.170537,0.0261851,1.73827,0.575284
tile_64,tile,64,128,128,3,1234,12,0,73,1007884,12335,836704,20358,4913804,2652105,1,177,2.51028,0.0122385,4.14302,0.170276,0.0243312,1.85279,0.539725
tile_64,tile,64,128,128,3,1234,13,0,100,970946,14573,781835,20811,4546873,2957193,0,178,3.20506,0.0150091,4.57699,0.17195,0.0266181,1.53756,0.65038
tile_64,tile,64,128,128,3,1234,14,0,98,987146,15344,794884,23206,4623808,2997750,2,179,3.31848,0.0155438,5.01881,0.171911,0.0291942,1.54243,0.648329
tile_64,tile,64,128,128,3,1234,15,0,66,1109512,14108,921365,24806,5406627,3252711,1,178,2.60939,0.0127155,4.58807,0.170414,0.0269231,1.66219,0.601616
tile_64,tile,64,128,128,3,1234,16,0,65,1125846,13974,934125,25325,5490500,3172867,1,177,2.54512,0.012412,4.61251,0.170135,0.0271109,1.73045,0.577883
tile_64,tile,64,128,128,3,1234,17,0,66,1109843,14435,921962,23631,5411319,2914513,2,179,2.66756,0.0130063,4.36696,0.170377,0.0256312,1.85668,0.538596
tile_64,tile,64,128,128,3,1234,18,0,65,1134924,14101,941999,24522,5531120,3101214,1,176,2.54939,0.0124246,4.43346,0.170309,0.0260319,1.78353,0.560685
tile_64,tile,64,128,128,3,1234,19,0,61,1207276,14973,1001948,24033,5882719,3324608,1,179,2.54525,0.0124023,4.08536,0.170321,0.0239863,1.76945,0.565148
tile_64,tile,64,128,128,3,1234,20,0,64,1149978,13800,954372,24974,5607850,3180248,1,180,2.46084,0.0120002,4.4534,0.170185,0.026168,1.76334,0.567106
tile_64,tile,64,256,256,3,1234,1,0,76,2660388,16239,2302890,54137,13822467,5744833,1,327,1.17483,0.006104,3.91659,0.166605,0.0235083,2.40607,0.415616
tile_64,tile,64,256,256,3,1234,2,0,81,2504748,15789,2166352,51681,13012507,5453439,1,327,1.21337,0.00630363,3.97164,0.166482,0.0238562,2.38611,0.419092
tile_64,tile,64,256,256,3,1234,3,0,80,2550239,16301,2207407,53056,13248298,5556641,1,327,1.23042,0.00639195,4.00474,0.166618,0.0240354,2.38423,0.419423
tile_64,tile,64,256,256,3,1234,4,0,81,2520453,15986,2181090,52717,13093011,5573216,1,324,1.22096,0.00634251,4.02635,0.166584,0.02417,2.34927,0.425663
tile_64,tile,64,256,256,3,1234,5,0,80,2524336,16660,2184275,53053,13114875,5613384,1,326,1.27031,0.00659976,4.04525,0.166549,0.0242886,2.33636,0.428017
tile_64,tile,64,256,256,3,1234,6,0,83,2437395,15716,2109925,52089,12663789,5328008,1,326,1.24102,0.00644787,4.11322,0.166611,0.0246876,2.37683,0.420728
tile_64,tile,64,256,256,3,1234,7,0,81,2495490,16290,2159137,51914,12963395,5570625,2,329,1.25662,0.00652778,4.00466,0.166556,0.0240439,2.3271,0.42972
tile_64,tile,64,256,256,3,1234,8,0,80,2527274,15652,2186628,53194,13125412,5511920,1,327,1.1925,0.00619323,4.05275,0.166595,0.024327,2.38128,0.419943
tile_64,tile,64,256,256,3,1234,9,0,82,2492284,16837,2155439,52598,12941211,5602203,1,328,1.30104,0.00675565,4.06438,0.166556,0.0244025,2.31002,0.432896
tile_64,tile,64,256,256,3,1234,10,0,100,2280645,19175,1940703,46362,11583926,5317038,0,325,1.65531,0.00840771,4.00227,0.167534,0.0238893,2.17864,0.459001
tile_64,tile,64,256,256,3,1234,11,0,82,2486735,15993,2151893,52560,12921071,5573196,1,324,1.23775,0.00643132,4.06777,0.166541,0.024425,2.31843,0.431326
tile_64,tile,64,256,256,3,1234,12,0,81,2516526,16454,2178171,52064,13074151,5358341,1,328,1.25851,0.00653838,3.98221,0.166601,0.0239026,2.43996,0.409842
tile_64,tile,64,256,256,3,1234,13,0,81,2501758,15373,2165263,53535,12998253,5527088,1,324,1.1827,0.00614488,4.11863,0.166581,0.0247245,2.35174,0.425218
tile_64,tile,64,256,256,3,1234,14,0,76,2685457,15968,2324661,56274,13952270,5900309,1,328,1.14447,0.0059461,4.03332,0.166615,0.0242074,2.36467,0.422892
tile_64,tile,64,256,256,3,1234,15,0,76,2662282,18144,2303762,54649,13830237,6122704,1,326,1.31191,0.00681521,3.95141,0.166574,0.0237216,2.25884,0.442704
tile_64,tile,64,256,256,3,1234,16,0,81,2497891,15703,2162203,51237,12979085,5542877,1,326,1.20987,0.0062865,3.94766,0.166591,0.0236967,2.34158,0.427062
tile_64,tile,64,256,256,3,1234,17,0,100,2277201,18657,1938326,48648,11571327,5695921,1,324,1.61235,0.00819295,4.20419,0.167511,0.0250979,2.03151,0.492244
tile_64,tile,64,256,256,3,1234,18,0,79,2581576,18023,2234210,54687,13412224,5959359,1,325,1.34377,0.00698139,4.0774,0.16658,0.0244771,2.25062,0.444323
tile_64,tile,64,256,256,3,1234,19,0,83,2440904,15141,2112795,51034,12686088,5489688,1,325,1.19351,0.00620303,4.02283,0.166544,0.0241547,2.31089,0.432733
tile_64,tile,64,256,256,3,1234,20,0,80,2525693,15116,2185877,52744,13123063,5576679,1,324,1.15187,0.00598489,4.01918,0.166568,0.0241294,2.3532,0.424953
tile_64,tile,64,512,512,3,1234,1,0,92,7811021,30688,6874504,157642,41624443,15474998,1,902,0.737259,0.00392881,3.78725,0.165155,0.0229314,2.68979,0.371777
tile_64,tile,64,512,512,3,1234,2,0,100,7473801,35595,6542012,149985,39541074,15131978,0,903,0.900203,0.00476264,3.79314,0.165449,0.0229264,2.61308,0.38269
tile_64,tile,64,512,512,3,1234,3,0,94,7640506,31375,6725658,154119,40725588,14805803,1,904,0.7704,0.0041064,3.78433,0.165146,0.0229151,2.75065,0.36355
tile_64,tile,64,512,512,3,1234,4,0,93,7756184,32236,6825834,157326,41336467,15371204,1,902,0.779844,0.00415617,3.80599,0.165129,0.0230486,2.68921,0.371856
tile_64,tile,64,512,512,3,1234,5,0,100,7478976,35275,6544972,153167,39562703,15650051,1,903,0.891623,0.00471655,3.8715,0.165433,0.0234022,2.52796,0.395576
tile_64,tile,64,512,512,3,1234,6,0,92,7809815,31991,6873887,156492,41624576,15252036,1,906,0.76856,0.00409626,3.75961,0.16514,0.0227662,2.72912,0.366419
tile_64,tile,64,512,512,3,1234,7,0,94,7642526,31028,6726588,153522,40730926,14893733,1,903,0.76178,0.00405991,3.76918,0.165147,0.0228232,2.73477,0.365662
tile_64,tile,64,512,512,3,1234,8,0,94,7662352,30355,6744370,153673,40840375,15092354,1,905,0.74326,0.00396158,3.76277,0.16514,0.0227854,2.70603,0.369545
tile_64,tile,64,512,512,3,1234,9,0,94,7672506,30730,6753375,153677,40894873,15134219,1,903,0.751439,0.00400521,3.75785,0.16514,0.0227556,2.70215,0.370076
tile_64,tile,64,512,512,3,1234,10,0,100,7475733,33943,6543409,151145,39547997,15475666,0,904,0.858274,0.00454042,3.82181,0.165455,0.0230988,2.5555,0.391314
tile_64,tile,64,512,512,3,1234,11,0,93,7759855,32205,6830428,155357,41359078,15335685,1,902,0.778668,0.00415021,3.7563,0.165149,0.0227448,2.69692,0.370794
tile_64,tile,64,512,512,3,1234,12,0,100,7478283,37562,6545241,152923,39561497,15637310,1,903,0.949459,0.00502281,3.86545,0.165445,0.023364,2.52994,0.395266
tile_64,tile,64,512,512,3,1234,13,0,93,7777233,32395,6845687,157604,41454243,15352417,1,900,0.781464,0.00416536,3.80188,0.165138,0.0230224,2.70018,0.370346
tile_64,tile,64,512,512,3,1234,14,0,93,7771855,31670,6839072,158072,41413041,15157272,1,903,0.764735,0.00407496,3.81696,0.165143,0.0231131,2.73222,0.366002
tile_64,tile,64,512,512,3,1234,15,0,100,7483594,37238,6547971,153441,39580457,15901627,1,904,0.940818,0.00497595,3.87669,0.165434,0.0234334,2.48908,0.401755
tile_64,tile,64,512,512,3,1234,16,0,100,7482796,38156,6548226,153100,39577350,15075190,1,903,0.964087,0.00509916,3.86837,0.165454,0.0233804,2.62533,0.380904
tile_64,tile,64,512,512,3,1234,17,0,93,7750557,31046,6822066,157523,41307652,15667692,1,904,0.75158,0.00400565,3.81341,0.165153,0.0230902,2.63649,0.379293
tile_64,tile,64,512,512,3,1234,18,0,93,7758177,31701,6828661,157186,41348532,15496510,1,903,0.766678,0.00408614,3.80149,0.165149,0.0230186,2.66825,0.374778
tile_64,tile,64,512,512,3,1234,19,0,100,7478271,35872,6544504,152030,39556078,15422150,1,904,0.906864,0.00479683,3.8434,0.165449,0.0232302,2.56489,0.389881
tile_64,tile,64,512,512,3,1234,20,0,100,7477727,37644,6544769,154002,39557749,15518945,1,903,0.951621,0.00503415,3.89309,0.165448,0.0235305,2.549,0.392311
tile_64,tile,64,1024,1024,3,1234,1,0,97,28761192,81455,25436275,572956,154413726,56505140,1,3208,0.527511,0.00283211,3.71053,0.164728,0.0225252,2.73274,0.365933
tile_64,tile,64,1024,1024,3,1234,2,0,98,28565763,76896,25238946,570043,153164413,55928826,2,3207,0.502049,0.00269189,3.72177,0.164783,0.0225858,2.73856,0.365155
tile_64,tile,64,1024,1024,3,1234,3,0,97,28791505,79830,25463596,576945,154578900,56771402,1,3210,0.516435,0.00277269,3.73237,0.164729,0.0226576,2.72283,0.367265
tile_64,tile,64,1024,1024,3,1234,4,0,100,28261064,84314,24956227,564850,151420625,55804530,1,3212,0.55682,0.0029834,3.73034,0.164814,0.0226336,2.71341,0.36854
tile_64,tile,64,1024,1024,3,1234,5,0,100,28255992,80430,24953074,565058,151403586,56683317,1,3212,0.531229,0.00284648,3.73213,0.164812,0.0226448,2.67104,0.374386
tile_64,tile,64,1024,1024,3,1234,6,0,97,28866017,72417,25531484,575365,154986153,56630383,1,3209,0.467248,0.00250873,3.71236,0.164734,0.0225355,2.7368,0.36539
tile_64,tile,64,1024,1024,3,1234,7,0,97,28779670,76871,25455455,574437,154524627,57418380,1,3209,0.497468,0.00267102,3.71745,0.164734,0.0225664,2.6912,0.371581
tile_64,tile,64,1024,1024,3,1234,8,0,97,28862191,82219,25527721,575789,154964027,55816369,1,3209,0.530568,0.00284867,3.71563,0.164733,0.0225554,2.77632,0.360189
tile_64,tile,64,1024,1024,3,1234,9,0,97,28817309,77924,25486298,575589,154714056,55804412,1,3209,0.503665,0.00270407,3.72034,0.164732,0.0225843,2.77243,0.360694
tile_64,tile,64,1024,1024,3,1234,10,0,97,28692522,77974,25367190,572889,153960471,56936795,2,3209,0.506455,0.00271757,3.72101,0.164764,0.0225839,2.70406,0.369814
tile_64,tile,64,1024,1024,3,1234,11,0,97,28885100,82405,25546701,575476,155081971,56926680,1,3208,0.531364,0.00285285,3.71079,0.16473,0.0225264,2.72424,0.367075
tile_64,tile,64,1024,1024,3,1234,12,0,96,28928349,81482,25586881,576828,155324650,56479594,2,3211,0.524592,0.00281668,3.71369,0.164732,0.0225439,2.7501,0.363623
tile_64,tile,64,1024,1024,3,1234,13,0,98,28659320,80281,25337566,571890,153778549,56155910,1,3207,0.522056,0.00280122,3.71892,0.164767,0.0225708,2.73842,0.365174
tile_64,tile,64,1024,1024,3,1234,14,0,97,28821868,77688,25492402,575202,154747191,56481683,1,3210,0.502032,0.00269545,3.71704,0.164736,0.0225637,2.73978,0.364993
tile_64,tile,64,1024,1024,3,1234,15,0,96,28956475,79742,25602048,578212,155423369,58238544,3,3210,0.513063,0.00275386,3.72024,0.164725,0.0225846,2.66874,0.374709
tile_64,tile,64,1024,1024,3,1234,16,0,96,28915701,80371,25575833,577493,155255671,56519362,1,3207,0.517669,0.00277949,3.71963,0.164734,0.0225796,2.74695,0.364041
tile_64,tile,64,1024,1024,3,1234,17,0,99,28296908,84886,24990802,567126,151636439,55283141,2,3208,0.559799,0.00299983,3.74004,0.164807,0.0226934,2.74291,0.364577
tile_64,tile,64,1024,1024,3,1234,18,0,97,28858119,79576,25523766,576106,154941815,58790827,1,3209,0.513586,0.00275749,3.71821,0.164731,0.0225714,2.63548,0.379438
tile_64,tile,64,1024,1024,3,1234,19,0,96,28968227,78010,25620368,577830,155531095,57302798,2,3210,0.501572,0.00269295,3.71521,0.164728,0.0225535,2.7142,0.368433
tile_64,tile,64,1024,1024,3,1234,20,0,97,28851547,79400,25519080,577473,154910138,56252611,1,3209,0.512555,0.00275202,3.72779,0.164735,0.0226291,2.75383,0.363131
tile_64,tile,64,2048,2048,3,1234,1,0,99,111681727,293466,98877663,2218524,600578964,220147460,3,12430,0.488638,0.0026277,3.69398,0.164637,0.0224371,2.72808,0.366559
tile_64,tile,64,2048,2048,3,1234,2,0,99,111851341,271943,99057354,2220973,601728688,218084306,1,12429,0.451936,0.00243129,3.69099,0.164621,0.0224211,2.75916,0.36243
tile_64,tile,64,2048,2048,3,1234,3,0,99,112165593,273104,99337085,2225915,603422201,219190435,1,12428,0.452592,0.00243483,3.68882,0.164623,0.0224077,2.75296,0.363246
tile_64,tile,64,2048,2048,3,1234,4,0,98,112223135,281816,99385502,2227397,603722875,219286546,1,12429,0.466797,0.00251121,3.68944,0.164621,0.0224117,2.75312,0.363224
tile_64,tile,64,2048,2048,3,1234,5,0,99,111827186,280569,99035548,2218010,601592657,218493314,1,12430,0.466377,0.00250895,3.6869,0.164622,0.0223961,2.75337,0.363191
tile_64,tile,64,2048,2048,3,1234,6,0,99,111346278,298387,98571138,2210352,598700295,217734827,2,12429,0.498391,0.00267981,3.69192,0.164642,0.0224239,2.74968,0.363679
tile_64,tile,64,2048,2048,3,1234,7,0,100,111334991,296661,98560618,2209947,598631404,224707997,2,12428,0.495565,0.00266458,3.69167,0.164643,0.0224222,2.66404,0.37537
tile_64,tile,64,2048,2048,3,1234,8,0,98,112216019,292606,99382320,2225425,603696406,219349641,1,12430,0.484691,0.00260752,3.68633,0.164623,0.0223926,2.75221,0.363344
tile_64,tile,64,2048,2048,3,1234,9,0,99,111804448,299066,99014905,2219341,601466700,225230659,1,12427,0.497228,0.0026749,3.68988,0.164622,0.0224142,2.67045,0.374469
tile_64,tile,64,2048,2048,3,1234,10,0,99,111897897,293814,99095510,2219843,601956537,222706473,4,12428,0.488098,0.00262573,3.68771,0.164622,0.022401,2.70291,0.369971
tile_64,tile,64,2048,2048,3,1234,11,0,99,112130421,294844,99304973,2224088,603227131,220246582,2,12429,0.488778,0.00262947,3.68698,0.164623,0.0223965,2.73887,0.365114
tile_64,tile,64,2048,2048,3,1234,12,0,99,112038800,296595,99224404,2224294,602739220,219688610,1,12429,0.492078,0.00264725,3.69031,0.164622,0.0224168,2.74361,0.364484
tile_64,tile,64,2048,2048,3,1234,13,0,99,111843146,297990,99051968,2219352,601689034,218266039,1,12428,0.495256,0.00266436,3.68854,0.164623,0.0224059,2.75668,0.362756
tile_64,tile,64,2048,2048,3,1234,14,0,99,112105772,286954,99281534,2222493,603084913,223406492,1,12428,0.47581,0.00255967,3.68521,0.164623,0.0223858,2.6995,0.37044
tile_64,tile,64,2048,2048,3,1234,15,0,99,112212981,286652,99377061,2225059,603662463,219526137,1,12429,0.474855,0.00255454,3.68593,0.164624,0.0223901,2.74984,0.363657
tile_64,tile,64,2048,2048,3,1234,16,0,99,112202101,283025,99367205,2224677,603606665,225054277,2,12429,0.46889,0.00252246,3.68564,0.164622,0.0223884,2.68205,0.372849
tile_64,tile,64,2048,2048,3,1234,17,0,99,111954760,276591,99150412,2222041,602287631,219504439,1,12430,0.459234,0.00247056,3.68934,0.164623,0.0224108,2.74385,0.364451
tile_64,tile,64,2048,2048,3,1234,18,0,99,111869080,284022,99068503,2220835,601797347,223959894,2,12427,0.471956,0.00253888,3.69034,0.164621,0.0224172,2.68708,0.372152
tile_64,tile,64,2048,2048,3,1234,19,0,99,112156827,284355,99327163,2225265,603361444,224700530,1,12427,0.471285,0.00253533,3.68811,0.164623,0.0224034,2.68518,0.372414
tile_64,tile,64,2048,2048,3,1234,20,0,99,112167934,288152,99337117,2224606,603425699,227068906,1,12427,0.477527,0.00256893,3.68663,0.164622,0.0223945,2.65746,0.3763
tile_64,tile,64,4096,4096,3,1234,1,0,99,445023607,1162254,394215321,8804278,2395226132,876326450,3,49303,0.485238,0.00261167,3.67576,0.164584,0.0223337,2.73326,0.365864
tile_64,tile,64,4096,4096,3,1234,2,0,99,444835684,1139569,394058901,8805847,2394219976,895536130,3,49303,0.475967,0.00256178,3.67796,0.164588,0.0223465,2.6735,0.374041
tile_64,tile,64,4096,4096,3,1234,3,0,99,444711043,1137080,393945467,8805468,2393530075,889778358,2,49304,0.475064,0.0025569,3.67886,0.164588,0.022352,2.69003,0.371743
tile_64,tile,64,4096,4096,3,1234,4,0,99,444537873,1128685,393793345,8801537,2392596110,885415677,4,49302,0.471741,0.00253901,3.67866,0.164588,0.0223506,2.70223,0.370065
tile_64,tile,64,4096,4096,3,1234,5,0,99,444778589,1132676,394007406,8803807,2393915370,875726776,3,49301,0.473148,0.00254661,3.67758,0.164587,0.0223443,2.73363,0.365814
tile_64,tile,64,4096,4096,3,1234,6,0,99,444720715,1135569,393953984,8803692,2393589683,880067290,2,49301,0.474421,0.00255344,3.67803,0.164587,0.022347,2.71978,0.367677
tile_64,tile,64,4096,4096,3,1234,7,0,99,444708447,1136036,393943812,8804601,2393526668,878002968,3,49302,0.474629,0.00255456,3.67851,0.164587,0.0223499,2.7261,0.366824
tile_64,tile,64,4096,4096,3,1234,8,0,99,444635255,1121411,393878295,8802667,2393114120,878569267,2,49298,0.468599,0.00252209,3.67833,0.164588,0.0223487,2.72388,0.367124
tile_64,tile,64,4096,4096,3,1234,9,0,99,444806910,1128623,394030913,8802553,2394055721,879941435,5,49301,0.471427,0.00253733,3.67684,0.164587,0.0223398,2.7207,0.367553
tile_64,tile,64,4096,4096,3,1234,10,0,99,444418936,1136634,393690361,8797797,2391994484,875383241,1,49301,0.475183,0.00255757,3.67802,0.164587,0.022347,2.73251,0.365964
tile_64,tile,64,4096,4096,3,1234,11,0,99,444825492,1160253,394045369,8805201,2394137552,891869666,3,49303,0.484623,0.00260833,3.67782,0.164588,0.0223457,2.6844,0.372522
tile_64,tile,64,4096,4096,3,1234,12,0,99,444471456,1121600,393736705,8799884,2392267907,877592664,3,49300,0.468844,0.00252345,3.67847,0.164587,0.0223497,2.72594,0.366845
tile_64,tile,64,4096,4096,3,1234,13,0,99,444746321,1152478,393971533,8799250,2393714154,900566881,3,49301,0.48146,0.00259132,3.67598,0.164586,0.0223347,2.65801,0.376222
tile_64,tile,64,4096,4096,3,1234,14,0,99,444351441,1132537,393627829,8795649,2391610138,888723317,3,49299,0.473546,0.00254874,3.67771,0.164587,0.0223451,2.69106,0.3716
tile_64,tile,64,4096,4096,3,1234,15,0,99,444397808,1123997,393669053,8799792,2391853208,874162321,3,49303,0.469927,0.00252926,3.67907,0.164587,0.0223533,2.73617,0.365475
tile_64,tile,64,4096,4096,3,1234,16,0,99,444385431,1135274,393661568,8795782,2391797641,874466122,2,49303,0.474653,0.00255471,3.67748,0.164588,0.0223435,2.73515,0.36561
tile_64,tile,64,4096,4096,3,1234,17,0,99,444719656,1126974,393956744,8801278,2393601180,878814024,3,49302,0.470828,0.00253412,3.677,0.164587,0.0223407,2.72367,0.367151
tile_64,tile,64,4096,4096,3,1234,18,0,99,444680291,1136207,393920452,8798922,2393390154,883413478,4,49303,0.474727,0.00255511,3.67634,0.164587,0.0223368,2.70925,0.369106
tile_64,tile,64,4096,4096,3,1234,19,0,99,444679519,1124214,393917557,8800789,2393374515,887756441,2,49302,0.469719,0.00252814,3.67715,0.164587,0.0223417,2.69598,0.370922
tile_64,tile,64,4096,4096,3,1234,20,0,99,444704640,1138895,393938155,8801299,2393487150,899161039,2,49301,0.475831,0.00256101,3.67719,0.164588,0.0223418,2.66191,0.37567
tile_64,tile,64,8192,8192,3,1234,1,0,99,1775373872,4792788,1572920489,35085790,9557641166,3588208028,9,196773,0.501461,0.00269959,3.67097,0.164572,0.0223061,2.66363,0.375428
tile_64,tile,64,8192,8192,3,1234,2,0,99,1775768168,4707166,1573301761,35100822,9560012431,3536514562,6,196774,0.492381,0.00265078,3.67163,0.164571,0.0223103,2.70323,0.369928
tile_64,tile,64,8192,8192,3,1234,3,0,99,1775818082,4736074,1573345568,35106171,9560247136,3551771142,6,196775,0.495392,0.00266698,3.6721,0.164572,0.0223131,2.69168,0.371515
tile_64,tile,64,8192,8192,3,1234,4,0,99,1775343021,4758231,1572926965,35085274,9557712076,3542579946,7,196772,0.497842,0.00268018,3.67089,0.164571,0.0223057,2.69795,0.370651
tile_64,tile,64,8192,8192,3,1234,5,0,99,1775516627,4791931,1573068766,35091692,9558553061,3536665468,11,196774,0.501324,0.00269889,3.67123,0.164572,0.0223078,2.7027,0.37
tile_64,tile,64,8192,8192,3,1234,6,0,99,1775774311,4782419,1573305597,35103093,9560032316,3509661290,8,196774,0.500251,0.00269315,3.67186,0.164571,0.0223117,2.72392,0.367118
tile_64,tile,64,8192,8192,3,1234,7,0,99,1775932805,4782092,1573441970,35089190,9560823397,3585685084,7,196774,0.500176,0.00269272,3.6701,0.164572,0.0223009,2.66639,0.375039
tile_64,tile,64,8192,8192,3,1234,8,0,99,1775799603,4805345,1573325315,35088370,9560126189,3562400848,9,196775,0.502645,0.00270602,3.67028,0.164572,0.022302,2.68362,0.372631
tile_64,tile,64,8192,8192,3,1234,9,0,99,1775891600,4792612,1573408559,35090247,9560623075,3544372454,9,196773,0.501287,0.00269871,3.67029,0.164572,0.0223021,2.69741,0.370726
tile_64,tile,64,8192,8192,3,1234,10,0,99,1775833317,4811753,1573361869,35107118,9560331974,3512283156,7,196774,0.503304,0.00270957,3.67217,0.164572,0.0223134,2.72197,0.367381
tile_64,tile,64,8192,8192,3,1234,11,0,99,1775787205,4799492,1573313270,35120989,9560049472,3576797308,8,196773,0.502036,0.00270274,3.67372,0.164572,0.0223229,2.6728,0.37414
tile_64,tile,64,8192,8192,3,1234,12,0,99,1775543192,4706384,1573104193,35091830,9558804294,3548041062,7,196773,0.492361,0.00265067,3.67115,0.164571,0.0223074,2.69411,0.37118
tile_64,tile,64,8192,8192,3,1234,13,0,99,1775814746,4681380,1573339104,35096413,9560220019,3588824613,8,196775,0.489673,0.00263619,3.67109,0.164571,0.022307,2.66389,0.375391
tile_64,tile,64,8192,8192,3,1234,14,0,99,1776623049,4713541,1574059693,35112781,9564617529,3542419326,7,196774,0.49281,0.00265309,3.67111,0.164571,0.0223071,2.70002,0.370367
tile_64,tile,64,8192,8192,3,1234,15,0,99,1775446539,4732529,1573008684,35112516,9558208955,3553390499,9,196772,0.495127,0.00266554,3.67355,0.164571,0.0223219,2.68988,0.371763
tile_64,tile,64,8192,8192,3,1234,16,0,99,1775803498,4721378,1573331436,35146324,9560155926,3555853491,8,196774,0.49386,0.00265873,3.67633,0.164572,0.0223388,2.68857,0.371945
tile_64,tile,64,8192,8192,3,1234,17,0,99,1776447775,4716624,1573898064,35104724,9563607056,3562117151,10,196772,0.493185,0.00265509,3.67066,0.164572,0.0223043,2.68481,0.372466
tile_64,tile,64,8192,8192,3,1234,18,0,99,1775843542,4753132,1573363416,35103889,9560359108,3566172915,8,196773,0.497171,0.00267655,3.67182,0.164572,0.0223114,2.68085,0.373017
tile_64,tile,64,8192,8192,3,1234,19,0,99,1775479149,4706762,1573039495,35083078,9558378247,3577965855,9,196773,0.492423,0.00265098,3.6704,0.164572,0.0223027,2.67146,0.374328
tile_64,tile,64,8192,8192,3,1234,20,0,99,1775881045,4749876,1573400846,35106749,9560584923,3542858029,6,196776,0.496819,0.00267466,3.67203,0.164572,0.0223127,2.69855,0.370569
tile_64,tile,64,16384,16384,3,1234,1,0,99,7100425963,24547384,6291924592,140279723,38233245866,14124601190,33,786631,0.642043,0.00345717,3.66905,0.164567,0.0222952,2.70685,0.369432
tile_64,tile,64,16384,16384,3,1234,2,0,99,7100610620,24409250,6292028055,140240352,38233830937,14231545349,31,786628,0.63842,0.00343763,3.66796,0.164567,0.0222886,2.68656,0.372224
tile_64,tile,64,16384,16384,3,1234,3,0,99,7100633050,24189980,6292054771,140275415,38234093376,14110569214,27,786631,0.632681,0.00340674,3.66886,0.164567,0.0222941,2.70961,0.369057
tile_64,tile,64,16384,16384,3,1234,4,0,99,7100621304,24340187,6292039238,140200392,38233962488,14221066965,30,786628,0.636612,0.0034279,3.66691,0.164567,0.0222822,2.68854,0.371949
tile_64,tile,64,16384,16384,3,1234,5,0,99,7100353502,24294861,6291806036,140249402,38232509580,14119799102,32,786629,0.63545,0.00342164,3.66833,0.164567,0.0222908,2.70772,0.369314
tile_64,tile,64,16384,16384,3,1234,6,0,99,7100742876,24420168,6292141688,140292248,38234548910,14248737403,31,786630,0.638694,0.0034391,3.66925,0.164567,0.0222964,2.68336,0.372667
tile_64,tile,64,16384,16384,3,1234,7,0,99,7100851972,24217878,6292230968,140266044,38235068998,14165233764,34,786629,0.633394,0.00341056,3.66852,0.164567,0.0222919,2.69922,0.370478
tile_64,tile,64,16384,16384,3,1234,8,0,99,7100306277,24273797,6291751195,140208346,38232199159,14162685094,29,786630,0.634905,0.0034187,3.66728,0.164567,0.0222845,2.6995,0.370439
tile_64,tile,64,16384,16384,3,1234,9,0,100,7099710166,24386092,6291186789,140212961,38228731888,14125907467,32,786629,0.6379,0.0034348,3.66774,0.164567,0.0222872,2.70629,0.36951
tile_64,tile,64,16384,16384,3,1234,10,0,100,7099633129,24203993,6291135376,140309192,38228437776,14059396373,30,786628,0.633141,0.00340919,3.67028,0.164567,0.0223027,2.71907,0.367773
tile_64,tile,64,16384,16384,3,1234,11,0,100,7099803080,24266882,6291269225,140298007,38229168537,14138145652,32,786626,0.634774,0.00341797,3.66992,0.164567,0.0223004,2.70397,0.369826
tile_64,tile,64,16384,16384,3,1234,12,0,99,7100602685,24398271,6292022347,140296151,38233938967,14117737613,26,786632,0.638131,0.00343608,3.66941,0.164566,0.0222975,2.70822,0.369246
tile_64,tile,64,16384,16384,3,1234,13,0,100,7099768381,24554624,6291239070,140208053,38229014241,14151476081,28,786630,0.642303,0.00345851,3.66758,0.164567,0.0222862,2.70142,0.370176
tile_64,tile,64,16384,16384,3,1234,14,0,99,7100567663,24201020,6291990247,140235454,38233641266,14115101767,25,786631,0.632977,0.00340832,3.66786,0.164567,0.0222879,2.7087,0.36918
tile_64,tile,64,16384,16384,3,1234,15,0,100,7099786229,24600007,6291235047,140170550,38229021483,14251445337,28,786630,0.64349,0.00346489,3.6666,0.164567,0.0222803,2.68247,0.372791
tile_64,tile,64,16384,16384,3,1234,16,0,100,7099757300,24261301,6291227954,140249865,38228954995,14138593432,30,786628,0.634632,0.0034172,3.66868,0.164567,0.0222929,2.70387,0.36984
tile_64,tile,64,16384,16384,3,1234,17,0,100,7099769283,24276106,6291240953,140322077,38229089881,14140941038,37,786631,0.635017,0.00341928,3.67056,0.164567,0.0223044,2.70343,0.3699
tile_64,tile,64,16384,16384,3,1234,18,0,100,7099621358,24093562,6291129505,140216303,38228385184,13963428225,30,786630,0.630253,0.00339364,3.66786,0.164567,0.0222879,2.73775,0.365263
tile_64,tile,64,16384,16384,3,1234,19,0,99,7100813778,24222298,6292200193,140238291,38234870150,14130090960,32,786628,0.633513,0.0034112,3.66781,0.164567,0.0222876,2.70592,0.36956
tile_64,tile,64,16384,16384,3,1234,20,0,99,7100873540,24589090,6292240678,140225177,38235119321,14247167022,32,786627,0.643102,0.00346283,3.66744,0.164567,0.0222854,2.6837,0.37262
tile_128,tile,128,64,64,3,1234,1,0,55,747843,15519,589434,18283,3347770,2678920,1,142,4.63562,0.0207517,5.46125,0.176068,0.0310179,1.24967,0.80021
tile_128,tile,128,64,64,3,1234,2,0,58,703223,14517,553786,17526,3146225,2467334,1,142,4.6141,0.0206435,5.57049,0.176016,0.0316476,1.27515,0.78422
tile_128,tile,128,64,64,3,1234,3,0,57,713847,16223,561979,17659,3195705,2544913,1,142,5.0765,0.0227262,5.52585,0.175854,0.0314229,1.25572,0.796354
tile_128,tile,128,64,64,3,1234,4,0,57,717197,17323,564961,17556,3208347,2483714,1,143,5.39935,0.0241538,5.47198,0.176091,0.0310747,1.29175,0.774141
tile_128,tile,128,64,64,3,1234,5,0,58,705570,15719,554971,17569,3157649,2539582,1,143,4.97807,0.0222784,5.56395,0.175754,0.0316575,1.24337,0.804264
tile_128,tile,128,64,64,3,1234,6,0,58,705396,16948,555766,17492,3155862,2562110,1,142,5.37032,0.0240262,5.5427,0.176106,0.0314737,1.23174,0.811857
tile_128,tile,128,64,64,3,1234,7,0,57,717314,15055,564339,16710,3211191,2545668,1,142,4.68829,0.020988,5.20368,0.175741,0.0296099,1.26143,0.792749
tile_128,tile,128,64,64,3,1234,8,0,46,875675,21317,690034,21386,3920396,3062072,1,142,5.43746,0.0243435,5.45506,0.176011,0.0309927,1.28031,0.781062
tile_128,tile,128,64,64,3,1234,9,0,58,709094,15020,558098,16737,3174271,2462450,1,141,4.7318,0.021182,5.27271,0.175819,0.0299894,1.28907,0.775753
tile_128,tile,128,64,64,3,1234,10,0,57,724144,16357,570069,17949,3239922,2543120,1,144,5.04858,0.022588,5.53995,0.175951,0.0314857,1.27399,0.784932
tile_128,tile,128,64,64,3,1234,11,0,57,716819,17421,564209,17930,3210896,2540592,1,142,5.42559,0.0243032,5.58411,0.175717,0.031779,1.26384,0.791241
tile_128,tile,128,64,64,3,1234,12,0,52,791091,19051,623493,19548,3543538,2801612,1,142,5.37627,0.0240819,5.51652,0.175952,0.0313524,1.26482,0.790626
tile_128,tile,128,64,64,3,1234,13,0,66,684665,16610,539472,17496,3048516,2635290,2,142,5.44855,0.02426,5.73919,0.176962,0.0324317,1.1568,0.86445
tile_128,tile,128,64,64,3,1234,14,0,56,736779,17584,579837,18134,3296963,2578298,1,145,5.33339,0.023866,5.50021,0.17587,0.0312743,1.27874,0.782022
tile_128,tile,128,64,64,3,1234,15,0,70,683458,16251,535464,17410,3033237,2633035,2,141,5.35764,0.0237776,5.73974,0.176532,0.0325139,1.15199,0.868061
tile_128,tile,128,64,64,3,1234,16,0,69,726606,17980,565306,18131,3207740,2785420,2,142,5.60519,0.0247452,5.65227,0.176232,0.0320729,1.15162,0.868343
tile_128,tile,128,64,64,3,1234,17,0,59,696768,14606,548774,16526,3115931,2373640,2,141,4.68752,0.0209625,5.30371,0.176119,0.0301144,1.31272,0.761776
tile_128,tile,128,64,64,3,1234,18,0,56,724271,14422,570688,15131,3242449,2344496,1,140,4.44787,0.0199124,4.66653,0.176005,0.0265136,1.383,0.723063
tile_128,tile,128,64,64,3,1234,19,0,56,740575,14862,581326,15479,3317966,2385445,1,142,4.47925,0.0200682,4.66521,0.175206,0.0266271,1.39092,0.718948
tile_128,tile,128,64,64,3,1234,20,0,100,653285,14461,499072,15923,2827777,2337640,1,145,5.11391,0.0221358,5.63092,0.176489,0.0319052,1.20967,0.826671
tile_128,tile,128,128,128,3,1234,1,0,100,979911,14556,788540,21190,4590222,2891810,1,180,3.17109,0.0148544,4.61633,0.171787,0.0268724,1.58732,0.629993
tile_128,tile,128,128,128,3,1234,2,0,64,1145295,13816,951782,24495,5587346,2989561,1,181,2.47273,0.0120633,4.38401,0.170346,0.0257359,1.86895,0.535059
tile_128,tile,128,128,128,3,1234,3,0,66,1115866,13240,927417,24213,5447247,2909632,1,178,2.43059,0.0118652,4.445,0.170254,0.026108,1.87214,0.534147
tile_128,tile,128,128,128,3,1234,4,0,100,976079,14766,786273,22322,4571884,2895988,1,178,3.22974,0.0151279,4.88245,0.17198,0.0283896,1.5787,0.633434
tile_128,tile,128,128,128,3,1234,5,0,60,1216529,14744,1013102,25115,5940094,3196955,1,178,2.48212,0.0121197,4.22805,0.170553,0.0247902,1.85805,0.538199
tile_128,tile,128,128,128,3,1234,6,0,65,1125894,13563,937353,23762,5500652,2920237,1,176,2.46571,0.0120464,4.31985,0.170408,0.0253501,1.88363,0.530889
tile_128,tile,128,128,128,3,1234,7,0,100,977159,15226,787103,22689,4577388,3127912,1,180,3.32635,0.0155819,4.95676,0.171955,0.028826,1.4634,0.68334
tile_128,tile,128,128,128,3,1234,8,0,63,1169666,13960,973231,24070,5710749,2990961,2,179,2.44451,0.011935,4.21486,0.170421,0.0247321,1.90934,0.523742
tile_128,tile,128,128,128,3,1234,9,0,65,1126875,13496,936891,23782,5499917,2979334,1,179,2.45386,0.0119765,4.32407,0.170346,0.025384,1.84602,0.541705
tile_128,tile,128,128,128,3,1234,10,0,93,1020429,15175,824998,20514,4802016,2953589,2,181,3.16013,0.0148712,4.27196,0.171802,0.0248655,1.62582,0.615073
tile_128,tile,128,128,128,3,1234,11,0,66,1116016,13443,926331,25250,5440648,3094625,1,177,2.47085,0.0120455,4.64099,0.170261,0.0272581,1.7581,0.568797
tile_128,tile,128,128,128,3,1234,12,0,100,972427,14746,783616,20386,4558344,2923582,1,177,3.23495,0.0151641,4.47224,0.171908,0.0260153,1.55916,0.641369
tile_128,tile,128,128,128,3,1234,13,0,59,1243457,14784,1035078,26767,6071334,3248896,1,177,2.43505,0.0118894,4.40875,0.170486,0.0258599,1.86874,0.535121
tile_128,tile,128,128,128,3,1234,14,0,100,971643,14524,783138,21882,4552349,2777344,1,178,3.19044,0.0149479,4.80675,0.172029,0.0279414,1.6391,0.61009
tile_128,tile,128,128,128,3,1234,15,0,100,972884,14535,783753,20003,4560531,2820907,1,179,3.18713,0.0149401,4.38611,0.171856,0.0255221,1.61669,0.618548
tile_128,tile,128,128,128,3,1234,16,0,64,1143483,13570,952129,22141,5581830,2902273,1,180,2.4311,0.0118673,3.96662,0.170576,0.0232542,1.92326,0.51995
tile_128,tile,128,128,128,3,1234,17,0,66,1114542,13134,927350,23729,5439964,2920167,1,181,2.41435,0.0117842,4.36198,0.17047,0.025588,1.86289,0.536799
tile_128,tile,128,128,128,3,1234,18,0,66,1113862,13740,927094,25376,5436653,3103518,1,178,2.52729,0.0123355,4.66758,0.170527,0.0273716,1.75177,0.570851
tile_128,tile,128,128,128,3,1234,19,0,100,975097,15990,785410,22579,4569394,3098963,1,178,3.49937,0.0163984,4.94136,0.171885,0.028748,1.47449,0.6782
tile_128,tile,128,128,128,3,1234,20,0,65,1132656,13558,943058,22615,5529160,2886384,1,178,2.45209,0.0119701,4.09013,0.170561,0.0239805,1.9156,0.522029
tile_128,tile,128,256,256,3,1234,1,0,89,2414054,17677,2072996,49228,12400398,5415500,2,326,1.42552,0.00732254,3.96987,0.167172,0.0237473,2.2898,0.43672
tile_128,tile,128,256,256,3,1234,2,0,82,2468614,14019,2140905,49607,12852730,5334189,1,327,1.09074,0.0056789,3.85965,0.166572,0.023171,2.4095,0.415024
tile_128,tile,128,256,256,3,1234,3,0,100,2276414,18102,1940029,47463,11581851,5297465,1,327,1.56296,0.00795198,4.09805,0.167506,0.0244651,2.1863,0.457394
tile_128,tile,128,256,256,3,1234,4,0,81,2516774,15094,2182975,51542,13099157,5425253,1,327,1.15229,0.00599736,3.93476,0.16665,0.0236109,2.41448,0.414168
tile_128,tile,128,256,256,3,1234,5,0,81,2507775,15146,2176016,51166,13058051,5328530,1,325,1.1599,0.00603962,3.91835,0.166642,0.0235136,2.45059,0.408065
tile_128,tile,128,256,256,3,1234,6,0,80,2516725,14952,2183386,51915,13101306,5470878,1,325,1.14126,0.00594105,3.96258,0.166654,0.0237773,2.39474,0.417583
tile_128,tile,128,256,256,3,1234,7,0,100,2273975,17565,1937629,48529,11572188,5545504,1,327,1.51786,0.00772436,4.19359,0.167438,0.0250456,2.08677,0.47921
tile_128,tile,128,256,256,3,1234,8,0,100,2279025,18030,1940997,46962,11593209,5214469,1,326,1.55522,0.00791128,4.05082,0.167425,0.0241948,2.22328,0.449787
tile_128,tile,128,256,256,3,1234,9,0,81,2494051,14951,2162720,52177,12980303,5400496,1,327,1.15182,0.00599466,4.01971,0.166616,0.0241256,2.40354,0.416053
tile_128,tile,128,256,256,3,1234,10,0,100,2276525,18087,1940835,47141,11582933,5342306,1,328,1.56152,0.007945,4.06987,0.16756,0.024289,2.16815,0.461222
tile_128,tile,128,256,256,3,1234,11,0,94,2364427,18479,2018886,47981,12069388,5528791,2,325,1.53106,0.00781542,3.97543,0.167273,0.0237661,2.18301,0.458084
tile_128,tile,128,256,256,3,1234,12,0,81,2506449,15020,2174682,51309,13046730,5518839,1,327,1.15125,0.00599254,3.93271,0.166684,0.0235938,2.36404,0.423006
tile_128,tile,128,256,256,3,1234,13,0,83,2432379,14531,2109931,48732,12662898,5186367,1,327,1.14753,0.00597399,3.84841,0.166623,0.0230965,2.44157,0.409572
tile_128,tile,128,256,256,3,1234,14,0,82,2458490,14017,2132778,51765,12800439,5699810,1,327,1.09504,0.00570147,4.044,0.166618,0.0242712,2.24577,0.445282
tile_128,tile,128,256,256,3,1234,15,0,79,2550962,15756,2213071,51497,13277975,5630391,1,329,1.18663,0.00617649,3.87838,0.166672,0.0232695,2.35827,0.42404
tile_128,tile,128,256,256,3,1234,16,0,78,2587225,15515,2243376,52106,13463798,5796848,1,325,1.15235,0.00599677,3.87008,0.166623,0.0232266,2.32261,0.430551
tile_128,tile,128,256,256,3,1234,17,0,84,2414318,14917,2094325,48164,12567940,5246912,1,325,1.18691,0.00617856,3.83229,0.16664,0.0229974,2.3953,0.417484
tile_128,tile,128,256,256,3,1234,18,0,100,2279010,19099,1942489,48455,11594353,5425977,1,326,1.64727,0.00838039,4.17919,0.167538,0.0249448,2.13682,0.467984
tile_128,tile,128,256,256,3,1234,19,0,95,2335735,17983,1997627,48632,11932939,5538798,2,326,1.50701,0.00769908,4.07544,0.167404,0.0243449,2.15443,0.46416
tile_128,tile,128,256,256,3,1234,20,0,79,2558804,15223,2219261,52443,13317706,5742821,1,325,1.14306,0.00594926,3.93784,0.16664,0.0236308,2.31902,0.431217
tile_128,tile,128,512,512,3,1234,1,0,93,7758494,28865,6844391,155200,41430740,15561180,1,903,0.696705,0.00372044,3.74601,0.165201,0.0226755,2.66244,0.375595
tile_128,tile,128,512,512,3,1234,2,0,96,7623581,32150,6699523,151537,40512514,15409746,3,903,0.793582,0.00421718,3.7405,0.165369,0.0226191,2.62902,0.38037
tile_128,tile,128,512,512,3,1234,3,0,93,7741055,28403,6829522,153537,41339156,15523456,2,904,0.687073,0.00366914,3.71408,0.165207,0.0224814,2.66301,0.375515
tile_128,tile,128,512,512,3,1234,4,0,93,7691441,28441,6787755,153963,41082980,15694958,2,904,0.692282,0.00369775,3.74761,0.165221,0.0226825,2.61759,0.382031
tile_128,tile,128,512,512,3,1234,5,0,93,7742594,27997,6831880,153801,41353602,15040604,1,904,0.677015,0.00361597,3.71917,0.165206,0.0225123,2.74946,0.363707
tile_128,tile,128,512,512,3,1234,6,0,99,7500136,33338,6583015,151334,39779470,15149610,3,901,0.83807,0.00444499,3.80432,0.165488,0.0229886,2.62578,0.38084
tile_128,tile,128,512,512,3,1234,7,0,92,7788380,29544,6872914,157868,41600573,15536730,1,903,0.710183,0.00379334,3.79485,0.165212,0.0229696,2.67756,0.373474
tile_128,tile,128,512,512,3,1234,8,0,93,7761855,29287,6848605,155431,41455001,15215252,1,905,0.706477,0.0037732,3.74939,0.165206,0.0226953,2.72457,0.367031
tile_128,tile,128,512,512,3,1234,9,0,100,7457820,33750,6542559,151015,39530195,15138698,1,901,0.853778,0.00452545,3.82024,0.165508,0.0230819,2.6112,0.382965
tile_128,tile,128,512,512,3,1234,10,0,92,7760112,27858,6847667,155930,41451008,15017223,1,903,0.672071,0.0035899,3.76179,0.165199,0.0227713,2.76023,0.362288
tile_128,tile,128,512,512,3,1234,11,0,92,7767278,29420,6853235,155722,41479478,15490756,1,903,0.709266,0.00378768,3.75419,0.16522,0.0227224,2.67769,0.373456
tile_128,tile,128,512,512,3,1234,12,0,97,7574360,33854,6651977,152400,40210126,15394171,2,904,0.841927,0.00446955,3.79009,0.16543,0.0229105,2.61204,0.382843
tile_128,tile,128,512,512,3,1234,13,0,100,7457881,33095,6542800,151993,39529463,15278857,1,905,0.837224,0.00443759,3.84506,0.165517,0.0232306,2.5872,0.386518
tile_128,tile,128,512,512,3,1234,14,0,93,7744222,29943,6832424,156387,41352679,15806316,1,905,0.724089,0.0038665,3.78179,0.165223,0.0228889,2.61621,0.382232
tile_128,tile,128,512,512,3,1234,15,0,100,7456363,34077,6541926,150385,39528109,14992457,1,903,0.862095,0.00457019,3.80451,0.165501,0.0229879,2.63653,0.379286
tile_128,tile,128,512,512,3,1234,16,0,93,7753042,29270,6841044,155654,41408715,15499756,1,903,0.706856,0.00377529,3.75897,0.165208,0.022753,2.67157,0.374311
tile_128,tile,128,512,512,3,1234,17,0,100,7449923,33833,6536597,151089,39500634,15145514,1,900,0.856518,0.00454139,3.82498,0.165481,0.0231143,2.60807,0.383425
tile_128,tile,128,512,512,3,1234,18,0,93,7754583,28784,6842633,157529,41416722,15675891,1,902,0.694985,0.00371187,3.80351,0.165214,0.0230217,2.64206,0.378492
tile_128,tile,128,512,512,3,1234,19,0,93,7749258,30612,6835729,155019,41366850,15403469,1,904,0.740013,0.00395031,3.74742,0.165247,0.0226778,2.68555,0.372363
tile_128,tile,128,512,512,3,1234,20,0,91,7892024,30924,6964362,157779,42154804,16010232,1,903,0.733582,0.00391839,3.74285,0.165209,0.0226552,2.63299,0.379796
tile_128,tile,128,1024,1024,3,1234,1,0,97,28807160,70292,25539576,568379,154979863,57653962,3,3209,0.453556,0.00244009,3.66744,0.164793,0.0222548,2.6881,0.372009
tile_128,tile,128,1024,1024,3,1234,2,0,100,28158105,72070,24931591,555547,151215433,55394585,0,3207,0.476605,0.00255948,3.67388,0.164875,0.0222829,2.72979,0.366329
tile_128,tile,128,1024,1024,3,1234,3,0,100,28168859,76206,24940181,556961,151262824,55996831,2,3209,0.503799,0.00270533,3.68207,0.16488,0.0223319,2.70127,0.370196
tile_128,tile,128,1024,1024,3,1234,4,0,97,28734844,71373,25481819,567043,154624125,55406322,1,3210,0.46159,0.00248385,3.66723,0.164798,0.0222528,2.79073,0.358329
tile_128,tile,128,1024,1024,3,1234,5,0,97,28744288,68804,25489354,566963,154653111,57392946,1,3210,0.444892,0.00239366,3.66603,0.164816,0.0222431,2.69464,0.371108
tile_128,tile,128,1024,1024,3,1234,6,0,100,28163261,71499,24936031,555852,151240233,55722210,1,3212,0.472751,0.00253873,3.67529,0.164877,0.0222911,2.71418,0.368435
tile_128,tile,128,1024,1024,3,1234,7,0,97,28749581,62021,25493804,567549,154696867,56666442,1,3210,0.40092,0.00215728,3.66878,0.164798,0.0222622,2.72996,0.366306
tile_128,tile,128,1024,1024,3,1234,8,0,97,28701789,70193,25452145,565972,154445032,56198768,2,3208,0.454485,0.0024456,3.66455,0.164797,0.0222367,2.74819,0.363876
tile_128,tile,128,1024,1024,3,1234,9,0,97,28647470,70309,25389715,565071,154036985,55886285,2,3211,0.456442,0.00245428,3.66841,0.164829,0.0222559,2.75626,0.362811
tile_128,tile,128,1024,1024,3,1234,10,0,97,28711629,68896,25459670,564928,154494035,56269837,1,3208,0.445946,0.00239959,3.65663,0.164794,0.0221891,2.74559,0.36422
tile_128,tile,128,1024,1024,3,1234,11,0,97,28713508,62585,25462414,564766,154504870,56493411,1,3211,0.405068,0.00217964,3.65533,0.1648,0.0221804,2.73492,0.365642
tile_128,tile,128,1024,1024,3,1234,12,0,97,28734101,70089,25479929,566789,154614644,56449318,1,3207,0.453314,0.00243923,3.66582,0.164796,0.0222445,2.739,0.365097
tile_128,tile,128,1024,1024,3,1234,13,0,96,28788508,65167,25529266,567809,154915595,56015416,1,3210,0.420661,0.00226365,3.66528,0.164795,0.0222415,2.76559,0.361587
tile_128,tile,128,1024,1024,3,1234,14,0,97,28745776,67580,25490112,567248,154675210,56466933,1,3210,0.436916,0.00235095,3.66735,0.164798,0.0222536,2.73922,0.365068
tile_128,tile,128,1024,1024,3,1234,15,0,96,28966732,70542,25685811,570980,155857375,56795358,2,3208,0.452606,0.00243528,3.66348,0.164803,0.0222294,2.74419,0.364406
tile_128,tile,128,1024,1024,3,1234,16,0,96,28806862,70969,25545671,568149,155013399,56134877,1,3210,0.457825,0.00246361,3.66516,0.164797,0.0222405,2.76145,0.362129
tile_128,tile,128,1024,1024,3,1234,17,0,97,28728443,67963,25476259,566014,154588873,55723889,2,3210,0.439637,0.0023657,3.66141,0.1648,0.0222173,2.77419,0.360465
tile_128,tile,128,1024,1024,3,1234,18,0,100,28168647,69198,24938978,557394,151261752,56164692,1,3211,0.457472,0.00245656,3.68496,0.164873,0.0223503,2.69318,0.371308
tile_128,tile,128,1024,1024,3,1234,19,0,99,28242340,72388,25010071,559127,151689453,55920280,2,3210,0.477212,0.0025631,3.686,0.164877,0.0223561,2.7126,0.36865
tile_128,tile,128,1024,1024,3,1234,20,0,97,28593016,73349,25354546,562529,153852473,56845231,1,3211,0.476749,0.00256528,3.65629,0.164798,0.0221865,2.70652,0.369479
tile_128,tile,128,2048,2048,3,1234,1,0,100,110964261,248688,98491894,2177271,597977837,217992465,2,12430,0.415882,0.00224115,3.64106,0.164708,0.0221061,2.74311,0.364549
tile_128,tile,128,2048,2048,3,1234,2,0,100,110952599,240404,98484775,2175948,597933079,216267660,1,12429,0.402058,0.00216673,3.63912,0.164709,0.0220943,2.76478,0.361692
tile_128,tile,128,2048,2048,3,1234,3,0,99,111464129,231235,98977540,2184632,600999834,219232035,2,12430,0.384751,0.00207452,3.635,0.164688,0.022072,2.74139,0.364779
tile_128,tile,128,2048,2048,3,1234,4,0,99,111373829,236565,98874071,2182400,600338977,219020119,3,12430,0.394052,0.00212406,3.63528,0.164697,0.0220725,2.74102,0.364827
tile_128,tile,128,2048,2048,3,1234,5,0,99,111831699,237471,99303434,2191534,602980938,219131604,1,12427,0.393828,0.00212347,3.6345,0.164688,0.0220691,2.75168,0.363414
tile_128,tile,128,2048,2048,3,1234,6,0,98,111851240,241618,99322290,2193163,603090349,218191381,1,12427,0.400633,0.00216017,3.63654,0.164689,0.0220813,2.76404,0.361789
tile_128,tile,128,2048,2048,3,1234,7,0,99,111780592,244748,99255859,2190012,602689025,220563571,1,12431,0.406093,0.00218954,3.63373,0.164688,0.0220643,2.7325,0.365966
tile_128,tile,128,2048,2048,3,1234,8,0,99,111784863,248144,99259219,2193979,602714466,220175235,1,12430,0.411711,0.00221984,3.64016,0.164687,0.0221035,2.73743,0.365306
tile_128,tile,128,2048,2048,3,1234,9,0,99,111526409,246374,99030126,2185714,601318993,218770122,2,12428,0.409723,0.00220911,3.63487,0.164688,0.0220712,2.74863,0.363817
tile_128,tile,128,2048,2048,3,1234,10,0,99,111787294,243349,99265337,2194607,602745798,221094734,1,12430,0.403734,0.00217689,3.64102,0.164689,0.0221085,2.72619,0.366813
tile_128,tile,128,2048,2048,3,1234,11,0,100,110960368,246932,98489857,2175302,597961323,223546414,2,12430,0.412956,0.00222541,3.63786,0.164709,0.0220866,2.67489,0.373848
tile_128,tile,128,2048,2048,3,1234,12,0,99,111547211,247552,99049996,2185882,601442227,223384474,1,12428,0.411597,0.00221926,3.6344,0.164687,0.0220685,2.69241,0.371415
tile_128,tile,128,2048,2048,3,1234,13,0,99,111492751,242475,99000957,2186695,601145270,222734133,1,12429,0.403355,0.00217481,3.63755,0.164687,0.0220876,2.69894,0.370516
tile_128,tile,128,2048,2048,3,1234,14,0,99,111527317,242975,99026443,2187622,601300665,218530462,2,12428,0.404082,0.00217861,3.63815,0.164687,0.0220913,2.75156,0.36343
tile_128,tile,128,2048,2048,3,1234,15,0,99,111767405,238345,99245287,2191282,602625891,221072886,2,12430,0.395511,0.00213251,3.63622,0.164688,0.0220795,2.72591,0.366849
tile_128,tile,128,2048,2048,3,1234,16,0,99,111700386,237530,99186183,2189090,602268024,219791201,2,12429,0.394393,0.00212649,3.63474,0.164688,0.0220705,2.74018,0.364939
tile_128,tile,128,2048,2048,3,1234,17,0,99,111752989,234346,99232068,2190667,602546146,219827837,1,12426,0.388926,0.002097,3.63568,0.164688,0.0220762,2.74099,0.364832
tile_128,tile,128,2048,2048,3,1234,18,0,100,110957275,238461,98485338,2176524,597949988,217042863,1,12429,0.398798,0.00214912,3.63998,0.164705,0.0221,2.75499,0.362978
tile_128,tile,128,2048,2048,3,1234,19,0,99,111831096,234909,99302975,2192240,602975630,218314128,1,12428,0.389583,0.00210057,3.6357,0.164688,0.0220763,2.76196,0.362061
tile_128,tile,128,2048,2048,3,1234,20,0,99,111514691,232703,99017199,2187116,601244843,225039723,3,12428,0.387035,0.00208675,3.63765,0.164687,0.0220882,2.67173,0.37429
tile_128,tile,128,4096,4096,3,1234,1,0,99,443248348,974083,393673505,8663057,2390999131,885862128,2,49301,0.407396,0.0021976,3.6232,0.164648,0.0220057,2.69906,0.370499
tile_128,tile,128,4096,4096,3,1234,2,0,99,442873469,938971,393353991,8664764,2388996588,892017785,5,49300,0.39304,0.00212018,3.62695,0.164652,0.0220279,2.67819,0.373386
tile_128,tile,128,4096,4096,3,1234,3,0,100,442398770,963817,392894484,8652322,2386139614,891338654,3,49301,0.403923,0.00217862,3.62608,0.164657,0.022022,2.67703,0.373548
tile_128,tile,128,4096,4096,3,1234,4,0,99,443318786,947137,393749724,8671537,2391406242,884690175,3,49301,0.396059,0.00213647,3.62612,0.164652,0.022023,2.7031,0.369946
tile_128,tile,128,4096,4096,3,1234,5,0,99,442935855,946726,393414921,8663332,2389369934,875692486,2,49301,0.396224,0.00213739,3.62578,0.164652,0.0220209,2.72855,0.366495
tile_128,tile,128,4096,4096,3,1234,6,0,99,443334476,949462,393765084,8672199,2391493198,888964724,3,49301,0.397016,0.00214164,3.62627,0.164652,0.0220238,2.6902,0.37172
tile_128,tile,128,4096,4096,3,1234,7,0,99,443324391,961993,393756606,8665566,2391447114,887590166,2,49303,0.402264,0.00216995,3.62357,0.164652,0.0220074,2.69431,0.371152
tile_128,tile,128,4096,4096,3,1234,8,0,99,443280986,949261,393717043,8667292,2391205844,883016941,2,49301,0.39698,0.00214144,3.62465,0.164652,0.022014,2.708,0.369277
tile_128,tile,128,4096,4096,3,1234,9,0,99,443250189,949834,393834422,8662432,2391215651,899283756,3,49300,0.397218,0.00214288,3.62261,0.164701,0.0219951,2.65902,0.376078
tile_128,tile,128,4096,4096,3,1234,10,0,99,443297331,947250,393735764,8670548,2391323072,875817843,4,49301,0.39612,0.00213683,3.62584,0.164652,0.0220212,2.73039,0.366248
tile_128,tile,128,4096,4096,3,1234,11,0,99,443290011,985771,393724209,8664207,2391242101,884660649,5,49302,0.412242,0.00222376,3.62331,0.164653,0.0220058,2.703,0.369959
tile_128,tile,128,4096,4096,3,1234,12,0,99,443277413,947182,393714226,8665139,2391185321,882734396,2,49303,0.396114,0.00213677,3.62378,0.164652,0.0220087,2.70884,0.369162
tile_128,tile,128,4096,4096,3,1234,13,0,99,443242265,959932,393682077,8676811,2390985385,879285861,4,49300,0.40148,0.00216571,3.62897,0.164653,0.0220401,2.71924,0.36775
tile_128,tile,128,4096,4096,3,1234,14,0,99,443279820,970070,393715787,8667823,2391199208,894785793,3,49300,0.405683,0.00218839,3.62489,0.164652,0.0220154,2.67237,0.3742
tile_128,tile,128,4096,4096,3,1234,15,0,99,443311749,953040,393744342,8668268,2391371768,883234699,2,49299,0.398533,0.00214982,3.62481,0.164652,0.022015,2.70752,0.369342
tile_128,tile,128,4096,4096,3,1234,16,0,99,443235858,945596,393677248,8666224,2390966445,879297875,2,49298,0.395487,0.00213339,3.62457,0.164652,0.0220135,2.71918,0.367758
tile_128,tile,128,4096,4096,3,1234,17,0,99,443306426,957926,393737726,8665212,2391324985,901005469,3,49301,0.400584,0.00216087,3.6236,0.164653,0.0220076,2.65406,0.376781
tile_128,tile,128,4096,4096,3,1234,18,0,99,443000875,944055,393463248,8666712,2389678498,888140861,4,49302,0.395055,0.00213105,3.62673,0.164651,0.0220267,2.69065,0.371657
tile_128,tile,128,4096,4096,3,1234,19,0,99,443122620,947539,393572988,8661959,2390339050,897209074,5,49300,0.396404,0.00213832,3.62374,0.164652,0.0220085,2.66419,0.375348
tile_128,tile,128,4096,4096,3,1234,20,0,99,443285581,943278,393719745,8674797,2391231255,880174432,4,49303,0.394474,0.00212792,3.62775,0.164651,0.0220329,2.71677,0.368084
tile_128,tile,128,8192,8192,3,1234,1,0,99,1769487215,3908624,1571863534,34548224,9547480841,3562304918,8,196772,0.409388,0.0022089,3.61857,0.164636,0.0219791,2.68014,0.373115
tile_128,tile,128,8192,8192,3,1234,2,0,99,1769834878,3980692,1572145238,34597038,9549293194,3548804638,12,196776,0.416857,0.00224919,3.62299,0.164635,0.0220063,2.69085,0.37163
tile_128,tile,128,8192,8192,3,1234,3,0,99,1769880579,4019936,1572230056,34555606,9549719353,3523881933,8,196772,0.420948,0.0022713,3.61849,0.164636,0.0219787,2.71,0.369004
tile_128,tile,128,8192,8192,3,1234,4,0,99,1769966128,3962841,1572303959,34563592,9550142992,3563569951,11,196772,0.414951,0.00223894,3.61917,0.164637,0.0219828,2.67994,0.373143
tile_128,tile,128,8192,8192,3,1234,5,0,99,1770034964,3930968,1572357151,34566220,9550477028,3596278208,6,196776,0.411599,0.00222084,3.61932,0.164637,0.0219837,2.65566,0.376555
tile_128,tile,128,8192,8192,3,1234,6,0,99,1769522525,3994334,1571909904,34566802,9547759733,3541317355,11,196773,0.418353,0.00225729,3.62041,0.164637,0.0219903,2.6961,0.370906
tile_128,tile,128,8192,8192,3,1234,7,0,99,1769641267,3919445,1571997644,34553746,9548290828,3579306050,8,196772,0.410487,0.00221482,3.61884,0.164637,0.0219808,2.66764,0.374864
tile_128,tile,128,8192,8192,3,1234,8,0,99,1769505352,4022478,1571867444,34558227,9547457766,3532322214,8,196775,0.421314,0.00227322,3.61963,0.164637,0.0219855,2.70288,0.369975
tile_128,tile,128,8192,8192,3,1234,9,0,99,1769973990,3937879,1572310993,34546382,9550200305,3556466199,6,196776,0.412335,0.00222482,3.61735,0.164636,0.0219717,2.68531,0.372397
tile_128,tile,128,8192,8192,3,1234,10,0,99,1769707006,3966732,1572039932,34542290,9548679111,3527347935,6,196775,0.415422,0.00224146,3.61749,0.164634,0.0219729,2.70704,0.369407
tile_128,tile,128,8192,8192,3,1234,11,0,99,1769969238,3926829,1572303600,34553644,9550153729,3573745891,9,196772,0.41118,0.00221859,3.61812,0.164636,0.0219764,2.67231,0.374208
tile_128,tile,128,8192,8192,3,1234,12,0,99,1769890097,3926094,1572234836,34561076,9549722552,3567741894,8,196773,0.411121,0.00221827,3.61907,0.164637,0.0219821,2.67669,0.373596
tile_128,tile,128,8192,8192,3,1234,13,0,99,1769569263,4013969,1571885870,34568898,9547708309,3563034849,6,196774,0.420412,0.00226833,3.62065,0.164635,0.021992,2.67966,0.373182
tile_128,tile,128,8192,8192,3,1234,14,0,99,1769649523,3938056,1571993286,34550883,9548424044,3530732507,5,196772,0.41243,0.00222533,3.61849,0.164634,0.021979,2.70437,0.369771
tile_128,tile,128,8192,8192,3,1234,15,0,99,1769547681,3947454,1571932581,34548638,9547897292,3547489222,7,196773,0.413437,0.00223077,3.61846,0.164637,0.0219784,2.69145,0.371547
tile_128,tile,128,8192,8192,3,1234,16,0,99,1770315288,3968058,1572578908,34561650,9551975650,3531748550,9,196775,0.415418,0.00224144,3.61827,0.164634,0.0219777,2.7046,0.36974
tile_128,tile,128,8192,8192,3,1234,17,0,99,1769562434,3942631,1571943715,34579714,9547998525,3546643423,8,196774,0.412927,0.00222803,3.62167,0.164636,0.0219981,2.69212,0.371454
tile_128,tile,128,8192,8192,3,1234,18,0,99,1769964752,3968979,1572301328,34569285,9550141629,3553901218,8,196773,0.415594,0.00224241,3.61977,0.164636,0.0219864,2.68723,0.372131
tile_128,tile,128,8192,8192,3,1234,19,0,99,1770299910,3970699,1572568261,34572594,9551915338,3558145623,7,196774,0.415697,0.00224295,3.61944,0.164634,0.0219848,2.68452,0.372506
tile_128,tile,128,8192,8192,3,1234,20,0,99,1769963168,4046870,1572299790,34541234,9550114021,3545574768,6,196774,0.423751,0.00228641,3.61684,0.164637,0.0219686,2.69353,0.37126
tile_128,tile,128,16384,16384,3,1234,1,0,99,7076774211,17963533,6287563564,138090020,38191713627,14078005124,24,786630,0.470352,0.00253838,3.61571,0.164632,0.0219624,2.71286,0.368614
tile_128,tile,128,16384,16384,3,1234,2,0,99,7076664757,17923589,6287406023,138140219,38190721209,14177482822,27,786628,0.469318,0.00253277,3.61711,0.164632,0.0219709,2.69376,0.371228
tile_128,tile,128,16384,16384,3,1234,3,0,99,7077191427,18044160,6287878354,138055318,38193489957,14105188890,27,786628,0.472441,0.00254962,3.61463,0.164632,0.0219558,2.70776,0.369309
tile_128,tile,128,16384,16384,3,1234,4,0,99,7076943089,17904748,6287659815,138127344,38192219342,14058898949,32,786628,0.468806,0.00253001,3.61664,0.164632,0.021968,2.71659,0.368109
tile_128,tile,128,16384,16384,3,1234,5,0,99,7076968804,17934669,6287667006,138096491,38192300090,14251265461,26,786631,0.469589,0.00253423,3.61582,0.164632,0.0219631,2.67992,0.373145
tile_128,tile,128,16384,16384,3,1234,6,0,99,7076878269,17926616,6287587384,138036485,38191861366,14234657742,32,786630,0.469383,0.00253312,3.61429,0.164632,0.0219538,2.68302,0.372714
tile_128,tile,128,16384,16384,3,1234,7,0,99,7077132221,17964069,6287829256,138230190,38193274254,14069263161,27,786629,0.470346,0.00253833,3.61923,0.164632,0.0219838,2.71466,0.36837
tile_128,tile,128,16384,16384,3,1234,8,0,99,7076821115,17967644,6287558761,138021558,38191650352,14088770680,22,786629,0.47046,0.00253894,3.61392,0.164632,0.0219515,2.71079,0.368897
tile_128,tile,128,16384,16384,3,1234,9,0,99,7077160434,18015207,6287843951,138047875,38193342714,14166680752,27,786630,0.471684,0.00254554,3.61445,0.164632,0.0219547,2.696,0.37092
tile_128,tile,128,16384,16384,3,1234,10,0,99,7076554534,17800228,6287315743,138138491,38190238437,14039546394,28,786629,0.466094,0.00251538,3.61712,0.164631,0.021971,2.72019,0.367621
tile_128,tile,128,16384,16384,3,1234,11,0,99,7076147751,18124120,6286913677,138148994,38187656529,14069273172,29,786631,0.474607,0.0025613,3.61763,0.164632,0.0219741,2.71426,0.368425
tile_128,tile,128,16384,16384,3,1234,12,0,99,7077000760,18011569,6287710635,138145926,38192531821,14057475602,30,786628,0.471599,0.00254509,3.61709,0.164632,0.0219708,2.71688,0.368069
tile_128,tile,128,16384,16384,3,1234,13,0,99,7076539629,17860996,6287306528,138080865,38190168505,14034496191,25,786628,0.467686,0.00252397,3.61561,0.164632,0.0219618,2.72116,0.36749
tile_128,tile,128,16384,16384,3,1234,14,0,99,7076612142,18166185,6287348170,138084987,38190439802,14221315410,25,786631,0.475674,0.00256707,3.6157,0.164631,0.0219624,2.68544,0.372379
tile_128,tile,128,16384,16384,3,1234,15,0,99,7076682272,17866719,6287426612,138074721,38190865973,14052604318,29,786629,0.467827,0.00252473,3.61539,0.164632,0.0219605,2.71771,0.367957
tile_128,tile,128,16384,16384,3,1234,16,0,99,7077048726,17944034,6287751198,138108824,38192803780,14058524939,24,786630,0.469828,0.00253553,3.6161,0.164632,0.0219647,2.7167,0.368094
tile_128,tile,128,16384,16384,3,1234,17,0,99,7076760555,18188139,6287453989,138075536,38190936904,14272643392,27,786629,0.476242,0.00257012,3.6154,0.164632,0.0219605,2.67581,0.373718
tile_128,tile,128,16384,16384,3,1234,18,0,99,7077000759,17892265,6287712898,138094623,38192628245,14065646052,24,786628,0.468474,0.00252823,3.61574,0.164632,0.0219626,2.71531,0.368282
tile_128,tile,128,16384,16384,3,1234,19,0,99,7077044560,17929660,6287753279,138121009,38192832547,14080446714,23,786629,0.469451,0.0025335,3.61641,0.164632,0.0219667,2.71247,0.368667
tile_128,tile,128,16384,16384,3,1234,20,0,99,7076942105,17910865,6287654000,138121442,38192221055,14078547768,29,786630,0.468966,0.00253088,3.61648,0.164632,0.0219671,2.7128,0.368623
tile_256,tile,256,64,64,3,1234,1,0,59,696946,16307,549057,17283,3119941,2592714,1,143,5.2267,0.0233978,5.53953,0.175983,0.0314776,1.20335,0.831014
tile_256,tile,256,64,64,3,1234,2,0,58,713463,16221,561446,17510,3193153,2548722,1,142,5.07993,0.0227356,5.48361,0.175828,0.0311873,1.25284,0.798183
tile_256,tile,256,64,64,3,1234,3,0,48,849007,17703,668779,20717,3801770,2940929,1,142,4.65652,0.0208514,5.4493,0.175913,0.0309773,1.29271,0.773568
tile_256,tile,256,64,64,3,1234,4,0,58,708065,15007,557296,17581,3171546,2467704,1,142,4.73176,0.0211944,5.54335,0.175717,0.031547,1.28522,0.778076
tile_256,tile,256,64,64,3,1234,5,0,58,727130,17143,569684,17685,3244291,2518304,1,142,5.28405,0.0235763,5.45111,0.175596,0.0310435,1.28828,0.776226
tile_256,tile,256,64,64,3,1234,6,0,59,693816,16823,545868,17212,3104335,2595628,1,140,5.4192,0.0242471,5.5445,0.175841,0.0315314,1.19599,0.83613
tile_256,tile,256,64,64,3,1234,7,0,57,722489,15602,568999,17831,3230831,2771833,1,143,4.8291,0.0215948,5.51901,0.176115,0.0313375,1.16559,0.857932
tile_256,tile,256,64,64,3,1234,8,0,94,670715,16925,514724,17231,2913892,2571014,2,141,5.80838,0.0252343,5.9134,0.176645,0.0334762,1.13336,0.88233
tile_256,tile,256,64,64,3,1234,9,0,58,705921,16776,555747,17555,3162250,2536197,1,142,5.30508,0.0237647,5.55143,0.175744,0.0315881,1.24685,0.802023
tile_256,tile,256,64,64,3,1234,10,0,58,708476,14721,557840,17528,3168852,2495636,1,143,4.64553,0.0207784,5.53134,0.176039,0.0314212,1.26976,0.787552
tile_256,tile,256,64,64,3,1234,11,0,58,711183,16068,559480,17813,3183567,2523857,1,142,5.04717,0.0225933,5.5953,0.17574,0.0318385,1.26139,0.792776
tile_256,tile,256,64,64,3,1234,12,0,59,689287,16667,543362,17162,3086916,2430894,1,139,5.39924,0.0241801,5.55959,0.176021,0.0315848,1.26987,0.787483
tile_256,tile,256,64,64,3,1234,13,0,72,719650,15338,556651,17292,3162025,2619281,1,143,4.85069,0.0213131,5.46865,0.176043,0.0310643,1.20721,0.828356
tile_256,tile,256,64,64,3,1234,14,0,58,703514,14581,553909,17390,3148381,2547479,1,143,4.63127,0.020726,5.52347,0.175935,0.031395,1.23588,0.809139
tile_256,tile,256,64,64,3,1234,15,0,57,717421,14805,565322,17538,3216263,2461695,1,141,4.60317,0.0206364,5.45291,0.17577,0.031023,1.30652,0.76539
tile_256,tile,256,64,64,3,1234,16,0,52,787714,16014,620184,19006,3523559,2680227,1,143,4.54484,0.0203297,5.39398,0.176011,0.0306457,1.31465,0.760659
tile_256,tile,256,64,64,3,1234,17,0,100,652771,14314,498097,15787,2827091,2317882,1,143,5.06316,0.0219281,5.58419,0.176187,0.0316946,1.21969,0.819882
tile_256,tile,256,64,64,3,1234,18,0,57,714763,14705,562785,16822,3196931,2321728,1,142,4.59972,0.0205733,5.26192,0.176039,0.0298906,1.37696,0.726237
tile_256,tile,256,64,64,3,1234,19,0,100,650955,14593,496700,15411,2820816,2235847,1,143,5.17333,0.0224178,5.46331,0.176084,0.0310268,1.26163,0.792624
tile_256,tile,256,64,64,3,1234,20,0,49,839548,17079,661527,17861,3759511,2774950,1,139,4.54288,0.0203431,4.75088,0.175961,0.0269997,1.3548,0.738115
tile_256,tile,256,128,128,3,1234,1,0,66,1104988,13288,920114,22068,5394247,2880748,1,179,2.46337,0.0120255,4.09103,0.170573,0.023984,1.87252,0.534041
tile_256,tile,256,128,128,3,1234,2,0,65,1130898,13330,940076,25027,5516983,3061944,1,178,2.41618,0.0117871,4.53636,0.170397,0.0266223,1.80179,0.555003
tile_256,tile,256,128,128,3,1234,3,0,62,1181501,14078,982900,26666,5766185,3287438,1,180,2.44148,0.0119154,4.62455,0.170459,0.0271299,1.75401,0.570124
tile_256,tile,256,128,128,3,1234,4,0,96,993457,15253,801841,22130,4666765,3089577,2,179,3.26843,0.0153535,4.74204,0.171819,0.027599,1.51049,0.662038
tile_256,tile,256,128,128,3,1234,5,0,82,1061283,15156,864789,22810,5044787,2918355,1,180,3.00429,0.0142808,4.5215,0.171422,0.0263764,1.72864,0.578489
tile_256,tile,256,128,128,3,1234,6,0,65,1122781,13149,934895,22611,5480327,2988587,1,179,2.39931,0.0117111,4.12585,0.170591,0.0241856,1.83375,0.54533
tile_256,tile,256,128,128,3,1234,7,0,67,1098114,13227,913560,23846,5359996,2979429,1,179,2.46773,0.0120452,4.44888,0.17044,0.0261023,1.799,0.555864
tile_256,tile,256,128,128,3,1234,8,0,63,1171389,14275,973553,24049,5713927,3398354,1,178,2.49828,0.0121864,4.20884,0.170382,0.0247023,1.68138,0.594749
tile_256,tile,256,128,128,3,1234,9,0,64,1138309,13646,946763,24747,5558515,2979133,1,178,2.45497,0.011988,4.45209,0.170327,0.0261385,1.86582,0.535958
tile_256,tile,256,128,128,3,1234,10,0,64,1138333,13380,947672,22704,5560429,2995207,1,178,2.40629,0.011754,4.08314,0.170431,0.0239577,1.85644,0.538665
tile_256,tile,256,128,128,3,1234,11,0,66,1109806,13648,923098,24871,5417704,3145200,1,180,2.51915,0.0122976,4.59069,0.170385,0.026943,1.72253,0.580541
tile_256,tile,256,128,128,3,1234,12,0,65,1132372,14002,940869,24485,5528306,3015495,1,177,2.53278,0.0123652,4.42902,0.170191,0.0260238,1.8333,0.545465
tile_256,tile,256,128,128,3,1234,13,0,100,967543,14409,780195,20722,4535779,2716738,0,177,3.17674,0.0148924,4.56856,0.172009,0.02656,1.66957,0.598957
tile_256,tile,256,128,128,3,1234,14,0,100,971840,14480,783451,22107,4554329,2836780,1,179,3.17939,0.0148996,4.85406,0.172023,0.0282175,1.60546,0.622876
tile_256,tile,256,128,128,3,1234,15,0,65,1114850,13580,928183,24170,5442774,2912585,1,178,2.49505,0.012181,4.44075,0.170535,0.0260401,1.86871,0.535129
tile_256,tile,256,128,128,3,1234,16,0,66,1114756,13604,927528,25472,5442501,2961842,1,179,2.49959,0.0122036,4.6802,0.170423,0.0274622,1.83754,0.544206
tile_256,tile,256,128,128,3,1234,17,0,64,1133512,13420,943764,24647,5538461,3107530,1,176,2.42306,0.0118393,4.45015,0.170402,0.0261156,1.78227,0.561082
tile_256,tile,256,128,128,3,1234,18,0,65,1134622,13889,944245,25194,5539883,3089433,1,180,2.50709,0.0122411,4.54775,0.170445,0.0266816,1.79317,0.557671
tile_256,tile,256,128,128,3,1234,19,0,100,975546,15040,785733,21740,4570174,2895580,1,180,3.2909,0.015417,4.75693,0.171926,0.0276684,1.57833,0.633582
tile_256,tile,256,128,128,3,1234,20,0,72,1018551,12349,847346,22598,4971534,2660563,1,179,2.48394,0.0121241,4.54548,0.17044,0.0266692,1.8686,0.535159
tile_256,tile,256,256,256,3,1234,1,0,80,2524350,14874,2192046,52252,13153598,5494883,1,328,1.13079,0.00589221,3.97245,0.16665,0.0238371,2.39379,0.417748
tile_256,tile,256,256,256,3,1234,2,0,81,2504836,15961,2175246,52466,13047463,5574040,1,327,1.2233,0.00637207,4.02116,0.166718,0.0241196,2.34076,0.427213
tile_256,tile,256,256,256,3,1234,3,0,81,2499425,15544,2169748,50463,13020197,5461655,1,328,1.19384,0.00621903,3.87575,0.166645,0.0232575,2.38393,0.419476
tile_256,tile,256,256,256,3,1234,4,0,100,2279842,18277,1944796,47254,11606317,5559129,1,328,1.57475,0.00801678,4.0714,0.167564,0.0242977,2.08779,0.478974
tile_256,tile,256,256,256,3,1234,5,0,81,2510195,15284,2179901,51607,13077587,5410024,1,327,1.16872,0.00608877,3.94622,0.16669,0.023674,2.41729,0.413687
tile_256,tile,256,256,256,3,1234,6,0,83,2438331,16422,2117822,50016,12704138,5396153,1,326,1.29265,0.00673493,3.93698,0.166703,0.0236167,2.3543,0.424756
tile_256,tile,256,256,256,3,1234,7,0,100,2267297,18014,1934781,46513,11550035,5236404,1,323,1.55965,0.00794514,4.02709,0.167513,0.0240404,2.20572,0.453367
tile_256,tile,256,256,256,3,1234,8,0,100,2276656,19702,1941365,47976,11590092,5423827,1,328,1.6999,0.00865392,4.1394,0.167502,0.0247125,2.13688,0.467971
tile_256,tile,256,256,256,3,1234,9,0,81,2511250,16213,2181167,52193,13085557,5521540,1,323,1.239,0.00645615,3.9886,0.166685,0.0239289,2.36991,0.421957
tile_256,tile,256,256,256,3,1234,10,0,80,2520110,15785,2188875,51473,13131047,5587489,2,327,1.20211,0.00626362,3.91995,0.166695,0.0235157,2.35008,0.425517
tile_256,tile,256,256,256,3,1234,11,0,100,2273887,19026,1939479,48063,11577220,5415164,1,328,1.6434,0.00836717,4.15151,0.167525,0.0247814,2.13793,0.467743
tile_256,tile,256,256,256,3,1234,12,0,97,2307409,18811,1973301,47601,11774665,5441713,2,328,1.59758,0.00815243,4.04266,0.167589,0.0241225,2.16378,0.462154
tile_256,tile,256,256,256,3,1234,13,0,81,2505619,15812,2175796,52349,13055987,5369589,1,326,1.21109,0.00631062,4.00958,0.166651,0.0240597,2.43147,0.411274
tile_256,tile,256,256,256,3,1234,14,0,97,2320645,19334,1982850,49946,11846870,5536849,2,325,1.63199,0.0083313,4.21597,0.167373,0.025189,2.13964,0.467368
tile_256,tile,256,256,256,3,1234,15,0,80,2516212,15543,2184954,52055,13107505,5514034,1,328,1.18581,0.00617714,3.97139,0.166695,0.0238243,2.37712,0.420678
tile_256,tile,256,256,256,3,1234,16,0,79,2552915,15788,2217490,52196,13302608,5572407,1,328,1.18683,0.0061843,3.92374,0.166696,0.0235383,2.38723,0.418896
tile_256,tile,256,256,256,3,1234,17,0,100,2268282,17846,1936435,47805,11554566,5287937,1,327,1.5445,0.00786763,4.13733,0.16759,0.0246871,2.18508,0.457649
tile_256,tile,256,256,256,3,1234,18,0,78,2596122,16882,2254102,53688,13523548,5694933,1,327,1.24834,0.00650278,3.96996,0.16668,0.0238179,2.37466,0.421112
tile_256,tile,256,256,256,3,1234,19,0,85,2371436,14846,2059629,49227,12353329,5161650,1,329,1.20178,0.00626034,3.98492,0.166727,0.0239009,2.39329,0.417835
tile_256,tile,256,256,256,3,1234,20,0,100,2276072,18868,1942234,48376,11589284,5351268,1,328,1.62806,0.00828972,4.1742,0.167589,0.0249074,2.16571,0.461743
tile_256,tile,256,512,512,3,1234,1,0,93,7707867,28438,6810726,151734,41214646,15466542,1,903,0.689997,0.00368948,3.68156,0.16525,0.0222787,2.66476,0.375268
tile_256,tile,256,512,512,3,1234,2,0,96,7600263,29397,6693392,151131,40466933,15098633,2,904,0.726445,0.00386789,3.73468,0.165404,0.0225791,2.68017,0.37311
tile_256,tile,256,512,512,3,1234,3,0,97,7583460,31670,6672545,151409,40333085,15468098,2,905,0.785211,0.00417619,3.75397,0.165436,0.0226913,2.6075,0.383509
tile_256,tile,256,512,512,3,1234,4,0,92,7765403,27568,6860872,156032,41521177,15227893,1,901,0.66395,0.00355011,3.75789,0.165238,0.0227423,2.72665,0.36675
tile_256,tile,256,512,512,3,1234,5,0,93,7706247,27627,6808504,151999,41203092,15183855,2,904,0.670508,0.00358501,3.68902,0.165243,0.0223249,2.71361,0.368513
tile_256,tile,256,512,512,3,1234,6,0,95,7576332,27561,6693666,149634,40509489,14714980,1,901,0.680359,0.00363778,3.6938,0.165237,0.0223546,2.75294,0.363248
tile_256,tile,256,512,512,3,1234,7,0,93,7685525,26897,6789702,152389,41092855,15908531,1,901,0.654542,0.0034997,3.70841,0.165228,0.0224441,2.58307,0.387136
tile_256,tile,256,512,512,3,1234,8,0,94,7657732,28290,6766186,151371,40946349,14782338,2,902,0.690904,0.00369431,3.69681,0.165245,0.0223717,2.76995,0.361017
tile_256,tile,256,512,512,3,1234,9,0,91,7852886,27911,6938484,157086,41990670,15371749,1,904,0.664695,0.00355423,3.74097,0.165239,0.0226398,2.73168,0.366075
tile_256,tile,256,512,512,3,1234,10,0,96,7637253,31496,6719949,149702,40619747,15136135,2,903,0.775386,0.004124,3.68545,0.165436,0.0222773,2.68363,0.37263
tile_256,tile,256,512,512,3,1234,11,0,93,7733254,28803,6832310,154664,41347385,15066466,1,905,0.69661,0.00372456,3.7406,0.165242,0.0226371,2.74433,0.364387
tile_256,tile,256,512,512,3,1234,12,0,96,7638915,31032,6727177,151476,40669155,14955311,1,903,0.763035,0.00406236,3.72459,0.165412,0.022517,2.71938,0.367731
tile_256,tile,256,512,512,3,1234,13,0,92,7761794,27804,6857088,153987,41499416,15487824,1,903,0.669985,0.00358216,3.71058,0.165233,0.0224566,2.67949,0.373206
tile_256,tile,256,512,512,3,1234,14,0,93,7728305,26467,6827297,155068,41314508,15076531,1,902,0.640622,0.00342468,3.75335,0.165252,0.0227129,2.74032,0.364921
tile_256,tile,256,512,512,3,1234,15,0,92,7810908,28384,6900124,155230,41761064,15798609,1,904,0.679676,0.00363389,3.7171,0.165229,0.0224967,2.64334,0.37831
tile_256,tile,256,512,512,3,1234,16,0,92,7752594,27433,6849745,154793,41452944,15205399,1,904,0.661787,0.00353856,3.73419,0.165241,0.0225984,2.7262,0.366811
tile_256,tile,256,512,512,3,1234,17,0,92,7757291,27184,6853314,154270,41472551,15635038,1,903,0.65547,0.00350432,3.71981,0.165249,0.0225103,2.65254,0.376997
tile_256,tile,256,512,512,3,1234,18,0,89,8003312,24883,7072175,160483,42801126,16318464,1,902,0.581363,0.00310909,3.7495,0.165233,0.0226922,2.62286,0.381262
tile_256,tile,256,512,512,3,1234,19,0,93,7726558,30249,6821085,154375,41262233,15343432,1,905,0.733092,0.00391494,3.74131,0.165311,0.022632,2.68924,0.371852
tile_256,tile,256,512,512,3,1234,20,0,93,7707461,28818,6809699,153164,41210390,15596808,1,902,0.69929,0.00373897,3.71664,0.165242,0.022492,2.64223,0.378468
tile_256,tile,256,1024,1024,3,1234,1,0,97,28717455,64290,25499741,564502,154703562,55353880,1,3209,0.415569,0.00223871,3.64893,0.16483,0.0221376,2.79481,0.357806
tile_256,tile,256,1024,1024,3,1234,2,0,99,28230358,70475,25034064,554682,151814852,55833245,2,3208,0.464217,0.00249643,3.65367,0.164899,0.0221571,2.71908,0.367772
tile_256,tile,256,1024,1024,3,1234,3,0,98,28508320,64921,25298266,560132,153452538,55919207,3,3212,0.423069,0.00227727,3.6502,0.164861,0.0221411,2.74418,0.364407
tile_256,tile,256,1024,1024,3,1234,4,0,97,28469509,65196,25278780,557762,153364664,55195995,1,3212,0.425104,0.00229003,3.63684,0.164828,0.0220644,2.77855,0.3599
tile_256,tile,256,1024,1024,3,1234,5,0,100,28114741,67031,24925587,550623,151143789,55378905,0,3210,0.443492,0.00238419,3.64304,0.164913,0.0220907,2.72927,0.366399
tile_256,tile,256,1024,1024,3,1234,6,0,99,28178575,68651,24985640,553527,151517038,54904047,2,3211,0.453091,0.00243628,3.65323,0.164903,0.0221538,2.75967,0.362362
tile_256,tile,256,1024,1024,3,1234,7,0,97,28734591,64936,25515563,563357,154799761,56042303,1,3210,0.419484,0.00225985,3.63926,0.164829,0.022079,2.76219,0.362031
tile_256,tile,256,1024,1024,3,1234,8,0,97,28690896,59450,25477402,561693,154572258,58721274,1,3208,0.38461,0.00207209,3.63385,0.164825,0.0220467,2.6323,0.379895
tile_256,tile,256,1024,1024,3,1234,9,0,99,28223447,68959,25026406,554546,151765201,56063856,3,3211,0.45438,0.00244332,3.65397,0.164902,0.0221584,2.70701,0.369412
tile_256,tile,256,1024,1024,3,1234,10,0,100,28120133,68963,24929320,551722,151168376,56152658,1,3210,0.4562,0.00245244,3.64972,0.164911,0.0221315,2.6921,0.371458
tile_256,tile,256,1024,1024,3,1234,11,0,100,28122552,67228,24929548,552367,151180204,55647713,1,3210,0.444688,0.00239054,3.6537,0.1649,0.0221571,2.71674,0.368089
tile_256,tile,256,1024,1024,3,1234,12,0,97,28743939,64373,25521503,562463,154838491,56067781,1,3207,0.415743,0.00223953,3.63258,0.164827,0.0220388,2.76163,0.362105
tile_256,tile,256,1024,1024,3,1234,13,0,97,28663894,63968,25452326,562018,154418608,56346983,1,3206,0.414251,0.00223166,3.63957,0.164827,0.0220812,2.74049,0.364898
tile_256,tile,256,1024,1024,3,1234,14,0,96,28818529,69383,25588641,564709,155243031,55455195,1,3207,0.446931,0.00240758,3.63758,0.16483,0.0220687,2.79943,0.357215
tile_256,tile,256,1024,1024,3,1234,15,0,96,28839560,64146,25609175,564648,155370820,56661021,2,3209,0.412857,0.00222424,3.6342,0.164826,0.0220487,2.74211,0.364683
tile_256,tile,256,1024,1024,3,1234,16,0,97,28501732,62548,25310276,557841,153552585,54743758,1,3210,0.407339,0.00219453,3.6329,0.164831,0.0220401,2.80493,0.356515
tile_256,tile,256,1024,1024,3,1234,17,0,96,28786754,56202,25559252,563186,155068003,56840948,1,3212,0.362435,0.00195236,3.63186,0.164826,0.0220345,2.7281,0.366555
tile_256,tile,256,1024,1024,3,1234,18,0,99,28129633,64792,24937894,553983,151219772,59162943,3,3211,0.428462,0.00230334,3.66343,0.164912,0.0222145,2.55599,0.391238
tile_256,tile,256,1024,1024,3,1234,19,0,100,28125129,70264,24931798,551522,151186673,55787532,0,3210,0.46475,0.00249826,3.64795,0.164907,0.0221212,2.71004,0.368998
tile_256,tile,256,1024,1024,3,1234,20,0,97,28673348,55538,25460530,560682,154465221,56321026,1,3210,0.35955,0.00193692,3.62983,0.16483,0.0220216,2.74259,0.364619
tile_256,tile,256,2048,2048,3,1234,1,0,99,111592979,224686,99216544,2174388,602339074,222704489,1,12431,0.373022,0.00201344,3.60991,0.164719,0.0219156,2.70466,0.369733
tile_256,tile,256,2048,2048,3,1234,2,0,98,111709326,221436,99323186,2175505,602981006,217119705,1,12430,0.367235,0.00198225,3.60792,0.16472,0.0219033,2.77718,0.360077
tile_256,tile,256,2048,2048,3,1234,3,0,98,111661393,212254,99280980,2174615,602725997,220045930,1,12429,0.352157,0.00190087,3.60797,0.16472,0.0219036,2.73909,0.365085
tile_256,tile,256,2048,2048,3,1234,4,0,99,111079808,225047,98735535,2166391,599368121,219142274,4,12427,0.375474,0.00202599,3.61446,0.164733,0.0219414,2.73506,0.365622
tile_256,tile,256,2048,2048,3,1234,5,0,99,111320877,218990,98977949,2167885,600887953,219623299,2,12430,0.364444,0.0019672,3.6078,0.164719,0.0219027,2.73599,0.365498
tile_256,tile,256,2048,2048,3,1234,6,0,99,111419075,223883,99066114,2170940,601424393,220074867,1,12429,0.372255,0.00200938,3.60966,0.164719,0.0219141,2.73282,0.365923
tile_256,tile,256,2048,2048,3,1234,7,0,99,111382783,227484,99032757,2170962,601220641,222403974,1,12427,0.37837,0.00204236,3.61092,0.164719,0.0219217,2.70328,0.369921
tile_256,tile,256,2048,2048,3,1234,8,0,99,111359919,227600,98993160,2170312,600950553,218502358,2,12429,0.378733,0.00204382,3.61147,0.164728,0.0219239,2.75032,0.363595
tile_256,tile,256,2048,2048,3,1234,9,0,99,111334880,221070,98990786,2169930,600965537,221199662,3,12429,0.367858,0.00198563,3.61074,0.16472,0.0219205,2.71685,0.368074
tile_256,tile,256,2048,2048,3,1234,10,0,100,110792205,232724,98467282,2161423,597712318,218880882,1,12431,0.389358,0.00210054,3.61616,0.16474,0.0219507,2.73077,0.366198
tile_256,tile,256,2048,2048,3,1234,11,0,99,111368587,219038,99018961,2172714,601135141,217117159,2,12431,0.364374,0.00196678,3.61435,0.16472,0.0219424,2.76871,0.361179
tile_256,tile,256,2048,2048,3,1234,12,0,99,111610791,220104,99233824,2173633,602445233,218999163,1,12431,0.365351,0.00197207,3.60802,0.164718,0.0219042,2.7509,0.363517
tile_256,tile,256,2048,2048,3,1234,13,0,99,111262031,225404,98928924,2168793,600588251,219715040,1,12430,0.375305,0.00202588,3.61111,0.16472,0.0219227,2.73349,0.365833
tile_256,tile,256,2048,2048,3,1234,14,0,98,111703264,225808,99317105,2177770,602943193,219725560,1,12429,0.37451,0.0020215,3.6119,0.164721,0.0219274,2.74407,0.364422
tile_256,tile,256,2048,2048,3,1234,15,0,99,111641380,217841,99265433,2172419,602632071,222657582,1,12429,0.361483,0.00195126,3.60488,0.16472,0.0218849,2.70654,0.369475
tile_256,tile,256,2048,2048,3,1234,16,0,98,111730331,223349,99341023,2177290,603089893,218401237,2,12431,0.370341,0.001999,3.61022,0.16472,0.0219173,2.76138,0.362137
tile_256,tile,256,2048,2048,3,1234,17,0,99,111355766,219270,99002454,2170968,601045928,219680047,2,12432,0.364814,0.00196909,3.61198,0.164717,0.0219284,2.73601,0.365496
tile_256,tile,256,2048,2048,3,1234,18,0,100,110766038,220546,98447629,2160492,597594839,216729243,1,12430,0.369056,0.0019911,3.61531,0.16474,0.0219456,2.75733,0.362669
tile_256,tile,256,2048,2048,3,1234,19,0,99,110825814,228478,98500579,2160840,597914146,220004255,3,12430,0.382125,0.0020616,3.61396,0.16474,0.0219373,2.71774,0.367953
tile_256,tile,256,2048,2048,3,1234,20,0,99,111358518,217529,99013248,2170649,601101547,220924158,1,12428,0.361884,0.00195341,3.61112,0.16472,0.0219228,2.72085,0.367532
tile_256,tile,256,4096,4096,3,1234,1,0,100,441926266,909046,392948396,8591088,2386197761,895117908,1,49301,0.38096,0.00205701,3.60033,0.164676,0.0218631,2.66579,0.375123
tile_256,tile,256,4096,4096,3,1234,2,0,99,442136024,950123,393221631,8591856,2387736300,874062729,1,49301,0.397918,0.00214894,3.59833,0.164684,0.0218499,2.73177,0.366063
tile_256,tile,256,4096,4096,3,1234,3,0,100,441682438,887543,392769902,8588373,2384928711,886707018,4,49301,0.372147,0.00200946,3.6011,0.164688,0.0218662,2.68965,0.371796
tile_256,tile,256,4096,4096,3,1234,4,0,99,442219414,887229,393291541,8595224,2388153065,883708082,3,49303,0.371513,0.00200631,3.59911,0.164684,0.0218546,2.70242,0.370038
tile_256,tile,256,4096,4096,3,1234,5,0,99,442263692,883743,393324744,8602484,2388356783,889990682,4,49301,0.370021,0.00199823,3.60184,0.164684,0.0218712,2.68358,0.372637
tile_256,tile,256,4096,4096,3,1234,6,0,99,442614181,883038,393642441,8599831,2390298156,878563016,2,49303,0.369426,0.00199505,3.59781,0.164683,0.0218468,2.72069,0.367554
tile_256,tile,256,4096,4096,3,1234,7,0,99,442274480,880200,393340499,8593951,2388467061,880657442,1,49302,0.368521,0.00199017,3.5981,0.164683,0.0218486,2.71214,0.368712
tile_256,tile,256,4096,4096,3,1234,8,0,99,442592586,882843,393623585,8599981,2390182083,882100782,2,49303,0.369362,0.00199471,3.59804,0.164684,0.0218482,2.70965,0.369052
tile_256,tile,256,4096,4096,3,1234,9,0,99,442243717,894242,393308980,8598149,2388272258,881039350,4,49300,0.374431,0.00202206,3.60015,0.164683,0.0218611,2.71074,0.368902
tile_256,tile,256,4096,4096,3,1234,10,0,99,442231368,867859,393299078,8594464,2388218043,881947983,4,49300,0.363392,0.00196245,3.59869,0.164683,0.0218522,2.70789,0.369291
tile_256,tile,256,4096,4096,3,1234,11,0,99,442222785,883993,393295622,8595269,2388185844,876605002,1,49302,0.370153,0.00199898,3.59908,0.164684,0.0218545,2.72436,0.367059
tile_256,tile,256,4096,4096,3,1234,12,0,99,442625558,880291,393649039,8601106,2390339475,877995151,3,49302,0.36827,0.00198879,3.59828,0.164683,0.0218497,2.7225,0.36731
tile_256,tile,256,4096,4096,3,1234,13,0,99,442538944,867378,393575346,8598234,2389890296,875599071,2,49300,0.362936,0.00196,3.59775,0.164683,0.0218465,2.72943,0.366376
tile_256,tile,256,4096,4096,3,1234,14,0,99,442249483,881884,393316329,8597420,2388319970,883837231,2,49301,0.369249,0.00199409,3.59978,0.164683,0.0218588,2.70222,0.370067
tile_256,tile,256,4096,4096,3,1234,15,0,99,442612427,873928,393639033,8602564,2390277790,879894478,4,49300,0.365618,0.00197448,3.59898,0.164683,0.0218539,2.71655,0.368114
tile_256,tile,256,4096,4096,3,1234,16,0,99,442639384,882668,393661608,8608224,2390419134,875470717,2,49304,0.369252,0.0019941,3.60114,0.164683,0.0218671,2.73044,0.366242
tile_256,tile,256,4096,4096,3,1234,17,0,99,442263157,871693,393334862,8598933,2388414515,871355891,3,49302,0.364967,0.00197098,3.60027,0.164685,0.0218616,2.74103,0.364826
tile_256,tile,256,4096,4096,3,1234,18,0,99,442542127,888555,393579862,8609287,2389909848,881368768,2,49301,0.371794,0.00200784,3.60235,0.164684,0.0218743,2.71159,0.368787
tile_256,tile,256,4096,4096,3,1234,19,0,99,442158928,870202,393238592,8590578,2387835960,883170928,3,49299,0.364431,0.00196808,3.59764,0.164684,0.0218457,2.70371,0.369862
tile_256,tile,256,4096,4096,3,1234,20,0,99,442555105,886133,393592461,8601886,2389986469,884186353,3,49301,0.370769,0.00200231,3.59914,0.164684,0.0218548,2.70303,0.369955
tile_256,tile,256,8192,8192,3,1234,1,0,100,1766005085,3635855,1570796015,34287452,9539079638,3546178549,5,196776,0.381154,0.0020588,3.59442,0.16467,0.0218281,2.68996,0.371753
tile_256,tile,256,8192,8192,3,1234,2,0,99,1766989115,3698626,1571732597,34305346,9544836614,3529599517,10,196773,0.3875,0.00209318,3.59413,0.164668,0.0218265,2.70423,0.369792
tile_256,tile,256,8192,8192,3,1234,3,0,99,1767098467,3638610,1571826207,34292932,9545385542,3531013886,4,196773,0.38119,0.00205909,3.59262,0.164669,0.0218173,2.7033,0.369918
tile_256,tile,256,8192,8192,3,1234,4,0,99,1766976458,3659811,1571719382,34301053,9544749380,3515418187,8,196771,0.383437,0.00207123,3.59371,0.164668,0.0218239,2.71511,0.368309
tile_256,tile,256,8192,8192,3,1234,5,0,99,1766730971,3637760,1571492243,34295653,9543375175,3538162013,7,196773,0.381182,0.00205903,3.59366,0.164668,0.0218236,2.69727,0.370745
tile_256,tile,256,8192,8192,3,1234,6,0,99,1767112534,3714159,1571839993,34307816,9545476404,3496629651,9,196771,0.389101,0.00210182,3.59414,0.164669,0.0218265,2.72991,0.366313
tile_256,tile,256,8192,8192,3,1234,7,0,100,1766059491,3682873,1570863569,34280504,9539475147,3494281680,7,196775,0.386067,0.00208536,3.59354,0.16467,0.0218227,2.73002,0.366297
tile_256,tile,256,8192,8192,3,1234,8,0,99,1766591425,3638351,1571378109,34271079,9542684298,3519378927,9,196774,0.381271,0.00205953,3.59135,0.164668,0.0218096,2.71147,0.368804
tile_256,tile,256,8192,8192,3,1234,9,0,99,1767071009,3636666,1571802859,34307747,9545273241,3519397462,7,196774,0.380991,0.00205802,3.59421,0.164668,0.021827,2.71219,0.368706
tile_256,tile,256,8192,8192,3,1234,10,0,99,1766628412,3648466,1571405182,34285550,9542834503,3490002713,13,196774,0.382325,0.00206521,3.59281,0.164669,0.0218184,2.73433,0.36572
tile_256,tile,256,8192,8192,3,1234,11,0,100,1766020865,3604972,1570829396,34289953,9539296578,3518360789,4,196773,0.377908,0.0020413,3.5946,0.164669,0.0218292,2.71129,0.368828
tile_256,tile,256,8192,8192,3,1234,12,0,99,1766943948,3646173,1571690625,34344883,9544575180,3523000302,9,196773,0.382015,0.00206355,3.59837,0.164668,0.0218522,2.70922,0.36911
tile_256,tile,256,8192,8192,3,1234,13,0,99,1767037466,3674807,1571770914,34316443,9545041017,3504597841,4,196772,0.384996,0.00207964,3.59521,0.164669,0.021833,2.72358,0.367164
tile_256,tile,256,8192,8192,3,1234,14,0,99,1767029465,3599219,1571755168,34298969,9544967175,3569488888,9,196774,0.37708,0.00203688,3.59341,0.164668,0.0218221,2.67404,0.373966
tile_256,tile,256,8192,8192,3,1234,15,0,99,1766593232,3721649,1571373829,34314277,9542662927,3533768847,9,196775,0.390001,0.00210668,3.59588,0.164668,0.0218371,2.70042,0.370313
tile_256,tile,256,8192,8192,3,1234,16,0,99,1766824211,3664472,1571570773,34307391,9543850534,3517157935,12,196773,0.383962,0.00207404,3.59471,0.164668,0.02183,2.71351,0.368526
tile_256,tile,256,8192,8192,3,1234,17,0,99,1766863554,3670071,1571621608,34286361,9544184556,3507550468,6,196770,0.384535,0.00207717,3.59238,0.164668,0.0218159,2.72104,0.367507
tile_256,tile,256,8192,8192,3,1234,18,0,99,1767060281,3627742,1571790869,34327386,9545190340,3510885436,10,196775,0.38006,0.00205298,3.5963,0.164668,0.0218397,2.71874,0.367817
tile_256,tile,256,8192,8192,3,1234,19,0,100,1766030310,3640384,1570836608,34277998,9539330469,3521582257,5,196775,0.381618,0.00206134,3.59333,0.164669,0.0218215,2.70882,0.369165
tile_256,tile,256,8192,8192,3,1234,20,0,99,1766993629,3687214,1571733737,34279291,9544849845,3521314741,8,196775,0.386304,0.00208672,3.59139,0.164668,0.0218099,2.71059,0.368923
tile_256,tile,256,16384,16384,3,1234,1,0,99,7065483563,15901687,6285770344,137108955,38173456242,14058930086,26,786630,0.416564,0.00225062,3.59174,0.164663,0.0218126,2.71525,0.368291
tile_256,tile,256,16384,16384,3,1234,2,0,99,7065502321,16461371,6285735637,137024731,38173213337,14100203745,26,786629,0.431228,0.00232982,3.58955,0.164664,0.0217993,2.70728,0.369374
tile_256,tile,256,16384,16384,3,1234,3,0,99,7065043511,15819734,6285327366,137065192,38170710281,14051833014,26,786632,0.414447,0.00223916,3.59085,0.164664,0.0218072,2.71642,0.368131
tile_256,tile,256,16384,16384,3,1234,4,0,99,7065085399,15867240,6285371995,137156555,38171047055,14051477589,20,786630,0.415688,0.00224587,3.59321,0.164663,0.0218215,2.71651,0.368119
tile_256,tile,256,16384,16384,3,1234,5,0,99,7064922459,15893214,6285218737,137057968,38170095478,14073347507,25,786630,0.416379,0.00224959,3.59072,0.164663,0.0218064,2.71223,0.368701
tile_256,tile,256,16384,16384,3,1234,6,0,99,7065403431,15775368,6285653869,137146448,38172693056,14019364549,28,786630,0.413263,0.00223276,3.59279,0.164664,0.021819,2.72285,0.367262
tile_256,tile,256,16384,16384,3,1234,7,0,99,7065391594,15982931,6285629839,137071861,38172570866,14134850006,28,786630,0.418702,0.00226214,3.59085,0.164664,0.0218072,2.7006,0.370288
tile_256,tile,256,16384,16384,3,1234,8,0,99,7065449799,16067622,6285679300,137016684,38172927697,14182111155,23,786630,0.420917,0.00227411,3.58937,0.164663,0.0217982,2.69163,0.371523
tile_256,tile,256,16384,16384,3,1234,9,0,99,7065448736,15854571,6285676915,137130406,38172877228,14070164994,23,786629,0.415336,0.00224396,3.59235,0.164663,0.0218163,2.71304,0.368591
tile_256,tile,256,16384,16384,3,1234,10,0,99,7065344282,15895022,6285574123,137070865,38172240346,14197687146,23,786630,0.416403,0.00224972,3.59085,0.164663,0.0218072,2.68862,0.371937
tile_256,tile,256,16384,16384,3,1234,11,0,99,7065592539,15926941,6285803869,137101456,38173584259,14070008369,26,786630,0.417224,0.00225416,3.59153,0.164664,0.0218113,2.71312,0.36858
tile_256,tile,256,16384,16384,3,1234,12,0,99,7065368437,16235138,6285600048,137095587,38172452881,14143342236,26,786630,0.42531,0.00229785,3.59148,0.164663,0.0218111,2.69897,0.370512
tile_256,tile,256,16384,16384,3,1234,13,0,99,7064973271,16295243,6285229044,137047369,38170125885,14094871019,28,786628,0.426911,0.00230648,3.59044,0.164664,0.0218047,2.70809,0.369264
tile_256,tile,256,16384,16384,3,1234,14,0,99,7065439114,15830074,6285674461,137046309,38172862340,14037486627,22,786628,0.414694,0.00224049,3.59015,0.164663,0.021803,2.71935,0.367735
tile_256,tile,256,16384,16384,3,1234,15,0,99,7065519343,15842336,6285737728,137025403,38173264610,14074393440,28,786632,0.415011,0.0022422,3.58956,0.164663,0.0217994,2.71225,0.368698
tile_256,tile,256,16384,16384,3,1234,16,0,99,7065051102,15897865,6285311420,137137456,38170656670,14184748413,23,786631,0.416494,0.00225021,3.59275,0.164663,0.0218187,2.69096,0.371614
tile_256,tile,256,16384,16384,3,1234,17,0,99,7065051904,16177045,6285316156,137200819,38170683277,14059024172,26,786629,0.423808,0.00228973,3.5944,0.164663,0.0218288,2.71503,0.36832
tile_256,tile,256,16384,16384,3,1234,18,0,99,7065577756,15994364,6285769569,137057929,38173417065,14227144109,24,786631,0.418992,0.0022637,3.5904,0.164664,0.0218045,2.68314,0.372698
tile_256,tile,256,16384,16384,3,1234,19,0,99,7065146749,16048514,6285402009,137059042,38171200206,14090790171,20,786629,0.420435,0.0022715,3.59064,0.164663,0.0218059,2.70895,0.369147
tile_256,tile,256,16384,16384,3,1234,20,0,99,7065331470,15806725,6285568583,137009600,38172213708,14095105792,22,786629,0.41409,0.00223722,3.58925,0.164663,0.0217975,2.70819,0.36925
tile_512,tile,512,64,64,3,1234,1,0,50,802690,18739,635117,20294,3599927,2805943,1,143,5.20538,0.0233453,5.63734,0.176425,0.0319532,1.28297,0.779444
tile_512,tile,512,64,64,3,1234,2,0,52,783641,18385,616945,19461,3509434,2703352,1,140,5.23874,0.023461,5.54534,0.175796,0.0315441,1.29818,0.77031
tile_512,tile,512,64,64,3,1234,3,0,53,769680,18444,606319,18865,3443676,2654807,1,144,5.3559,0.0239632,5.47816,0.176067,0.031114,1.29715,0.770922
tile_512,tile,512,64,64,3,1234,4,0,64,736355,18184,577435,18595,3264663,3234082,2,143,5.56995,0.0246946,5.69584,0.176874,0.0322028,1.00946,0.990633
tile_512,tile,512,64,64,3,1234,5,0,95,665595,15578,509991,16987,2889896,2572223,2,142,5.39051,0.0234046,5.87807,0.176474,0.0333084,1.1235,0.890075
tile_512,tile,512,64,64,3,1234,6,0,58,707243,17119,557074,17631,3168522,2455361,1,140,5.40283,0.0242053,5.56442,0.175815,0.0316493,1.29045,0.774923
tile_512,tile,512,64,64,3,1234,7,0,48,843826,17444,664464,20753,3779829,2859767,1,142,4.61502,0.0206725,5.49046,0.175792,0.0312327,1.32173,0.756586
tile_512,tile,512,64,64,3,1234,8,0,56,724740,17472,571189,17998,3244382,2555933,1,141,5.38531,0.024108,5.54744,0.176055,0.0315097,1.26935,0.787803
tile_512,tile,512,64,64,3,1234,9,0,57,719167,17440,566586,17964,3217719,2494859,1,144,5.41999,0.0242503,5.58284,0.176083,0.0317057,1.28974,0.77535
tile_512,tile,512,64,64,3,1234,10,0,100,643522,16368,491334,14654,2789423,2307081,0,140,5.86788,0.025435,5.25342,0.176142,0.0298249,1.20907,0.827082
tile_512,tile,512,64,64,3,1234,11,0,58,711243,16267,559688,17478,3183439,2494911,1,144,5.10988,0.0228712,5.49029,0.175812,0.0312281,1.27597,0.783716
tile_512,tile,512,64,64,3,1234,12,0,59,699422,15129,551088,17265,3130168,2485007,1,140,4.83329,0.0216307,5.51568,0.176057,0.0313289,1.25962,0.793889
tile_512,tile,512,64,64,3,1234,13,0,100,647997,15687,494982,16092,2809733,2298180,1,141,5.58309,0.0242084,5.72723,0.176167,0.0325103,1.22259,0.817935
tile_512,tile,512,64,64,3,1234,14,0,57,715501,14796,563592,17195,3199953,2388814,1,143,4.62382,0.0206792,5.37352,0.176125,0.0305097,1.33956,0.746515
tile_512,tile,512,64,64,3,1234,15,0,91,674701,15034,517708,15546,2929030,2348681,2,140,5.13276,0.0222825,5.30756,0.176751,0.0300285,1.2471,0.801863
tile_512,tile,512,64,64,3,1234,16,0,100,652238,14311,497977,14763,2825378,2281546,1,144,5.06516,0.0219414,5.22514,0.176251,0.0296459,1.23836,0.807519
tile_512,tile,512,64,64,3,1234,17,0,57,723466,14452,570130,16922,3236622,2406014,1,144,4.46515,0.0199761,5.22829,0.17615,0.0296809,1.34522,0.743372
tile_512,tile,512,64,64,3,1234,18,0,79,699294,15498,538456,15821,3057244,2374790,2,141,5.06927,0.0221624,5.17492,0.176125,0.0293822,1.28737,0.776775
tile_512,tile,512,64,64,3,1234,19,0,57,724441,14611,570158,16931,3239327,2481764,1,144,4.5105,0.0201687,5.2267,0.176011,0.0296953,1.30525,0.766136
tile_512,tile,512,64,64,3,1234,20,0,100,648259,14079,495058,14171,2810949,2164971,1,140,5.00863,0.0217182,5.04136,0.176118,0.0286249,1.29838,0.770192
tile_512,tile,512,128,128,3,1234,1,0,58,1251329,14648,1041309,25392,6105911,3286326,1,178,2.39899,0.011706,4.15859,0.170541,0.0243847,1.85797,0.53822
tile_512,tile,512,128,128,3,1234,2,0,65,1124413,13343,935646,23345,5490134,2993082,1,179,2.43036,0.0118666,4.25217,0.170423,0.0249507,1.83427,0.545175
tile_512,tile,512,128,128,3,1234,3,0,58,1253656,14964,1043781,25381,6120889,3268031,1,176,2.44474,0.0119363,4.14662,0.170528,0.0243164,1.87296,0.533914
tile_512,tile,512,128,128,3,1234,4,0,100,971095,14400,782607,18526,4552126,2802952,0,179,3.16336,0.0148286,4.06975,0.171921,0.0236722,1.62405,0.615746
tile_512,tile,512,128,128,3,1234,5,0,64,1135652,13348,945334,23529,5543249,2949150,1,180,2.40797,0.0117536,4.24462,0.170538,0.0248896,1.87961,0.532026
tile_512,tile,512,128,128,3,1234,6,0,66,1112494,13774,925954,23321,5434874,2886330,1,175,2.53437,0.0123812,4.29099,0.170373,0.0251859,1.88297,0.531076
tile_512,tile,512,128,128,3,1234,7,0,66,1112776,13146,926672,22818,5432213,2929982,1,179,2.42001,0.0118137,4.2005,0.170588,0.0246236,1.85401,0.539372
tile_512,tile,512,128,128,3,1234,8,0,72,1138572,14953,933972,23312,5458130,3142726,2,177,2.73958,0.0131331,4.27106,0.171116,0.0249601,1.73675,0.575788
tile_512,tile,512,128,128,3,1234,9,0,81,1069088,15416,871216,23351,5082895,3061570,2,179,3.03292,0.0144198,4.59404,0.171402,0.0268028,1.66022,0.602328
tile_512,tile,512,128,128,3,1234,10,0,67,1095520,13444,910880,25214,5348091,3046593,1,181,2.51379,0.0122718,4.71458,0.170319,0.0276809,1.75543,0.56966
tile_512,tile,512,128,128,3,1234,11,0,63,1159214,14589,965230,25422,5660504,3369418,1,177,2.57733,0.0125853,4.49112,0.17052,0.0263378,1.67996,0.595251
tile_512,tile,512,128,128,3,1234,12,0,65,1131537,13819,941645,25341,5525804,3035499,1,177,2.50081,0.0122126,4.58594,0.170409,0.0269114,1.82039,0.549332
tile_512,tile,512,128,128,3,1234,13,0,67,1107633,13703,919792,23642,5395708,3049476,1,179,2.53961,0.0123714,4.38163,0.170467,0.0257036,1.76939,0.565167
tile_512,tile,512,128,128,3,1234,14,0,75,1114704,14914,913351,24152,5336426,3093765,1,176,2.79475,0.0133793,4.52588,0.171154,0.0264433,1.7249,0.579745
tile_512,tile,512,128,128,3,1234,15,0,58,1247961,14623,1039628,25995,6095235,3250586,1,177,2.39909,0.0117175,4.26481,0.170564,0.0250041,1.87512,0.5333
tile_512,tile,512,128,128,3,1234,16,0,66,1114243,13331,926290,25210,5435452,3011616,1,179,2.4526,0.0119642,4.63807,0.170416,0.0272161,1.80483,0.554069
tile_512,tile,512,128,128,3,1234,17,0,88,1032097,15215,835237,23060,4869032,2960491,2,176,3.12485,0.0147418,4.73605,0.171541,0.0276089,1.64467,0.608025
tile_512,tile,512,128,128,3,1234,18,0,65,1123020,13469,934468,24653,5482194,2963549,1,179,2.45686,0.0119936,4.49692,0.170455,0.0263819,1.84987,0.540577
tile_512,tile,512,128,128,3,1234,19,0,67,1097811,13061,913628,23865,5359791,2997137,1,178,2.43685,0.0118973,4.4526,0.17046,0.0261211,1.7883,0.559189
tile_512,tile,512,128,128,3,1234,20,0,69,1051887,12632,876058,21080,5136895,2685707,1,179,2.45907,0.0120089,4.10365,0.170542,0.0240623,1.91268,0.522827
tile_512,tile,512,256,256,3,1234,1,0,100,2272614,17877,1938967,48526,11574496,5495375,1,325,1.54452,0.00786627,4.19249,0.167521,0.0250267,2.10622,0.474783
tile_512,tile,512,256,256,3,1234,2,0,81,2500986,15946,2171239,51061,13025645,5437273,1,326,1.2242,0.00637589,3.92004,0.16669,0.023517,2.39562,0.417428
tile_512,tile,512,256,256,3,1234,3,0,76,2661029,15826,2310181,54359,13863310,5756898,1,327,1.14157,0.00594732,3.92107,0.16664,0.0235302,2.40812,0.415261
tile_512,tile,512,256,256,3,1234,4,0,95,2350805,18632,2012870,48173,12011278,5714430,2,325,1.55121,0.0079258,4.01065,0.167582,0.0239325,2.10192,0.475755
tile_512,tile,512,256,256,3,1234,5,0,81,2529707,16272,2192145,52275,13154077,5583321,2,327,1.23703,0.00643237,3.97405,0.166651,0.0238465,2.35596,0.424456
tile_512,tile,512,256,256,3,1234,6,0,81,2515298,16340,2184083,50869,13100768,5424212,1,329,1.24726,0.00649625,3.8829,0.166714,0.0232908,2.41524,0.414038
tile_512,tile,512,256,256,3,1234,7,0,78,2581308,15102,2241033,52387,13448813,5616387,1,328,1.12292,0.00585052,3.89529,0.166634,0.0233763,2.39457,0.417612
tile_512,tile,512,256,256,3,1234,8,0,80,2525929,15483,2193009,52033,13157009,5441292,1,328,1.17679,0.00612963,3.95477,0.16668,0.0237268,2.41799,0.413566
tile_512,tile,512,256,256,3,1234,9,0,84,2471215,15831,2141418,51175,12824767,5564735,2,328,1.23441,0.00640616,3.99033,0.166975,0.0238977,2.30465,0.433905
tile_512,tile,512,256,256,3,1234,10,0,100,2271982,17951,1938860,46822,11570298,5244336,0,327,1.55147,0.00790103,4.04674,0.167572,0.0241492,2.20625,0.453259
tile_512,tile,512,256,256,3,1234,11,0,81,2500761,15299,2167889,51367,13013226,5451511,2,325,1.17565,0.00611774,3.94729,0.166591,0.0236945,2.38709,0.418921
tile_512,tile,512,256,256,3,1234,12,0,80,2541739,14766,2207099,51651,13243821,5468889,1,328,1.11494,0.00580941,3.90001,0.166651,0.0234022,2.42167,0.412939
tile_512,tile,512,256,256,3,1234,13,0,81,2511509,14606,2180410,51275,13085774,5483993,1,325,1.11617,0.00581563,3.91838,0.166624,0.0235162,2.38618,0.419081
tile_512,tile,512,256,256,3,1234,14,0,81,2497917,15599,2169292,51345,13013014,5433227,1,327,1.19872,0.0062448,3.94567,0.166702,0.023669,2.39508,0.417523
tile_512,tile,512,256,256,3,1234,15,0,81,2499399,15689,2170176,51908,13025054,5557379,1,324,1.20452,0.00627711,3.98524,0.166616,0.0239188,2.34374,0.426668
tile_512,tile,512,256,256,3,1234,16,0,90,2420860,17674,2078899,49611,12433513,5683573,2,325,1.42148,0.00730071,3.9901,0.167201,0.0238641,2.18762,0.457117
tile_512,tile,512,256,256,3,1234,17,0,89,2410204,17337,2073090,48092,12398561,5510527,1,326,1.39831,0.00719317,3.87884,0.167204,0.0231982,2.24998,0.444449
tile_512,tile,512,256,256,3,1234,18,0,80,2511971,15902,2181839,51866,13091147,5491396,1,325,1.21471,0.00633049,3.96191,0.166665,0.0237717,2.38394,0.419474
tile_512,tile,512,256,256,3,1234,19,0,81,2506700,14940,2174487,51928,13046602,5640954,1,328,1.14513,0.00596003,3.98019,0.166671,0.0238806,2.31284,0.43237
tile_512,tile,512,256,256,3,1234,20,0,100,2271683,19346,1937709,46997,11569650,5471938,1,324,1.67213,0.00851615,4.06209,0.167482,0.0242539,2.11436,0.472956
tile_512,tile,512,512,512,3,1234,1,0,97,7561283,33002,6654231,149549,40212967,15187570,2,904,0.820681,0.0043646,3.71892,0.165475,0.0224743,2.64776,0.377678
tile_512,tile,512,512,512,3,1234,2,0,93,7720768,30383,6824933,153162,41302217,15338690,1,902,0.735626,0.00393523,3.70832,0.165244,0.0224415,2.69268,0.371377
tile_512,tile,512,512,512,3,1234,3,0,92,7749407,31014,6851142,152195,41454881,15542469,1,904,0.748139,0.00400211,3.67134,0.165267,0.0222145,2.6672,0.374925
tile_512,tile,512,512,512,3,1234,4,0,93,7733163,29345,6836802,152349,41371069,15274463,1,903,0.709312,0.0037947,3.6825,0.165256,0.0222837,2.70851,0.369206
tile_512,tile,512,512,512,3,1234,5,0,93,7711826,28023,6817746,152986,41253506,15925111,1,904,0.679288,0.00363377,3.70844,0.165265,0.0224394,2.59047,0.38603
tile_512,tile,512,512,512,3,1234,6,0,94,7606817,31393,6725753,151725,40696646,15156459,1,902,0.77139,0.00412696,3.72819,0.165266,0.0225588,2.6851,0.372425
tile_512,tile,512,512,512,3,1234,7,0,93,7734284,32911,6835969,154128,41347581,15589989,2,904,0.79596,0.00425521,3.72762,0.165329,0.0225466,2.65219,0.377047
tile_512,tile,512,512,512,3,1234,8,0,92,7786048,31699,6882034,155539,41644006,15807188,3,905,0.76119,0.00407126,3.73497,0.165259,0.0226007,2.6345,0.379579
tile_512,tile,512,512,512,3,1234,9,0,96,7623537,33626,6716064,151786,40600247,15612286,2,904,0.828222,0.00441081,3.73855,0.165419,0.0226004,2.60053,0.384537
tile_512,tile,512,512,512,3,1234,10,0,100,7438969,33894,6538297,148880,39492119,15323889,1,903,0.858247,0.00455628,3.76987,0.16556,0.0227705,2.57716,0.388024
tile_512,tile,512,512,512,3,1234,11,0,93,7736202,30921,6839501,153824,41390931,15694732,1,900,0.747048,0.00399692,3.71637,0.165242,0.0224905,2.63725,0.379183
tile_512,tile,512,512,512,3,1234,12,0,94,7620165,30595,6736824,150992,40765617,15017663,1,902,0.75051,0.004015,3.70391,0.165258,0.0224129,2.71451,0.36839
tile_512,tile,512,512,512,3,1234,13,0,93,7726689,30484,6830259,154775,41333850,15543624,1,902,0.737507,0.00394529,3.74451,0.165246,0.0226602,2.65922,0.376051
tile_512,tile,512,512,512,3,1234,14,0,93,7717638,28059,6821699,152599,41279268,15567784,1,903,0.679736,0.0036357,3.69675,0.165257,0.0223696,2.65158,0.377133
tile_512,tile,512,512,512,3,1234,15,0,93,7745427,30421,6846761,153745,41430554,15686290,2,906,0.734265,0.00392761,3.71091,0.165259,0.0224551,2.6412,0.378616
tile_512,tile,512,512,512,3,1234,16,0,93,7733101,31353,6834864,153472,41358129,15501980,1,904,0.758086,0.00405439,3.71081,0.16526,0.0224543,2.66793,0.374823
tile_512,tile,512,512,512,3,1234,17,0,92,7788582,31277,6883747,154701,41657134,15571998,1,905,0.75082,0.00401575,3.71367,0.165248,0.0224734,2.67513,0.373813
tile_512,tile,512,512,512,3,1234,18,0,98,7527748,34147,6621832,151733,40000716,15559579,3,904,0.85366,0.00453615,3.79326,0.165543,0.0229141,2.57081,0.388983
tile_512,tile,512,512,512,3,1234,19,0,93,7746606,28605,6847013,154991,41430927,15917726,1,903,0.690426,0.00369258,3.74095,0.165263,0.0226363,2.60282,0.384199
tile_512,tile,512,512,512,3,1234,20,0,100,7440185,35239,6538503,149256,39499280,15472991,1,904,0.892143,0.00473631,3.7787,0.165535,0.0228272,2.55279,0.391728
tile_512,tile,512,1024,1024,3,1234,1,0,96,28732014,64211,25527978,563309,154861203,56353177,1,3209,0.414636,0.00223482,3.63751,0.164844,0.0220663,2.74805,0.363895
tile_512,tile,512,1024,1024,3,1234,2,0,96,28761781,72279,25552909,562378,155016448,57031622,1,3209,0.466267,0.00251302,3.62786,0.16484,0.0220084,2.71808,0.367907
tile_512,tile,512,1024,1024,3,1234,3,0,97,28685773,67994,25488073,561032,154618207,55943816,1,3209,0.439754,0.0023703,3.6285,0.164845,0.0220116,2.76381,0.361819
tile_512,tile,512,1024,1024,3,1234,4,0,97,28686438,67067,25487104,559875,154617848,56417906,1,3209,0.43376,0.00233793,3.62102,0.164839,0.021967,2.74058,0.364886
tile_512,tile,512,1024,1024,3,1234,5,0,97,28619535,61422,25428759,561807,154256721,60794690,1,3210,0.39818,0.00214616,3.64203,0.164847,0.0220934,2.53734,0.394114
tile_512,tile,512,1024,1024,3,1234,6,0,97,28607235,69179,25410032,560854,154117126,56606442,2,3207,0.448873,0.00241823,3.63914,0.164875,0.0220721,2.72261,0.367295
tile_512,tile,512,1024,1024,3,1234,7,0,98,28421501,70098,25226870,557077,152985820,55278952,2,3209,0.458199,0.00246637,3.64136,0.164897,0.0220827,2.76752,0.361334
tile_512,tile,512,1024,1024,3,1234,8,0,97,28675074,70174,25477325,561386,154554172,55937051,1,3209,0.454041,0.00244721,3.63229,0.164844,0.0220347,2.763,0.361925
tile_512,tile,512,1024,1024,3,1234,9,0,97,28701594,71850,25502063,559928,154705098,55443880,1,3209,0.464432,0.00250335,3.61932,0.164843,0.0219562,2.7903,0.358384
tile_512,tile,512,1024,1024,3,1234,10,0,97,28654765,66421,25459714,561948,154445046,55811932,1,3209,0.430062,0.00231797,3.6385,0.164846,0.022072,2.76724,0.361371
tile_512,tile,512,1024,1024,3,1234,11,0,97,28694920,68230,25493647,561554,154657646,58861613,1,3208,0.441168,0.00237777,3.63095,0.164839,0.0220272,2.62748,0.380593
tile_512,tile,512,1024,1024,3,1234,12,0,96,28755077,69016,25546644,563629,154975010,57677135,2,3209,0.445336,0.00240013,3.6369,0.164844,0.0220627,2.68694,0.372171
tile_512,tile,512,1024,1024,3,1234,13,0,97,28669364,65866,25470907,560199,154516571,55673841,2,3210,0.426271,0.00229743,3.62549,0.164843,0.0219937,2.77539,0.36031
tile_512,tile,512,1024,1024,3,1234,14,0,96,28747903,65744,25540360,561689,154938444,57003856,2,3212,0.424323,0.00228691,3.62524,0.164842,0.0219922,2.71803,0.367913
tile_512,tile,512,1024,1024,3,1234,15,0,97,28637441,70555,25445162,560803,154355320,55443868,1,3213,0.457095,0.00246373,3.6332,0.164848,0.0220397,2.78399,0.359196
tile_512,tile,512,1024,1024,3,1234,16,0,97,28577411,72708,25383106,559369,153970264,55810739,1,3209,0.472221,0.00254425,3.63297,0.164857,0.0220371,2.75879,0.362477
tile_512,tile,512,1024,1024,3,1234,17,0,98,28417784,66811,25250179,556360,153177260,55300724,1,3209,0.436168,0.00235103,3.63213,0.164843,0.0220339,2.7699,0.361024
tile_512,tile,512,1024,1024,3,1234,18,0,96,28734182,63836,25527687,561120,154868035,57668405,1,3210,0.412196,0.0022216,3.62321,0.164835,0.0219808,2.68549,0.372371
tile_512,tile,512,1024,1024,3,1234,19,0,97,28662235,68965,25467293,560137,154492083,55544818,1,3210,0.446398,0.00240613,3.62567,0.164845,0.0219944,2.7814,0.359532
tile_512,tile,512,1024,1024,3,1234,20,0,97,28614583,66608,25423295,559717,154229518,57096236,1,3212,0.431876,0.00232776,3.62912,0.164841,0.0220159,2.70122,0.370203
tile_512,tile,512,2048,2048,3,1234,1,0,99,111553631,215285,99247836,2170726,602466307,223153241,1,12430,0.357339,0.00192988,3.60307,0.164736,0.0218718,2.69979,0.3704
tile_512,tile,512,2048,2048,3,1234,2,0,99,111562523,216945,99255984,2169651,602520439,220247942,1,12428,0.360062,0.0019446,3.60096,0.164735,0.0218591,2.73565,0.365544
tile_512,tile,512,2048,2048,3,1234,3,0,99,111227336,221432,98951750,2163383,600678136,218959725,3,12431,0.368637,0.00199081,3.60157,0.164733,0.021863,2.74333,0.364521
tile_512,tile,512,2048,2048,3,1234,4,0,100,110689476,224333,98440415,2151523,597491689,220718256,2,12428,0.375458,0.00202669,3.60093,0.164756,0.0218561,2.70703,0.369408
tile_512,tile,512,2048,2048,3,1234,5,0,99,111521346,229160,99220583,2168975,602304086,220034136,1,12431,0.380472,0.00205485,3.60113,0.164735,0.0218601,2.73732,0.365321
tile_512,tile,512,2048,2048,3,1234,6,0,99,111547552,233220,99243465,2168721,602439989,219493404,1,12429,0.387126,0.00209077,3.5999,0.164736,0.0218525,2.74468,0.364341
tile_512,tile,512,2048,2048,3,1234,7,0,99,111309972,224727,99019658,2163696,601073977,219605042,2,12427,0.373876,0.00201893,3.59972,0.164738,0.0218512,2.73707,0.365354
tile_512,tile,512,2048,2048,3,1234,8,0,99,111571276,228083,99262317,2167523,602566993,221931599,1,12426,0.378519,0.00204428,3.59715,0.164732,0.0218363,2.7151,0.36831
tile_512,tile,512,2048,2048,3,1234,9,0,99,111404851,221977,99118622,2165906,601683625,222004995,2,12428,0.368926,0.00199253,3.59974,0.164735,0.0218517,2.71023,0.368973
tile_512,tile,512,2048,2048,3,1234,10,0,99,111241416,218757,98966674,2162626,600762689,220145524,3,12428,0.364132,0.00196651,3.5998,0.164735,0.0218521,2.72893,0.366443
tile_512,tile,512,2048,2048,3,1234,11,0,99,111478790,216894,99183952,2165599,602080624,224067669,1,12426,0.360241,0.00194561,3.59686,0.164735,0.0218342,2.68705,0.372156
tile_512,tile,512,2048,2048,3,1234,12,0,100,110695637,235682,98445407,2151630,597524276,219768289,1,12430,0.394431,0.0021291,3.60091,0.164755,0.0218561,2.71888,0.367798
tile_512,tile,512,2048,2048,3,1234,13,0,99,111508498,223390,99209880,2168722,602235449,220598665,1,12432,0.370935,0.00200335,3.60112,0.164736,0.0218599,2.73,0.3663
tile_512,tile,512,2048,2048,3,1234,14,0,99,111323358,225551,99045042,2165044,601233940,219606774,1,12432,0.375147,0.00202609,3.601,0.164736,0.0218592,2.73778,0.36526
tile_512,tile,512,2048,2048,3,1234,15,0,99,111283437,221008,99005554,2164691,601002409,218856048,4,12430,0.367732,0.00198599,3.6018,0.164734,0.0218643,2.74611,0.364152
tile_512,tile,512,2048,2048,3,1234,16,0,99,111525579,225508,99223528,2169010,602318570,224419809,1,12430,0.3744,0.00202203,3.6011,0.164736,0.0218598,2.68389,0.372593
tile_512,tile,512,2048,2048,3,1234,17,0,98,111582546,218724,99276864,2168690,602642506,220930993,1,12428,0.362942,0.0019602,3.59863,0.164736,0.0218449,2.72774,0.366604
tile_512,tile,512,2048,2048,3,1234,18,0,99,111551793,225032,99248110,2169654,602472881,224425861,1,12429,0.373514,0.00201729,3.60125,0.164735,0.0218609,2.68451,0.372508
tile_512,tile,512,2048,2048,3,1234,19,0,100,110692165,229493,98443446,2155812,597506286,221925078,2,12430,0.384085,0.00207325,3.60802,0.164757,0.021899,2.69238,0.371419
tile_512,tile,512,2048,2048,3,1234,20,0,99,111492885,230628,99193864,2167912,602146736,221197280,1,12432,0.38301,0.00206854,3.60031,0.164734,0.0218553,2.72222,0.367348
tile_512,tile,512,4096,4096,3,1234,1,0,99,441987180,912431,393327574,8565156,2388206308,886862033,1,49301,0.382057,0.00206438,3.58644,0.164696,0.0217761,2.69287,0.371351
tile_512,tile,512,4096,4096,3,1234,2,0,99,442152560,880813,393486956,8571182,2389106414,888352357,4,49302,0.368679,0.0019921,3.58761,0.1647,0.0217826,2.68937,0.371835
tile_512,tile,512,4096,4096,3,1234,3,0,100,441323951,902774,392710205,8559988,2384319704,881685029,1,49298,0.37863,0.0020456,3.59012,0.164705,0.0217972,2.70428,0.369785
tile_512,tile,512,4096,4096,3,1234,4,0,99,442297449,885858,393581616,8568560,2389848843,894013742,3,49298,0.370675,0.00200286,3.5854,0.164689,0.0217707,2.67317,0.374088
tile_512,tile,512,4096,4096,3,1234,5,0,99,442214139,881715,393540291,8564484,2389444847,883823920,1,49300,0.369004,0.00199386,3.5843,0.164699,0.0217627,2.70353,0.369887
tile_512,tile,512,4096,4096,3,1234,6,0,99,442212761,891916,393540260,8572050,2389444402,882644355,2,49302,0.373273,0.00201694,3.58747,0.164699,0.0217819,2.70714,0.369393
tile_512,tile,512,4096,4096,3,1234,7,0,99,442200375,870400,393528972,8567812,2389381803,878496928,3,49298,0.364278,0.00196834,3.58579,0.164699,0.0217717,2.71985,0.367667
tile_512,tile,512,4096,4096,3,1234,8,0,99,442213278,905116,393539224,8574484,2389434960,878204760,3,49300,0.378799,0.00204679,3.5885,0.1647,0.0217881,2.72082,0.367537
tile_512,tile,512,4096,4096,3,1234,9,0,99,442147297,872384,393478910,8570461,2389078357,889782782,4,49304,0.365155,0.00197306,3.58735,0.164699,0.0217812,2.68501,0.372438
tile_512,tile,512,4096,4096,3,1234,10,0,99,441889207,877454,393242787,8569434,2387649214,886045196,3,49302,0.367497,0.00198569,3.58907,0.164699,0.0217917,2.69473,0.371095
tile_512,tile,512,4096,4096,3,1234,11,0,99,441850746,880779,393215165,8568198,2387477040,890707325,3,49301,0.368916,0.00199339,3.58881,0.164699,0.0217901,2.68043,0.373075
tile_512,tile,512,4096,4096,3,1234,12,0,99,442247910,892356,393568995,8575494,2389618286,889922079,2,49303,0.37343,0.00201777,3.58865,0.1647,0.021789,2.6852,0.372412
tile_512,tile,512,4096,4096,3,1234,13,0,99,442180461,874522,393512360,8564371,2389278287,885105673,2,49301,0.366019,0.00197775,3.5845,0.164699,0.0217639,2.69943,0.370449
tile_512,tile,512,4096,4096,3,1234,14,0,99,442235369,873696,393557277,8570707,2389553477,888472142,2,49301,0.365631,0.00197564,3.58674,0.164699,0.0217775,2.68951,0.371815
tile_512,tile,512,4096,4096,3,1234,15,0,99,442436716,876829,393703055,8572151,2390585681,896411647,2,49303,0.366784,0.00198182,3.5858,0.164689,0.0217731,2.66684,0.374976
tile_512,tile,512,4096,4096,3,1234,16,0,99,441772750,889082,393120860,8561631,2386878144,885340625,3,49301,0.372487,0.00201253,3.58696,0.164701,0.0217786,2.696,0.37092
tile_512,tile,512,4096,4096,3,1234,17,0,99,441907975,874489,393266268,8566036,2387786652,892950488,5,49300,0.366234,0.00197889,3.58744,0.164699,0.0217818,2.67404,0.373966
tile_512,tile,512,4096,4096,3,1234,18,0,99,442229037,888903,393555264,8574752,2389538863,883990512,2,49303,0.371998,0.00201005,3.58845,0.164699,0.0217879,2.70313,0.369942
tile_512,tile,512,4096,4096,3,1234,19,0,99,442248799,892093,393569189,8569202,2389630996,896635586,2,49300,0.373318,0.00201717,3.58599,0.164699,0.0217731,2.66511,0.375219
tile_512,tile,512,4096,4096,3,1234,20,0,99,441954157,895291,393305648,8561417,2388024183,889329329,2,49303,0.374909,0.00202576,3.58515,0.164699,0.0217678,2.6852,0.372412
tile_512,tile,512,8192,8192,3,1234,1,0,99,1765403855,3670816,1571315797,34163681,9541402081,3567429776,7,196772,0.384725,0.00207931,3.58057,0.164684,0.0217421,2.67459,0.373889
tile_512,tile,512,8192,8192,3,1234,2,0,99,1765627818,3596090,1571534619,34180830,9542709428,3558012255,6,196775,0.376842,0.00203672,3.58188,0.164684,0.02175,2.68203,0.372851
tile_512,tile,512,8192,8192,3,1234,3,0,99,1765230263,3613816,1571185144,34170946,9540629848,3531780299,6,196774,0.378782,0.00204722,3.58162,0.164684,0.0217485,2.70137,0.370183
tile_512,tile,512,8192,8192,3,1234,4,0,99,1765567541,3583086,1571480340,34161234,9542420754,3552286091,8,196774,0.37549,0.00202942,3.57993,0.164684,0.0217383,2.68628,0.372263
tile_512,tile,512,8192,8192,3,1234,5,0,99,1765782076,3629250,1571669806,34212818,9543555427,3569034584,9,196770,0.380283,0.00205532,3.58491,0.164684,0.0217685,2.67399,0.373973
tile_512,tile,512,8192,8192,3,1234,6,0,99,1765256427,3618582,1571206741,34177713,9540761908,3551622086,7,196776,0.379276,0.00204989,3.58228,0.164684,0.0217525,2.68631,0.372258
tile_512,tile,512,8192,8192,3,1234,7,0,99,1765400379,3631953,1571334588,34155142,9541518605,3563742242,8,196771,0.380647,0.0020573,3.57963,0.164684,0.0217364,2.67739,0.373498
tile_512,tile,512,8192,8192,3,1234,8,0,99,1765153252,3753031,1571118031,34171512,9540195826,3528947665,5,196772,0.393391,0.00212618,3.58185,0.164684,0.0217498,2.70341,0.369903
tile_512,tile,512,8192,8192,3,1234,9,0,99,1765172537,3590301,1571123866,34155252,9540265514,3541686551,12,196772,0.376331,0.00203397,3.58012,0.164683,0.0217394,2.69371,0.371236
tile_512,tile,512,8192,8192,3,1234,10,0,99,1765296606,3631808,1571238552,34157588,9540925784,3581290676,7,196772,0.380656,0.00205734,3.58011,0.164684,0.0217393,2.6641,0.375361
tile_512,tile,512,8192,8192,3,1234,11,0,99,1765440913,3636853,1571372621,34178949,9541737802,3529454248,6,196773,0.381152,0.00206003,3.58205,0.164684,0.021751,2.70346,0.369896
tile_512,tile,512,8192,8192,3,1234,12,0,100,1764681207,3615549,1570652157,34188506,9537278798,3555198587,6,196771,0.379096,0.00204884,3.58472,0.164686,0.0217671,2.68263,0.372769
tile_512,tile,512,8192,8192,3,1234,13,0,99,1765478479,3610594,1571399761,34164272,9541911284,3577262278,8,196775,0.378393,0.00204511,3.58044,0.164684,0.0217413,2.66738,0.3749
tile_512,tile,512,8192,8192,3,1234,14,0,99,1765713929,3705509,1571611711,34198504,9543201808,3553736842,6,196775,0.388288,0.00209859,3.58355,0.164684,0.0217601,2.6854,0.372384
tile_512,tile,512,8192,8192,3,1234,15,0,99,1765649032,3646872,1571554171,34187859,9542841211,3541474135,8,196772,0.382158,0.00206546,3.58257,0.164684,0.0217542,2.6946,0.371113
tile_512,tile,512,8192,8192,3,1234,16,0,99,1765185169,3712322,1571142334,34184443,9540339811,3522114637,5,196773,0.389118,0.00210308,3.58315,0.164684,0.0217577,2.7087,0.369181
tile_512,tile,512,8192,8192,3,1234,17,0,99,1765592459,3664512,1571506091,34176365,9542552686,3538914230,9,196774,0.384018,0.00207551,3.58147,0.164684,0.0217475,2.69646,0.370856
tile_512,tile,512,8192,8192,3,1234,18,0,99,1765191766,3689714,1571149794,34170904,9540385291,3544419155,7,196774,0.386747,0.00209026,3.58171,0.164684,0.021749,2.69166,0.371517
tile_512,tile,512,8192,8192,3,1234,19,0,99,1765193686,3665661,1571149557,34176943,9540388340,3545454781,7,196772,0.384226,0.00207663,3.58234,0.164684,0.0217528,2.69088,0.371626
tile_512,tile,512,8192,8192,3,1234,20,0,99,1765606694,3619372,1571511998,34222433,9542576059,3572995956,8,196771,0.379287,0.00204993,3.58629,0.164684,0.0217768,2.67075,0.374427
tile_512,tile,512,16384,16384,3,1234,1,0,99,7059787629,16292240,6284791726,136518551,38163808851,14125810709,25,786630,0.426903,0.00230775,3.57717,0.164679,0.021722,2.70171,0.370136
tile_512,tile,512,16384,16384,3,1234,2,0,100,7058823971,15929166,6283835327,136532721,38157879634,14105878265,29,786632,0.417454,0.00225663,3.5781,0.16468,0.0217276,2.7051,0.369671
tile_512,tile,512,16384,16384,3,1234,3,0,99,7059384854,15836183,6284377998,136534400,38161248721,14114577146,26,786629,0.414981,0.00224328,3.57783,0.16468,0.021726,2.70368,0.369867
tile_512,tile,512,16384,16384,3,1234,4,0,99,7059717718,15975661,6284672915,136536948,38163056557,14102009808,24,786627,0.418616,0.00226293,3.57773,0.164679,0.0217254,2.70621,0.36952
tile_512,tile,512,16384,16384,3,1234,5,0,100,7058791458,16302748,6283814054,136510482,38157775722,14120714483,26,786627,0.427246,0.00230957,3.57753,0.16468,0.0217241,2.70226,0.370061
tile_512,tile,512,16384,16384,3,1234,6,0,99,7059309026,15859239,6284299976,136529973,38160831517,14237910680,24,786630,0.415589,0.00224657,3.57775,0.164679,0.0217256,2.68023,0.373103
tile_512,tile,512,16384,16384,3,1234,7,0,99,7059641500,16140244,6284607296,136594708,38162684035,14060563754,23,786628,0.422933,0.00228627,3.57927,0.164679,0.0217348,2.71416,0.368437
tile_512,tile,512,16384,16384,3,1234,8,0,99,7059585467,15856022,6284546150,136502571,38162230158,14086528680,28,786630,0.41549,0.00224603,3.5769,0.16468,0.0217204,2.70913,0.369122
tile_512,tile,512,16384,16384,3,1234,9,0,99,7059642546,16072433,6284595418,136567079,38162686976,14211461687,26,786630,0.421156,0.00227666,3.57855,0.164679,0.0217304,2.68535,0.372392
tile_512,tile,512,16384,16384,3,1234,10,0,99,7059146401,16052855,6284154431,136530232,38160060049,14198744729,28,786631,0.420672,0.00227405,3.57783,0.164679,0.0217261,2.68757,0.372084
tile_512,tile,512,16384,16384,3,1234,11,0,99,7059608519,15837863,6284572940,136552722,38162533868,14147446546,25,786628,0.415011,0.00224345,3.57819,0.164679,0.0217282,2.69749,0.370716
tile_512,tile,512,16384,16384,3,1234,12,0,99,7059648368,16662591,6284614462,136590899,38162814732,14092413774,23,786630,0.436619,0.00236026,3.57916,0.164679,0.0217342,2.70804,0.369271
tile_512,tile,512,16384,16384,3,1234,13,0,99,7059647506,15908954,6284605346,136563421,38162717163,14138136402,27,786631,0.416872,0.00225351,3.57845,0.164679,0.0217298,2.69927,0.37047
tile_512,tile,512,16384,16384,3,1234,14,0,99,7059655533,16301206,6284601539,136550184,38162702454,14223837385,27,786630,0.42715,0.00230907,3.57811,0.164679,0.0217277,2.68301,0.372716
tile_512,tile,512,16384,16384,3,1234,15,0,100,7058602140,15850302,6283637915,136582574,38156830466,14116290374,26,786628,0.415399,0.00224553,3.57951,0.164679,0.0217362,2.70304,0.369954
tile_512,tile,512,16384,16384,3,1234,16,0,99,7059284313,16355210,6284261758,136522682,38160587464,14138064592,29,786629,0.428589,0.00231684,3.57758,0.164679,0.0217245,2.69914,0.370489
tile_512,tile,512,16384,16384,3,1234,17,0,99,7059447800,15670098,6284434693,136548412,38161812332,14112821100,26,786629,0.410622,0.00221973,3.57814,0.164679,0.021728,2.70405,0.369815
tile_512,tile,512,16384,16384,3,1234,18,0,99,7059469919,16226626,6284452651,136521253,38161744481,14086492709,24,786630,0.425207,0.00229856,3.57744,0.164679,0.0217237,2.7091,0.369126
tile_512,tile,512,16384,16384,3,1234,19,0,99,7059324597,16437231,6284330590,136500602,38161067357,14087446131,28,786631,0.430733,0.00232844,3.57696,0.164679,0.0217208,2.70887,0.369158
tile_512,tile,512,16384,16384,3,1234,20,0,99,7059293504,16004709,6284292712,136525459,38160833113,14231530861,22,786629,0.419401,0.00226718,3.57763,0.164679,0.0217249,2.68143,0.372936
tile_1024,tile,1024,64,64,3,1234,1,0,64,636401,15290,501209,15585,2850537,2289994,1,141,5.3639,0.0240257,5.46739,0.17583,0.0310948,1.24478,0.803355
tile_1024,tile,1024,64,64,3,1234,2,0,100,646274,14515,494018,16115,2799614,2542485,1,140,5.18464,0.0224595,5.75615,0.176459,0.0326203,1.10113,0.908156
tile_1024,tile,1024,64,64,3,1234,3,0,59,689523,16833,543026,16865,3087147,2556274,1,142,5.45261,0.0244125,5.46297,0.175899,0.0310574,1.20767,0.828038
tile_1024,tile,1024,64,64,3,1234,4,0,57,721351,15174,568190,16903,3228704,2399305,1,140,4.69972,0.0210355,5.23523,0.175981,0.0297489,1.34568,0.743117
tile_1024,tile,1024,64,64,3,1234,5,0,55,747166,16643,588089,18489,3343984,2662130,2,143,4.977,0.0222748,5.52903,0.175865,0.0314391,1.25613,0.796095
tile_1024,tile,1024,64,64,3,1234,6,0,57,719890,16470,566740,17805,3220297,2569398,1,142,5.11444,0.0228785,5.52899,0.17599,0.0314165,1.25333,0.797876
tile_1024,tile,1024,64,64,3,1234,7,0,59,693912,16983,546566,17253,3106891,2604181,1,144,5.46624,0.0244743,5.55314,0.175921,0.0315662,1.19304,0.838195
tile_1024,tile,1024,64,64,3,1234,8,0,48,855976,19460,674471,21279,3831720,2960410,1,141,5.07866,0.0227343,5.55338,0.176023,0.0315492,1.29432,0.772606
tile_1024,tile,1024,64,64,3,1234,9,0,58,705359,15923,555921,17398,3157342,2510004,1,142,5.04317,0.0225743,5.51033,0.176072,0.0312958,1.2579,0.794974
tile_1024,tile,1024,64,64,3,1234,10,0,86,710574,17493,546109,18278,3090012,2761517,2,142,5.66114,0.0246181,5.91519,0.176734,0.0334695,1.11895,0.893691
tile_1024,tile,1024,64,64,3,1234,11,0,58,704932,16597,555551,17298,3154791,2624587,1,143,5.26089,0.0235441,5.48309,0.176098,0.0311367,1.20201,0.831937
tile_1024,tile,1024,64,64,3,1234,12,0,59,708090,15818,555855,17471,3171275,2496587,1,141,4.9879,0.022339,5.50914,0.175278,0.0314309,1.27024,0.78725
tile_1024,tile,1024,64,64,3,1234,13,0,56,732206,17527,576771,17982,3276422,2601618,1,144,5.34943,0.0239373,5.4883,0.176037,0.031177,1.25938,0.794042
tile_1024,tile,1024,64,64,3,1234,14,0,59,702212,14781,552713,17431,3142279,2638177,1,144,4.70391,0.0210492,5.54725,0.175896,0.0315372,1.19108,0.839574
tile_1024,tile,1024,64,64,3,1234,15,0,100,647603,15699,495077,16194,2807331,2362144,1,142,5.59214,0.0242417,5.76847,0.176351,0.0327101,1.18847,0.84142
tile_1024,tile,1024,64,64,3,1234,16,0,58,704459,15039,554625,17433,3154842,2379961,1,141,4.76696,0.0213483,5.52579,0.175801,0.031432,1.32559,0.754384
tile_1024,tile,1024,64,64,3,1234,17,0,48,856798,17116,674487,19744,3835625,2711447,1,143,4.46238,0.0199767,5.14753,0.175848,0.0292726,1.4146,0.706911
tile_1024,tile,1024,64,64,3,1234,18,0,56,732525,14490,577232,15137,3277905,2369926,1,141,4.42051,0.0197809,4.61789,0.176098,0.0262234,1.38313,0.723
tile_1024,tile,1024,64,64,3,1234,19,0,55,745431,15306,586857,14687,3339138,2522278,1,139,4.58382,0.0205331,4.39844,0.175751,0.0250265,1.32386,0.755368
tile_1024,tile,1024,64,64,3,1234,20,0,83,708912,15381,542580,13393,3079476,2515927,2,144,4.99468,0.0216966,4.34912,0.176192,0.0246839,1.22399,0.816998
tile_1024,tile,1024,128,128,3,1234,1,0,100,976028,14503,786106,20457,4571131,2901572,1,179,3.17274,0.0148592,4.47526,0.171972,0.0260232,1.5754,0.63476
tile_1024,tile,1024,128,128,3,1234,2,0,65,1126473,13210,937808,22096,5503072,2869614,1,178,2.40048,0.0117269,4.01521,0.170415,0.0235613,1.9177,0.521457
tile_1024,tile,1024,128,128,3,1234,3,0,65,1123365,13387,935395,23774,5483506,2953340,1,178,2.44132,0.0119169,4.33555,0.170583,0.025416,1.85671,0.538586
tile_1024,tile,1024,128,128,3,1234,4,0,64,1140985,13639,949506,22415,5571921,2941810,1,176,2.44781,0.0119537,4.02285,0.170409,0.023607,1.89405,0.527971
tile_1024,tile,1024,128,128,3,1234,5,0,100,975058,15112,785247,22038,4569599,2952820,1,180,3.30707,0.0154986,4.82274,0.171842,0.0280651,1.54754,0.646188
tile_1024,tile,1024,128,128,3,1234,6,0,63,1168057,13536,972109,23175,5702433,2974996,2,180,2.37372,0.0115885,4.06405,0.170473,0.0238399,1.91679,0.521706
tile_1024,tile,1024,128,128,3,1234,7,0,65,1121249,13899,933566,23231,5472515,2921363,1,179,2.53978,0.012396,4.24503,0.170592,0.0248842,1.87327,0.533825
tile_1024,tile,1024,128,128,3,1234,8,0,63,1157383,14144,963759,26466,5649999,3341524,1,179,2.50336,0.0122207,4.68425,0.170577,0.0274612,1.69084,0.59142
tile_1024,tile,1024,128,128,3,1234,9,0,65,1114213,13000,927660,24434,5443381,2954051,1,177,2.38822,0.0116674,4.48875,0.17042,0.0263394,1.84268,0.542687
tile_1024,tile,1024,128,128,3,1234,10,0,86,1037246,15137,842278,22440,4907999,3054751,2,177,3.08415,0.0145935,4.57213,0.171613,0.026642,1.60668,0.622403
tile_1024,tile,1024,128,128,3,1234,11,0,95,996550,15114,805533,22896,4686196,3082332,2,179,3.22522,0.0151663,4.88584,0.171895,0.0284234,1.52034,0.657747
tile_1024,tile,1024,128,128,3,1234,12,0,67,1091293,13672,908616,25168,5329483,3025805,1,175,2.56535,0.0125283,4.72241,0.170489,0.0276993,1.76134,0.567748
tile_1024,tile,1024,128,128,3,1234,13,0,92,1006708,14749,815872,20345,4749819,2884321,2,175,3.10517,0.0146507,4.28332,0.171769,0.0249365,1.64677,0.607249
tile_1024,tile,1024,128,128,3,1234,14,0,65,1118548,13311,931474,22080,5462954,2962811,1,177,2.43659,0.0119002,4.04177,0.170507,0.0237044,1.84384,0.542346
tile_1024,tile,1024,128,128,3,1234,15,0,63,1152946,13447,959786,25055,5628655,3107124,1,175,2.38903,0.0116632,4.45133,0.170518,0.0261048,1.81153,0.552019
tile_1024,tile,1024,128,128,3,1234,16,0,100,973399,14516,783510,21563,4565070,2860398,1,177,3.1798,0.0149127,4.72348,0.171632,0.027521,1.59596,0.626584
tile_1024,tile,1024,128,128,3,1234,17,0,65,1123688,13074,935685,22702,5486908,2911383,1,178,2.38276,0.0116349,4.13749,0.17053,0.0242624,1.88464,0.530605
tile_1024,tile,1024,128,128,3,1234,18,0,100,970021,14493,781896,22482,4549543,2882896,1,176,3.18559,0.0149409,4.9416,0.171863,0.0287532,1.57812,0.633667
tile_1024,tile,1024,128,128,3,1234,19,0,66,1103183,13581,918382,24830,5386854,2993283,1,178,2.52114,0.0123107,4.60937,0.170486,0.0270367,1.79965,0.555664
tile_1024,tile,1024,128,128,3,1234,20,0,65,1118516,13329,930188,24589,5461663,2958170,1,177,2.44047,0.0119167,4.50211,0.170312,0.0264344,1.8463,0.541624
tile_1024,tile,1024,256,256,3,1234,1,0,81,2491054,14656,2162997,50298,12973282,5498883,1,327,1.12971,0.00588345,3.87705,0.166727,0.0232538,2.35926,0.423862
tile_1024,tile,1024,256,256,3,1234,2,0,100,2277961,19476,1943182,48381,11597936,5569968,1,326,1.67926,0.00854975,4.17152,0.167546,0.0248978,2.08223,0.480255
tile_1024,tile,1024,256,256,3,1234,3,0,81,2486647,16051,2159863,51771,12956548,5518179,1,323,1.23883,0.00645488,3.99574,0.1667,0.0239696,2.34798,0.425899
tile_1024,tile,1024,256,256,3,1234,4,0,81,2492253,14936,2164440,51158,12983541,5412687,1,325,1.15038,0.00599297,3.94022,0.166706,0.0236357,2.39872,0.416888
tile_1024,tile,1024,256,256,3,1234,5,0,81,2488760,15503,2160608,50555,12962736,5384846,1,329,1.19597,0.00622921,3.90003,0.166678,0.0233985,2.40726,0.41541
tile_1024,tile,1024,256,256,3,1234,6,0,81,2518439,15946,2185739,51085,13112798,5501515,1,328,1.21606,0.0063317,3.89581,0.166687,0.023372,2.38349,0.419553
tile_1024,tile,1024,256,256,3,1234,7,0,80,2519301,14482,2187958,52259,13130316,5535691,1,326,1.10294,0.00574842,3.98003,0.166634,0.0238848,2.37194,0.421596
tile_1024,tile,1024,256,256,3,1234,8,0,81,2500824,14812,2171840,50312,13027302,5540133,1,327,1.137,0.00592285,3.86204,0.166714,0.0231656,2.35144,0.425271
tile_1024,tile,1024,256,256,3,1234,9,0,87,2433169,17494,2097179,49173,12552373,5475187,2,327,1.39368,0.0071898,3.91743,0.167074,0.0234472,2.29259,0.436187
tile_1024,tile,1024,256,256,3,1234,10,0,87,2431456,16516,2096673,49563,12548076,5706220,2,326,1.31622,0.00679264,3.94985,0.167091,0.0236389,2.19902,0.454749
tile_1024,tile,1024,256,256,3,1234,11,0,81,2496452,15043,2168089,51423,13008664,5448431,1,325,1.15638,0.00602575,3.95298,0.166665,0.0237181,2.3876,0.418831
tile_1024,tile,1024,256,256,3,1234,12,0,94,2347909,17963,2009485,48210,12009908,5505392,2,324,1.49568,0.00765064,4.01419,0.167319,0.0239912,2.18148,0.458404
tile_1024,tile,1024,256,256,3,1234,13,0,80,2525412,14674,2193311,51080,13157163,5510678,1,326,1.11529,0.00581054,3.8823,0.166701,0.023289,2.38758,0.418835
tile_1024,tile,1024,256,256,3,1234,14,0,81,2502483,15874,2173086,50563,13037748,5379900,1,326,1.21754,0.0063433,3.8782,0.166676,0.0232678,2.42342,0.41264
tile_1024,tile,1024,256,256,3,1234,15,0,78,2577390,16012,2238655,50221,13431626,5514953,1,325,1.19211,0.00621249,3.73901,0.16667,0.0224336,2.43549,0.410595
tile_1024,tile,1024,256,256,3,1234,16,0,77,2612843,17969,2268896,54344,13611727,5921282,1,327,1.32011,0.00687718,3.99244,0.166687,0.0239517,2.29878,0.435013
tile_1024,tile,1024,256,256,3,1234,17,0,81,2492431,15346,2164348,49994,12984326,5364535,1,327,1.18189,0.00615704,3.85033,0.166689,0.0230989,2.4204,0.413155
tile_1024,tile,1024,256,256,3,1234,18,0,79,2558509,15549,2221927,51735,13330448,5660546,1,327,1.16643,0.00607737,3.88096,0.166681,0.0232838,2.35498,0.424633
tile_1024,tile,1024,256,256,3,1234,19,0,81,2495474,15495,2167268,51859,12998640,5549838,1,327,1.19205,0.00620924,3.98957,0.16673,0.0239283,2.34217,0.426955
tile_1024,tile,1024,256,256,3,1234,20,0,81,2484351,15583,2156612,50680,12940992,5543412,1,326,1.20416,0.00627246,3.91624,0.16665,0.0234998,2.33448,0.428361
tile_1024,tile,1024,512,512,3,1234,1,0,97,7542908,34055,6635995,147813,40110038,15386910,2,901,0.849039,0.00451484,3.68519,0.165445,0.0222744,2.60676,0.383617
tile_1024,tile,1024,512,512,3,1234,2,0,93,7723215,30547,6827077,152314,41309321,15483684,1,903,0.73947,0.00395522,3.68716,0.165267,0.0223103,2.66793,0.374823
tile_1024,tile,1024,512,512,3,1234,3,0,100,7439653,31033,6538607,147659,39497001,15282681,1,904,0.785705,0.0041713,3.73849,0.165547,0.0225826,2.58443,0.386933
tile_1024,tile,1024,512,512,3,1234,4,0,100,7437606,34033,6537193,147065,39490071,15166212,1,903,0.861812,0.0045758,3.7241,0.16554,0.0224967,2.60382,0.384051
tile_1024,tile,1024,512,512,3,1234,5,0,93,7691517,29266,6800545,151781,41151988,14894884,1,903,0.711169,0.00380497,3.6883,0.165254,0.0223189,2.76283,0.361948
tile_1024,tile,1024,512,512,3,1234,6,0,94,7636479,28997,6751773,151067,40858885,14900475,1,904,0.709687,0.00379717,3.69729,0.165246,0.0223744,2.74212,0.364681
tile_1024,tile,1024,512,512,3,1234,7,0,92,7771916,31836,6870179,154417,41577152,15804121,1,902,0.765709,0.00409629,3.71399,0.165239,0.0224764,2.63078,0.380116
tile_1024,tile,1024,512,512,3,1234,8,0,98,7498518,34736,6595455,150256,39849743,15690555,2,901,0.871674,0.00463238,3.77056,0.165508,0.0227817,2.53973,0.393743
tile_1024,tile,1024,512,512,3,1234,9,0,100,7432204,33535,6533238,148451,39466115,15073578,1,901,0.849716,0.00451212,3.76148,0.16554,0.0227224,2.61823,0.381937
tile_1024,tile,1024,512,512,3,1234,10,0,100,7431535,32025,6532767,149119,39458138,14909077,0,902,0.81162,0.00430934,3.77917,0.165562,0.0228263,2.64658,0.377845
tile_1024,tile,1024,512,512,3,1234,11,0,93,7728179,32297,6831938,153025,41345417,15071948,1,905,0.781151,0.00417912,3.70114,0.165241,0.0223985,2.7432,0.364537
tile_1024,tile,1024,512,512,3,1234,12,0,95,7573220,29414,6694971,149876,40517541,14944389,1,903,0.725957,0.00388395,3.69904,0.165236,0.0223864,2.71122,0.368838
tile_1024,tile,1024,512,512,3,1234,13,0,97,7582343,34907,6676942,151614,40355883,15534126,2,903,0.864979,0.00460372,3.75692,0.165452,0.0227071,2.59789,0.384928
tile_1024,tile,1024,512,512,3,1234,14,0,93,7725410,31944,6829400,155052,41319416,15428580,1,904,0.773099,0.00413493,3.75252,0.165283,0.0227036,2.67811,0.373398
tile_1024,tile,1024,512,512,3,1234,15,0,92,7782864,30463,6880029,154078,41629356,15565344,1,904,0.731767,0.00391411,3.70119,0.165269,0.022395,2.67449,0.373903
tile_1024,tile,1024,512,512,3,1234,16,0,93,7731677,29144,6834890,153560,41361139,15248258,1,901,0.704623,0.00376943,3.71266,0.165249,0.0224671,2.71252,0.368661
tile_1024,tile,1024,512,512,3,1234,17,0,92,7791466,30358,6888216,155007,41681505,15507835,1,903,0.728333,0.00389631,3.71884,0.165258,0.0225032,2.68777,0.372056
tile_1024,tile,1024,512,512,3,1234,18,0,92,7761193,29745,6861842,154084,41521623,15308068,1,903,0.716374,0.00383253,3.71093,0.165259,0.0224552,2.7124,0.368677
tile_1024,tile,1024,512,512,3,1234,19,0,92,7767894,31921,6866877,155143,41554909,15782748,1,906,0.768164,0.00410935,3.73345,0.165248,0.0225929,2.63293,0.379805
tile_1024,tile,1024,512,512,3,1234,20,0,92,7749130,29646,6850132,154741,41449655,15539544,2,905,0.715229,0.00382572,3.73323,0.165264,0.0225895,2.66737,0.374902
tile_1024,tile,1024,1024,1024,3,1234,1,0,99,28312102,81320,25130185,553108,152390908,58138141,3,3208,0.533628,0.00287227,3.62953,0.164906,0.0220097,2.62119,0.381507
tile_1024,tile,1024,1024,1024,3,1234,2,0,97,28603484,68605,25421624,558636,154188372,59457381,2,3208,0.444943,0.00239848,3.62307,0.164874,0.0219748,2.59326,0.385615
tile_1024,tile,1024,1024,1024,3,1234,3,0,97,28645468,79703,25451982,561492,154372794,57669982,3,3211,0.516302,0.00278239,3.63725,0.164873,0.0220608,2.67683,0.373576
tile_1024,tile,1024,1024,1024,3,1234,4,0,96,28777006,77496,25585595,560517,155158762,57087278,1,3210,0.499463,0.00269298,3.61254,0.164899,0.0219075,2.71792,0.367928
tile_1024,tile,1024,1024,1024,3,1234,5,0,99,28192880,83009,25022261,551877,151717467,58214779,2,3210,0.547129,0.00294432,3.63753,0.164927,0.0220554,2.60617,0.383705
tile_1024,tile,1024,1024,1024,3,1234,6,0,100,28080910,81329,24919493,548624,151088325,57595421,1,3210,0.538288,0.00289624,3.63115,0.164933,0.0220159,2.62327,0.381204
tile_1024,tile,1024,1024,1024,3,1234,7,0,97,28704488,79660,25511296,560958,154752916,58181825,1,3209,0.514756,0.00277518,3.62486,0.164852,0.0219886,2.65982,0.375966
tile_1024,tile,1024,1024,1024,3,1234,8,0,97,28608060,75699,25426686,557465,154239634,57037322,1,3209,0.490788,0.00264607,3.61428,0.164852,0.0219244,2.70419,0.369797
tile_1024,tile,1024,1024,1024,3,1234,9,0,100,28079708,78618,24918770,549168,151082916,57515693,1,3208,0.520363,0.00279982,3.63488,0.164934,0.0220383,2.62681,0.38069
tile_1024,tile,1024,1024,1024,3,1234,10,0,100,28085937,77272,24922862,546716,151107724,56297571,0,3211,0.51137,0.00275127,3.61805,0.164934,0.0219363,2.68409,0.372566
tile_1024,tile,1024,1024,1024,3,1234,11,0,97,28658992,71852,25472906,558869,154518124,57117752,1,3206,0.465007,0.00250714,3.61685,0.164854,0.0219397,2.70526,0.369651
tile_1024,tile,1024,1024,1024,3,1234,12,0,97,28610059,80987,25429166,560672,154255366,58320251,1,3209,0.525019,0.00283072,3.6347,0.164851,0.0220484,2.64497,0.378076
tile_1024,tile,1024,1024,1024,3,1234,13,0,97,28600224,77727,25420141,558631,154196817,58486127,2,3209,0.504077,0.00271771,3.62284,0.164855,0.0219759,2.63647,0.379295
tile_1024,tile,1024,1024,1024,3,1234,14,0,97,28648065,81578,25460850,559679,154451297,57745885,1,3208,0.528179,0.00284759,3.62366,0.164847,0.0219819,2.67467,0.373878
tile_1024,tile,1024,1024,1024,3,1234,15,0,96,28720057,75025,25526697,559539,154842879,57393194,1,3210,0.484523,0.00261229,3.61359,0.164855,0.0219198,2.69793,0.370654
tile_1024,tile,1024,1024,1024,3,1234,16,0,97,28670978,73748,25483099,558830,154581234,56829539,1,3209,0.477082,0.00257222,3.61512,0.164852,0.0219294,2.72009,0.367635
tile_1024,tile,1024,1024,1024,3,1234,17,0,97,28614607,82904,25430742,558592,154265418,58235458,1,3210,0.537411,0.00289726,3.62098,0.164851,0.0219652,2.64899,0.377502
tile_1024,tile,1024,1024,1024,3,1234,18,0,97,28597995,80100,25417242,558286,154180649,56987205,1,3211,0.51952,0.0028009,3.62099,0.164854,0.0219649,2.70553,0.369613
tile_1024,tile,1024,1024,1024,3,1234,19,0,97,28663601,76273,25475711,558420,154538215,58102208,2,3210,0.493554,0.00266097,3.61348,0.164851,0.0219197,2.65976,0.375973
tile_1024,tile,1024,1024,1024,3,1234,20,0,100,28083117,75960,24921549,550002,151097085,60373846,2,3210,0.502723,0.00270483,3.64006,0.164937,0.0220693,2.50269,0.39957
tile_1024,tile,1024,2048,2048,3,1234,1,0,98,111649554,224648,99366156,2167892,603159988,216369848,1,12430,0.372452,0.00201208,3.59422,0.164743,0.0218172,2.78763,0.358727
tile_1024,tile,1024,2048,2048,3,1234,2,0,99,111477266,224031,99217264,2164189,602250703,217781389,1,12427,0.37199,0.00200966,3.5935,0.164744,0.0218126,2.76539,0.361613
tile_1024,tile,1024,2048,2048,3,1234,3,0,99,111390567,232511,99125272,2164061,601704099,220080110,3,12430,0.386421,0.00208735,3.59655,0.164741,0.0218316,2.73402,0.365761
tile_1024,tile,1024,2048,2048,3,1234,4,0,98,111553050,235035,99277988,2165872,602630803,216958628,1,12431,0.390015,0.00210693,3.59403,0.164741,0.0218162,2.77763,0.360019
tile_1024,tile,1024,2048,2048,3,1234,5,0,99,111257057,228467,99014044,2162942,601026661,220159340,2,12427,0.380128,0.00205351,3.59875,0.164742,0.0218448,2.72996,0.366305
tile_1024,tile,1024,2048,2048,3,1234,6,0,98,111555278,229096,99281143,2165460,602647121,216504820,1,12428,0.380149,0.00205365,3.59325,0.164742,0.0218114,2.78353,0.359256
tile_1024,tile,1024,2048,2048,3,1234,7,0,99,111195293,226264,98957300,2159334,600682635,219937032,2,12432,0.376678,0.00203483,3.5948,0.164741,0.0218209,2.73116,0.366145
tile_1024,tile,1024,2048,2048,3,1234,8,0,99,111492173,230268,99222979,2166574,602293198,220554648,2,12430,0.382319,0.00206533,3.59721,0.164742,0.0218354,2.73081,0.366191
tile_1024,tile,1024,2048,2048,3,1234,9,0,100,110642447,233965,98430776,2152584,597407522,217061784,1,12429,0.391634,0.0021146,3.60321,0.164763,0.021869,2.75225,0.36334
tile_1024,tile,1024,2048,2048,3,1234,10,0,99,111168345,231729,98937990,2158532,600562693,214667828,1,12431,0.385853,0.00208449,3.59418,0.164742,0.021817,2.79764,0.357444
tile_1024,tile,1024,2048,2048,3,1234,11,0,99,111187206,238685,98953048,2161174,600651701,218652404,2,12426,0.397377,0.00214669,3.59805,0.164743,0.0218404,2.74706,0.364025
tile_1024,tile,1024,2048,2048,3,1234,12,0,99,111274529,233287,99024246,2159412,601104300,218060528,3,12431,0.388097,0.0020965,3.59241,0.164737,0.0218069,2.75659,0.362767
tile_1024,tile,1024,2048,2048,3,1234,13,0,99,111526383,230602,99255630,2168168,602487404,215890906,1,12431,0.38275,0.00206769,3.59869,0.164743,0.0218443,2.7907,0.358333
tile_1024,tile,1024,2048,2048,3,1234,14,0,98,111538642,227766,99267116,2168761,602557502,220871908,1,12430,0.377999,0.00204204,3.59926,0.164743,0.0218477,2.72809,0.366557
tile_1024,tile,1024,2048,2048,3,1234,15,0,99,111248145,227761,99004942,2162362,600970461,219160412,2,12429,0.378989,0.00204732,3.59812,0.164742,0.021841,2.74215,0.364678
tile_1024,tile,1024,2048,2048,3,1234,16,0,100,110643920,229784,98431338,2147449,597412909,214419044,1,12429,0.384632,0.00207679,3.59458,0.164763,0.0218167,2.78619,0.358913
tile_1024,tile,1024,2048,2048,3,1234,17,0,99,111231023,238627,98993047,2161016,600895055,217303950,3,12428,0.397119,0.00214533,3.59633,0.164743,0.02183,2.76523,0.361634
tile_1024,tile,1024,2048,2048,3,1234,18,0,99,111172565,231964,98945799,2157500,600603590,216083122,1,12429,0.386218,0.00208652,3.59222,0.164744,0.0218049,2.7795,0.359777
tile_1024,tile,1024,2048,2048,3,1234,19,0,98,111566711,227726,99295021,2167153,602726686,217683201,2,12429,0.377826,0.00204116,3.59558,0.164743,0.0218254,2.76882,0.361164
tile_1024,tile,1024,2048,2048,3,1234,20,0,99,111187698,223320,98957268,2160344,600675820,219236384,2,12429,0.371781,0.0020085,3.59652,0.164743,0.0218311,2.73985,0.364983
tile_1024,tile,1024,4096,4096,3,1234,1,0,99,442087124,930251,393544634,8552836,2389403846,891543413,4,49301,0.389323,0.00210423,3.57949,0.164704,0.0217328,2.68008,0.373124
tile_1024,tile,1024,4096,4096,3,1234,2,0,99,441825175,950993,393324231,8551545,2388019608,890744784,3,49300,0.398235,0.00215242,3.58102,0.164707,0.0217417,2.68092,0.373006
tile_1024,tile,1024,4096,4096,3,1234,3,0,99,442059200,921540,393535830,8559102,2389300657,882316974,1,49302,0.385694,0.00208465,3.58226,0.164708,0.0217492,2.70798,0.369278
tile_1024,tile,1024,4096,4096,3,1234,4,0,99,441644664,888771,393165798,8546280,2387058570,888513905,3,49301,0.372329,0.00201241,3.58026,0.164707,0.0217371,2.68657,0.372221
tile_1024,tile,1024,4096,4096,3,1234,5,0,99,441806900,937953,393306441,8552476,2387902977,883384331,3,49301,0.392794,0.00212299,3.58158,0.164708,0.0217451,2.70313,0.369941
tile_1024,tile,1024,4096,4096,3,1234,6,0,100,441161834,1052008,392696138,8539104,2384130275,888885335,1,49303,0.441254,0.00238463,3.58164,0.164713,0.0217448,2.68216,0.372834
tile_1024,tile,1024,4096,4096,3,1234,7,0,99,441988643,902783,393470331,8554859,2388915046,897543697,5,49301,0.377905,0.00204255,3.58106,0.164707,0.0217421,2.66161,0.375712
tile_1024,tile,1024,4096,4096,3,1234,8,0,99,441699318,913052,393211470,8557891,2387343594,888489267,1,49303,0.382455,0.00206713,3.58469,0.164707,0.0217641,2.68697,0.372166
tile_1024,tile,1024,4096,4096,3,1234,9,0,99,441685333,920178,393195025,8547673,2387258457,889797776,3,49300,0.385454,0.00208333,3.58054,0.164706,0.021739,2.68292,0.372728
tile_1024,tile,1024,4096,4096,3,1234,10,0,99,441694609,913089,393207139,8551298,2387305360,883400715,1,49302,0.382477,0.00206724,3.58199,0.164708,0.0217476,2.7024,0.370041
tile_1024,tile,1024,4096,4096,3,1234,11,0,99,441719894,950011,393228544,8553624,2387438626,894392659,2,49302,0.397921,0.00215071,3.58276,0.164707,0.0217523,2.66934,0.374624
tile_1024,tile,1024,4096,4096,3,1234,12,0,99,441705440,949768,393216607,8547461,2387369019,890405454,4,49303,0.39783,0.00215023,3.58028,0.164707,0.0217373,2.68122,0.372965
tile_1024,tile,1024,4096,4096,3,1234,13,0,99,441712309,943731,393223347,8546254,2387406464,888049937,1,49301,0.395295,0.00213653,3.57972,0.164707,0.0217338,2.68837,0.371973
tile_1024,tile,1024,4096,4096,3,1234,14,0,99,441236630,945911,392764003,8542876,2384559037,887161670,3,49301,0.396682,0.00214377,3.58258,0.164711,0.0217507,2.68785,0.372044
tile_1024,tile,1024,4096,4096,3,1234,15,0,99,442034881,939762,393506202,8565970,2389107464,879909778,5,49303,0.393353,0.00212599,3.58543,0.164708,0.0217683,2.71517,0.368301
tile_1024,tile,1024,4096,4096,3,1234,16,0,99,442066798,916059,393537297,8565802,2389316396,890037612,3,49302,0.383398,0.00207222,3.58504,0.164707,0.0217662,2.68451,0.372507
tile_1024,tile,1024,4096,4096,3,1234,17,0,99,441662556,921542,393181020,8549913,2387148869,883887690,1,49300,0.386043,0.00208653,3.58164,0.164707,0.0217455,2.70074,0.370269
tile_1024,tile,1024,4096,4096,3,1234,18,0,99,441630783,893001,393153726,8549671,2386990347,885217098,1,49302,0.374112,0.00202205,3.58178,0.164707,0.0217464,2.6965,0.370851
tile_1024,tile,1024,4096,4096,3,1234,19,0,99,441812660,928116,393313102,8552483,2387967833,884545266,3,49302,0.388664,0.0021007,3.58149,0.164706,0.0217447,2.69966,0.370418
tile_1024,tile,1024,4096,4096,3,1234,20,0,99,442179850,945378,393603565,8564069,2389856023,891026570,4,49303,0.395579,0.00213799,3.58351,0.164698,0.0217581,2.68214,0.372837
tile_1024,tile,1024,8192,8192,3,1234,1,0,100,1763949449,3791149,1570485861,34102204,9535826128,3588081794,12,196772,0.397569,0.00214924,3.57622,0.164693,0.0217144,2.65764,0.376274
tile_1024,tile,1024,8192,8192,3,1234,2,0,99,1765037879,3946122,1571519632,34110656,9542156789,3582792544,5,196776,0.413546,0.00223572,3.57473,0.164692,0.0217055,2.66333,0.37547
tile_1024,tile,1024,8192,8192,3,1234,3,0,100,1763919968,3718257,1570489203,34096553,9535852520,3575997555,8,196773,0.389924,0.00210795,3.57562,0.164693,0.0217108,2.66663,0.375006
tile_1024,tile,1024,8192,8192,3,1234,4,0,99,1764412808,3750304,1570968614,34089628,9538855617,3598742251,5,196771,0.393161,0.00212553,3.57376,0.164692,0.0216998,2.65061,0.377272
tile_1024,tile,1024,8192,8192,3,1234,5,0,99,1764567460,3935013,1571101795,34103523,9539626894,3586591854,11,196773,0.412491,0.00223002,3.57493,0.164692,0.0217068,2.6598,0.375968
tile_1024,tile,1024,8192,8192,3,1234,6,0,99,1765050523,3838156,1571531407,34104024,9542247641,3588169973,5,196773,0.402228,0.00217453,3.574,0.164692,0.0217011,2.65936,0.37603
tile_1024,tile,1024,8192,8192,3,1234,7,0,99,1764932183,3708991,1571424536,34102199,9541592595,3595399025,8,196771,0.388718,0.00210149,3.57406,0.164692,0.0217015,2.65383,0.376813
tile_1024,tile,1024,8192,8192,3,1234,8,0,99,1764832152,3692210,1571338614,34127033,9541095596,3594011054,5,196774,0.38698,0.0020921,3.57685,0.164692,0.0217184,2.65472,0.376687
tile_1024,tile,1024,8192,8192,3,1234,9,0,99,1764835324,3952479,1571342963,34125815,9541115625,3580486904,12,196773,0.414258,0.00223957,3.57671,0.164692,0.0217176,2.66475,0.375269
tile_1024,tile,1024,8192,8192,3,1234,10,0,99,1764772974,3817354,1571288615,34115708,9540755170,3561743625,5,196773,0.40011,0.00216309,3.57579,0.164692,0.0217119,2.67868,0.373319
tile_1024,tile,1024,8192,8192,3,1234,11,0,99,1765577902,3800724,1572000348,34135037,9545098216,3612401155,8,196776,0.398186,0.00215268,3.57618,0.164692,0.0217144,2.64231,0.378456
tile_1024,tile,1024,8192,8192,3,1234,12,0,99,1764769433,3818506,1571286961,34112485,9540782943,3595735007,5,196774,0.40023,0.00216374,3.57544,0.164692,0.0217099,2.65336,0.37688
tile_1024,tile,1024,8192,8192,3,1234,13,0,99,1764877116,3891978,1571380873,34110323,9541327484,3576933938,8,196775,0.407907,0.00220524,3.57501,0.164692,0.0217072,2.66746,0.374888
tile_1024,tile,1024,8192,8192,3,1234,14,0,99,1765219397,3749312,1571681766,34118136,9543199190,3612013705,5,196774,0.392878,0.00212399,3.57513,0.164691,0.021708,2.64207,0.378491
tile_1024,tile,1024,8192,8192,3,1234,15,0,99,1764794262,3845980,1571304521,34120674,9540883374,3611973907,12,196775,0.403105,0.00217928,3.57626,0.164692,0.0217149,2.64146,0.378579
tile_1024,tile,1024,8192,8192,3,1234,16,0,99,1764764389,3761807,1571281236,34106493,9540750198,3579885983,6,196773,0.394288,0.00213162,3.57482,0.164692,0.0217062,2.6651,0.375221
tile_1024,tile,1024,8192,8192,3,1234,17,0,99,1764978149,3679793,1571472203,34132698,9541905007,3581325098,9,196773,0.385646,0.00208489,3.57714,0.164692,0.0217202,2.66435,0.375326
tile_1024,tile,1024,8192,8192,3,1234,18,0,100,1763904171,4268725,1570473784,34091715,9535785279,3567748716,5,196774,0.447653,0.00242004,3.57513,0.164693,0.0217079,2.67277,0.374143
tile_1024,tile,1024,8192,8192,3,1234,19,0,99,1764378607,3941759,1570935345,34101495,9538673378,3617302105,6,196773,0.41324,0.00223408,3.57508,0.164691,0.0217078,2.63696,0.379225
tile_1024,tile,1024,8192,8192,3,1234,20,0,99,1764504149,3742094,1571046365,34092101,9539299847,3582118282,8,196773,0.392282,0.00212076,3.57386,0.164692,0.0217003,2.66303,0.375512
tile_1024,tile,1024,16384,16384,3,1234,1,0,99,7056562590,17217641,6283956663,136288948,38156967815,14368072416,23,786632,0.451232,0.00243995,3.5718,0.164687,0.0216884,2.65568,0.376552
tile_1024,tile,1024,16384,16384,3,1234,2,0,99,7056477985,16880477,6283802893,136234273,38155987620,14386620914,24,786628,0.442407,0.0023922,3.57046,0.164687,0.0216802,2.65219,0.377048
tile_1024,tile,1024,16384,16384,3,1234,3,0,99,7056550186,17243868,6283873763,136243880,38156423535,14432502991,27,786628,0.451926,0.00244367,3.57067,0.164687,0.0216815,2.64378,0.378246
tile_1024,tile,1024,16384,16384,3,1234,4,0,99,7056543388,17117134,6283872814,136249346,38156457644,14414277261,26,786631,0.448604,0.00242571,3.57081,0.164687,0.0216824,2.64713,0.377768
tile_1024,tile,1024,16384,16384,3,1234,5,0,99,7057215153,17003775,6283792023,136372623,38155167946,14258951702,27,786631,0.445648,0.00240942,3.57416,0.16469,0.0217023,2.67587,0.37371
tile_1024,tile,1024,16384,16384,3,1234,6,0,99,7056775037,17113212,6284093660,136311824,38157748156,14326021980,24,786628,0.448486,0.00242508,3.57232,0.164687,0.0216916,2.66353,0.375442
tile_1024,tile,1024,16384,16384,3,1234,7,0,99,7056660006,18265499,6283992498,136289488,38157242009,14380111264,21,786628,0.47869,0.00258841,3.57179,0.164687,0.0216884,2.65347,0.376865
tile_1024,tile,1024,16384,16384,3,1234,8,0,99,7056362064,16949761,6283731207,136301329,38155644306,14359198380,23,786630,0.444227,0.00240205,3.57225,0.164687,0.0216911,2.65723,0.376332
tile_1024,tile,1024,16384,16384,3,1234,9,0,99,7056640743,17360715,6283976419,136270860,38157068331,14346892768,24,786628,0.45498,0.0024602,3.57131,0.164687,0.0216855,2.65961,0.375996
tile_1024,tile,1024,16384,16384,3,1234,10,0,99,7056913108,17009940,6284213099,136295418,38158503987,14347646243,21,786629,0.445771,0.00241039,3.57182,0.164687,0.0216885,2.65957,0.376001
tile_1024,tile,1024,16384,16384,3,1234,11,0,99,7056565795,17427923,6283900220,136286657,38156531088,14363704947,28,786629,0.456748,0.00246975,3.57178,0.164687,0.0216882,2.65645,0.376442
tile_1024,tile,1024,16384,16384,3,1234,12,0,99,7056833347,17153707,6284136114,136293220,38158073238,14442875098,29,786626,0.449543,0.00243079,3.57181,0.164687,0.0216885,2.642,0.378501
tile_1024,tile,1024,16384,16384,3,1234,13,0,99,7056757304,17244379,6284077942,136259909,38157731752,14380770282,29,786631,0.451924,0.00244367,3.57096,0.164687,0.0216834,2.65339,0.376877
tile_1024,tile,1024,16384,16384,3,1234,14,0,99,7056520141,17922828,6283870166,136326345,38156473319,14361475263,22,786628,0.469719,0.0025399,3.57282,0.164687,0.0216946,2.65686,0.376384
tile_1024,tile,1024,16384,16384,3,1234,15,0,99,7056775963,17009935,6284092072,136273311,38157800325,14390220076,26,786631,0.445779,0.00241044,3.57131,0.164687,0.0216854,2.65165,0.377124
tile_1024,tile,1024,16384,16384,3,1234,16,0,99,7056522199,17254064,6283868776,136266996,38156398493,14374724760,23,786630,0.452193,0.00244512,3.57128,0.164687,0.0216852,2.65441,0.376732
tile_1024,tile,1024,16384,16384,3,1234,17,0,99,7056783937,17680420,6284101318,136317949,38157832071,14357689839,27,786629,0.46335,0.00250545,3.57248,0.164687,0.0216925,2.65766,0.376271
tile_1024,tile,1024,16384,16384,3,1234,18,0,99,7056708476,16992103,6284028096,136255458,38157356372,14427343504,22,786628,0.445317,0.00240794,3.57088,0.164687,0.0216828,2.64479,0.378101
tile_1024,tile,1024,16384,16384,3,1234,19,0,99,7056767099,17061568,6284085875,136309508,38157686484,14311292811,25,786628,0.447133,0.00241776,3.57227,0.164687,0.0216912,2.66626,0.375057
tile_1024,tile,1024,16384,16384,3,1234,20,0,99,7056601818,16787079,6283926687,136319161,38156755161,14421068849,32,786629,0.43995,0.00237892,3.57261,0.164687,0.0216933,2.6459,0.377943
