variant,a_degree,b_degree,M,N,K,seed,sample,time_ms,gflops,baseline_ms,speedup,correct
v1,1,16,256,256,256,1234,1,12.434610,2.6985,12.685825,1.020203,yes
v1,1,16,256,256,256,1234,2,12.491748,2.6861,12.685825,1.015536,yes
v1,1,16,256,256,256,1234,3,12.425046,2.7005,12.685825,1.020988,yes
v1,1,16,256,256,256,1234,4,12.406467,2.7046,12.685825,1.022517,yes
v1,1,16,256,256,256,1234,5,12.375246,2.7114,12.685825,1.025097,yes
v1,1,16,512,512,512,1234,1,120.605950,2.2257,121.347161,1.006146,yes
v1,1,16,512,512,512,1234,2,121.920969,2.2017,121.347161,0.995294,yes
v1,1,16,512,512,512,1234,3,120.639000,2.2251,121.347161,1.005870,yes
v1,1,16,512,512,512,1234,4,120.778096,2.2226,121.347161,1.004712,yes
v1,1,16,512,512,512,1234,5,120.624209,2.2254,121.347161,1.005993,yes
v1,1,16,1024,1024,1024,1234,1,1056.115578,2.0334,1058.537064,1.002293,na
v1,1,16,1024,1024,1024,1234,2,1055.763512,2.0341,1058.537064,1.002627,na
v1,1,16,1024,1024,1024,1234,3,1061.537330,2.0230,1058.537064,0.997174,na
v1,1,16,1024,1024,1024,1234,4,1051.522998,2.0423,1058.537064,1.006670,na
v1,1,16,1024,1024,1024,1234,5,1049.774809,2.0457,1058.537064,1.008347,na
v1,1,16,on,256,256,256,1234,1,12.879915,2.6052,12.644623,0.981732,yes
v1,1,16,on,256,256,256,1234,2,12.455615,2.6939,12.644623,1.015175,yes
v1,1,16,on,256,256,256,1234,3,12.497575,2.6849,12.644623,1.011766,yes
v1,1,16,on,256,256,256,1234,4,12.425546,2.7004,12.644623,1.017631,yes
v1,1,16,on,256,256,256,1234,5,12.411924,2.7034,12.644623,1.018748,yes
v1,1,16,on,512,512,512,1234,1,120.732210,2.2234,119.794018,0.992229,yes
v1,1,16,on,512,512,512,1234,2,121.071715,2.2172,119.794018,0.989447,yes
v1,1,16,on,512,512,512,1234,3,120.665154,2.2246,119.794018,0.992781,yes
v1,1,16,on,512,512,512,1234,4,120.761815,2.2229,119.794018,0.991986,yes
v1,1,16,on,512,512,512,1234,5,120.675609,2.2244,119.794018,0.992695,yes
v1,1,16,on,1024,1024,1024,1234,1,1059.144194,2.0276,1045.347037,0.986973,na
v1,1,16,on,1024,1024,1024,1234,2,1056.424110,2.0328,1045.347037,0.989515,na
v1,1,16,on,1024,1024,1024,1234,3,1051.890439,2.0415,1045.347037,0.993779,na
v1,1,16,on,1024,1024,1024,1234,4,1054.014311,2.0374,1045.347037,0.991777,na
v1,1,16,on,1024,1024,1024,1234,5,1050.003640,2.0452,1045.347037,0.995565,na
v1,1,16,on,2048,2048,2048,1234,1,9193.344963,1.8687,8861.565458,0.963911,na
v1,1,16,on,2048,2048,2048,1234,2,8813.333358,1.9493,8861.565458,1.005473,na
v1,1,16,on,2048,2048,2048,1234,3,8825.858409,1.9465,8861.565458,1.004046,na
v1,1,16,on,2048,2048,2048,1234,4,8802.253717,1.9518,8861.565458,1.006738,na
v1,1,16,on,2048,2048,2048,1234,5,8814.765143,1.9490,8861.565458,1.005309,na
v1,1,48,on,256,256,256,1234,1,12.499760,2.6844,12.644623,1.011589,yes
v1,1,48,on,256,256,256,1234,2,12.399540,2.7061,12.644623,1.019765,yes
v1,1,48,on,256,256,256,1234,3,12.376323,2.7112,12.644623,1.021678,yes
v1,1,48,on,256,256,256,1234,4,12.395077,2.7071,12.644623,1.020133,yes
v1,1,48,on,256,256,256,1234,5,12.384752,2.7093,12.644623,1.020983,yes
v1,1,48,on,512,512,512,1234,1,120.671895,2.2245,119.794018,0.992725,yes
v1,1,48,on,512,512,512,1234,2,120.644605,2.2250,119.794018,0.992950,yes
v1,1,48,on,512,512,512,1234,3,120.629134,2.2253,119.794018,0.993077,yes
v1,1,48,on,512,512,512,1234,4,120.494827,2.2278,119.794018,0.994184,yes
v1,1,48,on,512,512,512,1234,5,120.492111,2.2278,119.794018,0.994206,yes
v1,1,48,on,1024,1024,1024,1234,1,1049.920769,2.0454,1045.347037,0.995644,na
v1,1,48,on,1024,1024,1024,1234,2,1050.177695,2.0449,1045.347037,0.995400,na
v1,1,48,on,1024,1024,1024,1234,3,1050.713005,2.0438,1045.347037,0.994893,na
v1,1,48,on,1024,1024,1024,1234,4,1049.923671,2.0454,1045.347037,0.995641,na
v1,1,48,on,1024,1024,1024,1234,5,1050.596841,2.0441,1045.347037,0.995003,na
v1,1,48,on,2048,2048,2048,1234,1,8828.014030,1.9461,8861.565458,1.003801,na
v1,1,48,on,2048,2048,2048,1234,2,8810.670520,1.9499,8861.565458,1.005777,na
v1,1,48,on,2048,2048,2048,1234,3,8809.627711,1.9501,8861.565458,1.005896,na
v1,1,48,on,2048,2048,2048,1234,4,8807.541746,1.9506,8861.565458,1.006134,na
v1,1,48,on,2048,2048,2048,1234,5,8805.605038,1.9510,8861.565458,1.006355,na
v1,1,80,on,256,256,256,1234,1,12.390532,2.7081,12.644623,1.020507,yes
v1,1,80,on,256,256,256,1234,2,12.399516,2.7061,12.644623,1.019767,yes
v1,1,80,on,256,256,256,1234,3,12.377807,2.7109,12.644623,1.021556,yes
v1,1,80,on,256,256,256,1234,4,12.377467,2.7109,12.644623,1.021584,yes
v1,1,80,on,256,256,256,1234,5,12.383461,2.7096,12.644623,1.021090,yes
v1,1,80,on,512,512,512,1234,1,120.720708,2.2236,119.794018,0.992324,yes
v1,1,80,on,512,512,512,1234,2,120.720213,2.2236,119.794018,0.992328,yes
v1,1,80,on,512,512,512,1234,3,120.803468,2.2221,119.794018,0.991644,yes
v1,1,80,on,512,512,512,1234,4,120.703159,2.2239,119.794018,0.992468,yes
v1,1,80,on,512,512,512,1234,5,120.754689,2.2230,119.794018,0.992044,yes
v1,1,80,on,1024,1024,1024,1234,1,1049.751489,2.0457,1045.347037,0.995804,na
v1,1,80,on,1024,1024,1024,1234,2,1049.914465,2.0454,1045.347037,0.995650,na
v1,1,80,on,1024,1024,1024,1234,3,1050.633554,2.0440,1045.347037,0.994968,na
v1,1,80,on,1024,1024,1024,1234,4,1049.865293,2.0455,1045.347037,0.995696,na
v1,1,80,on,1024,1024,1024,1234,5,1049.704715,2.0458,1045.347037,0.995849,na
v1,1,80,on,2048,2048,2048,1234,1,8973.555743,1.9145,8861.565458,0.987520,na
v1,1,80,on,2048,2048,2048,1234,2,8838.526261,1.9437,8861.565458,1.002607,na
v1,1,80,on,2048,2048,2048,1234,3,8806.015920,1.9509,8861.565458,1.006308,na
v1,1,80,on,2048,2048,2048,1234,4,8868.181076,1.9372,8861.565458,0.999254,na
v1,1,80,on,2048,2048,2048,1234,5,8888.580153,1.9328,8861.565458,0.996961,na
v1,1,128,on,256,256,256,1234,1,12.426802,2.7002,12.644623,1.017528,yes
v1,1,128,on,256,256,256,1234,2,12.427364,2.7000,12.644623,1.017482,yes
v1,1,128,on,256,256,256,1234,3,12.437885,2.6978,12.644623,1.016622,yes
v1,1,128,on,256,256,256,1234,4,12.462263,2.6925,12.644623,1.014633,yes
v1,1,128,on,256,256,256,1234,5,12.402700,2.7054,12.644623,1.019506,yes
v1,1,128,on,512,512,512,1234,1,120.502049,2.2276,119.794018,0.994124,yes
v1,1,128,on,512,512,512,1234,2,120.868331,2.2209,119.794018,0.991112,yes
v1,1,128,on,512,512,512,1234,3,120.900269,2.2203,119.794018,0.990850,yes
v1,1,128,on,512,512,512,1234,4,120.933964,2.2197,119.794018,0.990574,yes
v1,1,128,on,512,512,512,1234,5,120.588323,2.2260,119.794018,0.993413,yes
v1,1,128,on,1024,1024,1024,1234,1,1053.386323,2.0386,1045.347037,0.992368,na
v1,1,128,on,1024,1024,1024,1234,2,1054.848060,2.0358,1045.347037,0.990993,na
v1,1,128,on,1024,1024,1024,1234,3,1056.411510,2.0328,1045.347037,0.989526,na
v1,1,128,on,1024,1024,1024,1234,4,1056.466664,2.0327,1045.347037,0.989475,na
v1,1,128,on,1024,1024,1024,1234,5,1050.866368,2.0435,1045.347037,0.994748,na
v1,1,128,on,2048,2048,2048,1234,1,8921.383214,1.9257,8861.565458,0.993295,na
v1,1,128,on,2048,2048,2048,1234,2,8911.192287,1.9279,8861.565458,0.994431,na
v1,1,128,on,2048,2048,2048,1234,3,9044.337459,1.8995,8861.565458,0.979792,na
v1,1,128,on,2048,2048,2048,1234,4,9045.294220,1.8993,8861.565458,0.979688,na
v1,1,128,on,2048,2048,2048,1234,5,8954.641536,1.9185,8861.565458,0.989606,na
v1,3,16,on,256,256,256,1234,1,12.649330,2.6527,12.644623,0.999628,yes
v1,3,16,on,256,256,256,1234,2,12.454325,2.6942,12.644623,1.015280,yes
v1,3,16,on,256,256,256,1234,3,12.413045,2.7032,12.644623,1.018656,yes
v1,3,16,on,256,256,256,1234,4,12.393161,2.7075,12.644623,1.020290,yes
v1,3,16,on,256,256,256,1234,5,12.411848,2.7034,12.644623,1.018754,yes
v1,3,16,on,512,512,512,1234,1,120.955052,2.2193,119.794018,0.990401,yes
v1,3,16,on,512,512,512,1234,2,121.059891,2.2174,119.794018,0.989543,yes
v1,3,16,on,512,512,512,1234,3,120.925174,2.2198,119.794018,0.990646,yes
v1,3,16,on,512,512,512,1234,4,120.821449,2.2218,119.794018,0.991496,yes
v1,3,16,on,512,512,512,1234,5,120.917679,2.2200,119.794018,0.990707,yes
v1,3,16,on,1024,1024,1024,1234,1,1052.405013,2.0405,1045.347037,0.993293,na
v1,3,16,on,1024,1024,1024,1234,2,1060.090616,2.0258,1045.347037,0.986092,na
v1,3,16,on,1024,1024,1024,1234,3,1054.426559,2.0366,1045.347037,0.991389,na
v1,3,16,on,1024,1024,1024,1234,4,1052.109628,2.0411,1045.347037,0.993572,na
v1,3,16,on,1024,1024,1024,1234,5,1055.650362,2.0343,1045.347037,0.990240,na
v1,3,16,on,2048,2048,2048,1234,1,9023.643639,1.9039,8861.565458,0.982038,na
v1,3,16,on,2048,2048,2048,1234,2,8930.823914,1.9237,8861.565458,0.992245,na
v1,3,16,on,2048,2048,2048,1234,3,9059.947470,1.8962,8861.565458,0.978103,na
v1,3,16,on,2048,2048,2048,1234,4,9005.797318,1.9076,8861.565458,0.983985,na
v1,3,16,on,2048,2048,2048,1234,5,8877.617252,1.9352,8861.565458,0.998192,na
v1,3,48,on,256,256,256,1234,1,12.412968,2.7032,12.644623,1.018662,yes
v1,3,48,on,256,256,256,1234,2,12.391684,2.7078,12.644623,1.020412,yes
v1,3,48,on,256,256,256,1234,3,12.405251,2.7049,12.644623,1.019296,yes
v1,3,48,on,256,256,256,1234,4,12.403350,2.7053,12.644623,1.019452,yes
v1,3,48,on,256,256,256,1234,5,12.402813,2.7054,12.644623,1.019496,yes
v1,3,48,on,512,512,512,1234,1,120.789907,2.2223,119.794018,0.991755,yes
v1,3,48,on,512,512,512,1234,2,121.194504,2.2149,119.794018,0.988444,yes
v1,3,48,on,512,512,512,1234,3,120.903975,2.2202,119.794018,0.990820,yes
v1,3,48,on,512,512,512,1234,4,120.842209,2.2214,119.794018,0.991326,yes
v1,3,48,on,512,512,512,1234,5,120.827972,2.2216,119.794018,0.991443,yes
v1,3,48,on,1024,1024,1024,1234,1,1056.313381,2.0330,1045.347037,0.989618,na
v1,3,48,on,1024,1024,1024,1234,2,1056.132078,2.0333,1045.347037,0.989788,na
v1,3,48,on,1024,1024,1024,1234,3,1053.953591,2.0376,1045.347037,0.991834,na
v1,3,48,on,1024,1024,1024,1234,4,1075.522334,1.9967,1045.347037,0.971944,na
v1,3,48,on,1024,1024,1024,1234,5,1070.515090,2.0060,1045.347037,0.976490,na
v1,3,48,on,2048,2048,2048,1234,1,8980.801633,1.9130,8861.565458,0.986723,na
v1,3,48,on,2048,2048,2048,1234,2,8991.754073,1.9106,8861.565458,0.985521,na
v1,3,48,on,2048,2048,2048,1234,3,9047.430979,1.8989,8861.565458,0.979457,na
v1,3,48,on,2048,2048,2048,1234,4,8908.576370,1.9285,8861.565458,0.994723,na
v1,3,48,on,2048,2048,2048,1234,5,8895.643378,1.9313,8861.565458,0.996169,na
v1,3,80,on,256,256,256,1234,1,12.442924,2.6967,12.644623,1.016210,yes
v1,3,80,on,256,256,256,1234,2,12.383501,2.7096,12.644623,1.021086,yes
v1,3,80,on,256,256,256,1234,3,12.403081,2.7053,12.644623,1.019474,yes
v1,3,80,on,256,256,256,1234,4,12.393123,2.7075,12.644623,1.020294,yes
v1,3,80,on,256,256,256,1234,5,12.383553,2.7096,12.644623,1.021082,yes
v1,3,80,on,512,512,512,1234,1,121.049519,2.2176,119.794018,0.989628,yes
v1,3,80,on,512,512,512,1234,2,120.931422,2.2197,119.794018,0.990595,yes
v1,3,80,on,512,512,512,1234,3,120.808696,2.2220,119.794018,0.991601,yes
v1,3,80,on,512,512,512,1234,4,120.607524,2.2257,119.794018,0.993255,yes
v1,3,80,on,512,512,512,1234,5,120.760171,2.2229,119.794018,0.991999,yes
v1,3,80,on,1024,1024,1024,1234,1,1051.736603,2.0418,1045.347037,0.993925,na
v1,3,80,on,1024,1024,1024,1234,2,1051.994256,2.0413,1045.347037,0.993681,na
v1,3,80,on,1024,1024,1024,1234,3,1053.188920,2.0390,1045.347037,0.992554,na
v1,3,80,on,1024,1024,1024,1234,4,1051.257979,2.0428,1045.347037,0.994377,na
v1,3,80,on,1024,1024,1024,1234,5,1051.873773,2.0416,1045.347037,0.993795,na
v1,3,80,on,2048,2048,2048,1234,1,8882.442507,1.9341,8861.565458,0.997650,na
v1,3,80,on,2048,2048,2048,1234,2,8875.557408,1.9356,8861.565458,0.998424,na
v1,3,80,on,2048,2048,2048,1234,3,8852.705600,1.9406,8861.565458,1.001001,na
v1,3,80,on,2048,2048,2048,1234,4,9012.560782,1.9062,8861.565458,0.983246,na
v1,3,80,on,2048,2048,2048,1234,5,9080.033859,1.8920,8861.565458,0.975940,na
v1,3,128,on,256,256,256,1234,1,12.457436,2.6935,12.644623,1.015026,yes
v1,3,128,on,256,256,256,1234,2,12.525866,2.6788,12.644623,1.009481,yes
v1,3,128,on,256,256,256,1234,3,12.420602,2.7015,12.644623,1.018036,yes
v1,3,128,on,256,256,256,1234,4,12.405958,2.7047,12.644623,1.019238,yes
v1,3,128,on,256,256,256,1234,5,12.476183,2.6895,12.644623,1.013501,yes
v1,3,128,on,512,512,512,1234,1,120.750478,2.2231,119.794018,0.992079,yes
v1,3,128,on,512,512,512,1234,2,120.923983,2.2199,119.794018,0.990656,yes
v1,3,128,on,512,512,512,1234,3,120.885023,2.2206,119.794018,0.990975,yes
v1,3,128,on,512,512,512,1234,4,120.713934,2.2237,119.794018,0.992379,yes
v1,3,128,on,512,512,512,1234,5,120.743779,2.2232,119.794018,0.992134,yes
v1,3,128,on,1024,1024,1024,1234,1,1054.875207,2.0358,1045.347037,0.990967,na
v1,3,128,on,1024,1024,1024,1234,2,1053.728633,2.0380,1045.347037,0.992046,na
v1,3,128,on,1024,1024,1024,1234,3,1053.080866,2.0392,1045.347037,0.992656,na
v1,3,128,on,1024,1024,1024,1234,4,1053.447877,2.0385,1045.347037,0.992310,na
v1,3,128,on,1024,1024,1024,1234,5,1053.554238,2.0383,1045.347037,0.992210,na
v1,3,128,on,2048,2048,2048,1234,1,9038.491080,1.9007,8861.565458,0.980425,na
v1,3,128,on,2048,2048,2048,1234,2,9053.452410,1.8976,8861.565458,0.978805,na
v1,3,128,on,2048,2048,2048,1234,3,9056.079573,1.8971,8861.565458,0.978521,na
v1,3,128,on,2048,2048,2048,1234,4,9124.749456,1.8828,8861.565458,0.971157,na
v1,3,128,on,2048,2048,2048,1234,5,8988.185198,1.9114,8861.565458,0.985913,na
v1,5,16,on,256,256,256,1234,1,12.491486,2.6862,12.644623,1.012259,yes
v1,5,16,on,256,256,256,1234,2,12.505033,2.6833,12.644623,1.011163,yes
v1,5,16,on,256,256,256,1234,3,12.462213,2.6925,12.644623,1.014637,yes
v1,5,16,on,256,256,256,1234,4,12.531839,2.6775,12.644623,1.009000,yes
v1,5,16,on,256,256,256,1234,5,12.463537,2.6922,12.644623,1.014529,yes
v1,5,16,on,512,512,512,1234,1,121.606852,2.2074,119.794018,0.985093,yes
v1,5,16,on,512,512,512,1234,2,121.121721,2.2162,119.794018,0.989038,yes
v1,5,16,on,512,512,512,1234,3,120.893276,2.2204,119.794018,0.990907,yes
v1,5,16,on,512,512,512,1234,4,120.582685,2.2262,119.794018,0.993460,yes
v1,5,16,on,512,512,512,1234,5,120.539716,2.2269,119.794018,0.993814,yes
v1,5,16,on,1024,1024,1024,1234,1,1060.326279,2.0253,1045.347037,0.985873,na
v1,5,16,on,1024,1024,1024,1234,2,1053.807549,2.0378,1045.347037,0.991971,na
v1,5,16,on,1024,1024,1024,1234,3,1064.911895,2.0166,1045.347037,0.981628,na
v1,5,16,on,1024,1024,1024,1234,4,1067.403108,2.0119,1045.347037,0.979337,na
v1,5,16,on,1024,1024,1024,1234,5,1056.460512,2.0327,1045.347037,0.989480,na
v1,5,16,on,2048,2048,2048,1234,1,9077.558165,1.8926,8861.565458,0.976206,na
v1,5,16,on,2048,2048,2048,1234,2,9084.413809,1.8911,8861.565458,0.975469,na
v1,5,16,on,2048,2048,2048,1234,3,9142.111865,1.8792,8861.565458,0.969313,na
v1,5,16,on,2048,2048,2048,1234,4,9134.270146,1.8808,8861.565458,0.970145,na
v1,5,16,on,2048,2048,2048,1234,5,9155.282156,1.8765,8861.565458,0.967918,na
v1,5,48,on,256,256,256,1234,1,12.852998,2.6106,12.644623,0.983788,yes
v1,5,48,on,256,256,256,1234,2,12.876570,2.6059,12.644623,0.981987,yes
v1,5,48,on,256,256,256,1234,3,12.989359,2.5832,12.644623,0.973460,yes
v1,5,48,on,256,256,256,1234,4,12.769015,2.6278,12.644623,0.990258,yes
v1,5,48,on,256,256,256,1234,5,12.950245,2.5910,12.644623,0.976400,yes
v1,5,48,on,512,512,512,1234,1,122.389161,2.1933,119.794018,0.978796,yes
v1,5,48,on,512,512,512,1234,2,122.530885,2.1908,119.794018,0.977664,yes
v1,5,48,on,512,512,512,1234,3,121.937445,2.2014,119.794018,0.982422,yes
v1,5,48,on,512,512,512,1234,4,121.260339,2.2137,119.794018,0.987908,yes
v1,5,48,on,512,512,512,1234,5,122.693017,2.1879,119.794018,0.976372,yes
v1,5,48,on,1024,1024,1024,1234,1,1069.521738,2.0079,1045.347037,0.977397,na
v1,5,48,on,1024,1024,1024,1234,2,1064.997731,2.0164,1045.347037,0.981549,na
v1,5,48,on,1024,1024,1024,1234,3,1064.045370,2.0182,1045.347037,0.982427,na
v1,5,48,on,1024,1024,1024,1234,4,1059.511930,2.0269,1045.347037,0.986631,na
v1,5,48,on,1024,1024,1024,1234,5,1055.581391,2.0344,1045.347037,0.990305,na
v1,5,48,on,2048,2048,2048,1234,1,8879.763347,1.9347,8861.565458,0.997951,na
v1,5,48,on,2048,2048,2048,1234,2,8807.852403,1.9505,8861.565458,1.006098,na
v1,5,48,on,2048,2048,2048,1234,3,9041.621692,1.9001,8861.565458,0.980086,na
v1,5,48,on,2048,2048,2048,1234,4,8829.581296,1.9457,8861.565458,1.003622,na
v1,5,48,on,2048,2048,2048,1234,5,8803.162259,1.9516,8861.565458,1.006634,na
v1,5,80,on,256,256,256,1234,1,12.390038,2.7082,12.644623,1.020548,yes
v1,5,80,on,256,256,256,1234,2,12.411768,2.7034,12.644623,1.018761,yes
v1,5,80,on,256,256,256,1234,3,12.390369,2.7081,12.644623,1.020520,yes
v1,5,80,on,256,256,256,1234,4,12.437653,2.6978,12.644623,1.016641,yes
v1,5,80,on,256,256,256,1234,5,12.405292,2.7048,12.644623,1.019293,yes
v1,5,80,on,512,512,512,1234,1,121.532494,2.2088,119.794018,0.985695,yes
v1,5,80,on,512,512,512,1234,2,121.301305,2.2130,119.794018,0.987574,yes
v1,5,80,on,512,512,512,1234,3,120.525301,2.2272,119.794018,0.993933,yes
v1,5,80,on,512,512,512,1234,4,120.462970,2.2284,119.794018,0.994447,yes
v1,5,80,on,512,512,512,1234,5,120.434923,2.2289,119.794018,0.994678,yes
v1,5,80,on,1024,1024,1024,1234,1,1050.018761,2.0452,1045.347037,0.995551,na
v1,5,80,on,1024,1024,1024,1234,2,1049.734713,2.0457,1045.347037,0.995820,na
v1,5,80,on,1024,1024,1024,1234,3,1051.107247,2.0431,1045.347037,0.994520,na
v1,5,80,on,1024,1024,1024,1234,4,1050.624961,2.0440,1045.347037,0.994976,na
v1,5,80,on,1024,1024,1024,1234,5,1049.918808,2.0454,1045.347037,0.995646,na
v1,5,80,on,2048,2048,2048,1234,1,8822.191823,1.9473,8861.565458,1.004463,na
v1,5,80,on,2048,2048,2048,1234,2,9058.771261,1.8965,8861.565458,0.978230,na
v1,5,80,on,2048,2048,2048,1234,3,9124.065615,1.8829,8861.565458,0.971230,na
v1,5,80,on,2048,2048,2048,1234,4,9137.048097,1.8802,8861.565458,0.969850,na
v1,5,80,on,2048,2048,2048,1234,5,9052.798363,1.8977,8861.565458,0.978876,na
v1,5,128,on,256,256,256,1234,1,12.858881,2.6094,12.644623,0.983338,yes
v1,5,128,on,256,256,256,1234,2,13.014749,2.5782,12.644623,0.971561,yes
v1,5,128,on,256,256,256,1234,3,12.922680,2.5966,12.644623,0.978483,yes
v1,5,128,on,256,256,256,1234,4,12.517573,2.6806,12.644623,1.010150,yes
v1,5,128,on,256,256,256,1234,5,12.885220,2.6041,12.644623,0.981328,yes
v1,5,128,on,512,512,512,1234,1,121.853980,2.2029,119.794018,0.983095,yes
v1,5,128,on,512,512,512,1234,2,122.146176,2.1977,119.794018,0.980743,yes
v1,5,128,on,512,512,512,1234,3,121.586879,2.2078,119.794018,0.985254,yes
v1,5,128,on,512,512,512,1234,4,120.649307,2.2249,119.794018,0.992911,yes
v1,5,128,on,512,512,512,1234,5,120.956656,2.2193,119.794018,0.990388,yes
v1,5,128,on,1024,1024,1024,1234,1,1052.878732,2.0396,1045.347037,0.992847,na
v1,5,128,on,1024,1024,1024,1234,2,1049.644799,2.0459,1045.347037,0.995906,na
v1,5,128,on,1024,1024,1024,1234,3,1049.914341,2.0454,1045.347037,0.995650,na
v1,5,128,on,1024,1024,1024,1234,4,1049.463338,2.0463,1045.347037,0.996078,na
v1,5,128,on,1024,1024,1024,1234,5,1049.325103,2.0465,1045.347037,0.996209,na
v1,5,128,on,2048,2048,2048,1234,1,8807.989773,1.9505,8861.565458,1.006083,na
v1,5,128,on,2048,2048,2048,1234,2,8877.077790,1.9353,8861.565458,0.998253,na
v1,5,128,on,2048,2048,2048,1234,3,9046.902832,1.8990,8861.565458,0.979514,na
v1,5,128,on,2048,2048,2048,1234,4,8988.346123,1.9113,8861.565458,0.985895,na
v1,5,128,on,2048,2048,2048,1234,5,9036.126815,1.9012,8861.565458,0.980682,na
v1,7,16,on,256,256,256,1234,1,12.386633,2.7089,12.644623,1.020828,yes
v1,7,16,on,256,256,256,1234,2,12.385168,2.7092,12.644623,1.020949,yes
v1,7,16,on,256,256,256,1234,3,12.374203,2.7116,12.644623,1.021854,yes
v1,7,16,on,256,256,256,1234,4,12.403180,2.7053,12.644623,1.019466,yes
v1,7,16,on,256,256,256,1234,5,12.398225,2.7064,12.644623,1.019874,yes
v1,7,16,on,512,512,512,1234,1,120.570313,2.2264,119.794018,0.993561,yes
v1,7,16,on,512,512,512,1234,2,121.674579,2.2062,119.794018,0.984544,yes
v1,7,16,on,512,512,512,1234,3,121.046466,2.2176,119.794018,0.989653,yes
v1,7,16,on,512,512,512,1234,4,120.958698,2.2192,119.794018,0.990371,yes
v1,7,16,on,512,512,512,1234,5,121.287315,2.2132,119.794018,0.987688,yes
v1,7,16,on,1024,1024,1024,1234,1,1054.176696,2.0371,1045.347037,0.991624,na
v1,7,16,on,1024,1024,1024,1234,2,1052.436896,2.0405,1045.347037,0.993263,na
v1,7,16,on,1024,1024,1024,1234,3,1053.100007,2.0392,1045.347037,0.992638,na
v1,7,16,on,1024,1024,1024,1234,4,1049.876067,2.0455,1045.347037,0.995686,na
v1,7,16,on,1024,1024,1024,1234,5,1049.733229,2.0457,1045.347037,0.995822,na
v1,7,16,on,2048,2048,2048,1234,1,8988.553614,1.9113,8861.565458,0.985872,na
v1,7,16,on,2048,2048,2048,1234,2,9054.443748,1.8974,8861.565458,0.978698,na
v1,7,16,on,2048,2048,2048,1234,3,8993.920605,1.9102,8861.565458,0.985284,na
v1,7,16,on,2048,2048,2048,1234,4,8871.935353,1.9364,8861.565458,0.998831,na
v1,7,16,on,2048,2048,2048,1234,5,8983.117503,1.9125,8861.565458,0.986469,na
v1,7,48,on,256,256,256,1234,1,12.480265,2.6886,12.644623,1.013169,yes
v1,7,48,on,256,256,256,1234,2,12.434793,2.6984,12.644623,1.016874,yes
v1,7,48,on,256,256,256,1234,3,12.489100,2.6867,12.644623,1.012453,yes
v1,7,48,on,256,256,256,1234,4,12.483190,2.6880,12.644623,1.012932,yes
v1,7,48,on,256,256,256,1234,5,12.539436,2.6759,12.644623,1.008388,yes
v1,7,48,on,512,512,512,1234,1,121.249724,2.2139,119.794018,0.987994,yes
v1,7,48,on,512,512,512,1234,2,121.123697,2.2162,119.794018,0.989022,yes
v1,7,48,on,512,512,512,1234,3,121.021718,2.2181,119.794018,0.989856,yes
v1,7,48,on,512,512,512,1234,4,121.022264,2.2181,119.794018,0.989851,yes
v1,7,48,on,512,512,512,1234,5,121.108089,2.2165,119.794018,0.989150,yes
v1,7,48,on,1024,1024,1024,1234,1,1059.711716,2.0265,1045.347037,0.986445,na
v1,7,48,on,1024,1024,1024,1234,2,1054.538112,2.0364,1045.347037,0.991284,na
v1,7,48,on,1024,1024,1024,1234,3,1051.985764,2.0414,1045.347037,0.993689,na
v1,7,48,on,1024,1024,1024,1234,4,1053.433851,2.0386,1045.347037,0.992323,na
v1,7,48,on,1024,1024,1024,1234,5,1054.305411,2.0369,1045.347037,0.991503,na
v1,7,48,on,2048,2048,2048,1234,1,8956.963271,1.9180,8861.565458,0.989349,na
v1,7,48,on,2048,2048,2048,1234,2,8969.968692,1.9153,8861.565458,0.987915,na
v1,7,48,on,2048,2048,2048,1234,3,8805.266392,1.9511,8861.565458,1.006394,na
v1,7,48,on,2048,2048,2048,1234,4,8954.606146,1.9186,8861.565458,0.989610,na
v1,7,48,on,2048,2048,2048,1234,5,9079.856111,1.8921,8861.565458,0.975959,na
v1,7,80,on,256,256,256,1234,1,12.398832,2.7063,12.644623,1.019824,yes
v1,7,80,on,256,256,256,1234,2,12.399347,2.7061,12.644623,1.019781,yes
v1,7,80,on,256,256,256,1234,3,12.379279,2.7105,12.644623,1.021435,yes
v1,7,80,on,256,256,256,1234,4,12.610271,2.6609,12.644623,1.002724,yes
v1,7,80,on,256,256,256,1234,5,12.827675,2.6158,12.644623,0.985730,yes
v1,7,80,on,512,512,512,1234,1,121.625282,2.2071,119.794018,0.984943,yes
v1,7,80,on,512,512,512,1234,2,122.096475,2.1986,119.794018,0.981142,yes
v1,7,80,on,512,512,512,1234,3,133.590545,2.0094,119.794018,0.896725,yes
v1,7,80,on,512,512,512,1234,4,122.493497,2.1914,119.794018,0.977962,yes
v1,7,80,on,512,512,512,1234,5,121.545323,2.2085,119.794018,0.985591,yes
v1,7,80,on,1024,1024,1024,1234,1,1056.746101,2.0322,1045.347037,0.989213,na
v1,7,80,on,1024,1024,1024,1234,2,1057.084976,2.0315,1045.347037,0.988896,na
v1,7,80,on,1024,1024,1024,1234,3,1075.635685,1.9965,1045.347037,0.971841,na
v1,7,80,on,1024,1024,1024,1234,4,1078.145437,1.9918,1045.347037,0.969579,na
v1,7,80,on,1024,1024,1024,1234,5,1059.334339,2.0272,1045.347037,0.986796,na
v1,7,80,on,2048,2048,2048,1234,1,9151.807242,1.8772,8861.565458,0.968286,na
v1,7,80,on,2048,2048,2048,1234,2,9072.869878,1.8935,8861.565458,0.976710,na
v1,7,80,on,2048,2048,2048,1234,3,8873.729664,1.9360,8861.565458,0.998629,na
v1,7,80,on,2048,2048,2048,1234,4,9117.497418,1.8843,8861.565458,0.971930,na
v1,7,80,on,2048,2048,2048,1234,5,9047.486200,1.8989,8861.565458,0.979451,na
v1,7,128,on,256,256,256,1234,1,12.397424,2.7066,12.644623,1.019940,yes
v1,7,128,on,256,256,256,1234,2,12.402268,2.7055,12.644623,1.019541,yes
v1,7,128,on,256,256,256,1234,3,12.383580,2.7096,12.644623,1.021080,yes
v1,7,128,on,256,256,256,1234,4,12.389307,2.7083,12.644623,1.020608,yes
v1,7,128,on,256,256,256,1234,5,12.464437,2.6920,12.644623,1.014456,yes
v1,7,128,on,512,512,512,1234,1,120.495657,2.2278,119.794018,0.994177,yes
v1,7,128,on,512,512,512,1234,2,120.908145,2.2202,119.794018,0.990785,yes
v1,7,128,on,512,512,512,1234,3,120.966695,2.2191,119.794018,0.990306,yes
v1,7,128,on,512,512,512,1234,4,120.511744,2.2275,119.794018,0.994044,yes
v1,7,128,on,512,512,512,1234,5,120.429665,2.2290,119.794018,0.994722,yes
v1,7,128,on,1024,1024,1024,1234,1,1050.514438,2.0442,1045.347037,0.995081,na
v1,7,128,on,1024,1024,1024,1234,2,1056.574044,2.0325,1045.347037,0.989374,na
v1,7,128,on,1024,1024,1024,1234,3,1055.188925,2.0352,1045.347037,0.990673,na
v1,7,128,on,1024,1024,1024,1234,4,1051.847366,2.0416,1045.347037,0.993820,na
v1,7,128,on,1024,1024,1024,1234,5,1051.379013,2.0425,1045.347037,0.994263,na
v1,7,128,on,2048,2048,2048,1234,1,8855.805138,1.9400,8861.565458,1.000650,na
v1,7,128,on,2048,2048,2048,1234,2,8854.061438,1.9403,8861.565458,1.000848,na
v1,7,128,on,2048,2048,2048,1234,3,8937.477666,1.9222,8861.565458,0.991506,na
v1,7,128,on,2048,2048,2048,1234,4,9108.192165,1.8862,8861.565458,0.972923,na
v1,7,128,on,2048,2048,2048,1234,5,9138.691756,1.8799,8861.565458,0.969675,na
tiled,1,16,on,256,256,256,1234,1,9.901773,3.3887,12.644623,1.277006,yes
tiled,1,16,on,256,256,256,1234,2,9.870004,3.3996,12.644623,1.281116,yes
tiled,1,16,on,256,256,256,1234,3,10.107400,3.3198,12.644623,1.251026,yes
tiled,1,16,on,256,256,256,1234,4,9.862526,3.4022,12.644623,1.282088,yes
tiled,1,16,on,256,256,256,1234,5,9.899368,3.3896,12.644623,1.277316,yes
tiled,1,16,on,512,512,512,1234,1,79.527774,3.3754,119.794018,1.506317,yes
tiled,1,16,on,512,512,512,1234,2,79.188312,3.3898,119.794018,1.512774,yes
tiled,1,16,on,512,512,512,1234,3,79.053670,3.3956,119.794018,1.515350,yes
tiled,1,16,on,512,512,512,1234,4,78.976369,3.3989,119.794018,1.516834,yes
tiled,1,16,on,512,512,512,1234,5,79.083412,3.3943,119.794018,1.514781,yes
tiled,1,16,on,1024,1024,1024,1234,1,633.924445,3.3876,1045.347037,1.649009,na
tiled,1,16,on,1024,1024,1024,1234,2,634.285280,3.3857,1045.347037,1.648071,na
tiled,1,16,on,1024,1024,1024,1234,3,633.978348,3.3873,1045.347037,1.648869,na
tiled,1,16,on,1024,1024,1024,1234,4,633.629728,3.3892,1045.347037,1.649776,na
tiled,1,16,on,1024,1024,1024,1234,5,633.859355,3.3879,1045.347037,1.649178,na
tiled,1,16,on,2048,2048,2048,1234,1,5051.148830,3.4012,8861.565458,1.754366,na
tiled,1,16,on,2048,2048,2048,1234,2,6413.338784,2.6788,8861.565458,1.381740,na
tiled,1,16,on,2048,2048,2048,1234,3,5047.235530,3.4038,8861.565458,1.755727,na
tiled,1,16,on,2048,2048,2048,1234,4,5066.833490,3.3907,8861.565458,1.748936,na
tiled,1,16,on,2048,2048,2048,1234,5,5043.832920,3.4061,8861.565458,1.756911,na
tiled,1,48,on,256,256,256,1234,1,10.090884,3.3252,12.644623,1.253074,yes
tiled,1,48,on,256,256,256,1234,2,9.867170,3.4006,12.644623,1.281484,yes
tiled,1,48,on,256,256,256,1234,3,9.903108,3.3883,12.644623,1.276834,yes
tiled,1,48,on,256,256,256,1234,4,9.889825,3.3928,12.644623,1.278549,yes
tiled,1,48,on,256,256,256,1234,5,9.893449,3.3916,12.644623,1.278080,yes
tiled,1,48,on,512,512,512,1234,1,78.924329,3.4012,119.794018,1.517834,yes
tiled,1,48,on,512,512,512,1234,2,78.854673,3.4042,119.794018,1.519175,yes
tiled,1,48,on,512,512,512,1234,3,78.836972,3.4049,119.794018,1.519516,yes
tiled,1,48,on,512,512,512,1234,4,78.914328,3.4016,119.794018,1.518026,yes
tiled,1,48,on,512,512,512,1234,5,78.891228,3.4026,119.794018,1.518471,yes
tiled,1,48,on,1024,1024,1024,1234,1,646.498929,3.3217,1045.347037,1.616935,na
tiled,1,48,on,1024,1024,1024,1234,2,645.321185,3.3278,1045.347037,1.619886,na
tiled,1,48,on,1024,1024,1024,1234,3,647.018435,3.3190,1045.347037,1.615637,na
tiled,1,48,on,1024,1024,1024,1234,4,647.202853,3.3181,1045.347037,1.615177,na
tiled,1,48,on,1024,1024,1024,1234,5,646.082869,3.3239,1045.347037,1.617977,na
tiled,1,48,on,2048,2048,2048,1234,1,5056.599066,3.3975,8861.565458,1.752475,na
tiled,1,48,on,2048,2048,2048,1234,2,5052.880007,3.4000,8861.565458,1.753765,na
tiled,1,48,on,2048,2048,2048,1234,3,5075.060140,3.3852,8861.565458,1.746101,na
tiled,1,48,on,2048,2048,2048,1234,4,5047.045711,3.4039,8861.565458,1.755793,na
tiled,1,48,on,2048,2048,2048,1234,5,5054.972037,3.3986,8861.565458,1.753039,na
tiled,1,80,on,256,256,256,1234,1,9.893307,3.3916,12.644623,1.278099,yes
tiled,1,80,on,256,256,256,1234,2,9.865249,3.4013,12.644623,1.281734,yes
tiled,1,80,on,256,256,256,1234,3,9.878262,3.3968,12.644623,1.280045,yes
tiled,1,80,on,256,256,256,1234,4,9.865805,3.4011,12.644623,1.281662,yes
tiled,1,80,on,256,256,256,1234,5,9.898240,3.3899,12.644623,1.277462,yes
tiled,1,80,on,512,512,512,1234,1,79.082599,3.3944,119.794018,1.514796,yes
tiled,1,80,on,512,512,512,1234,2,78.994194,3.3982,119.794018,1.516491,yes
tiled,1,80,on,512,512,512,1234,3,79.193441,3.3896,119.794018,1.512676,yes
tiled,1,80,on,512,512,512,1234,4,79.399907,3.3808,119.794018,1.508743,yes
tiled,1,80,on,512,512,512,1234,5,79.185173,3.3900,119.794018,1.512834,yes
tiled,1,80,on,1024,1024,1024,1234,1,631.704318,3.3995,1045.347037,1.654804,na
tiled,1,80,on,1024,1024,1024,1234,2,631.327223,3.4015,1045.347037,1.655793,na
tiled,1,80,on,1024,1024,1024,1234,3,630.176250,3.4078,1045.347037,1.658817,na
tiled,1,80,on,1024,1024,1024,1234,4,631.599588,3.4001,1045.347037,1.655079,na
tiled,1,80,on,1024,1024,1024,1234,5,630.147234,3.4079,1045.347037,1.658893,na
tiled,1,80,on,2048,2048,2048,1234,1,5053.761696,3.3994,8861.565458,1.753459,na
tiled,1,80,on,2048,2048,2048,1234,2,5054.914423,3.3986,8861.565458,1.753059,na
tiled,1,80,on,2048,2048,2048,1234,3,5057.618408,3.3968,8861.565458,1.752122,na
tiled,1,80,on,2048,2048,2048,1234,4,5055.761919,3.3981,8861.565458,1.752766,na
tiled,1,80,on,2048,2048,2048,1234,5,5135.056321,3.3456,8861.565458,1.725700,na
tiled,1,128,on,256,256,256,1234,1,9.947238,3.3732,12.644623,1.271169,yes
tiled,1,128,on,256,256,256,1234,2,9.993561,3.3576,12.644623,1.265277,yes
tiled,1,128,on,256,256,256,1234,3,9.947303,3.3732,12.644623,1.271161,yes
tiled,1,128,on,256,256,256,1234,4,9.973464,3.3644,12.644623,1.267827,yes
tiled,1,128,on,256,256,256,1234,5,9.944755,3.3741,12.644623,1.271487,yes
tiled,1,128,on,512,512,512,1234,1,79.000812,3.3979,119.794018,1.516364,yes
tiled,1,128,on,512,512,512,1234,2,78.935223,3.4007,119.794018,1.517624,yes
tiled,1,128,on,512,512,512,1234,3,78.938681,3.4006,119.794018,1.517558,yes
tiled,1,128,on,512,512,512,1234,4,78.942638,3.4004,119.794018,1.517482,yes
tiled,1,128,on,512,512,512,1234,5,78.917511,3.4015,119.794018,1.517965,yes
tiled,1,128,on,1024,1024,1024,1234,1,634.484981,3.3846,1045.347037,1.647552,na
tiled,1,128,on,1024,1024,1024,1234,2,632.007376,3.3979,1045.347037,1.654011,na
tiled,1,128,on,1024,1024,1024,1234,3,632.477907,3.3953,1045.347037,1.652780,na
tiled,1,128,on,1024,1024,1024,1234,4,642.324147,3.3433,1045.347037,1.627445,na
tiled,1,128,on,1024,1024,1024,1234,5,641.652598,3.3468,1045.347037,1.629148,na
tiled,1,128,on,2048,2048,2048,1234,1,5142.409827,3.3408,8861.565458,1.723232,na
tiled,1,128,on,2048,2048,2048,1234,2,5194.746542,3.3072,8861.565458,1.705871,na
tiled,1,128,on,2048,2048,2048,1234,3,5124.851546,3.3523,8861.565458,1.729136,na
tiled,1,128,on,2048,2048,2048,1234,4,5136.955168,3.3444,8861.565458,1.725062,na
tiled,1,128,on,2048,2048,2048,1234,5,5117.095593,3.3573,8861.565458,1.731757,na
tiled,3,16,on,256,256,256,1234,1,10.134165,3.3110,12.644623,1.247722,yes
tiled,3,16,on,256,256,256,1234,2,10.121132,3.3153,12.644623,1.249329,yes
tiled,3,16,on,256,256,256,1234,3,10.134867,3.3108,12.644623,1.247636,yes
tiled,3,16,on,256,256,256,1234,4,10.127879,3.3131,12.644623,1.248497,yes
tiled,3,16,on,256,256,256,1234,5,10.145569,3.3073,12.644623,1.246320,yes
tiled,3,16,on,512,512,512,1234,1,78.935761,3.4007,119.794018,1.517614,yes
tiled,3,16,on,512,512,512,1234,2,78.846178,3.4045,119.794018,1.519338,yes
tiled,3,16,on,512,512,512,1234,3,78.922048,3.4013,119.794018,1.517878,yes
tiled,3,16,on,512,512,512,1234,4,78.950140,3.4001,119.794018,1.517338,yes
tiled,3,16,on,512,512,512,1234,5,79.063875,3.3952,119.794018,1.515155,yes
tiled,3,16,on,1024,1024,1024,1234,1,646.548675,3.3215,1045.347037,1.616811,na
tiled,3,16,on,1024,1024,1024,1234,2,638.406129,3.3638,1045.347037,1.637433,na
tiled,3,16,on,1024,1024,1024,1234,3,636.922508,3.3717,1045.347037,1.641247,na
tiled,3,16,on,1024,1024,1024,1234,4,646.479288,3.3218,1045.347037,1.616985,na
tiled,3,16,on,1024,1024,1024,1234,5,633.202358,3.3915,1045.347037,1.650889,na
tiled,3,16,on,2048,2048,2048,1234,1,5062.097371,3.3938,8861.565458,1.750572,na
tiled,3,16,on,2048,2048,2048,1234,2,5060.698053,3.3948,8861.565458,1.751056,na
tiled,3,16,on,2048,2048,2048,1234,3,5059.826089,3.3953,8861.565458,1.751358,na
tiled,3,16,on,2048,2048,2048,1234,4,5106.530445,3.3643,8861.565458,1.735340,na
tiled,3,16,on,2048,2048,2048,1234,5,5096.539347,3.3709,8861.565458,1.738742,na
tiled,3,48,on,256,256,256,1234,1,9.969343,3.3658,12.644623,1.268351,yes
tiled,3,48,on,256,256,256,1234,2,9.896541,3.3905,12.644623,1.277681,yes
tiled,3,48,on,256,256,256,1234,3,9.915586,3.3840,12.644623,1.275227,yes
tiled,3,48,on,256,256,256,1234,4,10.026684,3.3465,12.644623,1.261097,yes
tiled,3,48,on,256,256,256,1234,5,10.021717,3.3482,12.644623,1.261722,yes
tiled,3,48,on,512,512,512,1234,1,81.291555,3.3021,119.794018,1.473634,yes
tiled,3,48,on,512,512,512,1234,2,81.356143,3.2995,119.794018,1.472464,yes
tiled,3,48,on,512,512,512,1234,3,82.460598,3.2553,119.794018,1.452743,yes
tiled,3,48,on,512,512,512,1234,4,81.260888,3.3034,119.794018,1.474190,yes
tiled,3,48,on,512,512,512,1234,5,80.479704,3.3354,119.794018,1.488500,yes
tiled,3,48,on,1024,1024,1024,1234,1,641.157759,3.3494,1045.347037,1.630405,na
tiled,3,48,on,1024,1024,1024,1234,2,646.053452,3.3240,1045.347037,1.618050,na
tiled,3,48,on,1024,1024,1024,1234,3,648.871373,3.3096,1045.347037,1.611024,na
tiled,3,48,on,1024,1024,1024,1234,4,642.115446,3.3444,1045.347037,1.627974,na
tiled,3,48,on,1024,1024,1024,1234,5,649.047079,3.3087,1045.347037,1.610587,na
tiled,3,48,on,2048,2048,2048,1234,1,6761.045059,2.5410,8861.565458,1.310680,na
tiled,3,48,on,2048,2048,2048,1234,2,7980.325269,2.1528,8861.565458,1.110427,na
tiled,3,48,on,2048,2048,2048,1234,3,8115.606694,2.1169,8861.565458,1.091917,na
tiled,3,48,on,2048,2048,2048,1234,4,8062.654264,2.1308,8861.565458,1.099088,na
tiled,3,48,on,2048,2048,2048,1234,5,8211.999218,2.0920,8861.565458,1.079100,na
tiled,3,80,on,256,256,256,1234,1,17.020094,1.9715,12.644623,0.742923,yes
tiled,3,80,on,256,256,256,1234,2,16.718425,2.0070,12.644623,0.756329,yes
tiled,3,80,on,256,256,256,1234,3,16.468123,2.0375,12.644623,0.767824,yes
tiled,3,80,on,256,256,256,1234,4,14.387294,2.3322,12.644623,0.878874,yes
tiled,3,80,on,256,256,256,1234,5,14.181462,2.3661,12.644623,0.891630,yes
tiled,3,80,on,512,512,512,1234,1,117.415838,2.2862,119.794018,1.020254,yes
tiled,3,80,on,512,512,512,1234,2,122.013413,2.2000,119.794018,0.981810,yes
tiled,3,80,on,512,512,512,1234,3,109.262216,2.4568,119.794018,1.096390,yes
tiled,3,80,on,512,512,512,1234,4,125.388296,2.1408,119.794018,0.955384,yes
tiled,3,80,on,512,512,512,1234,5,125.539483,2.1383,119.794018,0.954234,yes
tiled,3,80,on,1024,1024,1024,1234,1,1006.398529,2.1338,1045.347037,1.038701,na
tiled,3,80,on,1024,1024,1024,1234,2,950.169860,2.2601,1045.347037,1.100169,na
tiled,3,80,on,1024,1024,1024,1234,3,962.401138,2.2314,1045.347037,1.086186,na
tiled,3,80,on,1024,1024,1024,1234,4,1006.770621,2.1330,1045.347037,1.038317,na
tiled,3,80,on,1024,1024,1024,1234,5,1008.285834,2.1298,1045.347037,1.036757,na
tiled,3,80,on,2048,2048,2048,1234,1,7841.674557,2.1908,8861.565458,1.130060,na
tiled,3,80,on,2048,2048,2048,1234,2,7877.051297,2.1810,8861.565458,1.124985,na
tiled,3,80,on,2048,2048,2048,1234,3,7859.973786,2.1857,8861.565458,1.127429,na
tiled,3,80,on,2048,2048,2048,1234,4,7840.945899,2.1910,8861.565458,1.130165,na
tiled,3,80,on,2048,2048,2048,1234,5,7841.482844,2.1909,8861.565458,1.130088,na
tiled,3,128,on,256,256,256,1234,1,15.369941,2.1831,12.644623,0.822685,yes
tiled,3,128,on,256,256,256,1234,2,15.370008,2.1831,12.644623,0.822682,yes
tiled,3,128,on,256,256,256,1234,3,15.393053,2.1798,12.644623,0.821450,yes
tiled,3,128,on,256,256,256,1234,4,15.402380,2.1785,12.644623,0.820953,yes
tiled,3,128,on,256,256,256,1234,5,15.350152,2.1859,12.644623,0.823746,yes
tiled,3,128,on,512,512,512,1234,1,115.595257,2.3222,119.794018,1.036323,yes
tiled,3,128,on,512,512,512,1234,2,109.578926,2.4497,119.794018,1.093221,yes
tiled,3,128,on,512,512,512,1234,3,109.771139,2.4454,119.794018,1.091307,yes
tiled,3,128,on,512,512,512,1234,4,110.149179,2.4370,119.794018,1.087562,yes
tiled,3,128,on,512,512,512,1234,5,131.036637,2.0486,119.794018,0.914202,yes
tiled,3,128,on,1024,1024,1024,1234,1,1008.776162,2.1288,1045.347037,1.036253,na
tiled,3,128,on,1024,1024,1024,1234,2,1015.693681,2.1143,1045.347037,1.029195,na
tiled,3,128,on,1024,1024,1024,1234,3,948.840633,2.2633,1045.347037,1.101710,na
tiled,3,128,on,1024,1024,1024,1234,4,961.895993,2.2326,1045.347037,1.086757,na
tiled,3,128,on,1024,1024,1024,1234,5,1007.996981,2.1304,1045.347037,1.037054,na
tiled,3,128,on,2048,2048,2048,1234,1,5052.106262,3.4005,8861.565458,1.754034,na
tiled,3,128,on,2048,2048,2048,1234,2,5045.658812,3.4049,8861.565458,1.756275,na
tiled,3,128,on,2048,2048,2048,1234,3,5061.806867,3.3940,8861.565458,1.750672,na
tiled,3,128,on,2048,2048,2048,1234,4,5052.777737,3.4001,8861.565458,1.753801,na
tiled,3,128,on,2048,2048,2048,1234,5,5045.033959,3.4053,8861.565458,1.756493,na
tiled,5,16,on,256,256,256,1234,1,9.880296,3.3961,12.644623,1.279782,yes
tiled,5,16,on,256,256,256,1234,2,9.896937,3.3904,12.644623,1.277630,yes
tiled,5,16,on,256,256,256,1234,3,9.894318,3.3913,12.644623,1.277968,yes
tiled,5,16,on,256,256,256,1234,4,9.875498,3.3977,12.644623,1.280404,yes
tiled,5,16,on,256,256,256,1234,5,9.929962,3.3791,12.644623,1.273381,yes
tiled,5,16,on,512,512,512,1234,1,80.967197,3.3154,119.794018,1.479538,yes
tiled,5,16,on,512,512,512,1234,2,88.160669,3.0448,119.794018,1.358815,yes
tiled,5,16,on,512,512,512,1234,3,81.344960,3.3000,119.794018,1.472667,yes
tiled,5,16,on,512,512,512,1234,4,81.094491,3.3102,119.794018,1.477215,yes
tiled,5,16,on,512,512,512,1234,5,81.046672,3.3121,119.794018,1.478087,yes
tiled,5,16,on,1024,1024,1024,1234,1,632.813805,3.3935,1045.347037,1.651903,na
tiled,5,16,on,1024,1024,1024,1234,2,646.456167,3.3219,1045.347037,1.617042,na
tiled,5,16,on,1024,1024,1024,1234,3,648.863236,3.3096,1045.347037,1.611044,na
tiled,5,16,on,1024,1024,1024,1234,4,650.764414,3.2999,1045.347037,1.606337,na
tiled,5,16,on,1024,1024,1024,1234,5,654.492517,3.2811,1045.347037,1.597187,na
tiled,5,16,on,2048,2048,2048,1234,1,5058.892149,3.3960,8861.565458,1.751681,na
tiled,5,16,on,2048,2048,2048,1234,2,5065.419937,3.3916,8861.565458,1.749424,na
tiled,5,16,on,2048,2048,2048,1234,3,5181.475272,3.3156,8861.565458,1.710240,na
tiled,5,16,on,2048,2048,2048,1234,4,5179.142615,3.3171,8861.565458,1.711010,na
tiled,5,16,on,2048,2048,2048,1234,5,5178.609720,3.3175,8861.565458,1.711186,na
tiled,5,48,on,256,256,256,1234,1,9.866762,3.4008,12.644623,1.281537,yes
tiled,5,48,on,256,256,256,1234,2,9.909104,3.3862,12.644623,1.276061,yes
tiled,5,48,on,256,256,256,1234,3,9.880806,3.3959,12.644623,1.279716,yes
tiled,5,48,on,256,256,256,1234,4,9.889791,3.3928,12.644623,1.278553,yes
tiled,5,48,on,256,256,256,1234,5,9.872973,3.3986,12.644623,1.280731,yes
tiled,5,48,on,512,512,512,1234,1,81.606651,3.2894,119.794018,1.467944,yes
tiled,5,48,on,512,512,512,1234,2,81.566039,3.2910,119.794018,1.468675,yes
tiled,5,48,on,512,512,512,1234,3,81.405443,3.2975,119.794018,1.471573,yes
tiled,5,48,on,512,512,512,1234,4,81.331975,3.3005,119.794018,1.472902,yes
tiled,5,48,on,512,512,512,1234,5,81.262033,3.3033,119.794018,1.474170,yes
tiled,5,48,on,1024,1024,1024,1234,1,631.004443,3.4033,1045.347037,1.656640,na
tiled,5,48,on,1024,1024,1024,1234,2,630.175271,3.4078,1045.347037,1.658820,na
tiled,5,48,on,1024,1024,1024,1234,3,630.585048,3.4055,1045.347037,1.657742,na
tiled,5,48,on,1024,1024,1024,1234,4,631.162741,3.4024,1045.347037,1.656224,na
tiled,5,48,on,1024,1024,1024,1234,5,630.917457,3.4037,1045.347037,1.656868,na
tiled,5,48,on,2048,2048,2048,1234,1,5051.379560,3.4010,8861.565458,1.754286,na
tiled,5,48,on,2048,2048,2048,1234,2,5051.655098,3.4008,8861.565458,1.754191,na
tiled,5,48,on,2048,2048,2048,1234,3,5055.113649,3.3985,8861.565458,1.752990,na
tiled,5,48,on,2048,2048,2048,1234,4,5063.178692,3.3931,8861.565458,1.750198,na
tiled,5,48,on,2048,2048,2048,1234,5,5056.862301,3.3973,8861.565458,1.752384,na
tiled,5,80,on,256,256,256,1234,1,9.953877,3.3710,12.644623,1.270321,yes
tiled,5,80,on,256,256,256,1234,2,9.888158,3.3934,12.644623,1.278764,yes
tiled,5,80,on,256,256,256,1234,3,9.899760,3.3894,12.644623,1.277266,yes
tiled,5,80,on,256,256,256,1234,4,9.863400,3.4019,12.644623,1.281974,yes
tiled,5,80,on,256,256,256,1234,5,9.912119,3.3852,12.644623,1.275673,yes
tiled,5,80,on,512,512,512,1234,1,78.929361,3.4010,119.794018,1.517737,yes
tiled,5,80,on,512,512,512,1234,2,79.498923,3.3766,119.794018,1.506863,yes
tiled,5,80,on,512,512,512,1234,3,79.244109,3.3874,119.794018,1.511709,yes
tiled,5,80,on,512,512,512,1234,4,78.994331,3.3982,119.794018,1.516489,yes
tiled,5,80,on,512,512,512,1234,5,78.959124,3.3997,119.794018,1.517165,yes
tiled,5,80,on,1024,1024,1024,1234,1,637.871496,3.3666,1045.347037,1.638805,na
tiled,5,80,on,1024,1024,1024,1234,2,640.455116,3.3531,1045.347037,1.632194,na
tiled,5,80,on,1024,1024,1024,1234,3,633.680866,3.3889,1045.347037,1.649643,na
tiled,5,80,on,1024,1024,1024,1234,4,631.543473,3.4004,1045.347037,1.655226,na
tiled,5,80,on,1024,1024,1024,1234,5,637.336524,3.3695,1045.347037,1.640181,na
tiled,5,80,on,2048,2048,2048,1234,1,5050.063294,3.4019,8861.565458,1.754743,na
tiled,5,80,on,2048,2048,2048,1234,2,5049.833233,3.4021,8861.565458,1.754823,na
tiled,5,80,on,2048,2048,2048,1234,3,5058.354675,3.3963,8861.565458,1.751867,na
tiled,5,80,on,2048,2048,2048,1234,4,5057.383245,3.3970,8861.565458,1.752204,na
tiled,5,80,on,2048,2048,2048,1234,5,5066.223207,3.3911,8861.565458,1.749146,na
tiled,5,128,on,256,256,256,1234,1,10.110262,3.3188,12.644623,1.250672,yes
tiled,5,128,on,256,256,256,1234,2,10.166798,3.3004,12.644623,1.243717,yes
tiled,5,128,on,256,256,256,1234,3,10.160297,3.3025,12.644623,1.244513,yes
tiled,5,128,on,256,256,256,1234,4,10.157927,3.3033,12.644623,1.244803,yes
tiled,5,128,on,256,256,256,1234,5,10.130920,3.3121,12.644623,1.248122,yes
tiled,5,128,on,512,512,512,1234,1,79.265245,3.3865,119.794018,1.511306,yes
tiled,5,128,on,512,512,512,1234,2,79.236550,3.3878,119.794018,1.511853,yes
tiled,5,128,on,512,512,512,1234,3,79.179603,3.3902,119.794018,1.512940,yes
tiled,5,128,on,512,512,512,1234,4,79.226902,3.3882,119.794018,1.512037,yes
tiled,5,128,on,512,512,512,1234,5,80.328155,3.3417,119.794018,1.491308,yes
tiled,5,128,on,1024,1024,1024,1234,1,641.126584,3.3495,1045.347037,1.630485,na
tiled,5,128,on,1024,1024,1024,1234,2,635.132759,3.3812,1045.347037,1.645872,na
tiled,5,128,on,1024,1024,1024,1234,3,633.288282,3.3910,1045.347037,1.650665,na
tiled,5,128,on,1024,1024,1024,1234,4,643.213424,3.3387,1045.347037,1.625195,na
tiled,5,128,on,1024,1024,1024,1234,5,634.289690,3.3857,1045.347037,1.648059,na
tiled,5,128,on,2048,2048,2048,1234,1,5059.084761,3.3958,8861.565458,1.751614,na
tiled,5,128,on,2048,2048,2048,1234,2,5052.724301,3.4001,8861.565458,1.753819,na
tiled,5,128,on,2048,2048,2048,1234,3,5049.973127,3.4020,8861.565458,1.754775,na
tiled,5,128,on,2048,2048,2048,1234,4,5053.004631,3.3999,8861.565458,1.753722,na
tiled,5,128,on,2048,2048,2048,1234,5,5104.331558,3.3657,8861.565458,1.736087,na
tiled,7,16,on,256,256,256,1234,1,10.135381,3.3106,12.644623,1.247573,yes
tiled,7,16,on,256,256,256,1234,2,12.119919,2.7685,12.644623,1.043293,yes
tiled,7,16,on,256,256,256,1234,3,11.199807,2.9960,12.644623,1.129004,yes
tiled,7,16,on,256,256,256,1234,4,11.540782,2.9075,12.644623,1.095647,yes
tiled,7,16,on,256,256,256,1234,5,10.129703,3.3125,12.644623,1.248272,yes
tiled,7,16,on,512,512,512,1234,1,89.592441,2.9962,119.794018,1.337100,yes
tiled,7,16,on,512,512,512,1234,2,89.055032,3.0143,119.794018,1.345168,yes
tiled,7,16,on,512,512,512,1234,3,90.187190,2.9764,119.794018,1.328282,yes
tiled,7,16,on,512,512,512,1234,4,97.556095,2.7516,119.794018,1.227950,yes
tiled,7,16,on,512,512,512,1234,5,97.012144,2.7670,119.794018,1.234835,yes
tiled,7,16,on,1024,1024,1024,1234,1,757.296464,2.8357,1045.347037,1.380367,na
tiled,7,16,on,1024,1024,1024,1234,2,760.694713,2.8231,1045.347037,1.374200,na
tiled,7,16,on,1024,1024,1024,1234,3,779.382966,2.7554,1045.347037,1.341250,na
tiled,7,16,on,1024,1024,1024,1234,4,758.613873,2.8308,1045.347037,1.377970,na
tiled,7,16,on,1024,1024,1024,1234,5,782.128435,2.7457,1045.347037,1.336541,na
tiled,7,16,on,2048,2048,2048,1234,1,6219.395171,2.7623,8861.565458,1.424828,na
tiled,7,16,on,2048,2048,2048,1234,2,6247.526428,2.7499,8861.565458,1.418412,na
tiled,7,16,on,2048,2048,2048,1234,3,6230.094872,2.7576,8861.565458,1.422380,na
tiled,7,16,on,2048,2048,2048,1234,4,6162.286554,2.7879,8861.565458,1.438032,na
tiled,7,16,on,2048,2048,2048,1234,5,6247.343775,2.7499,8861.565458,1.418453,na
tiled,7,48,on,256,256,256,1234,1,10.943213,3.0662,12.644623,1.155476,yes
tiled,7,48,on,256,256,256,1234,2,11.035415,3.0406,12.644623,1.145822,yes
tiled,7,48,on,256,256,256,1234,3,11.053625,3.0356,12.644623,1.143935,yes
tiled,7,48,on,256,256,256,1234,4,11.035405,3.0406,12.644623,1.145823,yes
tiled,7,48,on,256,256,256,1234,5,11.004338,3.0492,12.644623,1.149058,yes
tiled,7,48,on,512,512,512,1234,1,90.527141,2.9652,119.794018,1.323294,yes
tiled,7,48,on,512,512,512,1234,2,90.589512,2.9632,119.794018,1.322383,yes
tiled,7,48,on,512,512,512,1234,3,90.652362,2.9612,119.794018,1.321466,yes
tiled,7,48,on,512,512,512,1234,4,90.694988,2.9598,119.794018,1.320845,yes
tiled,7,48,on,512,512,512,1234,5,90.435756,2.9682,119.794018,1.324631,yes
tiled,7,48,on,1024,1024,1024,1234,1,728.472074,2.9479,1045.347037,1.434986,na
tiled,7,48,on,1024,1024,1024,1234,2,821.243930,2.6149,1045.347037,1.272883,na
tiled,7,48,on,1024,1024,1024,1234,3,748.841541,2.8677,1045.347037,1.395952,na
tiled,7,48,on,1024,1024,1024,1234,4,751.054719,2.8593,1045.347037,1.391839,na
tiled,7,48,on,1024,1024,1024,1234,5,952.262399,2.2551,1045.347037,1.097751,na
tiled,7,48,on,2048,2048,2048,1234,1,6280.613709,2.7354,8861.565458,1.410939,na
tiled,7,48,on,2048,2048,2048,1234,2,6326.660558,2.7155,8861.565458,1.400670,na
tiled,7,48,on,2048,2048,2048,1234,3,6302.366580,2.7259,8861.565458,1.406070,na
tiled,7,48,on,2048,2048,2048,1234,4,6285.621657,2.7332,8861.565458,1.409815,na
tiled,7,48,on,2048,2048,2048,1234,5,6284.370808,2.7337,8861.565458,1.410096,na
tiled,7,80,on,256,256,256,1234,1,11.021908,3.0443,12.644623,1.147226,yes
tiled,7,80,on,256,256,256,1234,2,11.120552,3.0173,12.644623,1.137050,yes
tiled,7,80,on,256,256,256,1234,3,11.034184,3.0410,12.644623,1.145950,yes
tiled,7,80,on,256,256,256,1234,4,11.122511,3.0168,12.644623,1.136850,yes
tiled,7,80,on,256,256,256,1234,5,11.179777,3.0014,12.644623,1.131026,yes
tiled,7,80,on,512,512,512,1234,1,90.322001,2.9720,119.794018,1.326299,yes
tiled,7,80,on,512,512,512,1234,2,90.331592,2.9717,119.794018,1.326159,yes
tiled,7,80,on,512,512,512,1234,3,90.693988,2.9598,119.794018,1.320860,yes
tiled,7,80,on,512,512,512,1234,4,90.668475,2.9606,119.794018,1.321231,yes
tiled,7,80,on,512,512,512,1234,5,90.103628,2.9792,119.794018,1.329514,yes
tiled,7,80,on,1024,1024,1024,1234,1,727.343870,2.9525,1045.347037,1.437212,na
tiled,7,80,on,1024,1024,1024,1234,2,981.282634,2.1884,1045.347037,1.065286,na
tiled,7,80,on,1024,1024,1024,1234,3,881.990830,2.4348,1045.347037,1.185213,na
tiled,7,80,on,1024,1024,1024,1234,4,814.000355,2.6382,1045.347037,1.284210,na
tiled,7,80,on,1024,1024,1024,1234,5,728.579437,2.9475,1045.347037,1.434774,na
tiled,7,80,on,2048,2048,2048,1234,1,6161.855048,2.7881,8861.565458,1.438133,na
tiled,7,80,on,2048,2048,2048,1234,2,5962.733837,2.8812,8861.565458,1.486158,na
tiled,7,80,on,2048,2048,2048,1234,3,6295.625394,2.7289,8861.565458,1.407575,na
tiled,7,80,on,2048,2048,2048,1234,4,6279.516469,2.7359,8861.565458,1.411186,na
tiled,7,80,on,2048,2048,2048,1234,5,6286.305348,2.7329,8861.565458,1.409662,na
tiled,7,128,on,256,256,256,1234,1,11.028096,3.0426,12.644623,1.146583,yes
tiled,7,128,on,256,256,256,1234,2,10.956952,3.0624,12.644623,1.154027,yes
tiled,7,128,on,256,256,256,1234,3,10.965405,3.0600,12.644623,1.153138,yes
tiled,7,128,on,256,256,256,1234,4,11.255308,2.9812,12.644623,1.123436,yes
tiled,7,128,on,256,256,256,1234,5,10.974915,3.0574,12.644623,1.152139,yes
tiled,7,128,on,512,512,512,1234,1,142.725081,1.8808,119.794018,0.839334,yes
tiled,7,128,on,512,512,512,1234,2,140.178345,1.9150,119.794018,0.854583,yes
tiled,7,128,on,512,512,512,1234,3,109.545448,2.4504,119.794018,1.093555,yes
tiled,7,128,on,512,512,512,1234,4,125.492266,2.1391,119.794018,0.954593,yes
tiled,7,128,on,512,512,512,1234,5,125.333385,2.1418,119.794018,0.955803,yes
tiled,7,128,on,1024,1024,1024,1234,1,811.350080,2.6468,1045.347037,1.288404,na
tiled,7,128,on,1024,1024,1024,1234,2,727.239823,2.9529,1045.347037,1.437417,na
tiled,7,128,on,1024,1024,1024,1234,3,726.198811,2.9572,1045.347037,1.439478,na
tiled,7,128,on,1024,1024,1024,1234,4,726.117353,2.9575,1045.347037,1.439639,na
tiled,7,128,on,1024,1024,1024,1234,5,727.113186,2.9534,1045.347037,1.437668,na
tiled,7,128,on,2048,2048,2048,1234,1,6298.288086,2.7277,8861.565458,1.406980,na
tiled,7,128,on,2048,2048,2048,1234,2,6285.211565,2.7334,8861.565458,1.409907,na
tiled,7,128,on,2048,2048,2048,1234,3,6158.330369,2.7897,8861.565458,1.438956,na
tiled,7,128,on,2048,2048,2048,1234,4,5920.047274,2.9020,8861.565458,1.496874,na
tiled,7,128,on,2048,2048,2048,1234,5,6277.166677,2.7369,8861.565458,1.411714,na
tiled_simd,1,16,on,256,256,256,1234,1,1.759101,19.0748,12.644623,7.188117,yes
tiled_simd,1,16,on,256,256,256,1234,2,1.825449,18.3815,12.644623,6.926856,yes
tiled_simd,1,16,on,256,256,256,1234,3,1.948987,17.2163,12.644623,6.487792,yes
tiled_simd,1,16,on,256,256,256,1234,4,1.779497,18.8561,12.644623,7.105729,yes
tiled_simd,1,16,on,256,256,256,1234,5,1.773832,18.9164,12.644623,7.128422,yes
tiled_simd,1,16,on,512,512,512,1234,1,13.467584,19.9320,119.794018,8.894989,yes
tiled_simd,1,16,on,512,512,512,1234,2,13.913433,19.2933,119.794018,8.609954,yes
tiled_simd,1,16,on,512,512,512,1234,3,13.603443,19.7329,119.794018,8.806154,yes
tiled_simd,1,16,on,512,512,512,1234,4,14.385065,18.6607,119.794018,8.327666,yes
tiled_simd,1,16,on,512,512,512,1234,5,12.982064,20.6774,119.794018,9.227656,yes
tiled_simd,1,16,on,1024,1024,1024,1234,1,103.484276,20.7518,1045.347037,10.101506,na
tiled_simd,1,16,on,1024,1024,1024,1234,2,103.915496,20.6657,1045.347037,10.059588,na
tiled_simd,1,16,on,1024,1024,1024,1234,3,109.341549,19.6401,1045.347037,9.560383,na
tiled_simd,1,16,on,1024,1024,1024,1234,4,113.165675,18.9765,1045.347037,9.237315,na
tiled_simd,1,16,on,1024,1024,1024,1234,5,103.862947,20.6761,1045.347037,10.064677,na
tiled_simd,1,16,on,2048,2048,2048,1234,1,900.797636,19.0718,8861.565458,9.837465,na
tiled_simd,1,16,on,2048,2048,2048,1234,2,846.671964,20.2911,8861.565458,10.466350,na
tiled_simd,1,16,on,2048,2048,2048,1234,3,860.783927,19.9584,8861.565458,10.294762,na
tiled_simd,1,16,on,2048,2048,2048,1234,4,877.973343,19.5676,8861.565458,10.093206,na
tiled_simd,1,16,on,2048,2048,2048,1234,5,985.713578,17.4289,8861.565458,8.990000,na
tiled_simd,1,48,on,256,256,256,1234,1,1.799645,18.6450,12.644623,7.026176,yes
tiled_simd,1,48,on,256,256,256,1234,2,1.905980,17.6048,12.644623,6.634185,yes
tiled_simd,1,48,on,256,256,256,1234,3,1.604361,20.9145,12.644623,7.881408,yes
tiled_simd,1,48,on,256,256,256,1234,4,1.488294,22.5456,12.644623,8.496052,yes
tiled_simd,1,48,on,256,256,256,1234,5,1.506571,22.2721,12.644623,8.392982,yes
tiled_simd,1,48,on,512,512,512,1234,1,12.470382,21.5258,119.794018,9.606283,yes
tiled_simd,1,48,on,512,512,512,1234,2,12.489624,21.4927,119.794018,9.591483,yes
tiled_simd,1,48,on,512,512,512,1234,3,12.537789,21.4101,119.794018,9.554637,yes
tiled_simd,1,48,on,512,512,512,1234,4,12.508723,21.4599,119.794018,9.576838,yes
tiled_simd,1,48,on,512,512,512,1234,5,12.518504,21.4431,119.794018,9.569356,yes
tiled_simd,1,48,on,1024,1024,1024,1234,1,98.868121,21.7207,1045.347037,10.573146,na
tiled_simd,1,48,on,1024,1024,1024,1234,2,98.429950,21.8174,1045.347037,10.620213,na
tiled_simd,1,48,on,1024,1024,1024,1234,3,98.095999,21.8917,1045.347037,10.656368,na
tiled_simd,1,48,on,1024,1024,1024,1234,4,97.949359,21.9244,1045.347037,10.672321,na
tiled_simd,1,48,on,1024,1024,1024,1234,5,98.757106,21.7451,1045.347037,10.585031,na
tiled_simd,1,48,on,2048,2048,2048,1234,1,841.875917,20.4067,8861.565458,10.525976,na
tiled_simd,1,48,on,2048,2048,2048,1234,2,843.510796,20.3671,8861.565458,10.505574,na
tiled_simd,1,48,on,2048,2048,2048,1234,3,968.492255,17.7388,8861.565458,9.149857,na
tiled_simd,1,48,on,2048,2048,2048,1234,4,856.203851,20.0652,8861.565458,10.349831,na
tiled_simd,1,48,on,2048,2048,2048,1234,5,843.307440,20.3720,8861.565458,10.508108,na
tiled_simd,1,80,on,256,256,256,1234,1,1.910531,17.5629,12.644623,6.618381,yes
tiled_simd,1,80,on,256,256,256,1234,2,1.621597,20.6922,12.644623,7.797636,yes
tiled_simd,1,80,on,256,256,256,1234,3,1.514616,22.1538,12.644623,8.348402,yes
tiled_simd,1,80,on,256,256,256,1234,4,1.522156,22.0440,12.644623,8.307048,yes
tiled_simd,1,80,on,256,256,256,1234,5,1.512331,22.1872,12.644623,8.361016,yes
tiled_simd,1,80,on,512,512,512,1234,1,12.906671,20.7982,119.794018,9.281558,yes
tiled_simd,1,80,on,512,512,512,1234,2,12.877702,20.8450,119.794018,9.302438,yes
tiled_simd,1,80,on,512,512,512,1234,3,12.883069,20.8363,119.794018,9.298562,yes
tiled_simd,1,80,on,512,512,512,1234,4,12.911332,20.7907,119.794018,9.278208,yes
tiled_simd,1,80,on,512,512,512,1234,5,12.874418,20.8503,119.794018,9.304810,yes
tiled_simd,1,80,on,1024,1024,1024,1234,1,103.765677,20.6955,1045.347037,10.074112,na
tiled_simd,1,80,on,1024,1024,1024,1234,2,104.901310,20.4715,1045.347037,9.965052,na
tiled_simd,1,80,on,1024,1024,1024,1234,3,105.360213,20.3823,1045.347037,9.921649,na
tiled_simd,1,80,on,1024,1024,1024,1234,4,103.450060,20.7587,1045.347037,10.104847,na
tiled_simd,1,80,on,1024,1024,1024,1234,5,103.284939,20.7918,1045.347037,10.121002,na
tiled_simd,1,80,on,2048,2048,2048,1234,1,887.726792,19.3527,8861.565458,9.982312,na
tiled_simd,1,80,on,2048,2048,2048,1234,2,877.320076,19.5822,8861.565458,10.100721,na
tiled_simd,1,80,on,2048,2048,2048,1234,3,851.415536,20.1780,8861.565458,10.408038,na
tiled_simd,1,80,on,2048,2048,2048,1234,4,852.075666,20.1624,8861.565458,10.399975,na
tiled_simd,1,80,on,2048,2048,2048,1234,5,848.493602,20.2475,8861.565458,10.443880,na
tiled_simd,1,128,on,256,256,256,1234,1,1.551186,21.6315,12.644623,8.151584,yes
tiled_simd,1,128,on,256,256,256,1234,2,1.561285,21.4915,12.644623,8.098856,yes
tiled_simd,1,128,on,256,256,256,1234,3,1.494544,22.4513,12.644623,8.460522,yes
tiled_simd,1,128,on,256,256,256,1234,4,1.726640,19.4334,12.644623,7.323254,yes
tiled_simd,1,128,on,256,256,256,1234,5,1.648145,20.3589,12.644623,7.672033,yes
tiled_simd,1,128,on,512,512,512,1234,1,12.541082,21.4045,119.794018,9.552128,yes
tiled_simd,1,128,on,512,512,512,1234,2,12.488987,21.4938,119.794018,9.591972,yes
tiled_simd,1,128,on,512,512,512,1234,3,12.589422,21.3223,119.794018,9.515450,yes
tiled_simd,1,128,on,512,512,512,1234,4,12.445255,21.5693,119.794018,9.625678,yes
tiled_simd,1,128,on,512,512,512,1234,5,12.571038,21.3535,119.794018,9.529366,yes
tiled_simd,1,128,on,1024,1024,1024,1234,1,99.208431,21.6462,1045.347037,10.536877,na
tiled_simd,1,128,on,1024,1024,1024,1234,2,99.288162,21.6288,1045.347037,10.528416,na
tiled_simd,1,128,on,1024,1024,1024,1234,3,98.982771,21.6955,1045.347037,10.560899,na
tiled_simd,1,128,on,1024,1024,1024,1234,4,98.831983,21.7286,1045.347037,10.577012,na
tiled_simd,1,128,on,1024,1024,1024,1234,5,99.067471,21.6770,1045.347037,10.551870,na
tiled_simd,1,128,on,2048,2048,2048,1234,1,887.906939,19.3487,8861.565458,9.980286,na
tiled_simd,1,128,on,2048,2048,2048,1234,2,860.743434,19.9593,8861.565458,10.295246,na
tiled_simd,1,128,on,2048,2048,2048,1234,3,860.983502,19.9538,8861.565458,10.292375,na
tiled_simd,1,128,on,2048,2048,2048,1234,4,886.274744,19.3844,8861.565458,9.998666,na
tiled_simd,1,128,on,2048,2048,2048,1234,5,861.993857,19.9304,8861.565458,10.280312,na
tiled_simd,3,16,on,256,256,256,1234,1,1.558227,21.5337,12.644623,8.114750,yes
tiled_simd,3,16,on,256,256,256,1234,2,1.830016,18.3356,12.644623,6.909570,yes
tiled_simd,3,16,on,256,256,256,1234,3,1.852534,18.1127,12.644623,6.825582,yes
tiled_simd,3,16,on,256,256,256,1234,4,1.513963,22.1633,12.644623,8.352003,yes
tiled_simd,3,16,on,256,256,256,1234,5,1.528362,21.9545,12.644623,8.273317,yes
tiled_simd,3,16,on,512,512,512,1234,1,12.691911,21.1501,119.794018,9.438612,yes
tiled_simd,3,16,on,512,512,512,1234,2,12.596907,21.3096,119.794018,9.509796,yes
tiled_simd,3,16,on,512,512,512,1234,3,12.560154,21.3720,119.794018,9.537623,yes
tiled_simd,3,16,on,512,512,512,1234,4,12.596793,21.3098,119.794018,9.509882,yes
tiled_simd,3,16,on,512,512,512,1234,5,12.566520,21.3612,119.794018,9.532792,yes
tiled_simd,3,16,on,1024,1024,1024,1234,1,99.971824,21.4809,1045.347037,10.456417,na
tiled_simd,3,16,on,1024,1024,1024,1234,2,100.055056,21.4630,1045.347037,10.447718,na
tiled_simd,3,16,on,1024,1024,1024,1234,3,100.811912,21.3019,1045.347037,10.369281,na
tiled_simd,3,16,on,1024,1024,1024,1234,4,99.671610,21.5456,1045.347037,10.487912,na
tiled_simd,3,16,on,1024,1024,1024,1234,5,99.535024,21.5752,1045.347037,10.502304,na
tiled_simd,3,16,on,2048,2048,2048,1234,1,889.098754,19.3228,8861.565458,9.966908,na
tiled_simd,3,16,on,2048,2048,2048,1234,2,978.556860,17.5563,8861.565458,9.055749,na
tiled_simd,3,16,on,2048,2048,2048,1234,3,1220.154685,14.0801,8861.565458,7.262657,na
tiled_simd,3,16,on,2048,2048,2048,1234,4,915.816125,18.7591,8861.565458,9.676140,na
tiled_simd,3,16,on,2048,2048,2048,1234,5,845.087828,20.3291,8861.565458,10.485970,na
tiled_simd,3,48,on,256,256,256,1234,1,2.084954,16.0936,12.644623,6.064701,yes
tiled_simd,3,48,on,256,256,256,1234,2,1.663296,20.1735,12.644623,7.602148,yes
tiled_simd,3,48,on,256,256,256,1234,3,1.530892,21.9182,12.644623,8.259644,yes
tiled_simd,3,48,on,256,256,256,1234,4,1.518533,22.0966,12.644623,8.326867,yes
tiled_simd,3,48,on,256,256,256,1234,5,1.510599,22.2127,12.644623,8.370602,yes
tiled_simd,3,48,on,512,512,512,1234,1,12.835411,20.9137,119.794018,9.333088,yes
tiled_simd,3,48,on,512,512,512,1234,2,12.800012,20.9715,119.794018,9.358899,yes
tiled_simd,3,48,on,512,512,512,1234,3,12.773396,21.0152,119.794018,9.378400,yes
tiled_simd,3,48,on,512,512,512,1234,4,12.812219,20.9515,119.794018,9.349982,yes
tiled_simd,3,48,on,512,512,512,1234,5,12.771202,21.0188,119.794018,9.380011,yes
tiled_simd,3,48,on,1024,1024,1024,1234,1,102.513570,20.9483,1045.347037,10.197158,na
tiled_simd,3,48,on,1024,1024,1024,1234,2,103.009948,20.8473,1045.347037,10.148020,na
tiled_simd,3,48,on,1024,1024,1024,1234,3,102.960186,20.8574,1045.347037,10.152925,na
tiled_simd,3,48,on,1024,1024,1024,1234,4,102.466007,20.9580,1045.347037,10.201891,na
tiled_simd,3,48,on,1024,1024,1024,1234,5,102.962145,20.8570,1045.347037,10.152732,na
tiled_simd,3,48,on,2048,2048,2048,1234,1,869.427008,19.7600,8861.565458,10.192420,na
tiled_simd,3,48,on,2048,2048,2048,1234,2,867.395026,19.8063,8861.565458,10.216297,na
tiled_simd,3,48,on,2048,2048,2048,1234,3,907.513748,18.9307,8861.565458,9.764662,na
tiled_simd,3,48,on,2048,2048,2048,1234,4,853.307628,20.1333,8861.565458,10.384960,na
tiled_simd,3,48,on,2048,2048,2048,1234,5,863.825936,19.8881,8861.565458,10.258508,na
tiled_simd,3,80,on,256,256,256,1234,1,1.806236,18.5770,12.644623,7.000538,yes
tiled_simd,3,80,on,256,256,256,1234,2,1.829142,18.3444,12.644623,6.912871,yes
tiled_simd,3,80,on,256,256,256,1234,3,1.503625,22.3157,12.644623,8.409426,yes
tiled_simd,3,80,on,256,256,256,1234,4,1.513331,22.1726,12.644623,8.355491,yes
tiled_simd,3,80,on,256,256,256,1234,5,1.513395,22.1716,12.644623,8.355137,yes
tiled_simd,3,80,on,512,512,512,1234,1,12.607891,21.2911,119.794018,9.501511,yes
tiled_simd,3,80,on,512,512,512,1234,2,12.585673,21.3287,119.794018,9.518285,yes
tiled_simd,3,80,on,512,512,512,1234,3,12.596938,21.3096,119.794018,9.509773,yes
tiled_simd,3,80,on,512,512,512,1234,4,12.341645,21.7504,119.794018,9.706487,yes
tiled_simd,3,80,on,512,512,512,1234,5,12.298097,21.8274,119.794018,9.740858,yes
tiled_simd,3,80,on,1024,1024,1024,1234,1,98.961837,21.7001,1045.347037,10.563133,na
tiled_simd,3,80,on,1024,1024,1024,1234,2,99.243957,21.6384,1045.347037,10.533105,na
tiled_simd,3,80,on,1024,1024,1024,1234,3,104.278254,20.5938,1045.347037,10.024593,na
tiled_simd,3,80,on,1024,1024,1024,1234,4,99.174575,21.6536,1045.347037,10.540474,na
tiled_simd,3,80,on,1024,1024,1024,1234,5,99.104551,21.6689,1045.347037,10.547922,na
tiled_simd,3,80,on,2048,2048,2048,1234,1,874.590209,19.6433,8861.565458,10.132249,na
tiled_simd,3,80,on,2048,2048,2048,1234,2,885.044188,19.4113,8861.565458,10.012568,na
tiled_simd,3,80,on,2048,2048,2048,1234,3,895.189689,19.1913,8861.565458,9.899092,na
tiled_simd,3,80,on,2048,2048,2048,1234,4,888.933070,19.3264,8861.565458,9.968766,na
tiled_simd,3,80,on,2048,2048,2048,1234,5,874.227267,19.6515,8861.565458,10.136455,na
tiled_simd,3,128,on,256,256,256,1234,1,2.262783,14.8288,12.644623,5.588085,yes
tiled_simd,3,128,on,256,256,256,1234,2,1.719086,19.5188,12.644623,7.355434,yes
tiled_simd,3,128,on,256,256,256,1234,3,1.523854,22.0195,12.644623,8.297792,yes
tiled_simd,3,128,on,256,256,256,1234,4,1.533984,21.8740,12.644623,8.242995,yes
tiled_simd,3,128,on,256,256,256,1234,5,1.528039,21.9591,12.644623,8.275066,yes
tiled_simd,3,128,on,512,512,512,1234,1,12.617489,21.2749,119.794018,9.494284,yes
tiled_simd,3,128,on,512,512,512,1234,2,12.436226,21.5850,119.794018,9.632667,yes
tiled_simd,3,128,on,512,512,512,1234,3,12.554479,21.3816,119.794018,9.541935,yes
tiled_simd,3,128,on,512,512,512,1234,4,12.647068,21.2251,119.794018,9.472078,yes
tiled_simd,3,128,on,512,512,512,1234,5,12.591281,21.3192,119.794018,9.514045,yes
tiled_simd,3,128,on,1024,1024,1024,1234,1,100.409692,21.3872,1045.347037,10.410818,na
tiled_simd,3,128,on,1024,1024,1024,1234,2,100.140271,21.4448,1045.347037,10.438828,na
tiled_simd,3,128,on,1024,1024,1024,1234,3,102.321006,20.9877,1045.347037,10.216348,na
tiled_simd,3,128,on,1024,1024,1024,1234,4,100.060591,21.4618,1045.347037,10.447140,na
tiled_simd,3,128,on,1024,1024,1024,1234,5,100.522789,21.3632,1045.347037,10.399105,na
tiled_simd,3,128,on,2048,2048,2048,1234,1,854.344107,20.1088,8861.565458,10.372361,na
tiled_simd,3,128,on,2048,2048,2048,1234,2,847.257318,20.2770,8861.565458,10.459119,na
tiled_simd,3,128,on,2048,2048,2048,1234,3,1032.601677,16.6375,8861.565458,8.581785,na
tiled_simd,3,128,on,2048,2048,2048,1234,4,1227.552712,13.9952,8861.565458,7.218888,na
tiled_simd,3,128,on,2048,2048,2048,1234,5,889.963983,19.3040,8861.565458,9.957218,na
tiled_simd,5,16,on,256,256,256,1234,1,2.045650,16.4028,12.644623,6.181225,yes
tiled_simd,5,16,on,256,256,256,1234,2,1.892084,17.7341,12.644623,6.682908,yes
tiled_simd,5,16,on,256,256,256,1234,3,1.887498,17.7772,12.644623,6.699145,yes
tiled_simd,5,16,on,256,256,256,1234,4,1.802401,18.6165,12.644623,7.015433,yes
tiled_simd,5,16,on,256,256,256,1234,5,1.789649,18.7492,12.644623,7.065421,yes
tiled_simd,5,16,on,512,512,512,1234,1,14.291508,18.7829,119.794018,8.382182,yes
tiled_simd,5,16,on,512,512,512,1234,2,14.299986,18.7717,119.794018,8.377212,yes
tiled_simd,5,16,on,512,512,512,1234,3,14.684840,18.2798,119.794018,8.157666,yes
tiled_simd,5,16,on,512,512,512,1234,4,15.418928,17.4095,119.794018,7.769283,yes
tiled_simd,5,16,on,512,512,512,1234,5,16.353597,16.4145,119.794018,7.325240,yes
tiled_simd,5,16,on,1024,1024,1024,1234,1,105.842081,20.2895,1045.347037,9.876478,na
tiled_simd,5,16,on,1024,1024,1024,1234,2,114.691940,18.7239,1045.347037,9.114390,na
tiled_simd,5,16,on,1024,1024,1024,1234,3,115.101489,18.6573,1045.347037,9.081959,na
tiled_simd,5,16,on,1024,1024,1024,1234,4,103.593844,20.7298,1045.347037,10.090822,na
tiled_simd,5,16,on,1024,1024,1024,1234,5,111.002210,19.3463,1045.347037,9.417353,na
tiled_simd,5,16,on,2048,2048,2048,1234,1,875.669691,19.6191,8861.565458,10.119758,na
tiled_simd,5,16,on,2048,2048,2048,1234,2,881.037261,19.4996,8861.565458,10.058105,na
tiled_simd,5,16,on,2048,2048,2048,1234,3,877.362150,19.5813,8861.565458,10.100237,na
tiled_simd,5,16,on,2048,2048,2048,1234,4,875.706826,19.6183,8861.565458,10.119329,na
tiled_simd,5,16,on,2048,2048,2048,1234,5,884.659061,19.4198,8861.565458,10.016927,na
tiled_simd,5,48,on,256,256,256,1234,1,1.584729,21.1736,12.644623,7.979044,yes
tiled_simd,5,48,on,256,256,256,1234,2,1.433615,23.4055,12.644623,8.820097,yes
tiled_simd,5,48,on,256,256,256,1234,3,1.495358,22.4391,12.644623,8.455917,yes
tiled_simd,5,48,on,256,256,256,1234,4,1.575930,21.2918,12.644623,8.023594,yes
tiled_simd,5,48,on,256,256,256,1234,5,1.457884,23.0158,12.644623,8.673271,yes
tiled_simd,5,48,on,512,512,512,1234,1,12.565435,21.3630,119.794018,9.533615,yes
tiled_simd,5,48,on,512,512,512,1234,2,12.552603,21.3848,119.794018,9.543361,yes
tiled_simd,5,48,on,512,512,512,1234,3,12.565461,21.3630,119.794018,9.533595,yes
tiled_simd,5,48,on,512,512,512,1234,4,12.561004,21.3705,119.794018,9.536978,yes
tiled_simd,5,48,on,512,512,512,1234,5,12.622685,21.2661,119.794018,9.490375,yes
tiled_simd,5,48,on,1024,1024,1024,1234,1,98.607988,21.7780,1045.347037,10.601038,na
tiled_simd,5,48,on,1024,1024,1024,1234,2,98.623779,21.7745,1045.347037,10.599341,na
tiled_simd,5,48,on,1024,1024,1024,1234,3,98.399759,21.8241,1045.347037,10.623472,na
tiled_simd,5,48,on,1024,1024,1024,1234,4,100.552302,21.3569,1045.347037,10.396053,na
tiled_simd,5,48,on,1024,1024,1024,1234,5,98.171872,21.8747,1045.347037,10.648132,na
tiled_simd,5,48,on,2048,2048,2048,1234,1,843.041157,20.3784,8861.565458,10.511427,na
tiled_simd,5,48,on,2048,2048,2048,1234,2,883.437476,19.4466,8861.565458,10.030778,na
tiled_simd,5,48,on,2048,2048,2048,1234,3,845.670333,20.3151,8861.565458,10.478747,na
tiled_simd,5,48,on,2048,2048,2048,1234,4,839.571841,20.4627,8861.565458,10.554863,na
tiled_simd,5,48,on,2048,2048,2048,1234,5,843.385282,20.3701,8861.565458,10.507138,na
tiled_simd,5,80,on,256,256,256,1234,1,1.677788,19.9992,12.644623,7.536484,yes
tiled_simd,5,80,on,256,256,256,1234,2,1.796685,18.6757,12.644623,7.037752,yes
tiled_simd,5,80,on,256,256,256,1234,3,1.743685,19.2434,12.644623,7.251667,yes
tiled_simd,5,80,on,256,256,256,1234,4,1.564855,21.4425,12.644623,8.080380,yes
tiled_simd,5,80,on,256,256,256,1234,5,1.790672,18.7385,12.644623,7.061384,yes
tiled_simd,5,80,on,512,512,512,1234,1,12.673424,21.1810,119.794018,9.452380,yes
tiled_simd,5,80,on,512,512,512,1234,2,12.679927,21.1701,119.794018,9.447532,yes
tiled_simd,5,80,on,512,512,512,1234,3,12.612219,21.2838,119.794018,9.498251,yes
tiled_simd,5,80,on,512,512,512,1234,4,12.906243,20.7989,119.794018,9.281866,yes
tiled_simd,5,80,on,512,512,512,1234,5,12.664189,21.1964,119.794018,9.459273,yes
tiled_simd,5,80,on,1024,1024,1024,1234,1,123.953023,17.3250,1045.347037,8.433413,na
tiled_simd,5,80,on,1024,1024,1024,1234,2,103.084875,20.8322,1045.347037,10.140644,na
tiled_simd,5,80,on,1024,1024,1024,1234,3,102.054887,21.0424,1045.347037,10.242989,na
tiled_simd,5,80,on,1024,1024,1024,1234,4,103.974381,20.6540,1045.347037,10.053890,na
tiled_simd,5,80,on,1024,1024,1024,1234,5,100.634798,21.3394,1045.347037,10.387531,na
tiled_simd,5,80,on,2048,2048,2048,1234,1,854.535591,20.1043,8861.565458,10.370037,na
tiled_simd,5,80,on,2048,2048,2048,1234,2,858.348361,20.0150,8861.565458,10.323973,na
tiled_simd,5,80,on,2048,2048,2048,1234,3,853.501532,20.1287,8861.565458,10.382601,na
tiled_simd,5,80,on,2048,2048,2048,1234,4,1101.693911,15.5940,8861.565458,8.043582,na
tiled_simd,5,80,on,2048,2048,2048,1234,5,1336.360432,12.8557,8861.565458,6.631119,na
tiled_simd,5,128,on,256,256,256,1234,1,1.695840,19.7863,12.644623,7.456259,yes
tiled_simd,5,128,on,256,256,256,1234,2,1.729622,19.3999,12.644623,7.310628,yes
tiled_simd,5,128,on,256,256,256,1234,3,1.552922,21.6073,12.644623,8.142471,yes
tiled_simd,5,128,on,256,256,256,1234,4,1.684615,19.9182,12.644623,7.505942,yes
tiled_simd,5,128,on,256,256,256,1234,5,1.781463,18.8353,12.644623,7.097887,yes
tiled_simd,5,128,on,512,512,512,1234,1,12.781586,21.0017,119.794018,9.372391,yes
tiled_simd,5,128,on,512,512,512,1234,2,12.804594,20.9640,119.794018,9.355550,yes
tiled_simd,5,128,on,512,512,512,1234,3,12.715595,21.1107,119.794018,9.421031,yes
tiled_simd,5,128,on,512,512,512,1234,4,12.784786,20.9965,119.794018,9.370045,yes
tiled_simd,5,128,on,512,512,512,1234,5,12.846579,20.8955,119.794018,9.324974,yes
tiled_simd,5,128,on,1024,1024,1024,1234,1,122.047877,17.5954,1045.347037,8.565057,na
tiled_simd,5,128,on,1024,1024,1024,1234,2,115.762069,18.5508,1045.347037,9.030134,na
tiled_simd,5,128,on,1024,1024,1024,1234,3,118.644011,18.1002,1045.347037,8.810786,na
tiled_simd,5,128,on,1024,1024,1024,1234,4,124.499241,17.2490,1045.347037,8.396413,na
tiled_simd,5,128,on,1024,1024,1024,1234,5,109.802059,19.5578,1045.347037,9.520286,na
tiled_simd,5,128,on,2048,2048,2048,1234,1,897.116046,19.1501,8861.565458,9.877836,na
tiled_simd,5,128,on,2048,2048,2048,1234,2,911.985294,18.8379,8861.565458,9.716785,na
tiled_simd,5,128,on,2048,2048,2048,1234,3,983.452069,17.4689,8861.565458,9.010673,na
tiled_simd,5,128,on,2048,2048,2048,1234,4,944.069565,18.1977,8861.565458,9.386560,na
tiled_simd,5,128,on,2048,2048,2048,1234,5,849.370832,20.2266,8861.565458,10.433094,na
tiled_simd,7,16,on,256,256,256,1234,1,2.208456,15.1936,12.644623,5.725549,yes
tiled_simd,7,16,on,256,256,256,1234,2,1.545066,21.7172,12.644623,8.183872,yes
tiled_simd,7,16,on,256,256,256,1234,3,1.538066,21.8160,12.644623,8.221119,yes
tiled_simd,7,16,on,256,256,256,1234,4,1.529371,21.9400,12.644623,8.267858,yes
tiled_simd,7,16,on,256,256,256,1234,5,1.546835,21.6923,12.644623,8.174513,yes
tiled_simd,7,16,on,512,512,512,1234,1,12.951987,20.7254,119.794018,9.249084,yes
tiled_simd,7,16,on,512,512,512,1234,2,13.436572,19.9780,119.794018,8.915519,yes
tiled_simd,7,16,on,512,512,512,1234,3,12.580037,21.3382,119.794018,9.522549,yes
tiled_simd,7,16,on,512,512,512,1234,4,12.569621,21.3559,119.794018,9.530440,yes
tiled_simd,7,16,on,512,512,512,1234,5,12.596921,21.3096,119.794018,9.509786,yes
tiled_simd,7,16,on,1024,1024,1024,1234,1,99.159446,21.6569,1045.347037,10.542082,na
tiled_simd,7,16,on,1024,1024,1024,1234,2,102.454356,20.9604,1045.347037,10.203051,na
tiled_simd,7,16,on,1024,1024,1024,1234,3,98.201380,21.8682,1045.347037,10.644932,na
tiled_simd,7,16,on,1024,1024,1024,1234,4,99.611005,21.5587,1045.347037,10.494293,na
tiled_simd,7,16,on,1024,1024,1024,1234,5,100.012736,21.4721,1045.347037,10.452139,na
tiled_simd,7,16,on,2048,2048,2048,1234,1,862.551531,19.9175,8861.565458,10.273665,na
tiled_simd,7,16,on,2048,2048,2048,1234,2,858.912319,20.0019,8861.565458,10.317195,na
tiled_simd,7,16,on,2048,2048,2048,1234,3,873.196345,19.6747,8861.565458,10.148423,na
tiled_simd,7,16,on,2048,2048,2048,1234,4,929.667448,18.4796,8861.565458,9.531973,na
tiled_simd,7,16,on,2048,2048,2048,1234,5,873.044795,19.6781,8861.565458,10.150184,na
tiled_simd,7,48,on,256,256,256,1234,1,1.598072,20.9968,12.644623,7.912424,yes
tiled_simd,7,48,on,256,256,256,1234,2,1.543443,21.7400,12.644623,8.192478,yes
tiled_simd,7,48,on,256,256,256,1234,3,1.739960,19.2846,12.644623,7.267192,yes
tiled_simd,7,48,on,256,256,256,1234,4,1.489506,22.5272,12.644623,8.489139,yes
tiled_simd,7,48,on,256,256,256,1234,5,1.488946,22.5357,12.644623,8.492331,yes
tiled_simd,7,48,on,512,512,512,1234,1,12.643380,21.2313,119.794018,9.474841,yes
tiled_simd,7,48,on,512,512,512,1234,2,12.636115,21.2435,119.794018,9.480289,yes
tiled_simd,7,48,on,512,512,512,1234,3,12.624752,21.2626,119.794018,9.488821,yes
tiled_simd,7,48,on,512,512,512,1234,4,12.643470,21.2312,119.794018,9.474774,yes
tiled_simd,7,48,on,512,512,512,1234,5,12.611809,21.2845,119.794018,9.498559,yes
tiled_simd,7,48,on,1024,1024,1024,1234,1,102.160460,21.0207,1045.347037,10.232403,na
tiled_simd,7,48,on,1024,1024,1024,1234,2,99.495757,21.5837,1045.347037,10.506448,na
tiled_simd,7,48,on,1024,1024,1024,1234,3,102.367570,20.9782,1045.347037,10.211701,na
tiled_simd,7,48,on,1024,1024,1024,1234,4,101.831595,21.0886,1045.347037,10.265449,na
tiled_simd,7,48,on,1024,1024,1024,1234,5,99.857865,21.5054,1045.347037,10.468350,na
tiled_simd,7,48,on,2048,2048,2048,1234,1,910.221197,18.8744,8861.565458,9.735618,na
tiled_simd,7,48,on,2048,2048,2048,1234,2,904.369345,18.9965,8861.565458,9.798613,na
tiled_simd,7,48,on,2048,2048,2048,1234,3,959.902450,17.8975,8861.565458,9.231735,na
tiled_simd,7,48,on,2048,2048,2048,1234,4,1181.599493,14.5395,8861.565458,7.499635,na
tiled_simd,7,48,on,2048,2048,2048,1234,5,1043.861011,16.4580,8861.565458,8.489220,na
tiled_simd,7,80,on,256,256,256,1234,1,1.694588,19.8009,12.644623,7.461768,yes
tiled_simd,7,80,on,256,256,256,1234,2,1.429371,23.4750,12.644623,8.846285,yes
tiled_simd,7,80,on,256,256,256,1234,3,1.503028,22.3246,12.644623,8.412766,yes
tiled_simd,7,80,on,256,256,256,1234,4,1.456528,23.0373,12.644623,8.681346,yes
tiled_simd,7,80,on,256,256,256,1234,5,1.435930,23.3677,12.644623,8.805877,yes
tiled_simd,7,80,on,512,512,512,1234,1,14.350515,18.7056,119.794018,8.347716,yes
tiled_simd,7,80,on,512,512,512,1234,2,14.517017,18.4911,119.794018,8.251972,yes
tiled_simd,7,80,on,512,512,512,1234,3,14.362852,18.6896,119.794018,8.340545,yes
tiled_simd,7,80,on,512,512,512,1234,4,14.493644,18.5209,119.794018,8.265279,yes
tiled_simd,7,80,on,512,512,512,1234,5,14.350040,18.7063,119.794018,8.347992,yes
tiled_simd,7,80,on,1024,1024,1024,1234,1,129.481114,16.5853,1045.347037,8.073355,na
tiled_simd,7,80,on,1024,1024,1024,1234,2,115.459867,18.5994,1045.347037,9.053770,na
tiled_simd,7,80,on,1024,1024,1024,1234,3,102.729454,20.9043,1045.347037,10.175729,na
tiled_simd,7,80,on,1024,1024,1024,1234,4,102.553050,20.9402,1045.347037,10.193232,na
tiled_simd,7,80,on,1024,1024,1024,1234,5,104.045745,20.6398,1045.347037,10.046995,na
tiled_simd,7,80,on,2048,2048,2048,1234,1,873.846114,19.6601,8861.565458,10.140876,na
tiled_simd,7,80,on,2048,2048,2048,1234,2,872.118302,19.6990,8861.565458,10.160967,na
tiled_simd,7,80,on,2048,2048,2048,1234,3,882.499556,19.4673,8861.565458,10.041439,na
tiled_simd,7,80,on,2048,2048,2048,1234,4,915.398101,18.7676,8861.565458,9.680559,na
tiled_simd,7,80,on,2048,2048,2048,1234,5,846.830666,20.2873,8861.565458,10.464389,na
tiled_simd,7,128,on,256,256,256,1234,1,1.743788,19.2423,12.644623,7.251239,yes
tiled_simd,7,128,on,256,256,256,1234,2,1.524361,22.0121,12.644623,8.295032,yes
tiled_simd,7,128,on,256,256,256,1234,3,1.524707,22.0071,12.644623,8.293149,yes
tiled_simd,7,128,on,256,256,256,1234,4,1.507841,22.2533,12.644623,8.385913,yes
tiled_simd,7,128,on,256,256,256,1234,5,1.497537,22.4064,12.644623,8.443613,yes
tiled_simd,7,128,on,512,512,512,1234,1,12.787998,20.9912,119.794018,9.367691,yes
tiled_simd,7,128,on,512,512,512,1234,2,12.572813,21.3505,119.794018,9.528020,yes
tiled_simd,7,128,on,512,512,512,1234,3,12.557950,21.3757,119.794018,9.539297,yes
tiled_simd,7,128,on,512,512,512,1234,4,12.489401,21.4931,119.794018,9.591654,yes
tiled_simd,7,128,on,512,512,512,1234,5,12.385582,21.6732,119.794018,9.672054,yes
tiled_simd,7,128,on,1024,1024,1024,1234,1,99.007147,21.6902,1045.347037,10.558299,na
tiled_simd,7,128,on,1024,1024,1024,1234,2,98.957945,21.7010,1045.347037,10.563548,na
tiled_simd,7,128,on,1024,1024,1024,1234,3,99.069877,21.6765,1045.347037,10.551613,na
tiled_simd,7,128,on,1024,1024,1024,1234,4,98.668666,21.7646,1045.347037,10.594519,na
tiled_simd,7,128,on,1024,1024,1024,1234,5,99.315910,21.6228,1045.347037,10.525474,na
tiled_simd,7,128,on,2048,2048,2048,1234,1,911.857949,18.8405,8861.565458,9.718142,na
tiled_simd,7,128,on,2048,2048,2048,1234,2,909.606076,18.8872,8861.565458,9.742201,na
tiled_simd,7,128,on,2048,2048,2048,1234,3,863.345948,19.8992,8861.565458,10.264212,na
tiled_simd,7,128,on,2048,2048,2048,1234,4,877.180166,19.5853,8861.565458,10.102332,na
tiled_simd,7,128,on,2048,2048,2048,1234,5,856.750964,20.0523,8861.565458,10.343222,na
v1,1,16,off,256,256,256,1234,1,16.214702,2.0694,12.665585,0.781117,yes
v1,1,16,off,256,256,256,1234,2,15.805527,2.1230,12.665585,0.801339,yes
v1,1,16,off,256,256,256,1234,3,15.756808,2.1295,12.665585,0.803817,yes
v1,1,16,off,256,256,256,1234,4,15.820947,2.1209,12.665585,0.800558,yes
v1,1,16,off,256,256,256,1234,5,15.747016,2.1308,12.665585,0.804317,yes
v1,1,16,off,512,512,512,1234,1,133.978694,2.0036,120.973697,0.902932,yes
v1,1,16,off,512,512,512,1234,2,133.955791,2.0039,120.973697,0.903087,yes
v1,1,16,off,512,512,512,1234,3,133.929794,2.0043,120.973697,0.903262,yes
v1,1,16,off,512,512,512,1234,4,134.150928,2.0010,120.973697,0.901773,yes
v1,1,16,off,512,512,512,1234,5,133.953921,2.0039,120.973697,0.903099,yes
v1,1,16,off,1024,1024,1024,1234,1,1104.140125,1.9449,1052.510469,0.953240,na
v1,1,16,off,1024,1024,1024,1234,2,1105.342530,1.9428,1052.510469,0.952203,na
v1,1,16,off,1024,1024,1024,1234,3,1142.492494,1.8796,1052.510469,0.921241,na
v1,1,16,off,1024,1024,1024,1234,4,1232.689234,1.7421,1052.510469,0.853833,na
v1,1,16,off,1024,1024,1024,1234,5,1157.752532,1.8549,1052.510469,0.909098,na
v1,1,16,off,2048,2048,2048,1234,1,9155.591480,1.8764,9075.974621,0.991304,na
v1,1,16,off,2048,2048,2048,1234,2,9487.662535,1.8108,9075.974621,0.956608,na
v1,1,16,off,2048,2048,2048,1234,3,9256.388424,1.8560,9075.974621,0.980509,na
v1,1,16,off,2048,2048,2048,1234,4,9163.759137,1.8748,9075.974621,0.990420,na
v1,1,16,off,2048,2048,2048,1234,5,9498.161325,1.8088,9075.974621,0.955551,na
v1,1,48,off,256,256,256,1234,1,16.035175,2.0926,12.665585,0.789863,yes
v1,1,48,off,256,256,256,1234,2,15.997654,2.0975,12.665585,0.791715,yes
v1,1,48,off,256,256,256,1234,3,15.987716,2.0988,12.665585,0.792207,yes
v1,1,48,off,256,256,256,1234,4,16.017649,2.0948,12.665585,0.790727,yes
v1,1,48,off,256,256,256,1234,5,16.051513,2.0904,12.665585,0.789059,yes
v1,1,48,off,512,512,512,1234,1,135.655896,1.9788,120.973697,0.891769,yes
v1,1,48,off,512,512,512,1234,2,135.652084,1.9789,120.973697,0.891794,yes
v1,1,48,off,512,512,512,1234,3,135.661202,1.9787,120.973697,0.891734,yes
v1,1,48,off,512,512,512,1234,4,135.631913,1.9791,120.973697,0.891926,yes
v1,1,48,off,512,512,512,1234,5,135.698850,1.9782,120.973697,0.891487,yes
v1,1,48,off,1024,1024,1024,1234,1,1113.177665,1.9291,1052.510469,0.945501,na
v1,1,48,off,1024,1024,1024,1234,2,1104.162645,1.9449,1052.510469,0.953221,na
v1,1,48,off,1024,1024,1024,1234,3,1104.473605,1.9444,1052.510469,0.952952,na
v1,1,48,off,1024,1024,1024,1234,4,1104.101905,1.9450,1052.510469,0.953273,na
v1,1,48,off,1024,1024,1024,1234,5,1105.872884,1.9419,1052.510469,0.951746,na
v1,1,48,off,2048,2048,2048,1234,1,10658.497591,1.6118,9075.974621,0.851525,na
v1,1,48,off,2048,2048,2048,1234,2,9691.941894,1.7726,9075.974621,0.936445,na
v1,1,48,off,2048,2048,2048,1234,3,9401.835979,1.8273,9075.974621,0.965341,na
v1,1,48,off,2048,2048,2048,1234,4,10599.149520,1.6209,9075.974621,0.856293,na
v1,1,48,off,2048,2048,2048,1234,5,9581.971472,1.7929,9075.974621,0.947193,na
v1,1,80,off,256,256,256,1234,1,15.764314,2.1285,12.665585,0.803434,yes
v1,1,80,off,256,256,256,1234,2,15.742066,2.1315,12.665585,0.804569,yes
v1,1,80,off,256,256,256,1234,3,15.752024,2.1302,12.665585,0.804061,yes
v1,1,80,off,256,256,256,1234,4,15.724459,2.1339,12.665585,0.805470,yes
v1,1,80,off,256,256,256,1234,5,15.743453,2.1313,12.665585,0.804499,yes
v1,1,80,off,512,512,512,1234,1,134.337601,1.9982,120.973697,0.900520,yes
v1,1,80,off,512,512,512,1234,2,134.548416,1.9951,120.973697,0.899109,yes
v1,1,80,off,512,512,512,1234,3,134.476883,1.9961,120.973697,0.899587,yes
v1,1,80,off,512,512,512,1234,4,134.500902,1.9958,120.973697,0.899427,yes
v1,1,80,off,512,512,512,1234,5,134.223223,1.9999,120.973697,0.901287,yes
v1,1,80,off,1024,1024,1024,1234,1,1112.079247,1.9311,1052.510469,0.946435,na
v1,1,80,off,1024,1024,1024,1234,2,1109.174606,1.9361,1052.510469,0.948913,na
v1,1,80,off,1024,1024,1024,1234,3,1290.492388,1.6641,1052.510469,0.815588,na
v1,1,80,off,1024,1024,1024,1234,4,1826.376587,1.1758,1052.510469,0.576283,na
v1,1,80,off,1024,1024,1024,1234,5,1237.472019,1.7354,1052.510469,0.850533,na
v1,1,80,off,2048,2048,2048,1234,1,9728.242731,1.7660,9075.974621,0.932951,na
v1,1,80,off,2048,2048,2048,1234,2,10266.643184,1.6734,9075.974621,0.884026,na
v1,1,80,off,2048,2048,2048,1234,3,9372.856907,1.8329,9075.974621,0.968325,na
v1,1,80,off,2048,2048,2048,1234,4,9663.034522,1.7779,9075.974621,0.939247,na
v1,1,80,off,2048,2048,2048,1234,5,10440.394638,1.6455,9075.974621,0.869313,na
v1,1,128,off,256,256,256,1234,1,15.899300,2.1104,12.665585,0.796613,yes
v1,1,128,off,256,256,256,1234,2,15.851870,2.1167,12.665585,0.798996,yes
v1,1,128,off,256,256,256,1234,3,15.893215,2.1112,12.665585,0.796918,yes
v1,1,128,off,256,256,256,1234,4,15.913470,2.1086,12.665585,0.795903,yes
v1,1,128,off,256,256,256,1234,5,15.907541,2.1093,12.665585,0.796200,yes
v1,1,128,off,512,512,512,1234,1,133.994927,2.0033,120.973697,0.902823,yes
v1,1,128,off,512,512,512,1234,2,134.096063,2.0018,120.973697,0.902142,yes
v1,1,128,off,512,512,512,1234,3,133.940065,2.0041,120.973697,0.903193,yes
v1,1,128,off,512,512,512,1234,4,134.033872,2.0027,120.973697,0.902561,yes
v1,1,128,off,512,512,512,1234,5,134.012633,2.0031,120.973697,0.902704,yes
v1,1,128,off,1024,1024,1024,1234,1,1105.127568,1.9432,1052.510469,0.952388,na
v1,1,128,off,1024,1024,1024,1234,2,1104.884728,1.9436,1052.510469,0.952598,na
v1,1,128,off,1024,1024,1024,1234,3,1105.253784,1.9430,1052.510469,0.952279,na
v1,1,128,off,1024,1024,1024,1234,4,1111.279570,1.9324,1052.510469,0.947116,na
v1,1,128,off,1024,1024,1024,1234,5,1117.290666,1.9220,1052.510469,0.942020,na
v1,1,128,off,2048,2048,2048,1234,1,10425.776648,1.6478,9075.974621,0.870532,na
v1,1,128,off,2048,2048,2048,1234,2,9836.506941,1.7465,9075.974621,0.922683,na
v1,1,128,off,2048,2048,2048,1234,3,10716.017627,1.6032,9075.974621,0.846954,na
v1,1,128,off,2048,2048,2048,1234,4,9746.103938,1.7627,9075.974621,0.931241,na
v1,1,128,off,2048,2048,2048,1234,5,9546.328969,1.7996,9075.974621,0.950729,na
v1,3,16,off,256,256,256,1234,1,15.755144,2.1297,12.665585,0.803902,yes
v1,3,16,off,256,256,256,1234,2,15.749063,2.1306,12.665585,0.804212,yes
v1,3,16,off,256,256,256,1234,3,15.745539,2.1310,12.665585,0.804392,yes
v1,3,16,off,256,256,256,1234,4,15.890092,2.1117,12.665585,0.797074,yes
v1,3,16,off,256,256,256,1234,5,15.769353,2.1278,12.665585,0.803177,yes
v1,3,16,off,512,512,512,1234,1,134.064139,2.0023,120.973697,0.902357,yes
v1,3,16,off,512,512,512,1234,2,134.083321,2.0020,120.973697,0.902228,yes
v1,3,16,off,512,512,512,1234,3,169.815020,1.5808,120.973697,0.712385,yes
v1,3,16,off,512,512,512,1234,4,193.279233,1.3888,120.973697,0.625901,yes
v1,3,16,off,512,512,512,1234,5,135.281617,1.9843,120.973697,0.894236,yes
v1,3,16,off,1024,1024,1024,1234,1,1326.174133,1.6193,1052.510469,0.793644,na
v1,3,16,off,1024,1024,1024,1234,2,1118.689145,1.9196,1052.510469,0.940843,na
v1,3,16,off,1024,1024,1024,1234,3,1137.337584,1.8882,1052.510469,0.925416,na
v1,3,16,off,1024,1024,1024,1234,4,1146.375037,1.8733,1052.510469,0.918121,na
v1,3,16,off,1024,1024,1024,1234,5,1118.720138,1.9196,1052.510469,0.940817,na
v1,3,16,off,2048,2048,2048,1234,1,9247.143265,1.8579,9075.974621,0.981490,na
v1,3,16,off,2048,2048,2048,1234,2,10201.861639,1.6840,9075.974621,0.889639,na
v1,3,16,off,2048,2048,2048,1234,3,9221.861809,1.8630,9075.974621,0.984180,na
v1,3,16,off,2048,2048,2048,1234,4,10078.057053,1.7047,9075.974621,0.900568,na
v1,3,16,off,2048,2048,2048,1234,5,10008.318206,1.7166,9075.974621,0.906843,na
v1,3,48,off,256,256,256,1234,1,15.767295,2.1281,12.665585,0.803282,yes
v1,3,48,off,256,256,256,1234,2,15.718976,2.1346,12.665585,0.805751,yes
v1,3,48,off,256,256,256,1234,3,15.719846,2.1345,12.665585,0.805707,yes
v1,3,48,off,256,256,256,1234,4,15.759912,2.1291,12.665585,0.803658,yes
v1,3,48,off,256,256,256,1234,5,15.763159,2.1287,12.665585,0.803493,yes
v1,3,48,off,512,512,512,1234,1,134.086373,2.0020,120.973697,0.902207,yes
v1,3,48,off,512,512,512,1234,2,134.343656,1.9981,120.973697,0.900479,yes
v1,3,48,off,512,512,512,1234,3,134.171309,2.0007,120.973697,0.901636,yes
v1,3,48,off,512,512,512,1234,4,134.060998,2.0023,120.973697,0.902378,yes
v1,3,48,off,512,512,512,1234,5,134.106227,2.0017,120.973697,0.902074,yes
v1,3,48,off,1024,1024,1024,1234,1,1115.143864,1.9257,1052.510469,0.943834,na
v1,3,48,off,1024,1024,1024,1234,2,1109.565525,1.9354,1052.510469,0.948579,na
v1,3,48,off,1024,1024,1024,1234,3,1106.913657,1.9401,1052.510469,0.950851,na
v1,3,48,off,1024,1024,1024,1234,4,1108.853545,1.9367,1052.510469,0.949188,na
v1,3,48,off,1024,1024,1024,1234,5,1109.323722,1.9358,1052.510469,0.948786,na
v1,3,48,off,2048,2048,2048,1234,1,9508.153269,1.8069,9075.974621,0.954547,na
v1,3,48,off,2048,2048,2048,1234,2,9481.931254,1.8119,9075.974621,0.957186,na
v1,3,48,off,2048,2048,2048,1234,3,10263.459072,1.6739,9075.974621,0.884300,na
v1,3,48,off,2048,2048,2048,1234,4,9289.747139,1.8493,9075.974621,0.976988,na
v1,3,48,off,2048,2048,2048,1234,5,9254.097679,1.8565,9075.974621,0.980752,na
v1,3,80,off,256,256,256,1234,1,15.943421,2.1046,12.665585,0.794408,yes
v1,3,80,off,256,256,256,1234,2,15.971688,2.1009,12.665585,0.793002,yes
v1,3,80,off,256,256,256,1234,3,15.919666,2.1077,12.665585,0.795594,yes
v1,3,80,off,256,256,256,1234,4,15.937436,2.1054,12.665585,0.794707,yes
v1,3,80,off,256,256,256,1234,5,15.960468,2.1023,12.665585,0.793560,yes
v1,3,80,off,512,512,512,1234,1,217.423754,1.2346,120.973697,0.556396,yes
v1,3,80,off,512,512,512,1234,2,217.545467,1.2339,120.973697,0.556085,yes
v1,3,80,off,512,512,512,1234,3,218.646948,1.2277,120.973697,0.553283,yes
v1,3,80,off,512,512,512,1234,4,217.688908,1.2331,120.973697,0.555718,yes
v1,3,80,off,512,512,512,1234,5,217.290718,1.2354,120.973697,0.556737,yes
v1,3,80,off,1024,1024,1024,1234,1,1052.399771,2.0406,1052.510469,1.000105,na
v1,3,80,off,1024,1024,1024,1234,2,1052.030292,2.0413,1052.510469,1.000456,na
v1,3,80,off,1024,1024,1024,1234,3,1051.296514,2.0427,1052.510469,1.001155,na
v1,3,80,off,1024,1024,1024,1234,4,1051.023492,2.0432,1052.510469,1.001415,na
v1,3,80,off,1024,1024,1024,1234,5,1051.007105,2.0433,1052.510469,1.001430,na
v1,3,80,off,2048,2048,2048,1234,1,8857.762371,1.9395,9075.974621,1.024635,na
v1,3,80,off,2048,2048,2048,1234,2,9167.010871,1.8741,9075.974621,0.990069,na
v1,3,80,off,2048,2048,2048,1234,3,9100.096619,1.8879,9075.974621,0.997349,na
v1,3,80,off,2048,2048,2048,1234,4,8951.790515,1.9192,9075.974621,1.013873,na
v1,3,80,off,2048,2048,2048,1234,5,8912.806856,1.9275,9075.974621,1.018307,na
v1,3,128,off,256,256,256,1234,1,12.381466,2.7101,12.665585,1.022947,yes
v1,3,128,off,256,256,256,1234,2,12.385982,2.7091,12.665585,1.022574,yes
v1,3,128,off,256,256,256,1234,3,12.374560,2.7116,12.665585,1.023518,yes
v1,3,128,off,256,256,256,1234,4,12.386467,2.7090,12.665585,1.022534,yes
v1,3,128,off,256,256,256,1234,5,12.375030,2.7115,12.665585,1.023479,yes
v1,3,128,off,512,512,512,1234,1,120.545551,2.2268,120.973697,1.003552,yes
v1,3,128,off,512,512,512,1234,2,120.505543,2.2276,120.973697,1.003885,yes
v1,3,128,off,512,512,512,1234,3,120.700986,2.2240,120.973697,1.002259,yes
v1,3,128,off,512,512,512,1234,4,120.476913,2.2281,120.973697,1.004123,yes
v1,3,128,off,512,512,512,1234,5,120.488365,2.2279,120.973697,1.004028,yes
v1,3,128,off,1024,1024,1024,1234,1,1060.330500,2.0253,1052.510469,0.992625,na
v1,3,128,off,1024,1024,1024,1234,2,1064.147934,2.0180,1052.510469,0.989064,na
v1,3,128,off,1024,1024,1024,1234,3,1056.753619,2.0322,1052.510469,0.995985,na
v1,3,128,off,1024,1024,1024,1234,4,1056.093221,2.0334,1052.510469,0.996608,na
v1,3,128,off,1024,1024,1024,1234,5,1054.964884,2.0356,1052.510469,0.997673,na
v1,3,128,off,2048,2048,2048,1234,1,8821.083056,1.9476,9075.974621,1.028896,na
v1,3,128,off,2048,2048,2048,1234,2,8814.020404,1.9492,9075.974621,1.029720,na
v1,3,128,off,2048,2048,2048,1234,3,8818.115201,1.9482,9075.974621,1.029242,na
v1,3,128,off,2048,2048,2048,1234,4,8820.068627,1.9478,9075.974621,1.029014,na
v1,3,128,off,2048,2048,2048,1234,5,8819.213249,1.9480,9075.974621,1.029114,na
v1,5,16,off,256,256,256,1234,1,12.439184,2.6975,12.665585,1.018201,yes
v1,5,16,off,256,256,256,1234,2,12.398596,2.7063,12.665585,1.021534,yes
v1,5,16,off,256,256,256,1234,3,12.418659,2.7019,12.665585,1.019883,yes
v1,5,16,off,256,256,256,1234,4,12.393982,2.7073,12.665585,1.021914,yes
v1,5,16,off,256,256,256,1234,5,12.386343,2.7090,12.665585,1.022544,yes
v1,5,16,off,512,512,512,1234,1,120.557707,2.2266,120.973697,1.003451,yes
v1,5,16,off,512,512,512,1234,2,120.536822,2.2270,120.973697,1.003624,yes
v1,5,16,off,512,512,512,1234,3,120.663084,2.2247,120.973697,1.002574,yes
v1,5,16,off,512,512,512,1234,4,120.535539,2.2270,120.973697,1.003635,yes
v1,5,16,off,512,512,512,1234,5,120.482885,2.2280,120.973697,1.004074,yes
v1,5,16,off,1024,1024,1024,1234,1,1049.892847,2.0454,1052.510469,1.002493,na
v1,5,16,off,1024,1024,1024,1234,2,1050.059416,2.0451,1052.510469,1.002334,na
v1,5,16,off,1024,1024,1024,1234,3,1051.471536,2.0424,1052.510469,1.000988,na
v1,5,16,off,1024,1024,1024,1234,4,1050.005582,2.0452,1052.510469,1.002386,na
v1,5,16,off,1024,1024,1024,1234,5,1049.817441,2.0456,1052.510469,1.002565,na
v1,5,16,off,2048,2048,2048,1234,1,8855.368292,1.9401,9075.974621,1.024912,na
v1,5,16,off,2048,2048,2048,1234,2,8812.973943,1.9494,9075.974621,1.029842,na
v1,5,16,off,2048,2048,2048,1234,3,8813.978363,1.9492,9075.974621,1.029725,na
v1,5,16,off,2048,2048,2048,1234,4,8812.477236,1.9495,9075.974621,1.029900,na
v1,5,16,off,2048,2048,2048,1234,5,8870.118310,1.9368,9075.974621,1.023208,na
v1,5,48,off,256,256,256,1234,1,12.395875,2.7069,12.665585,1.021758,yes
v1,5,48,off,256,256,256,1234,2,12.383305,2.7097,12.665585,1.022795,yes
v1,5,48,off,256,256,256,1234,3,12.383719,2.7096,12.665585,1.022761,yes
v1,5,48,off,256,256,256,1234,4,12.388412,2.7085,12.665585,1.022374,yes
v1,5,48,off,256,256,256,1234,5,12.541062,2.6756,12.665585,1.009929,yes
v1,5,48,off,512,512,512,1234,1,120.594625,2.2259,120.973697,1.003143,yes
v1,5,48,off,512,512,512,1234,2,120.752691,2.2230,120.973697,1.001830,yes
v1,5,48,off,512,512,512,1234,3,120.643272,2.2250,120.973697,1.002739,yes
v1,5,48,off,512,512,512,1234,4,120.731139,2.2234,120.973697,1.002009,yes
v1,5,48,off,512,512,512,1234,5,120.417755,2.2292,120.973697,1.004617,yes
v1,5,48,off,1024,1024,1024,1234,1,1057.650680,2.0304,1052.510469,0.995140,na
v1,5,48,off,1024,1024,1024,1234,2,1055.638023,2.0343,1052.510469,0.997037,na
v1,5,48,off,1024,1024,1024,1234,3,1059.985080,2.0260,1052.510469,0.992948,na
v1,5,48,off,1024,1024,1024,1234,4,1053.125233,2.0392,1052.510469,0.999416,na
v1,5,48,off,1024,1024,1024,1234,5,1051.576194,2.0422,1052.510469,1.000888,na
v1,5,48,off,2048,2048,2048,1234,1,9123.556608,1.8830,9075.974621,0.994785,na
v1,5,48,off,2048,2048,2048,1234,2,9147.067745,1.8782,9075.974621,0.992228,na
v1,5,48,off,2048,2048,2048,1234,3,9137.934124,1.8801,9075.974621,0.993220,na
v1,5,48,off,2048,2048,2048,1234,4,8954.246469,1.9186,9075.974621,1.013594,na
v1,5,48,off,2048,2048,2048,1234,5,8932.364577,1.9233,9075.974621,1.016077,na
v1,5,80,off,256,256,256,1234,1,12.449174,2.6953,12.665585,1.017384,yes
v1,5,80,off,256,256,256,1234,2,12.578180,2.6677,12.665585,1.006949,yes
v1,5,80,off,256,256,256,1234,3,12.468816,2.6911,12.665585,1.015781,yes
v1,5,80,off,256,256,256,1234,4,12.465569,2.6918,12.665585,1.016045,yes
v1,5,80,off,256,256,256,1234,5,12.493295,2.6858,12.665585,1.013791,yes
v1,5,80,off,512,512,512,1234,1,121.755828,2.2047,120.973697,0.993576,yes
v1,5,80,off,512,512,512,1234,2,121.799680,2.2039,120.973697,0.993219,yes
v1,5,80,off,512,512,512,1234,3,120.985956,2.2187,120.973697,0.999899,yes
v1,5,80,off,512,512,512,1234,4,120.606827,2.2257,120.973697,1.003042,yes
v1,5,80,off,512,512,512,1234,5,121.071905,2.2172,120.973697,0.999189,yes
v1,5,80,off,1024,1024,1024,1234,1,1067.797164,2.0111,1052.510469,0.985684,na
v1,5,80,off,1024,1024,1024,1234,2,1054.093083,2.0373,1052.510469,0.998499,na
v1,5,80,off,1024,1024,1024,1234,3,1065.833631,2.0148,1052.510469,0.987500,na
v1,5,80,off,1024,1024,1024,1234,4,1068.943419,2.0090,1052.510469,0.984627,na
v1,5,80,off,1024,1024,1024,1234,5,1069.938092,2.0071,1052.510469,0.983712,na
v1,5,80,off,2048,2048,2048,1234,1,9150.924891,1.8774,9075.974621,0.991810,na
v1,5,80,off,2048,2048,2048,1234,2,9130.418360,1.8816,9075.974621,0.994037,na
v1,5,80,off,2048,2048,2048,1234,3,9074.235527,1.8933,9075.974621,1.000192,na
v1,5,80,off,2048,2048,2048,1234,4,8972.720415,1.9147,9075.974621,1.011508,na
v1,5,80,off,2048,2048,2048,1234,5,8922.061062,1.9255,9075.974621,1.017251,na
v1,5,128,off,256,256,256,1234,1,12.394486,2.7072,12.665585,1.021873,yes
v1,5,128,off,256,256,256,1234,2,12.389250,2.7084,12.665585,1.022304,yes
v1,5,128,off,256,256,256,1234,3,12.384887,2.7093,12.665585,1.022665,yes
v1,5,128,off,256,256,256,1234,4,12.369269,2.7127,12.665585,1.023956,yes
v1,5,128,off,256,256,256,1234,5,12.387564,2.7087,12.665585,1.022444,yes
v1,5,128,off,512,512,512,1234,1,120.748914,2.2231,120.973697,1.001862,yes
v1,5,128,off,512,512,512,1234,2,120.582137,2.2262,120.973697,1.003247,yes
v1,5,128,off,512,512,512,1234,3,120.531359,2.2271,120.973697,1.003670,yes
v1,5,128,off,512,512,512,1234,4,120.806316,2.2220,120.973697,1.001386,yes
v1,5,128,off,512,512,512,1234,5,120.936216,2.2196,120.973697,1.000310,yes
v1,5,128,off,1024,1024,1024,1234,1,1060.144626,2.0257,1052.510469,0.992799,na
v1,5,128,off,1024,1024,1024,1234,2,1068.825587,2.0092,1052.510469,0.984735,na
v1,5,128,off,1024,1024,1024,1234,3,1076.914419,1.9941,1052.510469,0.977339,na
v1,5,128,off,1024,1024,1024,1234,4,1063.680076,2.0189,1052.510469,0.989499,na
v1,5,128,off,1024,1024,1024,1234,5,1059.384521,2.0271,1052.510469,0.993511,na
v1,5,128,off,2048,2048,2048,1234,1,9070.963092,1.8939,9075.974621,1.000552,na
v1,5,128,off,2048,2048,2048,1234,2,8823.112872,1.9471,9075.974621,1.028659,na
v1,5,128,off,2048,2048,2048,1234,3,8809.322274,1.9502,9075.974621,1.030269,na
v1,5,128,off,2048,2048,2048,1234,4,8809.061826,1.9502,9075.974621,1.030300,na
v1,5,128,off,2048,2048,2048,1234,5,8984.262613,1.9122,9075.974621,1.010208,na
v1,7,16,off,256,256,256,1234,1,12.457288,2.6936,12.665585,1.016721,yes
v1,7,16,off,256,256,256,1234,2,12.455060,2.6940,12.665585,1.016903,yes
v1,7,16,off,256,256,256,1234,3,12.459655,2.6930,12.665585,1.016528,yes
v1,7,16,off,256,256,256,1234,4,12.509972,2.6822,12.665585,1.012439,yes
v1,7,16,off,256,256,256,1234,5,12.486698,2.6872,12.665585,1.014326,yes
v1,7,16,off,512,512,512,1234,1,120.942267,2.2195,120.973697,1.000260,yes
v1,7,16,off,512,512,512,1234,2,121.489471,2.2095,120.973697,0.995755,yes
v1,7,16,off,512,512,512,1234,3,121.221827,2.2144,120.973697,0.997953,yes
v1,7,16,off,512,512,512,1234,4,120.571053,2.2264,120.973697,1.003339,yes
v1,7,16,off,512,512,512,1234,5,120.436175,2.2289,120.973697,1.004463,yes
v1,7,16,off,1024,1024,1024,1234,1,1054.615580,2.0363,1052.510469,0.998004,na
v1,7,16,off,1024,1024,1024,1234,2,1049.427412,2.0463,1052.510469,1.002938,na
v1,7,16,off,1024,1024,1024,1234,3,1051.923868,2.0415,1052.510469,1.000558,na
v1,7,16,off,1024,1024,1024,1234,4,1050.044686,2.0451,1052.510469,1.002348,na
v1,7,16,off,1024,1024,1024,1234,5,1049.352570,2.0465,1052.510469,1.003009,na
v1,7,16,off,2048,2048,2048,1234,1,9039.286820,1.9006,9075.974621,1.004059,na
v1,7,16,off,2048,2048,2048,1234,2,9008.020699,1.9072,9075.974621,1.007544,na
v1,7,16,off,2048,2048,2048,1234,3,8803.776607,1.9514,9075.974621,1.030918,na
v1,7,16,off,2048,2048,2048,1234,4,8988.497640,1.9113,9075.974621,1.009732,na
v1,7,16,off,2048,2048,2048,1234,5,8970.829646,1.9151,9075.974621,1.011721,na
v1,7,48,off,256,256,256,1234,1,12.441960,2.6969,12.665585,1.017973,yes
v1,7,48,off,256,256,256,1234,2,12.384348,2.7094,12.665585,1.022709,yes
v1,7,48,off,256,256,256,1234,3,12.375929,2.7113,12.665585,1.023405,yes
v1,7,48,off,256,256,256,1234,4,12.394463,2.7072,12.665585,1.021874,yes
v1,7,48,off,256,256,256,1234,5,12.391232,2.7079,12.665585,1.022141,yes
v1,7,48,off,512,512,512,1234,1,120.504163,2.2276,120.973697,1.003896,yes
v1,7,48,off,512,512,512,1234,2,120.511428,2.2275,120.973697,1.003836,yes
v1,7,48,off,512,512,512,1234,3,120.494758,2.2278,120.973697,1.003975,yes
v1,7,48,off,512,512,512,1234,4,120.495177,2.2278,120.973697,1.003971,yes
v1,7,48,off,512,512,512,1234,5,120.505833,2.2276,120.973697,1.003883,yes
v1,7,48,off,1024,1024,1024,1234,1,1050.147561,2.0449,1052.510469,1.002250,na
v1,7,48,off,1024,1024,1024,1234,2,1049.844416,2.0455,1052.510469,1.002539,na
v1,7,48,off,1024,1024,1024,1234,3,1056.538851,2.0326,1052.510469,0.996187,na
v1,7,48,off,1024,1024,1024,1234,4,1051.156559,2.0430,1052.510469,1.001288,na
v1,7,48,off,1024,1024,1024,1234,5,1057.948241,2.0299,1052.510469,0.994860,na
v1,7,48,off,2048,2048,2048,1234,1,9046.142231,1.8991,9075.974621,1.003298,na
v1,7,48,off,2048,2048,2048,1234,2,8919.963262,1.9260,9075.974621,1.017490,na
v1,7,48,off,2048,2048,2048,1234,3,9109.520531,1.8859,9075.974621,0.996317,na
v1,7,48,off,2048,2048,2048,1234,4,8949.202430,1.9197,9075.974621,1.014166,na
v1,7,48,off,2048,2048,2048,1234,5,8861.772143,1.9386,9075.974621,1.024172,na
v1,7,80,off,256,256,256,1234,1,12.403507,2.7052,12.665585,1.021129,yes
v1,7,80,off,256,256,256,1234,2,12.402752,2.7054,12.665585,1.021192,yes
v1,7,80,off,256,256,256,1234,3,12.404410,2.7050,12.665585,1.021055,yes
v1,7,80,off,256,256,256,1234,4,12.378698,2.7107,12.665585,1.023176,yes
v1,7,80,off,256,256,256,1234,5,12.395624,2.7070,12.665585,1.021779,yes
v1,7,80,off,512,512,512,1234,1,120.828770,2.2216,120.973697,1.001199,yes
v1,7,80,off,512,512,512,1234,2,120.666889,2.2246,120.973697,1.002543,yes
v1,7,80,off,512,512,512,1234,3,120.833293,2.2215,120.973697,1.001162,yes
v1,7,80,off,512,512,512,1234,4,120.592134,2.2260,120.973697,1.003164,yes
v1,7,80,off,512,512,512,1234,5,120.502348,2.2276,120.973697,1.003912,yes
v1,7,80,off,1024,1024,1024,1234,1,1052.900031,2.0396,1052.510469,0.999630,na
v1,7,80,off,1024,1024,1024,1234,2,1052.072361,2.0412,1052.510469,1.000416,na
v1,7,80,off,1024,1024,1024,1234,3,1054.136772,2.0372,1052.510469,0.998457,na
v1,7,80,off,1024,1024,1024,1234,4,1051.731266,2.0419,1052.510469,1.000741,na
v1,7,80,off,1024,1024,1024,1234,5,1051.468854,2.0424,1052.510469,1.000991,na
v1,7,80,off,2048,2048,2048,1234,1,8855.422227,1.9400,9075.974621,1.024906,na
v1,7,80,off,2048,2048,2048,1234,2,8859.416589,1.9392,9075.974621,1.024444,na
v1,7,80,off,2048,2048,2048,1234,3,8857.572577,1.9396,9075.974621,1.024657,na
v1,7,80,off,2048,2048,2048,1234,4,8858.670638,1.9393,9075.974621,1.024530,na
v1,7,80,off,2048,2048,2048,1234,5,8864.015959,1.9382,9075.974621,1.023912,na
v1,7,128,off,256,256,256,1234,1,12.480769,2.6885,12.665585,1.014808,yes
v1,7,128,off,256,256,256,1234,2,12.497538,2.6849,12.665585,1.013446,yes
v1,7,128,off,256,256,256,1234,3,12.387441,2.7087,12.665585,1.022454,yes
v1,7,128,off,256,256,256,1234,4,12.378761,2.7106,12.665585,1.023171,yes
v1,7,128,off,256,256,256,1234,5,12.389476,2.7083,12.665585,1.022286,yes
v1,7,128,off,512,512,512,1234,1,120.538995,2.2270,120.973697,1.003606,yes
v1,7,128,off,512,512,512,1234,2,120.519849,2.2273,120.973697,1.003766,yes
v1,7,128,off,512,512,512,1234,3,120.588377,2.2260,120.973697,1.003195,yes
v1,7,128,off,512,512,512,1234,4,120.532546,2.2271,120.973697,1.003660,yes
v1,7,128,off,512,512,512,1234,5,120.483635,2.2280,120.973697,1.004067,yes
v1,7,128,off,1024,1024,1024,1234,1,1051.158861,2.0430,1052.510469,1.001286,na
v1,7,128,off,1024,1024,1024,1234,2,1051.077277,2.0431,1052.510469,1.001364,na
v1,7,128,off,1024,1024,1024,1234,3,1051.206471,2.0429,1052.510469,1.001240,na
v1,7,128,off,1024,1024,1024,1234,4,1051.229746,2.0428,1052.510469,1.001218,na
v1,7,128,off,1024,1024,1024,1234,5,1050.437490,2.0444,1052.510469,1.001973,na
v1,7,128,off,2048,2048,2048,1234,1,8854.978555,1.9401,9075.974621,1.024957,na
v1,7,128,off,2048,2048,2048,1234,2,8854.386173,1.9403,9075.974621,1.025026,na
v1,7,128,off,2048,2048,2048,1234,3,8857.869098,1.9395,9075.974621,1.024623,na
v1,7,128,off,2048,2048,2048,1234,4,8851.640010,1.9409,9075.974621,1.025344,na
v1,7,128,off,2048,2048,2048,1234,5,8857.000457,1.9397,9075.974621,1.024723,na
tiled,1,16,off,256,256,256,1234,1,10.144809,3.3075,12.665585,1.248479,yes
tiled,1,16,off,256,256,256,1234,2,9.901793,3.3887,12.665585,1.279120,yes
tiled,1,16,off,256,256,256,1234,3,9.926422,3.3803,12.665585,1.275947,yes
tiled,1,16,off,256,256,256,1234,4,9.872664,3.3987,12.665585,1.282894,yes
tiled,1,16,off,256,256,256,1234,5,9.870548,3.3994,12.665585,1.283169,yes
tiled,1,16,off,512,512,512,1234,1,78.925693,3.4011,120.973697,1.532754,yes
tiled,1,16,off,512,512,512,1234,2,79.666459,3.3695,120.973697,1.518502,yes
tiled,1,16,off,512,512,512,1234,3,81.012540,3.3135,120.973697,1.493271,yes
tiled,1,16,off,512,512,512,1234,4,81.179839,3.3067,120.973697,1.490194,yes
tiled,1,16,off,512,512,512,1234,5,80.388266,3.3392,120.973697,1.504868,yes
tiled,1,16,off,1024,1024,1024,1234,1,651.898092,3.2942,1052.510469,1.614532,na
tiled,1,16,off,1024,1024,1024,1234,2,651.142567,3.2980,1052.510469,1.616406,na
tiled,1,16,off,1024,1024,1024,1234,3,651.395092,3.2967,1052.510469,1.615779,na
tiled,1,16,off,1024,1024,1024,1234,4,652.967127,3.2888,1052.510469,1.611889,na
tiled,1,16,off,1024,1024,1024,1234,5,651.809503,3.2946,1052.510469,1.614752,na
tiled,1,16,off,2048,2048,2048,1234,1,5212.354380,3.2960,9075.974621,1.741243,na
tiled,1,16,off,2048,2048,2048,1234,2,5177.791045,3.3180,9075.974621,1.752866,na
tiled,1,16,off,2048,2048,2048,1234,3,5158.460484,3.3304,9075.974621,1.759435,na
tiled,1,16,off,2048,2048,2048,1234,4,5210.792117,3.2970,9075.974621,1.741765,na
tiled,1,16,off,2048,2048,2048,1234,5,5300.758561,3.2410,9075.974621,1.712203,na
tiled,1,48,off,256,256,256,1234,1,9.864238,3.4016,12.665585,1.283990,yes
tiled,1,48,off,256,256,256,1234,2,9.864695,3.4015,12.665585,1.283931,yes
tiled,1,48,off,256,256,256,1234,3,9.860805,3.4028,12.665585,1.284437,yes
tiled,1,48,off,256,256,256,1234,4,9.868558,3.4001,12.665585,1.283428,yes
tiled,1,48,off,256,256,256,1234,5,12.327301,2.7220,12.665585,1.027442,yes
tiled,1,48,off,512,512,512,1234,1,79.414949,3.3802,120.973697,1.523311,yes
tiled,1,48,off,512,512,512,1234,2,78.876213,3.4032,120.973697,1.533716,yes
tiled,1,48,off,512,512,512,1234,3,79.136544,3.3921,120.973697,1.528670,yes
tiled,1,48,off,512,512,512,1234,4,79.180350,3.3902,120.973697,1.527825,yes
tiled,1,48,off,512,512,512,1234,5,78.916437,3.4015,120.973697,1.532934,yes
tiled,1,48,off,1024,1024,1024,1234,1,655.246971,3.2774,1052.510469,1.606281,na
tiled,1,48,off,1024,1024,1024,1234,2,636.786333,3.3724,1052.510469,1.652847,na
tiled,1,48,off,1024,1024,1024,1234,3,631.612092,3.4000,1052.510469,1.666387,na
tiled,1,48,off,1024,1024,1024,1234,4,631.196557,3.4022,1052.510469,1.667484,na
tiled,1,48,off,1024,1024,1024,1234,5,631.847805,3.3987,1052.510469,1.665766,na
tiled,1,48,off,2048,2048,2048,1234,1,5169.948127,3.3230,9075.974621,1.755525,na
tiled,1,48,off,2048,2048,2048,1234,2,5129.430760,3.3493,9075.974621,1.769392,na
tiled,1,48,off,2048,2048,2048,1234,3,5128.548350,3.3499,9075.974621,1.769697,na
tiled,1,48,off,2048,2048,2048,1234,4,5210.287441,3.2973,9075.974621,1.741934,na
tiled,1,48,off,2048,2048,2048,1234,5,5133.969679,3.3463,9075.974621,1.767828,na
tiled,1,80,off,256,256,256,1234,1,9.857622,3.4039,12.665585,1.284852,yes
tiled,1,80,off,256,256,256,1234,2,9.849594,3.4067,12.665585,1.285899,yes
tiled,1,80,off,256,256,256,1234,3,9.880566,3.3960,12.665585,1.281868,yes
tiled,1,80,off,256,256,256,1234,4,9.860551,3.4029,12.665585,1.284470,yes
tiled,1,80,off,256,256,256,1234,5,9.866944,3.4007,12.665585,1.283638,yes
tiled,1,80,off,512,512,512,1234,1,81.045742,3.3121,120.973697,1.492660,yes
tiled,1,80,off,512,512,512,1234,2,79.970685,3.3567,120.973697,1.512726,yes
tiled,1,80,off,512,512,512,1234,3,79.728041,3.3669,120.973697,1.517329,yes
tiled,1,80,off,512,512,512,1234,4,83.140982,3.2287,120.973697,1.455043,yes
tiled,1,80,off,512,512,512,1234,5,81.257130,3.3035,120.973697,1.488776,yes
tiled,1,80,off,1024,1024,1024,1234,1,647.128711,3.3185,1052.510469,1.626431,na
tiled,1,80,off,1024,1024,1024,1234,2,630.332885,3.4069,1052.510469,1.669769,na
tiled,1,80,off,1024,1024,1024,1234,3,633.499998,3.3899,1052.510469,1.661421,na
tiled,1,80,off,1024,1024,1024,1234,4,664.834099,3.2301,1052.510469,1.583117,na
tiled,1,80,off,1024,1024,1024,1234,5,645.677733,3.3259,1052.510469,1.630086,na
tiled,1,80,off,2048,2048,2048,1234,1,5172.889660,3.3211,9075.974621,1.754527,na
tiled,1,80,off,2048,2048,2048,1234,2,5126.672143,3.3511,9075.974621,1.770344,na
tiled,1,80,off,2048,2048,2048,1234,3,5082.880638,3.3799,9075.974621,1.785597,na
tiled,1,80,off,2048,2048,2048,1234,4,5072.404373,3.3869,9075.974621,1.789285,na
tiled,1,80,off,2048,2048,2048,1234,5,5149.230735,3.3364,9075.974621,1.762588,na
tiled,1,128,off,256,256,256,1234,1,9.867177,3.4006,12.665585,1.283608,yes
tiled,1,128,off,256,256,256,1234,2,9.872378,3.3988,12.665585,1.282932,yes
tiled,1,128,off,256,256,256,1234,3,9.854886,3.4049,12.665585,1.285209,yes
tiled,1,128,off,256,256,256,1234,4,9.856620,3.4043,12.665585,1.284983,yes
tiled,1,128,off,256,256,256,1234,5,9.868452,3.4002,12.665585,1.283442,yes
tiled,1,128,off,512,512,512,1234,1,79.672701,3.3692,120.973697,1.518383,yes
tiled,1,128,off,512,512,512,1234,2,79.273512,3.3862,120.973697,1.526029,yes
tiled,1,128,off,512,512,512,1234,3,80.694987,3.3265,120.973697,1.499148,yes
tiled,1,128,off,512,512,512,1234,4,80.993344,3.3143,120.973697,1.493625,yes
tiled,1,128,off,512,512,512,1234,5,80.946966,3.3162,120.973697,1.494481,yes
tiled,1,128,off,1024,1024,1024,1234,1,640.715785,3.3517,1052.510469,1.642710,na
tiled,1,128,off,1024,1024,1024,1234,2,634.745736,3.3832,1052.510469,1.658161,na
tiled,1,128,off,1024,1024,1024,1234,3,637.225007,3.3701,1052.510469,1.651709,na
tiled,1,128,off,1024,1024,1024,1234,4,633.683417,3.3889,1052.510469,1.660941,na
tiled,1,128,off,1024,1024,1024,1234,5,633.449207,3.3901,1052.510469,1.661555,na
tiled,1,128,off,2048,2048,2048,1234,1,5076.672649,3.3841,9075.974621,1.787780,na
tiled,1,128,off,2048,2048,2048,1234,2,5063.986983,3.3926,9075.974621,1.792259,na
tiled,1,128,off,2048,2048,2048,1234,3,5064.366343,3.3923,9075.974621,1.792124,na
tiled,1,128,off,2048,2048,2048,1234,4,5189.731046,3.3104,9075.974621,1.748833,na
tiled,1,128,off,2048,2048,2048,1234,5,5236.198804,3.2810,9075.974621,1.733314,na
tiled,3,16,off,256,256,256,1234,1,9.855150,3.4048,12.665585,1.285174,yes
tiled,3,16,off,256,256,256,1234,2,9.852208,3.4058,12.665585,1.285558,yes
tiled,3,16,off,256,256,256,1234,3,9.864221,3.4016,12.665585,1.283992,yes
tiled,3,16,off,256,256,256,1234,4,10.049963,3.3388,12.665585,1.260262,yes
tiled,3,16,off,256,256,256,1234,5,9.900682,3.3891,12.665585,1.279264,yes
tiled,3,16,off,512,512,512,1234,1,81.928412,3.2765,120.973697,1.476578,yes
tiled,3,16,off,512,512,512,1234,2,80.155583,3.3489,120.973697,1.509236,yes
tiled,3,16,off,512,512,512,1234,3,80.056818,3.3531,120.973697,1.511098,yes
tiled,3,16,off,512,512,512,1234,4,79.912493,3.3591,120.973697,1.513827,yes
tiled,3,16,off,512,512,512,1234,5,81.332611,3.3005,120.973697,1.487395,yes
tiled,3,16,off,1024,1024,1024,1234,1,669.970217,3.2053,1052.510469,1.570981,na
tiled,3,16,off,1024,1024,1024,1234,2,643.220588,3.3386,1052.510469,1.636313,na
tiled,3,16,off,1024,1024,1024,1234,3,668.876333,3.2106,1052.510469,1.573550,na
tiled,3,16,off,1024,1024,1024,1234,4,659.500236,3.2562,1052.510469,1.595921,na
tiled,3,16,off,1024,1024,1024,1234,5,661.759683,3.2451,1052.510469,1.590472,na
tiled,3,16,off,2048,2048,2048,1234,1,5247.243996,3.2741,9075.974621,1.729665,na
tiled,3,16,off,2048,2048,2048,1234,2,5323.297094,3.2273,9075.974621,1.704954,na
tiled,3,16,off,2048,2048,2048,1234,3,5361.361798,3.2044,9075.974621,1.692849,na
tiled,3,16,off,2048,2048,2048,1234,4,5419.221745,3.1702,9075.974621,1.674775,na
tiled,3,16,off,2048,2048,2048,1234,5,5347.145391,3.2129,9075.974621,1.697350,na
tiled,3,48,off,256,256,256,1234,1,9.879528,3.3964,12.665585,1.282003,yes
tiled,3,48,off,256,256,256,1234,2,9.905590,3.3874,12.665585,1.278630,yes
tiled,3,48,off,256,256,256,1234,3,9.887715,3.3935,12.665585,1.280942,yes
tiled,3,48,off,256,256,256,1234,4,9.882043,3.3955,12.665585,1.281677,yes
tiled,3,48,off,256,256,256,1234,5,9.872977,3.3986,12.665585,1.282854,yes
tiled,3,48,off,512,512,512,1234,1,80.760290,3.3239,120.973697,1.497935,yes
tiled,3,48,off,512,512,512,1234,2,81.969273,3.2748,120.973697,1.475842,yes
tiled,3,48,off,512,512,512,1234,3,82.144701,3.2678,120.973697,1.472690,yes
tiled,3,48,off,512,512,512,1234,4,81.430654,3.2965,120.973697,1.485604,yes
tiled,3,48,off,512,512,512,1234,5,84.822306,3.1647,120.973697,1.426201,yes
tiled,3,48,off,1024,1024,1024,1234,1,672.039202,3.1955,1052.510469,1.566144,na
tiled,3,48,off,1024,1024,1024,1234,2,674.899193,3.1819,1052.510469,1.559508,na
tiled,3,48,off,1024,1024,1024,1234,3,654.203470,3.2826,1052.510469,1.608843,na
tiled,3,48,off,1024,1024,1024,1234,4,648.798887,3.3099,1052.510469,1.622245,na
tiled,3,48,off,1024,1024,1024,1234,5,650.696877,3.3003,1052.510469,1.617513,na
tiled,3,48,off,2048,2048,2048,1234,1,5303.168397,3.2395,9075.974621,1.711425,na
tiled,3,48,off,2048,2048,2048,1234,2,5319.158385,3.2298,9075.974621,1.706280,na
tiled,3,48,off,2048,2048,2048,1234,3,5072.812738,3.3867,9075.974621,1.789140,na
tiled,3,48,off,2048,2048,2048,1234,4,5066.560457,3.3908,9075.974621,1.791348,na
tiled,3,48,off,2048,2048,2048,1234,5,5089.335528,3.3757,9075.974621,1.783332,na
tiled,3,80,off,256,256,256,1234,1,10.064209,3.3340,12.665585,1.258478,yes
tiled,3,80,off,256,256,256,1234,2,10.069766,3.3322,12.665585,1.257783,yes
tiled,3,80,off,256,256,256,1234,3,9.871144,3.3992,12.665585,1.283092,yes
tiled,3,80,off,256,256,256,1234,4,9.877228,3.3972,12.665585,1.282302,yes
tiled,3,80,off,256,256,256,1234,5,9.891961,3.3921,12.665585,1.280392,yes
tiled,3,80,off,512,512,512,1234,1,79.450356,3.3787,120.973697,1.522633,yes
tiled,3,80,off,512,512,512,1234,2,81.318992,3.3010,120.973697,1.487644,yes
tiled,3,80,off,512,512,512,1234,3,80.856656,3.3199,120.973697,1.496150,yes
tiled,3,80,off,512,512,512,1234,4,80.437515,3.3372,120.973697,1.503946,yes
tiled,3,80,off,512,512,512,1234,5,79.614996,3.3717,120.973697,1.519484,yes
tiled,3,80,off,1024,1024,1024,1234,1,668.557855,3.2121,1052.510469,1.574300,na
tiled,3,80,off,1024,1024,1024,1234,2,653.880527,3.2842,1052.510469,1.609637,na
tiled,3,80,off,1024,1024,1024,1234,3,638.867849,3.3614,1052.510469,1.647462,na
tiled,3,80,off,1024,1024,1024,1234,4,676.886899,3.1726,1052.510469,1.554928,na
tiled,3,80,off,1024,1024,1024,1234,5,659.669993,3.2554,1052.510469,1.595511,na
tiled,3,80,off,2048,2048,2048,1234,1,5436.953855,3.1598,9075.974621,1.669312,na
tiled,3,80,off,2048,2048,2048,1234,2,5479.460394,3.1353,9075.974621,1.656363,na
tiled,3,80,off,2048,2048,2048,1234,3,5527.126410,3.1083,9075.974621,1.642078,na
tiled,3,80,off,2048,2048,2048,1234,4,5283.582939,3.2516,9075.974621,1.717769,na
tiled,3,80,off,2048,2048,2048,1234,5,5220.592664,3.2908,9075.974621,1.738495,na
tiled,3,128,off,256,256,256,1234,1,10.144972,3.3075,12.665585,1.248459,yes
tiled,3,128,off,256,256,256,1234,2,10.162527,3.3018,12.665585,1.246303,yes
tiled,3,128,off,256,256,256,1234,3,10.058604,3.3359,12.665585,1.259179,yes
tiled,3,128,off,256,256,256,1234,4,9.887959,3.3935,12.665585,1.280910,yes
tiled,3,128,off,256,256,256,1234,5,9.873974,3.3983,12.665585,1.282724,yes
tiled,3,128,off,512,512,512,1234,1,79.826857,3.3627,120.973697,1.515451,yes
tiled,3,128,off,512,512,512,1234,2,79.522195,3.3756,120.973697,1.521257,yes
tiled,3,128,off,512,512,512,1234,3,79.871632,3.3608,120.973697,1.514602,yes
tiled,3,128,off,512,512,512,1234,4,80.941098,3.3164,120.973697,1.494589,yes
tiled,3,128,off,512,512,512,1234,5,79.167871,3.3907,120.973697,1.528066,yes
tiled,3,128,off,1024,1024,1024,1234,1,719.365799,2.9852,1052.510469,1.463109,na
tiled,3,128,off,1024,1024,1024,1234,2,725.451450,2.9602,1052.510469,1.450835,na
tiled,3,128,off,1024,1024,1024,1234,3,721.056868,2.9782,1052.510469,1.459677,na
tiled,3,128,off,1024,1024,1024,1234,4,689.822942,3.1131,1052.510469,1.525769,na
tiled,3,128,off,1024,1024,1024,1234,5,692.902791,3.0993,1052.510469,1.518987,na
tiled,3,128,off,2048,2048,2048,1234,1,5148.922040,3.3366,9075.974621,1.762694,na
tiled,3,128,off,2048,2048,2048,1234,2,5118.305494,3.3566,9075.974621,1.773238,na
tiled,3,128,off,2048,2048,2048,1234,3,5248.492854,3.2733,9075.974621,1.729253,na
tiled,3,128,off,2048,2048,2048,1234,4,5258.388955,3.2671,9075.974621,1.725999,na
tiled,3,128,off,2048,2048,2048,1234,5,5111.540136,3.3610,9075.974621,1.775585,na
tiled,5,16,off,256,256,256,1234,1,10.141646,3.3086,12.665585,1.248869,yes
tiled,5,16,off,256,256,256,1234,2,10.143382,3.3080,12.665585,1.248655,yes
tiled,5,16,off,256,256,256,1234,3,10.127609,3.3132,12.665585,1.250600,yes
tiled,5,16,off,256,256,256,1234,4,10.122868,3.3147,12.665585,1.251185,yes
tiled,5,16,off,256,256,256,1234,5,10.119602,3.3158,12.665585,1.251589,yes
tiled,5,16,off,512,512,512,1234,1,78.945924,3.4002,120.973697,1.532362,yes
tiled,5,16,off,512,512,512,1234,2,79.225577,3.3882,120.973697,1.526953,yes
tiled,5,16,off,512,512,512,1234,3,79.745537,3.3662,120.973697,1.516996,yes
tiled,5,16,off,512,512,512,1234,4,79.008277,3.3976,120.973697,1.531152,yes
tiled,5,16,off,512,512,512,1234,5,78.967118,3.3993,120.973697,1.531950,yes
tiled,5,16,off,1024,1024,1024,1234,1,638.096556,3.3655,1052.510469,1.649453,na
tiled,5,16,off,1024,1024,1024,1234,2,630.822593,3.4043,1052.510469,1.668473,na
tiled,5,16,off,1024,1024,1024,1234,3,630.662574,3.4051,1052.510469,1.668896,na
tiled,5,16,off,1024,1024,1024,1234,4,631.513277,3.4005,1052.510469,1.666648,na
tiled,5,16,off,1024,1024,1024,1234,5,631.583137,3.4002,1052.510469,1.666464,na
tiled,5,16,off,2048,2048,2048,1234,1,5112.241076,3.3605,9075.974621,1.775342,na
tiled,5,16,off,2048,2048,2048,1234,2,5124.563005,3.3525,9075.974621,1.771073,na
tiled,5,16,off,2048,2048,2048,1234,3,5084.277751,3.3790,9075.974621,1.785106,na
tiled,5,16,off,2048,2048,2048,1234,4,5082.736933,3.3800,9075.974621,1.785647,na
tiled,5,16,off,2048,2048,2048,1234,5,5079.220484,3.3824,9075.974621,1.786883,na
tiled,5,48,off,256,256,256,1234,1,9.886694,3.3939,12.665585,1.281074,yes
tiled,5,48,off,256,256,256,1234,2,9.866436,3.4009,12.665585,1.283704,yes
tiled,5,48,off,256,256,256,1234,3,9.872225,3.3989,12.665585,1.282951,yes
tiled,5,48,off,256,256,256,1234,4,9.914621,3.3843,12.665585,1.277465,yes
tiled,5,48,off,256,256,256,1234,5,9.877183,3.3972,12.665585,1.282307,yes
tiled,5,48,off,512,512,512,1234,1,78.895421,3.4024,120.973697,1.533342,yes
tiled,5,48,off,512,512,512,1234,2,78.855333,3.4042,120.973697,1.534122,yes
tiled,5,48,off,512,512,512,1234,3,78.826987,3.4054,120.973697,1.534674,yes
tiled,5,48,off,512,512,512,1234,4,78.899574,3.4022,120.973697,1.533262,yes
tiled,5,48,off,512,512,512,1234,5,79.000189,3.3979,120.973697,1.531309,yes
tiled,5,48,off,1024,1024,1024,1234,1,640.852590,3.3510,1052.510469,1.642360,na
tiled,5,48,off,1024,1024,1024,1234,2,631.080435,3.4029,1052.510469,1.667791,na
tiled,5,48,off,1024,1024,1024,1234,3,632.965324,3.3927,1052.510469,1.662825,na
tiled,5,48,off,1024,1024,1024,1234,4,644.726018,3.3308,1052.510469,1.632493,na
tiled,5,48,off,1024,1024,1024,1234,5,656.237252,3.2724,1052.510469,1.603857,na
tiled,5,48,off,2048,2048,2048,1234,1,5246.832810,3.2743,9075.974621,1.729801,na
tiled,5,48,off,2048,2048,2048,1234,2,5239.972852,3.2786,9075.974621,1.732065,na
tiled,5,48,off,2048,2048,2048,1234,3,5224.623769,3.2883,9075.974621,1.737154,na
tiled,5,48,off,2048,2048,2048,1234,4,5373.155981,3.1974,9075.974621,1.689133,na
tiled,5,48,off,2048,2048,2048,1234,5,5423.983494,3.1674,9075.974621,1.673304,na
tiled,5,80,off,256,256,256,1234,1,10.075281,3.3304,12.665585,1.257095,yes
tiled,5,80,off,256,256,256,1234,2,9.982599,3.3613,12.665585,1.268766,yes
tiled,5,80,off,256,256,256,1234,3,10.185241,3.2944,12.665585,1.243523,yes
tiled,5,80,off,256,256,256,1234,4,9.898836,3.3897,12.665585,1.279502,yes
tiled,5,80,off,256,256,256,1234,5,10.380699,3.2324,12.665585,1.220109,yes
tiled,5,80,off,512,512,512,1234,1,81.630646,3.2884,120.973697,1.481964,yes
tiled,5,80,off,512,512,512,1234,2,80.941473,3.3164,120.973697,1.494582,yes
tiled,5,80,off,512,512,512,1234,3,80.634249,3.3291,120.973697,1.500277,yes
tiled,5,80,off,512,512,512,1234,4,81.379859,3.2985,120.973697,1.486531,yes
tiled,5,80,off,512,512,512,1234,5,80.760842,3.3238,120.973697,1.497925,yes
tiled,5,80,off,1024,1024,1024,1234,1,664.277747,3.2328,1052.510469,1.584443,na
tiled,5,80,off,1024,1024,1024,1234,2,684.268297,3.1384,1052.510469,1.538155,na
tiled,5,80,off,1024,1024,1024,1234,3,682.254597,3.1476,1052.510469,1.542695,na
tiled,5,80,off,1024,1024,1024,1234,4,680.813209,3.1543,1052.510469,1.545961,na
tiled,5,80,off,1024,1024,1024,1234,5,724.786856,2.9629,1052.510469,1.452166,na
tiled,5,80,off,2048,2048,2048,1234,1,5268.191191,3.2611,9075.974621,1.722788,na
tiled,5,80,off,2048,2048,2048,1234,2,5105.212162,3.3652,9075.974621,1.777786,na
tiled,5,80,off,2048,2048,2048,1234,3,5115.143364,3.3586,9075.974621,1.774334,na
tiled,5,80,off,2048,2048,2048,1234,4,5079.332963,3.3823,9075.974621,1.786844,na
tiled,5,80,off,2048,2048,2048,1234,5,5087.104710,3.3771,9075.974621,1.784114,na
tiled,5,128,off,256,256,256,1234,1,9.909468,3.3861,12.665585,1.278130,yes
tiled,5,128,off,256,256,256,1234,2,9.918538,3.3830,12.665585,1.276961,yes
tiled,5,128,off,256,256,256,1234,3,10.028945,3.3458,12.665585,1.262903,yes
tiled,5,128,off,256,256,256,1234,4,10.032276,3.3446,12.665585,1.262484,yes
tiled,5,128,off,256,256,256,1234,5,9.918134,3.3831,12.665585,1.277013,yes
tiled,5,128,off,512,512,512,1234,1,79.000904,3.3979,120.973697,1.531295,yes
tiled,5,128,off,512,512,512,1234,2,78.887442,3.4028,120.973697,1.533498,yes
tiled,5,128,off,512,512,512,1234,3,78.762555,3.4082,120.973697,1.535929,yes
tiled,5,128,off,512,512,512,1234,4,78.806229,3.4063,120.973697,1.535078,yes
tiled,5,128,off,512,512,512,1234,5,78.831756,3.4052,120.973697,1.534581,yes
tiled,5,128,off,1024,1024,1024,1234,1,647.975641,3.3141,1052.510469,1.624306,na
tiled,5,128,off,1024,1024,1024,1234,2,645.211007,3.3283,1052.510469,1.631266,na
tiled,5,128,off,1024,1024,1024,1234,3,644.605262,3.3315,1052.510469,1.632798,na
tiled,5,128,off,1024,1024,1024,1234,4,647.417405,3.3170,1052.510469,1.625706,na
tiled,5,128,off,1024,1024,1024,1234,5,647.755053,3.3153,1052.510469,1.624859,na
tiled,5,128,off,2048,2048,2048,1234,1,5435.003357,3.1610,9075.974621,1.669912,na
tiled,5,128,off,2048,2048,2048,1234,2,5366.411391,3.2014,9075.974621,1.691256,na
tiled,5,128,off,2048,2048,2048,1234,3,5273.997162,3.2575,9075.974621,1.720891,na
tiled,5,128,off,2048,2048,2048,1234,4,5357.806229,3.2065,9075.974621,1.693972,na
tiled,5,128,off,2048,2048,2048,1234,5,5311.156087,3.2347,9075.974621,1.708851,na
tiled,7,16,off,256,256,256,1234,1,9.874309,3.3982,12.665585,1.282681,yes
tiled,7,16,off,256,256,256,1234,2,9.883150,3.3951,12.665585,1.281533,yes
tiled,7,16,off,256,256,256,1234,3,9.867550,3.4005,12.665585,1.283559,yes
tiled,7,16,off,256,256,256,1234,4,9.861435,3.4026,12.665585,1.284355,yes
tiled,7,16,off,256,256,256,1234,5,9.863790,3.4018,12.665585,1.284049,yes
tiled,7,16,off,512,512,512,1234,1,79.059052,3.3954,120.973697,1.530169,yes
tiled,7,16,off,512,512,512,1234,2,78.850981,3.4043,120.973697,1.534207,yes
tiled,7,16,off,512,512,512,1234,3,78.801779,3.4065,120.973697,1.535165,yes
tiled,7,16,off,512,512,512,1234,4,79.033232,3.3965,120.973697,1.530669,yes
tiled,7,16,off,512,512,512,1234,5,78.894701,3.4025,120.973697,1.533356,yes
tiled,7,16,off,1024,1024,1024,1234,1,661.215154,3.2478,1052.510469,1.591782,na
tiled,7,16,off,1024,1024,1024,1234,2,636.294109,3.3750,1052.510469,1.654126,na
tiled,7,16,off,1024,1024,1024,1234,3,670.637857,3.2022,1052.510469,1.569417,na
tiled,7,16,off,1024,1024,1024,1234,4,670.015953,3.2051,1052.510469,1.570874,na
tiled,7,16,off,1024,1024,1024,1234,5,712.010518,3.0161,1052.510469,1.478223,na
tiled,7,16,off,2048,2048,2048,1234,1,5274.646237,3.2571,9075.974621,1.720679,na
tiled,7,16,off,2048,2048,2048,1234,2,5277.504730,3.2553,9075.974621,1.719747,na
tiled,7,16,off,2048,2048,2048,1234,3,5263.775962,3.2638,9075.974621,1.724233,na
tiled,7,16,off,2048,2048,2048,1234,4,5271.899545,3.2588,9075.974621,1.721576,na
tiled,7,16,off,2048,2048,2048,1234,5,5217.836098,3.2925,9075.974621,1.739414,na
tiled,7,48,off,256,256,256,1234,1,10.041945,3.3414,12.665585,1.261268,yes
tiled,7,48,off,256,256,256,1234,2,9.965461,3.3671,12.665585,1.270948,yes
tiled,7,48,off,256,256,256,1234,3,10.053579,3.3376,12.665585,1.259809,yes
tiled,7,48,off,256,256,256,1234,4,10.258438,3.2709,12.665585,1.234650,yes
tiled,7,48,off,256,256,256,1234,5,10.270134,3.2672,12.665585,1.233244,yes
tiled,7,48,off,512,512,512,1234,1,80.333710,3.3415,120.973697,1.505890,yes
tiled,7,48,off,512,512,512,1234,2,81.629960,3.2884,120.973697,1.481977,yes
tiled,7,48,off,512,512,512,1234,3,80.767613,3.3236,120.973697,1.497800,yes
tiled,7,48,off,512,512,512,1234,4,82.083345,3.2703,120.973697,1.473791,yes
tiled,7,48,off,512,512,512,1234,5,82.091977,3.2699,120.973697,1.473636,yes
tiled,7,48,off,1024,1024,1024,1234,1,645.302959,3.3279,1052.510469,1.631033,na
tiled,7,48,off,1024,1024,1024,1234,2,660.912295,3.2493,1052.510469,1.592512,na
tiled,7,48,off,1024,1024,1024,1234,3,640.732450,3.3516,1052.510469,1.642668,na
tiled,7,48,off,1024,1024,1024,1234,4,642.401217,3.3429,1052.510469,1.638400,na
tiled,7,48,off,1024,1024,1024,1234,5,644.446208,3.3323,1052.510469,1.633201,na
tiled,7,48,off,2048,2048,2048,1234,1,5320.719283,3.2289,9075.974621,1.705780,na
tiled,7,48,off,2048,2048,2048,1234,2,5272.947450,3.2581,9075.974621,1.721234,na
tiled,7,48,off,2048,2048,2048,1234,3,5145.097214,3.3391,9075.974621,1.764004,na
tiled,7,48,off,2048,2048,2048,1234,4,5205.894359,3.3001,9075.974621,1.743404,na
tiled,7,48,off,2048,2048,2048,1234,5,5298.420562,3.2425,9075.974621,1.712959,na
tiled,7,80,off,256,256,256,1234,1,10.146091,3.3071,12.665585,1.248322,yes
tiled,7,80,off,256,256,256,1234,2,10.169737,3.2994,12.665585,1.245419,yes
tiled,7,80,off,256,256,256,1234,3,10.152239,3.3051,12.665585,1.247566,yes
tiled,7,80,off,256,256,256,1234,4,10.172938,3.2984,12.665585,1.245027,yes
tiled,7,80,off,256,256,256,1234,5,10.167297,3.3002,12.665585,1.245718,yes
tiled,7,80,off,512,512,512,1234,1,80.933014,3.3168,120.973697,1.494739,yes
tiled,7,80,off,512,512,512,1234,2,80.960213,3.3156,120.973697,1.494236,yes
tiled,7,80,off,512,512,512,1234,3,80.168941,3.3484,120.973697,1.508985,yes
tiled,7,80,off,512,512,512,1234,4,80.950259,3.3161,120.973697,1.494420,yes
tiled,7,80,off,512,512,512,1234,5,80.835868,3.3207,120.973697,1.496535,yes
tiled,7,80,off,1024,1024,1024,1234,1,643.232837,3.3386,1052.510469,1.636282,na
tiled,7,80,off,1024,1024,1024,1234,2,646.179852,3.3234,1052.510469,1.628820,na
tiled,7,80,off,1024,1024,1024,1234,3,649.896411,3.3043,1052.510469,1.619505,na
tiled,7,80,off,1024,1024,1024,1234,4,636.673756,3.3730,1052.510469,1.653139,na
tiled,7,80,off,1024,1024,1024,1234,5,632.737278,3.3940,1052.510469,1.663424,na
tiled,7,80,off,2048,2048,2048,1234,1,5363.085538,3.2034,9075.974621,1.692305,na
tiled,7,80,off,2048,2048,2048,1234,2,5224.358733,3.2884,9075.974621,1.737242,na
tiled,7,80,off,2048,2048,2048,1234,3,5345.532563,3.2139,9075.974621,1.697862,na
tiled,7,80,off,2048,2048,2048,1234,4,5169.369313,3.3234,9075.974621,1.755722,na
tiled,7,80,off,2048,2048,2048,1234,5,5134.517202,3.3460,9075.974621,1.767639,na
tiled,7,128,off,256,256,256,1234,1,10.028751,3.3458,12.665585,1.262927,yes
tiled,7,128,off,256,256,256,1234,2,10.139275,3.3094,12.665585,1.249161,yes
tiled,7,128,off,256,256,256,1234,3,10.114372,3.3175,12.665585,1.252236,yes
tiled,7,128,off,256,256,256,1234,4,10.112338,3.3182,12.665585,1.252488,yes
tiled,7,128,off,256,256,256,1234,5,10.109532,3.3191,12.665585,1.252836,yes
tiled,7,128,off,512,512,512,1234,1,80.912527,3.3176,120.973697,1.495117,yes
tiled,7,128,off,512,512,512,1234,2,79.130870,3.3923,120.973697,1.528780,yes
tiled,7,128,off,512,512,512,1234,3,78.925753,3.4011,120.973697,1.532753,yes
tiled,7,128,off,512,512,512,1234,4,78.892402,3.4026,120.973697,1.533401,yes
tiled,7,128,off,512,512,512,1234,5,78.938679,3.4006,120.973697,1.532502,yes
tiled,7,128,off,1024,1024,1024,1234,1,638.434053,3.3637,1052.510469,1.648581,na
tiled,7,128,off,1024,1024,1024,1234,2,636.535399,3.3737,1052.510469,1.653499,na
tiled,7,128,off,1024,1024,1024,1234,3,630.833863,3.4042,1052.510469,1.668443,na
tiled,7,128,off,1024,1024,1024,1234,4,632.124177,3.3972,1052.510469,1.665038,na
tiled,7,128,off,1024,1024,1024,1234,5,632.225012,3.3967,1052.510469,1.664772,na
tiled,7,128,off,2048,2048,2048,1234,1,5169.564239,3.3233,9075.974621,1.755656,na
tiled,7,128,off,2048,2048,2048,1234,2,5090.706157,3.3748,9075.974621,1.782852,na
tiled,7,128,off,2048,2048,2048,1234,3,5179.786876,3.3167,9075.974621,1.752191,na
tiled,7,128,off,2048,2048,2048,1234,4,5177.482532,3.3182,9075.974621,1.752971,na
tiled,7,128,off,2048,2048,2048,1234,5,5133.106429,3.3469,9075.974621,1.768125,na
tiled_simd,1,16,off,256,256,256,1234,1,0.939700,35.7076,12.665585,13.478328,yes
tiled_simd,1,16,off,256,256,256,1234,2,0.907834,36.9610,12.665585,13.951433,yes
tiled_simd,1,16,off,256,256,256,1234,3,0.910650,36.8467,12.665585,13.908291,yes
tiled_simd,1,16,off,256,256,256,1234,4,0.905482,37.0570,12.665585,13.987672,yes
tiled_simd,1,16,off,256,256,256,1234,5,0.938926,35.7370,12.665585,13.489439,yes
tiled_simd,1,16,off,512,512,512,1234,1,7.926763,33.8644,120.973697,15.261425,yes
tiled_simd,1,16,off,512,512,512,1234,2,7.693385,34.8917,120.973697,15.724378,yes
tiled_simd,1,16,off,512,512,512,1234,3,7.844162,34.2210,120.973697,15.422131,yes
tiled_simd,1,16,off,512,512,512,1234,4,7.899098,33.9831,120.973697,15.314875,yes
tiled_simd,1,16,off,512,512,512,1234,5,7.906223,33.9524,120.973697,15.301073,yes
tiled_simd,1,16,off,1024,1024,1024,1234,1,67.209220,31.9522,1052.510469,15.660210,na
tiled_simd,1,16,off,1024,1024,1024,1234,2,67.224883,31.9448,1052.510469,15.656561,na
tiled_simd,1,16,off,1024,1024,1024,1234,3,66.332280,32.3746,1052.510469,15.867244,na
tiled_simd,1,16,off,1024,1024,1024,1234,4,65.812651,32.6303,1052.510469,15.992525,na
tiled_simd,1,16,off,1024,1024,1024,1234,5,75.805031,28.3290,1052.510469,13.884441,na
tiled_simd,1,16,off,2048,2048,2048,1234,1,621.064691,27.6620,9075.974621,14.613574,na
tiled_simd,1,16,off,2048,2048,2048,1234,2,619.638653,27.7256,9075.974621,14.647205,na
tiled_simd,1,16,off,2048,2048,2048,1234,3,609.390687,28.1919,9075.974621,14.893524,na
tiled_simd,1,16,off,2048,2048,2048,1234,4,615.625101,27.9064,9075.974621,14.742697,na
tiled_simd,1,16,off,2048,2048,2048,1234,5,615.488995,27.9126,9075.974621,14.745958,na
tiled_simd,1,48,off,256,256,256,1234,1,0.913196,36.7440,12.665585,13.869514,yes
tiled_simd,1,48,off,256,256,256,1234,2,0.905653,37.0500,12.665585,13.985031,yes
tiled_simd,1,48,off,256,256,256,1234,3,0.903833,37.1246,12.665585,14.013192,yes
tiled_simd,1,48,off,256,256,256,1234,4,0.900303,37.2702,12.665585,14.068136,yes
tiled_simd,1,48,off,256,256,256,1234,5,0.901934,37.2028,12.665585,14.042696,yes
tiled_simd,1,48,off,512,512,512,1234,1,7.886840,34.0359,120.973697,15.338678,yes
tiled_simd,1,48,off,512,512,512,1234,2,7.702146,34.8520,120.973697,15.706492,yes
tiled_simd,1,48,off,512,512,512,1234,3,7.736464,34.6974,120.973697,15.636820,yes
tiled_simd,1,48,off,512,512,512,1234,4,7.907858,33.9454,120.973697,15.297910,yes
tiled_simd,1,48,off,512,512,512,1234,5,7.838522,34.2457,120.973697,15.433228,yes
tiled_simd,1,48,off,1024,1024,1024,1234,1,67.579489,31.7772,1052.510469,15.574407,na
tiled_simd,1,48,off,1024,1024,1024,1234,2,67.648643,31.7447,1052.510469,15.558486,na
tiled_simd,1,48,off,1024,1024,1024,1234,3,66.132431,32.4725,1052.510469,15.915194,na
tiled_simd,1,48,off,1024,1024,1024,1234,4,73.524038,29.2079,1052.510469,14.315189,na
tiled_simd,1,48,off,1024,1024,1024,1234,5,69.678807,30.8198,1052.510469,15.105173,na
tiled_simd,1,48,off,2048,2048,2048,1234,1,622.631575,27.5924,9075.974621,14.576798,na
tiled_simd,1,48,off,2048,2048,2048,1234,2,633.634175,27.1132,9075.974621,14.323682,na
tiled_simd,1,48,off,2048,2048,2048,1234,3,627.446238,27.3806,9075.974621,14.464944,na
tiled_simd,1,48,off,2048,2048,2048,1234,4,633.551025,27.1168,9075.974621,14.325562,na
tiled_simd,1,48,off,2048,2048,2048,1234,5,628.487930,27.3352,9075.974621,14.440969,na
tiled_simd,1,80,off,256,256,256,1234,1,0.923653,36.3280,12.665585,13.712493,yes
tiled_simd,1,80,off,256,256,256,1234,2,0.907875,36.9593,12.665585,13.950803,yes
tiled_simd,1,80,off,256,256,256,1234,3,0.907301,36.9827,12.665585,13.959629,yes
tiled_simd,1,80,off,256,256,256,1234,4,0.906980,36.9958,12.665585,13.964569,yes
tiled_simd,1,80,off,256,256,256,1234,5,0.906381,37.0202,12.665585,13.973798,yes
tiled_simd,1,80,off,512,512,512,1234,1,7.948199,33.7731,120.973697,15.220265,yes
tiled_simd,1,80,off,512,512,512,1234,2,7.744949,34.6594,120.973697,15.619689,yes
tiled_simd,1,80,off,512,512,512,1234,3,7.829554,34.2849,120.973697,15.450905,yes
tiled_simd,1,80,off,512,512,512,1234,4,7.836335,34.2552,120.973697,15.437535,yes
tiled_simd,1,80,off,512,512,512,1234,5,7.930141,33.8500,120.973697,15.254924,yes
tiled_simd,1,80,off,1024,1024,1024,1234,1,66.759505,32.1675,1052.510469,15.765702,na
tiled_simd,1,80,off,1024,1024,1024,1234,2,66.271082,32.4045,1052.510469,15.881897,na
tiled_simd,1,80,off,1024,1024,1024,1234,3,68.863157,31.1848,1052.510469,15.284087,na
tiled_simd,1,80,off,1024,1024,1024,1234,4,66.743491,32.1752,1052.510469,15.769485,na
tiled_simd,1,80,off,1024,1024,1024,1234,5,66.477332,32.3040,1052.510469,15.832622,na
tiled_simd,1,80,off,2048,2048,2048,1234,1,625.632277,27.4600,9075.974621,14.506884,na
tiled_simd,1,80,off,2048,2048,2048,1234,2,623.091518,27.5720,9075.974621,14.566038,na
tiled_simd,1,80,off,2048,2048,2048,1234,3,638.792378,26.8943,9075.974621,14.208020,na
tiled_simd,1,80,off,2048,2048,2048,1234,4,624.382841,27.5150,9075.974621,14.535913,na
tiled_simd,1,80,off,2048,2048,2048,1234,5,630.808355,27.2347,9075.974621,14.387848,na
tiled_simd,1,128,off,256,256,256,1234,1,0.918408,36.5354,12.665585,13.790804,yes
tiled_simd,1,128,off,256,256,256,1234,2,0.897458,37.3883,12.665585,14.112733,yes
tiled_simd,1,128,off,256,256,256,1234,3,0.898333,37.3519,12.665585,14.098987,yes
tiled_simd,1,128,off,256,256,256,1234,4,0.900439,37.2645,12.665585,14.066011,yes
tiled_simd,1,128,off,256,256,256,1234,5,0.894306,37.5201,12.665585,14.162473,yes
tiled_simd,1,128,off,512,512,512,1234,1,7.983072,33.6256,120.973697,15.153778,yes
tiled_simd,1,128,off,512,512,512,1234,2,7.918279,33.9007,120.973697,15.277777,yes
tiled_simd,1,128,off,512,512,512,1234,3,7.897180,33.9913,120.973697,15.318594,yes
tiled_simd,1,128,off,512,512,512,1234,4,7.862899,34.1395,120.973697,15.385381,yes
tiled_simd,1,128,off,512,512,512,1234,5,7.914787,33.9157,120.973697,15.284517,yes
tiled_simd,1,128,off,1024,1024,1024,1234,1,66.885812,32.1067,1052.510469,15.735930,na
tiled_simd,1,128,off,1024,1024,1024,1234,2,67.465938,31.8306,1052.510469,15.600620,na
tiled_simd,1,128,off,1024,1024,1024,1234,3,66.827766,32.1346,1052.510469,15.749598,na
tiled_simd,1,128,off,1024,1024,1024,1234,4,75.015341,28.6273,1052.510469,14.030603,na
tiled_simd,1,128,off,1024,1024,1024,1234,5,67.678223,31.7308,1052.510469,15.551686,na
tiled_simd,1,128,off,2048,2048,2048,1234,1,656.818668,26.1562,9075.974621,13.818083,na
tiled_simd,1,128,off,2048,2048,2048,1234,2,677.440070,25.3600,9075.974621,13.397458,na
tiled_simd,1,128,off,2048,2048,2048,1234,3,622.338853,27.6053,9075.974621,14.583654,na
tiled_simd,1,128,off,2048,2048,2048,1234,4,642.155867,26.7534,9075.974621,14.133601,na
tiled_simd,1,128,off,2048,2048,2048,1234,5,622.128072,27.6147,9075.974621,14.588595,na
tiled_simd,3,16,off,256,256,256,1234,1,0.964113,34.8034,12.665585,13.137034,yes
tiled_simd,3,16,off,256,256,256,1234,2,0.949041,35.3561,12.665585,13.345667,yes
tiled_simd,3,16,off,256,256,256,1234,3,1.030680,32.5556,12.665585,12.288572,yes
tiled_simd,3,16,off,256,256,256,1234,4,0.926361,36.2218,12.665585,13.672407,yes
tiled_simd,3,16,off,256,256,256,1234,5,0.910158,36.8666,12.665585,13.915809,yes
tiled_simd,3,16,off,512,512,512,1234,1,8.067047,33.2756,120.973697,14.996032,yes
tiled_simd,3,16,off,512,512,512,1234,2,8.575179,31.3038,120.973697,14.107425,yes
tiled_simd,3,16,off,512,512,512,1234,3,9.309842,28.8335,120.973697,12.994173,yes
tiled_simd,3,16,off,512,512,512,1234,4,8.510193,31.5428,120.973697,14.215153,yes
tiled_simd,3,16,off,512,512,512,1234,5,7.964243,33.7051,120.973697,15.189604,yes
tiled_simd,3,16,off,1024,1024,1024,1234,1,68.324609,31.4306,1052.510469,15.404559,na
tiled_simd,3,16,off,1024,1024,1024,1234,2,68.441586,31.3769,1052.510469,15.378230,na
tiled_simd,3,16,off,1024,1024,1024,1234,3,66.520578,32.2830,1052.510469,15.822329,na
tiled_simd,3,16,off,1024,1024,1024,1234,4,66.210157,32.4344,1052.510469,15.896511,na
tiled_simd,3,16,off,1024,1024,1024,1234,5,74.616053,28.7805,1052.510469,14.105684,na
tiled_simd,3,16,off,2048,2048,2048,1234,1,618.203962,27.7900,9075.974621,14.681198,na
tiled_simd,3,16,off,2048,2048,2048,1234,2,622.510232,27.5977,9075.974621,14.579639,na
tiled_simd,3,16,off,2048,2048,2048,1234,3,616.477633,27.8678,9075.974621,14.722310,na
tiled_simd,3,16,off,2048,2048,2048,1234,4,612.249257,28.0603,9075.974621,14.823986,na
tiled_simd,3,16,off,2048,2048,2048,1234,5,608.433874,28.2362,9075.974621,14.916945,na
tiled_simd,3,48,off,256,256,256,1234,1,0.917129,36.5864,12.665585,13.810037,yes
tiled_simd,3,48,off,256,256,256,1234,2,0.892292,37.6048,12.665585,14.194440,yes
tiled_simd,3,48,off,256,256,256,1234,3,0.928192,36.1503,12.665585,13.645437,yes
tiled_simd,3,48,off,256,256,256,1234,4,0.917553,36.5695,12.665585,13.803655,yes
tiled_simd,3,48,off,256,256,256,1234,5,0.906230,37.0264,12.665585,13.976126,yes
tiled_simd,3,48,off,512,512,512,1234,1,8.075070,33.2425,120.973697,14.981133,yes
tiled_simd,3,48,off,512,512,512,1234,2,8.017951,33.4793,120.973697,15.087857,yes
tiled_simd,3,48,off,512,512,512,1234,3,7.959430,33.7255,120.973697,15.198789,yes
tiled_simd,3,48,off,512,512,512,1234,4,7.944097,33.7906,120.973697,15.228124,yes
tiled_simd,3,48,off,512,512,512,1234,5,7.946363,33.7809,120.973697,15.223782,yes
tiled_simd,3,48,off,1024,1024,1024,1234,1,66.679712,32.2060,1052.510469,15.784568,na
tiled_simd,3,48,off,1024,1024,1024,1234,2,70.420129,30.4953,1052.510469,14.946159,na
tiled_simd,3,48,off,1024,1024,1024,1234,3,71.233966,30.1469,1052.510469,14.775402,na
tiled_simd,3,48,off,1024,1024,1024,1234,4,67.445456,31.8403,1052.510469,15.605358,na
tiled_simd,3,48,off,1024,1024,1024,1234,5,74.463001,28.8396,1052.510469,14.134677,na
tiled_simd,3,48,off,2048,2048,2048,1234,1,665.292314,25.8230,9075.974621,13.642085,na
tiled_simd,3,48,off,2048,2048,2048,1234,2,621.783449,27.6300,9075.974621,14.596681,na
tiled_simd,3,48,off,2048,2048,2048,1234,3,700.595679,24.5218,9075.974621,12.954654,na
tiled_simd,3,48,off,2048,2048,2048,1234,4,623.215534,27.5665,9075.974621,14.563139,na
tiled_simd,3,48,off,2048,2048,2048,1234,5,618.598201,27.7723,9075.974621,14.671841,na
tiled_simd,3,80,off,256,256,256,1234,1,0.928583,36.1351,12.665585,13.639691,yes
tiled_simd,3,80,off,256,256,256,1234,2,0.897396,37.3909,12.665585,14.113708,yes
tiled_simd,3,80,off,256,256,256,1234,3,0.894713,37.5030,12.665585,14.156031,yes
tiled_simd,3,80,off,256,256,256,1234,4,0.898335,37.3518,12.665585,14.098955,yes
tiled_simd,3,80,off,256,256,256,1234,5,0.900159,37.2761,12.665585,14.070386,yes
tiled_simd,3,80,off,512,512,512,1234,1,7.840202,34.2383,120.973697,15.429921,yes
tiled_simd,3,80,off,512,512,512,1234,2,7.904719,33.9589,120.973697,15.303984,yes
tiled_simd,3,80,off,512,512,512,1234,3,7.944311,33.7896,120.973697,15.227714,yes
tiled_simd,3,80,off,512,512,512,1234,4,7.780473,34.5012,120.973697,15.548373,yes
tiled_simd,3,80,off,512,512,512,1234,5,7.861665,34.1449,120.973697,15.387796,yes
tiled_simd,3,80,off,1024,1024,1024,1234,1,68.006766,31.5775,1052.510469,15.476555,na
tiled_simd,3,80,off,1024,1024,1024,1234,2,67.439318,31.8432,1052.510469,15.606778,na
tiled_simd,3,80,off,1024,1024,1024,1234,3,66.577289,32.2555,1052.510469,15.808851,na
tiled_simd,3,80,off,1024,1024,1024,1234,4,67.562862,31.7850,1052.510469,15.578240,na
tiled_simd,3,80,off,1024,1024,1024,1234,5,73.181610,29.3446,1052.510469,14.382172,na
tiled_simd,3,80,off,2048,2048,2048,1234,1,627.432724,27.3812,9075.974621,14.465255,na
tiled_simd,3,80,off,2048,2048,2048,1234,2,621.113476,27.6598,9075.974621,14.612426,na
tiled_simd,3,80,off,2048,2048,2048,1234,3,620.993909,27.6651,9075.974621,14.615239,na
tiled_simd,3,80,off,2048,2048,2048,1234,4,625.221544,27.4781,9075.974621,14.516414,na
tiled_simd,3,80,off,2048,2048,2048,1234,5,618.116031,27.7939,9075.974621,14.683286,na
tiled_simd,3,128,off,256,256,256,1234,1,0.901245,37.2312,12.665585,14.053432,yes
tiled_simd,3,128,off,256,256,256,1234,2,0.899510,37.3030,12.665585,14.080538,yes
tiled_simd,3,128,off,256,256,256,1234,3,0.898954,37.3261,12.665585,14.089247,yes
tiled_simd,3,128,off,256,256,256,1234,4,0.899075,37.3211,12.665585,14.087351,yes
tiled_simd,3,128,off,256,256,256,1234,5,0.900123,37.2776,12.665585,14.070949,yes
tiled_simd,3,128,off,512,512,512,1234,1,8.020812,33.4674,120.973697,15.082475,yes
tiled_simd,3,128,off,512,512,512,1234,2,7.910659,33.9334,120.973697,15.292493,yes
tiled_simd,3,128,off,512,512,512,1234,3,8.003982,33.5377,120.973697,15.114189,yes
tiled_simd,3,128,off,512,512,512,1234,4,7.831806,34.2750,120.973697,15.446462,yes
tiled_simd,3,128,off,512,512,512,1234,5,7.971653,33.6738,120.973697,15.175485,yes
tiled_simd,3,128,off,1024,1024,1024,1234,1,67.984232,31.5880,1052.510469,15.481685,na
tiled_simd,3,128,off,1024,1024,1024,1234,2,66.432081,32.3260,1052.510469,15.843407,na
tiled_simd,3,128,off,1024,1024,1024,1234,3,66.809633,32.1433,1052.510469,15.753873,na
tiled_simd,3,128,off,1024,1024,1024,1234,4,66.650150,32.2202,1052.510469,15.791569,na
tiled_simd,3,128,off,1024,1024,1024,1234,5,68.487103,31.3560,1052.510469,15.368010,na
tiled_simd,3,128,off,2048,2048,2048,1234,1,622.589904,27.5942,9075.974621,14.577774,na
tiled_simd,3,128,off,2048,2048,2048,1234,2,614.175657,27.9722,9075.974621,14.777490,na
tiled_simd,3,128,off,2048,2048,2048,1234,3,618.302573,27.7855,9075.974621,14.678856,na
tiled_simd,3,128,off,2048,2048,2048,1234,4,640.447877,26.8248,9075.974621,14.171293,na
tiled_simd,3,128,off,2048,2048,2048,1234,5,619.485990,27.7325,9075.974621,14.650815,na
tiled_simd,5,16,off,256,256,256,1234,1,0.908007,36.9539,12.665585,13.948775,yes
tiled_simd,5,16,off,256,256,256,1234,2,0.895527,37.4689,12.665585,14.143164,yes
tiled_simd,5,16,off,256,256,256,1234,3,0.892405,37.6000,12.665585,14.192642,yes
tiled_simd,5,16,off,256,256,256,1234,4,0.892551,37.5939,12.665585,14.190321,yes
tiled_simd,5,16,off,256,256,256,1234,5,0.898885,37.3289,12.665585,14.090329,yes
tiled_simd,5,16,off,512,512,512,1234,1,8.168399,32.8627,120.973697,14.809964,yes
tiled_simd,5,16,off,512,512,512,1234,2,7.969541,33.6827,120.973697,15.179506,yes
tiled_simd,5,16,off,512,512,512,1234,3,7.678536,34.9592,120.973697,15.754787,yes
tiled_simd,5,16,off,512,512,512,1234,4,7.826314,34.2991,120.973697,15.457302,yes
tiled_simd,5,16,off,512,512,512,1234,5,7.858757,34.1575,120.973697,15.393490,yes
tiled_simd,5,16,off,1024,1024,1024,1234,1,66.534037,32.2765,1052.510469,15.819128,na
tiled_simd,5,16,off,1024,1024,1024,1234,2,66.671484,32.2099,1052.510469,15.786516,na
tiled_simd,5,16,off,1024,1024,1024,1234,3,67.039810,32.0330,1052.510469,15.699783,na
tiled_simd,5,16,off,1024,1024,1024,1234,4,66.044722,32.5156,1052.510469,15.936330,na
tiled_simd,5,16,off,1024,1024,1024,1234,5,71.607740,29.9895,1052.510469,14.698278,na
tiled_simd,5,16,off,2048,2048,2048,1234,1,633.391341,27.1236,9075.974621,14.329174,na
tiled_simd,5,16,off,2048,2048,2048,1234,2,632.117727,27.1783,9075.974621,14.358045,na
tiled_simd,5,16,off,2048,2048,2048,1234,3,638.493023,26.9069,9075.974621,14.214681,na
tiled_simd,5,16,off,2048,2048,2048,1234,4,632.010668,27.1829,9075.974621,14.360477,na
tiled_simd,5,16,off,2048,2048,2048,1234,5,626.551297,27.4197,9075.974621,14.485605,na
tiled_simd,5,48,off,256,256,256,1234,1,0.916683,36.6042,12.665585,13.816756,yes
tiled_simd,5,48,off,256,256,256,1234,2,0.896690,37.4203,12.665585,14.124820,yes
tiled_simd,5,48,off,256,256,256,1234,3,0.899343,37.3099,12.665585,14.083153,yes
tiled_simd,5,48,off,256,256,256,1234,4,0.905633,37.0508,12.665585,13.985340,yes
tiled_simd,5,48,off,256,256,256,1234,5,0.918647,36.5259,12.665585,13.787216,yes
tiled_simd,5,48,off,512,512,512,1234,1,7.885094,34.0434,120.973697,15.342074,yes
tiled_simd,5,48,off,512,512,512,1234,2,7.962731,33.7115,120.973697,15.192488,yes
tiled_simd,5,48,off,512,512,512,1234,3,7.885049,34.0436,120.973697,15.342162,yes
tiled_simd,5,48,off,512,512,512,1234,4,7.919081,33.8973,120.973697,15.276229,yes
tiled_simd,5,48,off,512,512,512,1234,5,7.820537,34.3244,120.973697,15.468720,yes
tiled_simd,5,48,off,1024,1024,1024,1234,1,66.766235,32.1642,1052.510469,15.764113,na
tiled_simd,5,48,off,1024,1024,1024,1234,2,66.474764,32.3052,1052.510469,15.833234,na
tiled_simd,5,48,off,1024,1024,1024,1234,3,73.422904,29.2481,1052.510469,14.334907,na
tiled_simd,5,48,off,1024,1024,1024,1234,4,66.696716,32.1977,1052.510469,15.780544,na
tiled_simd,5,48,off,1024,1024,1024,1234,5,70.940374,30.2717,1052.510469,14.836551,na
tiled_simd,5,48,off,2048,2048,2048,1234,1,617.353842,27.8282,9075.974621,14.701414,na
tiled_simd,5,48,off,2048,2048,2048,1234,2,615.727150,27.9018,9075.974621,14.740254,na
tiled_simd,5,48,off,2048,2048,2048,1234,3,629.083187,27.3094,9075.974621,14.427304,na
tiled_simd,5,48,off,2048,2048,2048,1234,4,612.245787,28.0604,9075.974621,14.824070,na
tiled_simd,5,48,off,2048,2048,2048,1234,5,675.296169,25.4405,9075.974621,13.439991,na
tiled_simd,5,80,off,256,256,256,1234,1,0.908456,36.9357,12.665585,13.941881,yes
tiled_simd,5,80,off,256,256,256,1234,2,0.897814,37.3735,12.665585,14.107137,yes
tiled_simd,5,80,off,256,256,256,1234,3,0.894269,37.5216,12.665585,14.163059,yes
tiled_simd,5,80,off,256,256,256,1234,4,0.900004,37.2825,12.665585,14.072810,yes
tiled_simd,5,80,off,256,256,256,1234,5,0.896834,37.4143,12.665585,14.122552,yes
tiled_simd,5,80,off,512,512,512,1234,1,7.922093,33.8844,120.973697,15.270421,yes
tiled_simd,5,80,off,512,512,512,1234,2,7.828424,34.2898,120.973697,15.453136,yes
tiled_simd,5,80,off,512,512,512,1234,3,7.695121,34.8839,120.973697,15.720831,yes
tiled_simd,5,80,off,512,512,512,1234,4,7.713563,34.8004,120.973697,15.683245,yes
tiled_simd,5,80,off,512,512,512,1234,5,7.941762,33.8005,120.973697,15.232602,yes
tiled_simd,5,80,off,1024,1024,1024,1234,1,67.099126,32.0046,1052.510469,15.685904,na
tiled_simd,5,80,off,1024,1024,1024,1234,2,67.252969,31.9314,1052.510469,15.650022,na
tiled_simd,5,80,off,1024,1024,1024,1234,3,68.817805,31.2053,1052.510469,15.294159,na
tiled_simd,5,80,off,1024,1024,1024,1234,4,66.143462,32.4671,1052.510469,15.912540,na
tiled_simd,5,80,off,1024,1024,1024,1234,5,76.702920,27.9974,1052.510469,13.721909,na
tiled_simd,5,80,off,2048,2048,2048,1234,1,622.595970,27.5939,9075.974621,14.577631,na
tiled_simd,5,80,off,2048,2048,2048,1234,2,620.699186,27.6783,9075.974621,14.622179,na
tiled_simd,5,80,off,2048,2048,2048,1234,3,623.982782,27.5326,9075.974621,14.545232,na
tiled_simd,5,80,off,2048,2048,2048,1234,4,606.649514,28.3193,9075.974621,14.960821,na
tiled_simd,5,80,off,2048,2048,2048,1234,5,604.535753,28.4183,9075.974621,15.013131,na
tiled_simd,5,128,off,256,256,256,1234,1,0.955633,35.1123,12.665585,13.253608,yes
tiled_simd,5,128,off,256,256,256,1234,2,0.909925,36.8760,12.665585,13.919372,yes
tiled_simd,5,128,off,256,256,256,1234,3,0.910671,36.8458,12.665585,13.907970,yes
tiled_simd,5,128,off,256,256,256,1234,4,0.914380,36.6964,12.665585,13.851555,yes
tiled_simd,5,128,off,256,256,256,1234,5,0.920012,36.4717,12.665585,13.766761,yes
tiled_simd,5,128,off,512,512,512,1234,1,7.851585,34.1887,120.973697,15.407551,yes
tiled_simd,5,128,off,512,512,512,1234,2,8.035905,33.4045,120.973697,15.054147,yes
tiled_simd,5,128,off,512,512,512,1234,3,7.777764,34.5132,120.973697,15.553789,yes
tiled_simd,5,128,off,512,512,512,1234,4,7.955620,33.7416,120.973697,15.206068,yes
tiled_simd,5,128,off,512,512,512,1234,5,7.658855,35.0490,120.973697,15.795272,yes
tiled_simd,5,128,off,1024,1024,1024,1234,1,66.715696,32.1886,1052.510469,15.776055,na
tiled_simd,5,128,off,1024,1024,1024,1234,2,68.661213,31.2765,1052.510469,15.329040,na
tiled_simd,5,128,off,1024,1024,1024,1234,3,66.313236,32.3839,1052.510469,15.871801,na
tiled_simd,5,128,off,1024,1024,1024,1234,4,71.074166,30.2147,1052.510469,14.808622,na
tiled_simd,5,128,off,1024,1024,1024,1234,5,68.676991,31.2693,1052.510469,15.325518,na
tiled_simd,5,128,off,2048,2048,2048,1234,1,615.284765,27.9218,9075.974621,14.750852,na
tiled_simd,5,128,off,2048,2048,2048,1234,2,624.107263,27.5271,9075.974621,14.542331,na
tiled_simd,5,128,off,2048,2048,2048,1234,3,609.955587,28.1658,9075.974621,14.879730,na
tiled_simd,5,128,off,2048,2048,2048,1234,4,610.059477,28.1610,9075.974621,14.877196,na
tiled_simd,5,128,off,2048,2048,2048,1234,5,623.717206,27.5443,9075.974621,14.551426,na
tiled_simd,7,16,off,256,256,256,1234,1,0.911932,36.7949,12.665585,13.888738,yes
tiled_simd,7,16,off,256,256,256,1234,2,0.897531,37.3853,12.665585,14.111585,yes
tiled_simd,7,16,off,256,256,256,1234,3,0.897917,37.3692,12.665585,14.105519,yes
tiled_simd,7,16,off,256,256,256,1234,4,0.899498,37.3035,12.665585,14.080726,yes
tiled_simd,7,16,off,256,256,256,1234,5,0.898943,37.3265,12.665585,14.089419,yes
tiled_simd,7,16,off,512,512,512,1234,1,7.990718,33.5934,120.973697,15.139277,yes
tiled_simd,7,16,off,512,512,512,1234,2,7.873829,34.0921,120.973697,15.364024,yes
tiled_simd,7,16,off,512,512,512,1234,3,7.770499,34.5455,120.973697,15.568331,yes
tiled_simd,7,16,off,512,512,512,1234,4,7.937094,33.8204,120.973697,15.241560,yes
tiled_simd,7,16,off,512,512,512,1234,5,7.910331,33.9348,120.973697,15.293127,yes
tiled_simd,7,16,off,1024,1024,1024,1234,1,67.731832,31.7057,1052.510469,15.539377,na
tiled_simd,7,16,off,1024,1024,1024,1234,2,66.823457,32.1367,1052.510469,15.750614,na
tiled_simd,7,16,off,1024,1024,1024,1234,3,65.979031,32.5480,1052.510469,15.952197,na
tiled_simd,7,16,off,1024,1024,1024,1234,4,66.835950,32.1307,1052.510469,15.747670,na
tiled_simd,7,16,off,1024,1024,1024,1234,5,72.521412,29.6117,1052.510469,14.513100,na
tiled_simd,7,16,off,2048,2048,2048,1234,1,615.873273,27.8951,9075.974621,14.736757,na
tiled_simd,7,16,off,2048,2048,2048,1234,2,616.989652,27.8447,9075.974621,14.710092,na
tiled_simd,7,16,off,2048,2048,2048,1234,3,611.831835,28.0794,9075.974621,14.834100,na
tiled_simd,7,16,off,2048,2048,2048,1234,4,603.892725,28.4485,9075.974621,15.029117,na
tiled_simd,7,16,off,2048,2048,2048,1234,5,618.172047,27.7914,9075.974621,14.681956,na
tiled_simd,7,48,off,256,256,256,1234,1,0.918432,36.5345,12.665585,13.790444,yes
tiled_simd,7,48,off,256,256,256,1234,2,0.910550,36.8507,12.665585,13.909818,yes
tiled_simd,7,48,off,256,256,256,1234,3,0.914236,36.7022,12.665585,13.853737,yes
tiled_simd,7,48,off,256,256,256,1234,4,0.909529,36.8921,12.665585,13.925433,yes
tiled_simd,7,48,off,256,256,256,1234,5,0.907797,36.9625,12.665585,13.952001,yes
tiled_simd,7,48,off,512,512,512,1234,1,7.780538,34.5009,120.973697,15.548243,yes
tiled_simd,7,48,off,512,512,512,1234,2,7.852340,34.1854,120.973697,15.406070,yes
tiled_simd,7,48,off,512,512,512,1234,3,7.863304,34.1377,120.973697,15.384589,yes
tiled_simd,7,48,off,512,512,512,1234,4,7.950966,33.7614,120.973697,15.214968,yes
tiled_simd,7,48,off,512,512,512,1234,5,7.945578,33.7843,120.973697,15.225286,yes
tiled_simd,7,48,off,1024,1024,1024,1234,1,67.343734,31.8884,1052.510469,15.628929,na
tiled_simd,7,48,off,1024,1024,1024,1234,2,66.925378,32.0877,1052.510469,15.726627,na
tiled_simd,7,48,off,1024,1024,1024,1234,3,71.063059,30.2194,1052.510469,14.810937,na
tiled_simd,7,48,off,1024,1024,1024,1234,4,68.082940,31.5422,1052.510469,15.459239,na
tiled_simd,7,48,off,1024,1024,1024,1234,5,67.100504,32.0040,1052.510469,15.685582,na
tiled_simd,7,48,off,2048,2048,2048,1234,1,618.793083,27.7635,9075.974621,14.667221,na
tiled_simd,7,48,off,2048,2048,2048,1234,2,614.213147,27.9705,9075.974621,14.776588,na
tiled_simd,7,48,off,2048,2048,2048,1234,3,620.250583,27.6983,9075.974621,14.632755,na
tiled_simd,7,48,off,2048,2048,2048,1234,4,626.972292,27.4013,9075.974621,14.475878,na
tiled_simd,7,48,off,2048,2048,2048,1234,5,612.741402,28.0377,9075.974621,14.812080,na
tiled_simd,7,80,off,256,256,256,1234,1,0.905132,37.0713,12.665585,13.993081,yes
tiled_simd,7,80,off,256,256,256,1234,2,0.896685,37.4205,12.665585,14.124899,yes
tiled_simd,7,80,off,256,256,256,1234,3,0.897131,37.4019,12.665585,14.117877,yes
tiled_simd,7,80,off,256,256,256,1234,4,0.896112,37.4445,12.665585,14.133931,yes
tiled_simd,7,80,off,256,256,256,1234,5,0.899149,37.3180,12.665585,14.086191,yes
tiled_simd,7,80,off,512,512,512,1234,1,7.906716,33.9503,120.973697,15.300119,yes
tiled_simd,7,80,off,512,512,512,1234,2,7.945557,33.7843,120.973697,15.225326,yes
tiled_simd,7,80,off,512,512,512,1234,3,7.972131,33.6717,120.973697,15.174575,yes
tiled_simd,7,80,off,512,512,512,1234,4,7.969404,33.6833,120.973697,15.179767,yes
tiled_simd,7,80,off,512,512,512,1234,5,7.934693,33.8306,120.973697,15.246172,yes
tiled_simd,7,80,off,1024,1024,1024,1234,1,66.167234,32.4554,1052.510469,15.906823,na
tiled_simd,7,80,off,1024,1024,1024,1234,2,65.906754,32.5837,1052.510469,15.969691,na
tiled_simd,7,80,off,1024,1024,1024,1234,3,66.404156,32.3396,1052.510469,15.850069,na
tiled_simd,7,80,off,1024,1024,1024,1234,4,66.582490,32.2530,1052.510469,15.807617,na
tiled_simd,7,80,off,1024,1024,1024,1234,5,74.247935,28.9231,1052.510469,14.175619,na
tiled_simd,7,80,off,2048,2048,2048,1234,1,623.520988,27.5530,9075.974621,14.556005,na
tiled_simd,7,80,off,2048,2048,2048,1234,2,616.706586,27.8574,9075.974621,14.716844,na
tiled_simd,7,80,off,2048,2048,2048,1234,3,628.072571,27.3533,9075.974621,14.450519,na
tiled_simd,7,80,off,2048,2048,2048,1234,4,616.263980,27.8775,9075.974621,14.727414,na
tiled_simd,7,80,off,2048,2048,2048,1234,5,615.514783,27.9114,9075.974621,14.745340,na
tiled_simd,7,128,off,256,256,256,1234,1,0.917981,36.5524,12.665585,13.797219,yes
tiled_simd,7,128,off,256,256,256,1234,2,0.910107,36.8687,12.665585,13.916589,yes
tiled_simd,7,128,off,256,256,256,1234,3,0.910201,36.8649,12.665585,13.915152,yes
tiled_simd,7,128,off,256,256,256,1234,4,0.911700,36.8042,12.665585,13.892273,yes
tiled_simd,7,128,off,256,256,256,1234,5,0.905320,37.0636,12.665585,13.990175,yes
tiled_simd,7,128,off,512,512,512,1234,1,8.019809,33.4716,120.973697,15.084361,yes
tiled_simd,7,128,off,512,512,512,1234,2,7.779958,34.5035,120.973697,15.549402,yes
tiled_simd,7,128,off,512,512,512,1234,3,7.701622,34.8544,120.973697,15.707561,yes
tiled_simd,7,128,off,512,512,512,1234,4,7.698707,34.8676,120.973697,15.713508,yes
tiled_simd,7,128,off,512,512,512,1234,5,7.759398,34.5949,120.973697,15.590603,yes
tiled_simd,7,128,off,1024,1024,1024,1234,1,66.136559,32.4704,1052.510469,15.914201,na
tiled_simd,7,128,off,1024,1024,1024,1234,2,68.310974,31.4369,1052.510469,15.407634,na
tiled_simd,7,128,off,1024,1024,1024,1234,3,66.683470,32.2041,1052.510469,15.783679,na
tiled_simd,7,128,off,1024,1024,1024,1234,4,66.493840,32.2960,1052.510469,15.828691,na
tiled_simd,7,128,off,1024,1024,1024,1234,5,70.725661,30.3636,1052.510469,14.881593,na
tiled_simd,7,128,off,2048,2048,2048,1234,1,652.076744,26.3464,9075.974621,13.918568,na
tiled_simd,7,128,off,2048,2048,2048,1234,2,627.580311,27.3748,9075.974621,14.461854,na
tiled_simd,7,128,off,2048,2048,2048,1234,3,620.430688,27.6902,9075.974621,14.628507,na
tiled_simd,7,128,off,2048,2048,2048,1234,4,620.081010,27.7058,9075.974621,14.636756,na
tiled_simd,7,128,off,2048,2048,2048,1234,5,617.929974,27.8023,9075.974621,14.687707,na
