stage,label,version,H,W,K,seed,rep,correct,naive_ms,stage_ms,gflops,speedup
reorder,base,default,64,64,3,1234,1,yes,0.019,0.014,5.26,1.38
reorder,base,default,64,64,3,1234,2,yes,0.019,0.014,5.34,1.38
reorder,base,default,64,64,3,1234,3,yes,0.046,0.032,2.30,1.43
reorder,base,default,64,64,3,1234,4,yes,0.017,0.014,5.19,1.22
reorder,base,default,64,64,3,1234,5,yes,0.020,0.014,5.33,1.47
reorder,base,default,64,64,3,1234,6,yes,0.020,0.012,6.14,1.69
reorder,base,default,64,64,3,1234,7,yes,0.043,0.028,2.63,1.54
reorder,base,default,64,64,3,1234,8,yes,0.049,0.038,1.96,1.30
reorder,base,default,64,64,3,1234,9,yes,0.018,0.013,5.82,1.42
reorder,base,default,64,64,3,1234,10,yes,0.020,0.014,5.11,1.36
reorder,base,default,64,64,3,1234,11,yes,0.029,0.017,4.35,1.70
reorder,base,default,64,64,3,1234,12,yes,0.034,0.020,3.70,1.70
reorder,base,default,64,64,3,1234,13,yes,0.034,0.023,3.17,1.45
reorder,base,default,64,64,3,1234,14,yes,0.031,0.021,3.59,1.51
reorder,base,default,64,64,3,1234,15,yes,0.026,0.021,3.50,1.23
reorder,base,default,64,64,3,1234,16,yes,0.028,0.019,3.87,1.45
reorder,base,default,64,64,3,1234,17,yes,0.029,0.021,3.45,1.35
reorder,base,default,64,64,3,1234,18,yes,0.035,0.026,2.81,1.32
reorder,base,default,64,64,3,1234,19,yes,0.032,0.019,3.88,1.70
reorder,base,default,64,64,3,1234,20,yes,0.035,0.024,3.04,1.45
reorder,base,default,128,128,3,1234,1,yes,0.140,0.100,2.94,1.40
reorder,base,default,128,128,3,1234,2,yes,0.133,0.097,3.04,1.37
reorder,base,default,128,128,3,1234,3,yes,0.135,0.085,3.49,1.60
reorder,base,default,128,128,3,1234,4,yes,0.114,0.084,3.50,1.36
reorder,base,default,128,128,3,1234,5,yes,0.105,0.078,3.80,1.35
reorder,base,default,128,128,3,1234,6,yes,0.093,0.070,4.22,1.34
reorder,base,default,128,128,3,1234,7,yes,0.089,0.065,4.51,1.36
reorder,base,default,128,128,3,1234,8,yes,0.090,0.054,5.44,1.67
reorder,base,default,128,128,3,1234,9,yes,0.089,0.059,5.03,1.51
reorder,base,default,128,128,3,1234,10,yes,0.093,0.055,5.33,1.68
reorder,base,default,128,128,3,1234,11,yes,0.079,0.053,5.55,1.48
reorder,base,default,128,128,3,1234,12,yes,0.068,0.053,5.53,1.28
reorder,base,default,128,128,3,1234,13,yes,0.070,0.053,5.53,1.31
reorder,base,default,128,128,3,1234,14,yes,0.083,0.053,5.55,1.56
reorder,base,default,128,128,3,1234,15,yes,0.081,0.053,5.53,1.51
reorder,base,default,128,128,3,1234,16,yes,0.079,0.053,5.54,1.48
reorder,base,default,128,128,3,1234,17,yes,0.081,0.055,5.38,1.48
reorder,base,default,128,128,3,1234,18,yes,0.077,0.051,5.76,1.49
reorder,base,default,128,128,3,1234,19,yes,0.071,0.055,5.40,1.30
reorder,base,default,128,128,3,1234,20,yes,0.081,0.053,5.53,1.51
reorder,base,default,256,256,3,1234,1,yes,0.263,0.189,6.25,1.39
reorder,base,default,256,256,3,1234,2,yes,0.262,0.195,6.05,1.35
reorder,base,default,256,256,3,1234,3,yes,0.320,0.192,6.15,1.67
reorder,base,default,256,256,3,1234,4,yes,0.318,0.194,6.09,1.64
reorder,base,default,256,256,3,1234,5,yes,0.308,0.192,6.14,1.60
reorder,base,default,256,256,3,1234,6,yes,0.262,0.191,6.17,1.37
reorder,base,default,256,256,3,1234,7,yes,0.279,0.193,6.10,1.44
reorder,base,default,256,256,3,1234,8,yes,0.270,0.191,6.17,1.41
reorder,base,default,256,256,3,1234,9,yes,0.264,0.192,6.14,1.38
reorder,base,default,256,256,3,1234,10,yes,0.288,0.191,6.17,1.51
reorder,base,default,256,256,3,1234,11,yes,0.263,0.193,6.11,1.36
reorder,base,default,256,256,3,1234,12,yes,0.269,0.193,6.13,1.40
reorder,base,default,256,256,3,1234,13,yes,0.262,0.192,6.14,1.37
reorder,base,default,256,256,3,1234,14,yes,0.320,0.189,6.24,1.70
reorder,base,default,256,256,3,1234,15,yes,0.321,0.193,6.11,1.66
reorder,base,default,256,256,3,1234,16,yes,0.310,0.193,6.12,1.61
reorder,base,default,256,256,3,1234,17,yes,0.262,0.192,6.16,1.37
reorder,base,default,256,256,3,1234,18,yes,0.296,0.194,6.10,1.53
reorder,base,default,256,256,3,1234,19,yes,0.321,0.192,6.13,1.67
reorder,base,default,256,256,3,1234,20,yes,0.263,0.193,6.12,1.36
reorder,base,default,512,512,3,1234,1,yes,1.283,0.771,6.12,1.66
reorder,base,default,512,512,3,1234,2,yes,1.204,0.795,5.94,1.51
reorder,base,default,512,512,3,1234,3,yes,1.089,0.766,6.16,1.42
reorder,base,default,512,512,3,1234,4,yes,1.284,0.764,6.18,1.68
reorder,base,default,512,512,3,1234,5,yes,1.052,0.792,5.96,1.33
reorder,base,default,512,512,3,1234,6,yes,1.224,0.787,5.99,1.55
reorder,base,default,512,512,3,1234,7,yes,1.077,0.772,6.11,1.39
reorder,base,default,512,512,3,1234,8,yes,1.189,0.786,6.01,1.51
reorder,base,default,512,512,3,1234,9,yes,1.120,0.766,6.16,1.46
reorder,base,default,512,512,3,1234,10,yes,1.082,0.765,6.16,1.41
reorder,base,default,512,512,3,1234,11,yes,1.091,0.787,5.99,1.39
reorder,base,default,512,512,3,1234,12,yes,1.199,0.767,6.15,1.56
reorder,base,default,512,512,3,1234,13,yes,1.224,0.768,6.15,1.59
reorder,base,default,512,512,3,1234,14,yes,1.203,0.788,5.99,1.53
reorder,base,default,512,512,3,1234,15,yes,1.127,0.793,5.95,1.42
reorder,base,default,512,512,3,1234,16,yes,1.072,0.760,6.21,1.41
reorder,base,default,512,512,3,1234,17,yes,1.101,0.771,6.12,1.43
reorder,base,default,512,512,3,1234,18,yes,1.180,0.790,5.98,1.49
reorder,base,default,512,512,3,1234,19,yes,1.208,0.763,6.18,1.58
reorder,base,default,512,512,3,1234,20,yes,1.250,0.769,6.13,1.62
reorder,base,default,1024,1024,3,1234,1,yes,4.579,3.085,6.12,1.48
reorder,base,default,1024,1024,3,1234,2,yes,4.524,3.081,6.13,1.47
reorder,base,default,1024,1024,3,1234,3,yes,5.005,3.086,6.12,1.62
reorder,base,default,1024,1024,3,1234,4,yes,4.855,3.084,6.12,1.57
reorder,base,default,1024,1024,3,1234,5,yes,4.462,3.102,6.08,1.44
reorder,base,default,1024,1024,3,1234,6,yes,4.896,3.085,6.12,1.59
reorder,base,default,1024,1024,3,1234,7,yes,4.410,3.144,6.00,1.40
reorder,base,default,1024,1024,3,1234,8,yes,4.884,3.151,5.99,1.55
reorder,base,default,1024,1024,3,1234,9,yes,4.518,3.089,6.11,1.46
reorder,base,default,1024,1024,3,1234,10,yes,4.992,3.093,6.10,1.61
reorder,base,default,1024,1024,3,1234,11,yes,4.652,3.083,6.12,1.51
reorder,base,default,1024,1024,3,1234,12,yes,4.811,3.087,6.11,1.56
reorder,base,default,1024,1024,3,1234,13,yes,4.651,3.089,6.11,1.51
reorder,base,default,1024,1024,3,1234,14,yes,4.522,3.125,6.04,1.45
reorder,base,default,1024,1024,3,1234,15,yes,4.811,3.099,6.09,1.55
reorder,base,default,1024,1024,3,1234,16,yes,4.614,3.080,6.13,1.50
reorder,base,default,1024,1024,3,1234,17,yes,4.176,3.161,5.97,1.32
reorder,base,default,1024,1024,3,1234,18,yes,4.952,3.125,6.04,1.58
reorder,base,default,1024,1024,3,1234,19,yes,5.126,3.091,6.11,1.66
reorder,base,default,1024,1024,3,1234,20,yes,4.736,3.088,6.11,1.53
reorder,base,default,2048,2048,3,1234,1,yes,19.508,17.276,4.37,1.13
reorder,base,default,2048,2048,3,1234,2,yes,18.985,16.678,4.53,1.14
reorder,base,default,2048,2048,3,1234,3,yes,19.022,18.426,4.10,1.03
reorder,base,default,2048,2048,3,1234,4,yes,19.094,20.003,3.77,0.95
reorder,base,default,2048,2048,3,1234,5,yes,19.081,17.760,4.25,1.07
reorder,base,default,2048,2048,3,1234,6,yes,19.285,19.512,3.87,0.99
reorder,base,default,2048,2048,3,1234,7,yes,18.331,17.825,4.24,1.03
reorder,base,default,2048,2048,3,1234,8,yes,19.405,16.679,4.53,1.16
reorder,base,default,2048,2048,3,1234,9,yes,18.620,18.661,4.05,1.00
reorder,base,default,2048,2048,3,1234,10,yes,17.862,17.922,4.21,1.00
reorder,base,default,2048,2048,3,1234,11,yes,19.406,18.416,4.10,1.05
reorder,base,default,2048,2048,3,1234,12,yes,17.794,19.236,3.92,0.93
reorder,base,default,2048,2048,3,1234,13,yes,19.391,19.082,3.96,1.02
reorder,base,default,2048,2048,3,1234,14,yes,17.792,18.646,4.05,0.95
reorder,base,default,2048,2048,3,1234,15,yes,19.548,19.403,3.89,1.01
reorder,base,default,2048,2048,3,1234,16,yes,19.590,18.951,3.98,1.03
reorder,base,default,2048,2048,3,1234,17,yes,19.389,18.021,4.19,1.08
reorder,base,default,2048,2048,3,1234,18,yes,17.454,17.598,4.29,0.99
reorder,base,default,2048,2048,3,1234,19,yes,17.686,18.845,4.01,0.94
reorder,base,default,2048,2048,3,1234,20,yes,17.740,18.059,4.18,0.98
reorder,base,default,4096,4096,3,1234,1,yes,77.741,85.896,3.52,0.91
reorder,base,default,4096,4096,3,1234,2,yes,75.752,85.878,3.52,0.88
reorder,base,default,4096,4096,3,1234,3,yes,77.920,84.156,3.59,0.93
reorder,base,default,4096,4096,3,1234,4,yes,76.229,84.268,3.58,0.90
reorder,base,default,4096,4096,3,1234,5,yes,71.905,85.751,3.52,0.84
reorder,base,default,4096,4096,3,1234,6,yes,73.049,89.580,3.37,0.82
reorder,base,default,4096,4096,3,1234,7,yes,77.969,84.953,3.55,0.92
reorder,base,default,4096,4096,3,1234,8,yes,71.783,82.682,3.65,0.87
reorder,base,default,4096,4096,3,1234,9,yes,77.369,83.309,3.62,0.93
reorder,base,default,4096,4096,3,1234,10,yes,71.419,83.434,3.62,0.86
reorder,base,default,4096,4096,3,1234,11,yes,77.441,86.637,3.49,0.89
reorder,base,default,4096,4096,3,1234,12,yes,76.882,88.505,3.41,0.87
reorder,base,default,4096,4096,3,1234,13,yes,75.219,83.299,3.63,0.90
reorder,base,default,4096,4096,3,1234,14,yes,73.154,84.984,3.55,0.86
reorder,base,default,4096,4096,3,1234,15,yes,71.090,87.631,3.45,0.81
reorder,base,default,4096,4096,3,1234,16,yes,71.514,87.030,3.47,0.82
reorder,base,default,4096,4096,3,1234,17,yes,76.073,88.316,3.42,0.86
reorder,base,default,4096,4096,3,1234,18,yes,72.948,85.208,3.54,0.86
reorder,base,default,4096,4096,3,1234,19,yes,71.199,83.163,3.63,0.86
reorder,base,default,4096,4096,3,1234,20,yes,75.985,82.058,3.68,0.93
reorder,base,default,8192,8192,3,1234,1,yes,294.901,341.333,3.54,0.86
reorder,base,default,8192,8192,3,1234,2,yes,287.239,377.710,3.20,0.76
reorder,base,default,8192,8192,3,1234,3,yes,286.066,336.445,3.59,0.85
reorder,base,default,8192,8192,3,1234,4,yes,290.168,344.026,3.51,0.84
reorder,base,default,8192,8192,3,1234,5,yes,310.147,339.814,3.55,0.91
reorder,base,default,8192,8192,3,1234,6,yes,284.716,336.214,3.59,0.85
reorder,base,default,8192,8192,3,1234,7,yes,294.970,335.045,3.61,0.88
reorder,base,default,8192,8192,3,1234,8,yes,298.051,334.356,3.61,0.89
reorder,base,default,8192,8192,3,1234,9,yes,287.329,344.695,3.50,0.83
reorder,base,default,8192,8192,3,1234,10,yes,309.105,329.128,3.67,0.94
reorder,base,default,8192,8192,3,1234,11,yes,306.634,329.736,3.66,0.93
reorder,base,default,8192,8192,3,1234,12,yes,295.921,339.437,3.56,0.87
reorder,base,default,8192,8192,3,1234,13,yes,301.742,328.745,3.67,0.92
reorder,base,default,8192,8192,3,1234,14,yes,311.387,329.031,3.67,0.95
reorder,base,default,8192,8192,3,1234,15,yes,312.371,328.974,3.67,0.95
reorder,base,default,8192,8192,3,1234,16,yes,305.223,333.586,3.62,0.91
reorder,base,default,8192,8192,3,1234,17,yes,305.107,333.193,3.63,0.92
reorder,base,default,8192,8192,3,1234,18,yes,285.915,329.151,3.67,0.87
reorder,base,default,8192,8192,3,1234,19,yes,305.820,341.308,3.54,0.90
reorder,base,default,8192,8192,3,1234,20,yes,306.242,335.517,3.60,0.91
reorder,base,default,16384,16384,3,1234,1,yes,1232.147,1338.241,3.61,0.92
reorder,base,default,16384,16384,3,1234,2,yes,1247.662,1335.378,3.62,0.93
reorder,base,default,16384,16384,3,1234,3,yes,1194.256,1337.069,3.61,0.89
reorder,base,default,16384,16384,3,1234,4,yes,1206.397,1324.206,3.65,0.91
reorder,base,default,16384,16384,3,1234,5,yes,1194.485,1430.745,3.38,0.83
reorder,base,default,16384,16384,3,1234,6,yes,1155.442,1356.827,3.56,0.85
reorder,base,default,16384,16384,3,1234,7,yes,1181.431,1334.978,3.62,0.88
reorder,base,default,16384,16384,3,1234,8,yes,1228.147,1327.820,3.64,0.92
reorder,base,default,16384,16384,3,1234,9,yes,1139.620,1320.047,3.66,0.86
reorder,base,default,16384,16384,3,1234,10,yes,1142.983,1323.575,3.65,0.86
reorder,base,default,16384,16384,3,1234,11,yes,1213.159,1336.646,3.61,0.91
reorder,base,default,16384,16384,3,1234,12,yes,1207.001,1362.663,3.55,0.89
reorder,base,default,16384,16384,3,1234,13,yes,1204.751,1331.560,3.63,0.90
reorder,base,default,16384,16384,3,1234,14,yes,1217.192,1334.882,3.62,0.91
reorder,base,default,16384,16384,3,1234,15,yes,1151.857,1341.848,3.60,0.86
reorder,base,default,16384,16384,3,1234,16,yes,1154.701,1350.378,3.58,0.86
reorder,base,default,16384,16384,3,1234,17,yes,1215.101,1325.290,3.65,0.92
reorder,base,default,16384,16384,3,1234,18,yes,1141.597,1383.054,3.49,0.83
reorder,base,default,16384,16384,3,1234,19,yes,1222.292,1334.650,3.62,0.92
reorder,base,default,16384,16384,3,1234,20,yes,1180.956,1341.565,3.60,0.88
unroll,v4,conv_unroll_v4,64,64,3,1234,1,yes,0.019,0.009,8.10,2.14
unroll,v4,conv_unroll_v4,64,64,3,1234,2,yes,0.021,0.010,7.66,2.18
unroll,v4,conv_unroll_v4,64,64,3,1234,3,yes,0.022,0.012,6.35,1.93
unroll,v4,conv_unroll_v4,64,64,3,1234,4,yes,0.042,0.020,3.73,2.15
unroll,v4,conv_unroll_v4,64,64,3,1234,5,yes,0.045,0.020,3.69,2.25
unroll,v4,conv_unroll_v4,64,64,3,1234,6,yes,0.038,0.020,3.74,1.93
unroll,v4,conv_unroll_v4,64,64,3,1234,7,yes,0.038,0.020,3.74,1.92
unroll,v4,conv_unroll_v4,64,64,3,1234,8,yes,0.046,0.020,3.71,2.30
unroll,v4,conv_unroll_v4,64,64,3,1234,9,yes,0.038,0.020,3.73,1.91
unroll,v4,conv_unroll_v4,64,64,3,1234,10,yes,0.046,0.020,3.72,2.31
unroll,v4,conv_unroll_v4,64,64,3,1234,11,yes,0.038,0.020,3.75,1.92
unroll,v4,conv_unroll_v4,64,64,3,1234,12,yes,0.046,0.020,3.75,2.33
unroll,v4,conv_unroll_v4,64,64,3,1234,13,yes,0.045,0.020,3.74,2.29
unroll,v4,conv_unroll_v4,64,64,3,1234,14,yes,0.046,0.020,3.72,2.31
unroll,v4,conv_unroll_v4,64,64,3,1234,15,yes,0.046,0.020,3.74,2.32
unroll,v4,conv_unroll_v4,64,64,3,1234,16,yes,0.038,0.020,3.72,1.92
unroll,v4,conv_unroll_v4,64,64,3,1234,17,yes,0.040,0.019,3.94,2.15
unroll,v4,conv_unroll_v4,64,64,3,1234,18,yes,0.043,0.018,4.08,2.38
unroll,v4,conv_unroll_v4,64,64,3,1234,19,yes,0.036,0.019,3.94,1.92
unroll,v4,conv_unroll_v4,64,64,3,1234,20,yes,0.036,0.019,3.93,1.92
unroll,v4,conv_unroll_v4,128,128,3,1234,1,yes,0.149,0.075,3.92,1.98
unroll,v4,conv_unroll_v4,128,128,3,1234,2,yes,0.178,0.071,4.15,2.51
unroll,v4,conv_unroll_v4,128,128,3,1234,3,yes,0.170,0.065,4.57,2.64
unroll,v4,conv_unroll_v4,128,128,3,1234,4,yes,0.147,0.059,5.02,2.50
unroll,v4,conv_unroll_v4,128,128,3,1234,5,yes,0.133,0.056,5.24,2.36
unroll,v4,conv_unroll_v4,128,128,3,1234,6,yes,0.097,0.047,6.34,2.08
unroll,v4,conv_unroll_v4,128,128,3,1234,7,yes,0.109,0.045,6.54,2.42
unroll,v4,conv_unroll_v4,128,128,3,1234,8,yes,0.114,0.046,6.35,2.44
unroll,v4,conv_unroll_v4,128,128,3,1234,9,yes,0.090,0.045,6.59,2.01
unroll,v4,conv_unroll_v4,128,128,3,1234,10,yes,0.083,0.041,7.20,2.02
unroll,v4,conv_unroll_v4,128,128,3,1234,11,yes,0.077,0.040,7.42,1.93
unroll,v4,conv_unroll_v4,128,128,3,1234,12,yes,0.079,0.039,7.66,2.04
unroll,v4,conv_unroll_v4,128,128,3,1234,13,yes,0.090,0.036,8.28,2.52
unroll,v4,conv_unroll_v4,128,128,3,1234,14,yes,0.077,0.035,8.31,2.16
unroll,v4,conv_unroll_v4,128,128,3,1234,15,yes,0.081,0.037,8.06,2.22
unroll,v4,conv_unroll_v4,128,128,3,1234,16,yes,0.068,0.035,8.32,1.93
unroll,v4,conv_unroll_v4,128,128,3,1234,17,yes,0.066,0.036,8.25,1.86
unroll,v4,conv_unroll_v4,128,128,3,1234,18,yes,0.081,0.035,8.33,2.28
unroll,v4,conv_unroll_v4,128,128,3,1234,19,yes,0.081,0.036,8.28,2.27
unroll,v4,conv_unroll_v4,128,128,3,1234,20,yes,0.066,0.036,8.30,1.86
unroll,v4,conv_unroll_v4,256,256,3,1234,1,yes,0.262,0.142,8.30,1.84
unroll,v4,conv_unroll_v4,256,256,3,1234,2,yes,0.321,0.142,8.31,2.26
unroll,v4,conv_unroll_v4,256,256,3,1234,3,yes,0.278,0.142,8.32,1.96
unroll,v4,conv_unroll_v4,256,256,3,1234,4,yes,0.293,0.142,8.32,2.07
unroll,v4,conv_unroll_v4,256,256,3,1234,5,yes,0.314,0.142,8.31,2.21
unroll,v4,conv_unroll_v4,256,256,3,1234,6,yes,0.321,0.142,8.31,2.26
unroll,v4,conv_unroll_v4,256,256,3,1234,7,yes,0.299,0.142,8.31,2.11
unroll,v4,conv_unroll_v4,256,256,3,1234,8,yes,0.281,0.142,8.28,1.97
unroll,v4,conv_unroll_v4,256,256,3,1234,9,yes,0.262,0.142,8.30,1.85
unroll,v4,conv_unroll_v4,256,256,3,1234,10,yes,0.321,0.142,8.31,2.26
unroll,v4,conv_unroll_v4,256,256,3,1234,11,yes,0.330,0.142,8.31,2.32
unroll,v4,conv_unroll_v4,256,256,3,1234,12,yes,0.268,0.142,8.32,1.89
unroll,v4,conv_unroll_v4,256,256,3,1234,13,yes,0.262,0.143,8.25,1.83
unroll,v4,conv_unroll_v4,256,256,3,1234,14,yes,0.296,0.142,8.30,2.09
unroll,v4,conv_unroll_v4,256,256,3,1234,15,yes,0.321,0.142,8.30,2.26
unroll,v4,conv_unroll_v4,256,256,3,1234,16,yes,0.321,0.144,8.20,2.23
unroll,v4,conv_unroll_v4,256,256,3,1234,17,yes,0.297,0.142,8.30,2.09
unroll,v4,conv_unroll_v4,256,256,3,1234,18,yes,0.269,0.142,8.30,1.89
unroll,v4,conv_unroll_v4,256,256,3,1234,19,yes,0.322,0.180,6.55,1.78
unroll,v4,conv_unroll_v4,256,256,3,1234,20,yes,0.298,0.143,8.28,2.09
unroll,v4,conv_unroll_v4,512,512,3,1234,1,yes,1.230,0.593,7.96,2.08
unroll,v4,conv_unroll_v4,512,512,3,1234,2,yes,1.282,0.595,7.94,2.16
unroll,v4,conv_unroll_v4,512,512,3,1234,3,yes,1.264,0.592,7.97,2.14
unroll,v4,conv_unroll_v4,512,512,3,1234,4,yes,1.142,0.596,7.91,1.91
unroll,v4,conv_unroll_v4,512,512,3,1234,5,yes,1.224,0.596,7.92,2.05
unroll,v4,conv_unroll_v4,512,512,3,1234,6,yes,1.256,0.595,7.93,2.11
unroll,v4,conv_unroll_v4,512,512,3,1234,7,yes,1.210,0.594,7.95,2.04
unroll,v4,conv_unroll_v4,512,512,3,1234,8,yes,1.178,0.595,7.93,1.98
unroll,v4,conv_unroll_v4,512,512,3,1234,9,yes,1.163,0.593,7.96,1.96
unroll,v4,conv_unroll_v4,512,512,3,1234,10,yes,1.207,0.596,7.91,2.02
unroll,v4,conv_unroll_v4,512,512,3,1234,11,yes,1.236,0.594,7.94,2.08
unroll,v4,conv_unroll_v4,512,512,3,1234,12,yes,1.183,0.600,7.87,1.97
unroll,v4,conv_unroll_v4,512,512,3,1234,13,yes,1.283,0.593,7.96,2.16
unroll,v4,conv_unroll_v4,512,512,3,1234,14,yes,1.193,0.593,7.95,2.01
unroll,v4,conv_unroll_v4,512,512,3,1234,15,yes,1.250,0.595,7.94,2.10
unroll,v4,conv_unroll_v4,512,512,3,1234,16,yes,1.277,0.597,7.90,2.14
unroll,v4,conv_unroll_v4,512,512,3,1234,17,yes,1.280,0.592,7.96,2.16
unroll,v4,conv_unroll_v4,512,512,3,1234,18,yes,1.192,0.596,7.92,2.00
unroll,v4,conv_unroll_v4,512,512,3,1234,19,yes,1.159,0.591,7.99,1.96
unroll,v4,conv_unroll_v4,512,512,3,1234,20,yes,1.286,0.596,7.92,2.16
unroll,v4,conv_unroll_v4,1024,1024,3,1234,1,yes,4.909,2.496,7.56,1.97
unroll,v4,conv_unroll_v4,1024,1024,3,1234,2,yes,4.885,2.495,7.56,1.96
unroll,v4,conv_unroll_v4,1024,1024,3,1234,3,yes,4.885,2.496,7.56,1.96
unroll,v4,conv_unroll_v4,1024,1024,3,1234,4,yes,4.949,2.487,7.59,1.99
unroll,v4,conv_unroll_v4,1024,1024,3,1234,5,yes,4.458,2.489,7.58,1.79
unroll,v4,conv_unroll_v4,1024,1024,3,1234,6,yes,4.850,2.497,7.56,1.94
unroll,v4,conv_unroll_v4,1024,1024,3,1234,7,yes,4.759,2.496,7.56,1.91
unroll,v4,conv_unroll_v4,1024,1024,3,1234,8,yes,4.683,2.494,7.57,1.88
unroll,v4,conv_unroll_v4,1024,1024,3,1234,9,yes,4.695,2.492,7.57,1.88
unroll,v4,conv_unroll_v4,1024,1024,3,1234,10,yes,4.858,2.495,7.56,1.95
unroll,v4,conv_unroll_v4,1024,1024,3,1234,11,yes,4.848,2.492,7.58,1.95
unroll,v4,conv_unroll_v4,1024,1024,3,1234,12,yes,4.866,2.487,7.59,1.96
unroll,v4,conv_unroll_v4,1024,1024,3,1234,13,yes,5.116,2.495,7.56,2.05
unroll,v4,conv_unroll_v4,1024,1024,3,1234,14,yes,4.905,2.490,7.58,1.97
unroll,v4,conv_unroll_v4,1024,1024,3,1234,15,yes,4.629,2.495,7.56,1.86
unroll,v4,conv_unroll_v4,1024,1024,3,1234,16,yes,4.825,2.488,7.59,1.94
unroll,v4,conv_unroll_v4,1024,1024,3,1234,17,yes,4.917,2.488,7.59,1.98
unroll,v4,conv_unroll_v4,1024,1024,3,1234,18,yes,4.805,2.492,7.58,1.93
unroll,v4,conv_unroll_v4,1024,1024,3,1234,19,yes,4.296,2.499,7.55,1.72
unroll,v4,conv_unroll_v4,1024,1024,3,1234,20,yes,4.877,2.493,7.57,1.96
unroll,v4,conv_unroll_v4,2048,2048,3,1234,1,yes,18.139,10.009,7.54,1.81
unroll,v4,conv_unroll_v4,2048,2048,3,1234,2,yes,19.499,9.996,7.55,1.95
unroll,v4,conv_unroll_v4,2048,2048,3,1234,3,yes,18.736,10.024,7.53,1.87
unroll,v4,conv_unroll_v4,2048,2048,3,1234,4,yes,19.223,9.978,7.57,1.93
unroll,v4,conv_unroll_v4,2048,2048,3,1234,5,yes,17.654,10.009,7.54,1.76
unroll,v4,conv_unroll_v4,2048,2048,3,1234,6,yes,17.823,9.981,7.56,1.79
unroll,v4,conv_unroll_v4,2048,2048,3,1234,7,yes,19.347,10.090,7.48,1.92
unroll,v4,conv_unroll_v4,2048,2048,3,1234,8,yes,19.378,10.047,7.51,1.93
unroll,v4,conv_unroll_v4,2048,2048,3,1234,9,yes,19.324,10.126,7.46,1.91
unroll,v4,conv_unroll_v4,2048,2048,3,1234,10,yes,19.166,10.030,7.53,1.91
unroll,v4,conv_unroll_v4,2048,2048,3,1234,11,yes,18.045,10.024,7.53,1.80
unroll,v4,conv_unroll_v4,2048,2048,3,1234,12,yes,17.977,9.980,7.56,1.80
unroll,v4,conv_unroll_v4,2048,2048,3,1234,13,yes,19.277,10.098,7.48,1.91
unroll,v4,conv_unroll_v4,2048,2048,3,1234,14,yes,19.146,9.989,7.56,1.92
unroll,v4,conv_unroll_v4,2048,2048,3,1234,15,yes,17.620,9.974,7.57,1.77
unroll,v4,conv_unroll_v4,2048,2048,3,1234,16,yes,19.608,9.982,7.56,1.96
unroll,v4,conv_unroll_v4,2048,2048,3,1234,17,yes,19.369,9.979,7.57,1.94
unroll,v4,conv_unroll_v4,2048,2048,3,1234,18,yes,19.825,9.984,7.56,1.99
unroll,v4,conv_unroll_v4,2048,2048,3,1234,19,yes,19.540,9.998,7.55,1.95
unroll,v4,conv_unroll_v4,2048,2048,3,1234,20,yes,18.721,9.984,7.56,1.87
unroll,v4,conv_unroll_v4,4096,4096,3,1234,1,yes,77.347,38.752,7.79,2.00
unroll,v4,conv_unroll_v4,4096,4096,3,1234,2,yes,75.845,38.729,7.80,1.96
unroll,v4,conv_unroll_v4,4096,4096,3,1234,3,yes,76.264,38.734,7.80,1.97
unroll,v4,conv_unroll_v4,4096,4096,3,1234,4,yes,75.107,38.598,7.82,1.95
unroll,v4,conv_unroll_v4,4096,4096,3,1234,5,yes,76.784,38.716,7.80,1.98
unroll,v4,conv_unroll_v4,4096,4096,3,1234,6,yes,78.320,38.717,7.80,2.02
unroll,v4,conv_unroll_v4,4096,4096,3,1234,7,yes,78.571,38.724,7.80,2.03
unroll,v4,conv_unroll_v4,4096,4096,3,1234,8,yes,75.586,39.033,7.74,1.94
unroll,v4,conv_unroll_v4,4096,4096,3,1234,9,yes,77.039,38.950,7.75,1.98
unroll,v4,conv_unroll_v4,4096,4096,3,1234,10,yes,75.143,39.016,7.74,1.93
unroll,v4,conv_unroll_v4,4096,4096,3,1234,11,yes,76.803,39.036,7.74,1.97
unroll,v4,conv_unroll_v4,4096,4096,3,1234,12,yes,74.306,38.798,7.78,1.92
unroll,v4,conv_unroll_v4,4096,4096,3,1234,13,yes,75.583,38.866,7.77,1.94
unroll,v4,conv_unroll_v4,4096,4096,3,1234,14,yes,76.768,38.681,7.81,1.98
unroll,v4,conv_unroll_v4,4096,4096,3,1234,15,yes,74.460,38.492,7.85,1.93
unroll,v4,conv_unroll_v4,4096,4096,3,1234,16,yes,75.404,38.781,7.79,1.94
unroll,v4,conv_unroll_v4,4096,4096,3,1234,17,yes,73.346,38.769,7.79,1.89
unroll,v4,conv_unroll_v4,4096,4096,3,1234,18,yes,75.872,38.760,7.79,1.96
unroll,v4,conv_unroll_v4,4096,4096,3,1234,19,yes,76.497,38.794,7.78,1.97
unroll,v4,conv_unroll_v4,4096,4096,3,1234,20,yes,76.777,38.603,7.82,1.99
unroll,v4,conv_unroll_v4,8192,8192,3,1234,1,yes,288.559,142.294,8.49,2.03
unroll,v4,conv_unroll_v4,8192,8192,3,1234,2,yes,295.627,142.131,8.50,2.08
unroll,v4,conv_unroll_v4,8192,8192,3,1234,3,yes,302.797,142.269,8.49,2.13
unroll,v4,conv_unroll_v4,8192,8192,3,1234,4,yes,296.129,141.728,8.52,2.09
unroll,v4,conv_unroll_v4,8192,8192,3,1234,5,yes,292.435,141.961,8.51,2.06
unroll,v4,conv_unroll_v4,8192,8192,3,1234,6,yes,309.807,141.847,8.52,2.18
unroll,v4,conv_unroll_v4,8192,8192,3,1234,7,yes,307.436,141.394,8.54,2.17
unroll,v4,conv_unroll_v4,8192,8192,3,1234,8,yes,310.718,141.571,8.53,2.19
unroll,v4,conv_unroll_v4,8192,8192,3,1234,9,yes,305.656,142.694,8.47,2.14
unroll,v4,conv_unroll_v4,8192,8192,3,1234,10,yes,301.831,143.332,8.43,2.11
unroll,v4,conv_unroll_v4,8192,8192,3,1234,11,yes,286.957,143.171,8.44,2.00
unroll,v4,conv_unroll_v4,8192,8192,3,1234,12,yes,302.073,142.592,8.47,2.12
unroll,v4,conv_unroll_v4,8192,8192,3,1234,13,yes,297.390,142.496,8.48,2.09
unroll,v4,conv_unroll_v4,8192,8192,3,1234,14,yes,302.346,142.182,8.50,2.13
unroll,v4,conv_unroll_v4,8192,8192,3,1234,15,yes,305.236,141.914,8.51,2.15
unroll,v4,conv_unroll_v4,8192,8192,3,1234,16,yes,287.615,141.551,8.53,2.03
unroll,v4,conv_unroll_v4,8192,8192,3,1234,17,yes,287.943,141.886,8.51,2.03
unroll,v4,conv_unroll_v4,8192,8192,3,1234,18,yes,301.157,142.272,8.49,2.12
unroll,v4,conv_unroll_v4,8192,8192,3,1234,19,yes,309.087,143.370,8.43,2.16
unroll,v4,conv_unroll_v4,8192,8192,3,1234,20,yes,296.619,141.745,8.52,2.09
unroll,v4,conv_unroll_v4,16384,16384,3,1234,1,yes,1207.844,572.683,8.44,2.11
unroll,v4,conv_unroll_v4,16384,16384,3,1234,2,yes,1171.618,573.395,8.43,2.04
unroll,v4,conv_unroll_v4,16384,16384,3,1234,3,yes,1168.933,573.442,8.43,2.04
unroll,v4,conv_unroll_v4,16384,16384,3,1234,4,yes,1191.208,572.822,8.44,2.08
unroll,v4,conv_unroll_v4,16384,16384,3,1234,5,yes,1204.886,573.276,8.43,2.10
unroll,v4,conv_unroll_v4,16384,16384,3,1234,6,yes,1199.927,573.400,8.43,2.09
unroll,v4,conv_unroll_v4,16384,16384,3,1234,7,yes,1231.431,573.477,8.43,2.15
unroll,v4,conv_unroll_v4,16384,16384,3,1234,8,yes,1227.464,574.460,8.41,2.14
unroll,v4,conv_unroll_v4,16384,16384,3,1234,9,yes,1144.688,572.530,8.44,2.00
unroll,v4,conv_unroll_v4,16384,16384,3,1234,10,yes,1223.870,571.397,8.46,2.14
unroll,v4,conv_unroll_v4,16384,16384,3,1234,11,yes,1141.926,574.175,8.42,1.99
unroll,v4,conv_unroll_v4,16384,16384,3,1234,12,yes,1234.932,570.895,8.46,2.16
unroll,v4,conv_unroll_v4,16384,16384,3,1234,13,yes,1189.297,572.230,8.44,2.08
unroll,v4,conv_unroll_v4,16384,16384,3,1234,14,yes,1203.114,571.807,8.45,2.10
unroll,v4,conv_unroll_v4,16384,16384,3,1234,15,yes,1228.826,570.440,8.47,2.15
unroll,v4,conv_unroll_v4,16384,16384,3,1234,16,yes,1145.890,571.659,8.45,2.00
unroll,v4,conv_unroll_v4,16384,16384,3,1234,17,yes,1166.772,571.527,8.45,2.04
unroll,v4,conv_unroll_v4,16384,16384,3,1234,18,yes,1235.228,572.094,8.45,2.16
unroll,v4,conv_unroll_v4,16384,16384,3,1234,19,yes,1231.363,576.130,8.39,2.14
unroll,v4,conv_unroll_v4,16384,16384,3,1234,20,yes,1229.056,572.246,8.44,2.15
unroll,v5,conv_unroll_v5,64,64,3,1234,1,yes,0.022,0.006,11.43,3.35
unroll,v5,conv_unroll_v5,64,64,3,1234,2,yes,0.019,0.007,10.83,2.80
unroll,v5,conv_unroll_v5,64,64,3,1234,3,yes,0.022,0.007,10.19,2.99
unroll,v5,conv_unroll_v5,64,64,3,1234,4,yes,0.023,0.008,8.92,2.80
unroll,v5,conv_unroll_v5,64,64,3,1234,5,yes,0.026,0.010,7.50,2.64
unroll,v5,conv_unroll_v5,64,64,3,1234,6,yes,0.031,0.011,6.68,2.79
unroll,v5,conv_unroll_v5,64,64,3,1234,7,yes,0.041,0.012,6.01,3.34
unroll,v5,conv_unroll_v5,64,64,3,1234,8,yes,0.040,0.013,5.70,3.10
unroll,v5,conv_unroll_v5,64,64,3,1234,9,yes,0.046,0.014,5.33,3.30
unroll,v5,conv_unroll_v5,64,64,3,1234,10,yes,0.038,0.014,5.39,2.76
unroll,v5,conv_unroll_v5,64,64,3,1234,11,yes,0.036,0.012,6.33,3.10
unroll,v5,conv_unroll_v5,64,64,3,1234,12,yes,0.036,0.012,6.03,2.94
unroll,v5,conv_unroll_v5,64,64,3,1234,13,yes,0.038,0.011,6.64,3.43
unroll,v5,conv_unroll_v5,64,64,3,1234,14,yes,0.039,0.012,6.33,3.33
unroll,v5,conv_unroll_v5,64,64,3,1234,15,yes,0.041,0.012,6.03,3.34
unroll,v5,conv_unroll_v5,64,64,3,1234,16,yes,0.038,0.012,6.01,3.09
unroll,v5,conv_unroll_v5,64,64,3,1234,17,yes,0.038,0.014,5.38,2.77
unroll,v5,conv_unroll_v5,64,64,3,1234,18,yes,0.041,0.014,5.09,2.80
unroll,v5,conv_unroll_v5,64,64,3,1234,19,yes,0.040,0.015,5.06,2.78
unroll,v5,conv_unroll_v5,64,64,3,1234,20,yes,0.049,0.015,5.08,3.34
unroll,v5,conv_unroll_v5,128,128,3,1234,1,yes,0.219,0.061,4.81,3.58
unroll,v5,conv_unroll_v5,128,128,3,1234,2,yes,0.192,0.051,5.75,3.74
unroll,v5,conv_unroll_v5,128,128,3,1234,3,yes,0.172,0.048,6.10,3.56
unroll,v5,conv_unroll_v5,128,128,3,1234,4,yes,0.167,0.049,6.07,3.44
unroll,v5,conv_unroll_v5,128,128,3,1234,5,yes,0.126,0.042,7.05,3.01
unroll,v5,conv_unroll_v5,128,128,3,1234,6,yes,0.120,0.040,7.38,3.01
unroll,v5,conv_unroll_v5,128,128,3,1234,7,yes,0.087,0.030,9.92,2.91
unroll,v5,conv_unroll_v5,128,128,3,1234,8,yes,0.084,0.030,9.94,2.83
unroll,v5,conv_unroll_v5,128,128,3,1234,9,yes,0.076,0.027,10.91,2.83
unroll,v5,conv_unroll_v5,128,128,3,1234,10,yes,0.070,0.026,11.51,2.72
unroll,v5,conv_unroll_v5,128,128,3,1234,11,yes,0.093,0.026,11.23,3.55
unroll,v5,conv_unroll_v5,128,128,3,1234,12,yes,0.086,0.026,11.19,3.27
unroll,v5,conv_unroll_v5,128,128,3,1234,13,yes,0.096,0.027,10.88,3.54
unroll,v5,conv_unroll_v5,128,128,3,1234,14,yes,0.096,0.027,10.91,3.53
unroll,v5,conv_unroll_v5,128,128,3,1234,15,yes,0.084,0.029,10.23,2.92
unroll,v5,conv_unroll_v5,128,128,3,1234,16,yes,0.096,0.029,10.26,3.33
unroll,v5,conv_unroll_v5,128,128,3,1234,17,yes,0.066,0.024,12.16,2.74
unroll,v5,conv_unroll_v5,128,128,3,1234,18,yes,0.067,0.024,12.19,2.75
unroll,v5,conv_unroll_v5,128,128,3,1234,19,yes,0.066,0.025,11.67,2.63
unroll,v5,conv_unroll_v5,128,128,3,1234,20,yes,0.066,0.024,12.17,2.73
unroll,v5,conv_unroll_v5,256,256,3,1234,1,yes,0.279,0.098,12.08,2.86
unroll,v5,conv_unroll_v5,256,256,3,1234,2,yes,0.298,0.097,12.14,3.07
unroll,v5,conv_unroll_v5,256,256,3,1234,3,yes,0.263,0.097,12.14,2.71
unroll,v5,conv_unroll_v5,256,256,3,1234,4,yes,0.320,0.097,12.15,3.29
unroll,v5,conv_unroll_v5,256,256,3,1234,5,yes,0.320,0.097,12.14,3.29
unroll,v5,conv_unroll_v5,256,256,3,1234,6,yes,0.320,0.097,12.14,3.29
unroll,v5,conv_unroll_v5,256,256,3,1234,7,yes,0.262,0.097,12.11,2.69
unroll,v5,conv_unroll_v5,256,256,3,1234,8,yes,0.321,0.097,12.14,3.31
unroll,v5,conv_unroll_v5,256,256,3,1234,9,yes,0.283,0.097,12.13,2.91
unroll,v5,conv_unroll_v5,256,256,3,1234,10,yes,0.293,0.097,12.14,3.01
unroll,v5,conv_unroll_v5,256,256,3,1234,11,yes,0.263,0.098,12.09,2.69
unroll,v5,conv_unroll_v5,256,256,3,1234,12,yes,0.268,0.098,12.05,2.74
unroll,v5,conv_unroll_v5,256,256,3,1234,13,yes,0.269,0.100,11.80,2.69
unroll,v5,conv_unroll_v5,256,256,3,1234,14,yes,0.321,0.097,12.14,3.30
unroll,v5,conv_unroll_v5,256,256,3,1234,15,yes,0.276,0.097,12.14,2.84
unroll,v5,conv_unroll_v5,256,256,3,1234,16,yes,0.263,0.097,12.11,2.70
unroll,v5,conv_unroll_v5,256,256,3,1234,17,yes,0.296,0.097,12.14,3.05
unroll,v5,conv_unroll_v5,256,256,3,1234,18,yes,0.319,0.100,11.77,3.19
unroll,v5,conv_unroll_v5,256,256,3,1234,19,yes,0.268,0.097,12.11,2.75
unroll,v5,conv_unroll_v5,256,256,3,1234,20,yes,0.262,0.097,12.11,2.69
unroll,v5,conv_unroll_v5,512,512,3,1234,1,yes,1.160,0.389,12.14,2.99
unroll,v5,conv_unroll_v5,512,512,3,1234,2,yes,1.172,0.387,12.20,3.03
unroll,v5,conv_unroll_v5,512,512,3,1234,3,yes,1.263,0.387,12.20,3.27
unroll,v5,conv_unroll_v5,512,512,3,1234,4,yes,1.129,0.387,12.20,2.92
unroll,v5,conv_unroll_v5,512,512,3,1234,5,yes,1.227,0.386,12.21,3.18
unroll,v5,conv_unroll_v5,512,512,3,1234,6,yes,1.200,0.389,12.12,3.08
unroll,v5,conv_unroll_v5,512,512,3,1234,7,yes,1.162,0.385,12.24,3.01
unroll,v5,conv_unroll_v5,512,512,3,1234,8,yes,1.259,0.387,12.18,3.25
unroll,v5,conv_unroll_v5,512,512,3,1234,9,yes,1.134,0.386,12.22,2.94
unroll,v5,conv_unroll_v5,512,512,3,1234,10,yes,1.216,0.385,12.24,3.15
unroll,v5,conv_unroll_v5,512,512,3,1234,11,yes,1.186,0.385,12.24,3.08
unroll,v5,conv_unroll_v5,512,512,3,1234,12,yes,1.177,0.387,12.20,3.04
unroll,v5,conv_unroll_v5,512,512,3,1234,13,yes,1.279,0.386,12.21,3.31
unroll,v5,conv_unroll_v5,512,512,3,1234,14,yes,1.237,0.387,12.20,3.20
unroll,v5,conv_unroll_v5,512,512,3,1234,15,yes,1.234,0.387,12.19,3.19
unroll,v5,conv_unroll_v5,512,512,3,1234,16,yes,1.171,0.386,12.22,3.03
unroll,v5,conv_unroll_v5,512,512,3,1234,17,yes,1.289,0.387,12.20,3.33
unroll,v5,conv_unroll_v5,512,512,3,1234,18,yes,1.261,0.386,12.21,3.26
unroll,v5,conv_unroll_v5,512,512,3,1234,19,yes,1.205,0.386,12.24,3.13
unroll,v5,conv_unroll_v5,512,512,3,1234,20,yes,1.283,0.391,12.08,3.29
unroll,v5,conv_unroll_v5,1024,1024,3,1234,1,yes,4.711,1.544,12.22,3.05
unroll,v5,conv_unroll_v5,1024,1024,3,1234,2,yes,4.914,1.545,12.22,3.18
unroll,v5,conv_unroll_v5,1024,1024,3,1234,3,yes,4.452,1.545,12.22,2.88
unroll,v5,conv_unroll_v5,1024,1024,3,1234,4,yes,4.963,1.544,12.22,3.21
unroll,v5,conv_unroll_v5,1024,1024,3,1234,5,yes,4.912,1.546,12.21,3.18
unroll,v5,conv_unroll_v5,1024,1024,3,1234,6,yes,4.538,1.547,12.20,2.93
unroll,v5,conv_unroll_v5,1024,1024,3,1234,7,yes,4.683,1.547,12.20,3.03
unroll,v5,conv_unroll_v5,1024,1024,3,1234,8,yes,4.966,1.546,12.21,3.21
unroll,v5,conv_unroll_v5,1024,1024,3,1234,9,yes,4.431,1.548,12.19,2.86
unroll,v5,conv_unroll_v5,1024,1024,3,1234,10,yes,4.662,1.546,12.21,3.01
unroll,v5,conv_unroll_v5,1024,1024,3,1234,11,yes,4.523,1.544,12.22,2.93
unroll,v5,conv_unroll_v5,1024,1024,3,1234,12,yes,5.038,1.545,12.22,3.26
unroll,v5,conv_unroll_v5,1024,1024,3,1234,13,yes,4.440,1.545,12.21,2.87
unroll,v5,conv_unroll_v5,1024,1024,3,1234,14,yes,4.673,1.551,12.17,3.01
unroll,v5,conv_unroll_v5,1024,1024,3,1234,15,yes,4.803,1.559,12.11,3.08
unroll,v5,conv_unroll_v5,1024,1024,3,1234,16,yes,4.682,1.554,12.15,3.01
unroll,v5,conv_unroll_v5,1024,1024,3,1234,17,yes,4.533,1.552,12.16,2.92
unroll,v5,conv_unroll_v5,1024,1024,3,1234,18,yes,4.351,1.559,12.10,2.79
unroll,v5,conv_unroll_v5,1024,1024,3,1234,19,yes,4.867,1.543,12.23,3.15
unroll,v5,conv_unroll_v5,1024,1024,3,1234,20,yes,4.657,1.545,12.22,3.01
unroll,v5,conv_unroll_v5,2048,2048,3,1234,1,yes,17.745,6.381,11.83,2.78
unroll,v5,conv_unroll_v5,2048,2048,3,1234,2,yes,18.124,6.289,12.01,2.88
unroll,v5,conv_unroll_v5,2048,2048,3,1234,3,yes,18.292,6.401,11.79,2.86
unroll,v5,conv_unroll_v5,2048,2048,3,1234,4,yes,19.017,6.280,12.02,3.03
unroll,v5,conv_unroll_v5,2048,2048,3,1234,5,yes,17.817,6.370,11.85,2.80
unroll,v5,conv_unroll_v5,2048,2048,3,1234,6,yes,19.376,6.317,11.95,3.07
unroll,v5,conv_unroll_v5,2048,2048,3,1234,7,yes,18.652,6.290,12.00,2.97
unroll,v5,conv_unroll_v5,2048,2048,3,1234,8,yes,19.220,6.294,11.99,3.05
unroll,v5,conv_unroll_v5,2048,2048,3,1234,9,yes,18.154,6.282,12.02,2.89
unroll,v5,conv_unroll_v5,2048,2048,3,1234,10,yes,18.912,6.400,11.80,2.96
unroll,v5,conv_unroll_v5,2048,2048,3,1234,11,yes,19.153,6.405,11.79,2.99
unroll,v5,conv_unroll_v5,2048,2048,3,1234,12,yes,19.181,6.374,11.84,3.01
unroll,v5,conv_unroll_v5,2048,2048,3,1234,13,yes,19.219,6.290,12.00,3.06
unroll,v5,conv_unroll_v5,2048,2048,3,1234,14,yes,17.728,6.284,12.01,2.82
unroll,v5,conv_unroll_v5,2048,2048,3,1234,15,yes,19.247,6.292,12.00,3.06
unroll,v5,conv_unroll_v5,2048,2048,3,1234,16,yes,17.899,6.342,11.90,2.82
unroll,v5,conv_unroll_v5,2048,2048,3,1234,17,yes,19.243,6.390,11.81,3.01
unroll,v5,conv_unroll_v5,2048,2048,3,1234,18,yes,18.957,6.282,12.02,3.02
unroll,v5,conv_unroll_v5,2048,2048,3,1234,19,yes,17.791,6.280,12.02,2.83
unroll,v5,conv_unroll_v5,2048,2048,3,1234,20,yes,19.166,6.287,12.01,3.05
unroll,v5,conv_unroll_v5,4096,4096,3,1234,1,yes,74.466,25.785,11.71,2.89
unroll,v5,conv_unroll_v5,4096,4096,3,1234,2,yes,75.226,25.395,11.89,2.96
unroll,v5,conv_unroll_v5,4096,4096,3,1234,3,yes,77.458,25.301,11.94,3.06
unroll,v5,conv_unroll_v5,4096,4096,3,1234,4,yes,71.735,25.255,11.96,2.84
unroll,v5,conv_unroll_v5,4096,4096,3,1234,5,yes,75.848,25.536,11.83,2.97
unroll,v5,conv_unroll_v5,4096,4096,3,1234,6,yes,76.469,25.313,11.93,3.02
unroll,v5,conv_unroll_v5,4096,4096,3,1234,7,yes,71.514,25.290,11.94,2.83
unroll,v5,conv_unroll_v5,4096,4096,3,1234,8,yes,77.073,25.673,11.76,3.00
unroll,v5,conv_unroll_v5,4096,4096,3,1234,9,yes,76.065,25.479,11.85,2.99
unroll,v5,conv_unroll_v5,4096,4096,3,1234,10,yes,77.545,25.257,11.96,3.07
unroll,v5,conv_unroll_v5,4096,4096,3,1234,11,yes,72.031,25.260,11.96,2.85
unroll,v5,conv_unroll_v5,4096,4096,3,1234,12,yes,71.537,25.264,11.95,2.83
unroll,v5,conv_unroll_v5,4096,4096,3,1234,13,yes,72.239,25.510,11.84,2.83
unroll,v5,conv_unroll_v5,4096,4096,3,1234,14,yes,75.715,25.270,11.95,3.00
unroll,v5,conv_unroll_v5,4096,4096,3,1234,15,yes,72.125,25.258,11.96,2.86
unroll,v5,conv_unroll_v5,4096,4096,3,1234,16,yes,73.130,25.807,11.70,2.83
unroll,v5,conv_unroll_v5,4096,4096,3,1234,17,yes,72.422,25.215,11.98,2.87
unroll,v5,conv_unroll_v5,4096,4096,3,1234,18,yes,72.538,25.297,11.94,2.87
unroll,v5,conv_unroll_v5,4096,4096,3,1234,19,yes,71.417,25.261,11.95,2.83
unroll,v5,conv_unroll_v5,4096,4096,3,1234,20,yes,76.106,25.210,11.98,3.02
unroll,v5,conv_unroll_v5,8192,8192,3,1234,1,yes,285.301,103.200,11.71,2.76
unroll,v5,conv_unroll_v5,8192,8192,3,1234,2,yes,299.901,103.326,11.69,2.90
unroll,v5,conv_unroll_v5,8192,8192,3,1234,3,yes,306.881,102.868,11.74,2.98
unroll,v5,conv_unroll_v5,8192,8192,3,1234,4,yes,298.821,103.220,11.70,2.89
unroll,v5,conv_unroll_v5,8192,8192,3,1234,5,yes,294.596,103.001,11.73,2.86
unroll,v5,conv_unroll_v5,8192,8192,3,1234,6,yes,302.991,102.810,11.75,2.95
unroll,v5,conv_unroll_v5,8192,8192,3,1234,7,yes,292.147,103.503,11.67,2.82
unroll,v5,conv_unroll_v5,8192,8192,3,1234,8,yes,304.454,103.329,11.69,2.95
unroll,v5,conv_unroll_v5,8192,8192,3,1234,9,yes,301.926,102.277,11.81,2.95
unroll,v5,conv_unroll_v5,8192,8192,3,1234,10,yes,306.939,102.374,11.80,3.00
unroll,v5,conv_unroll_v5,8192,8192,3,1234,11,yes,287.782,102.340,11.80,2.81
unroll,v5,conv_unroll_v5,8192,8192,3,1234,12,yes,306.729,102.001,11.84,3.01
unroll,v5,conv_unroll_v5,8192,8192,3,1234,13,yes,306.424,102.903,11.74,2.98
unroll,v5,conv_unroll_v5,8192,8192,3,1234,14,yes,305.366,102.249,11.81,2.99
unroll,v5,conv_unroll_v5,8192,8192,3,1234,15,yes,307.066,103.072,11.72,2.98
unroll,v5,conv_unroll_v5,8192,8192,3,1234,16,yes,300.871,102.348,11.80,2.94
unroll,v5,conv_unroll_v5,8192,8192,3,1234,17,yes,292.641,102.294,11.81,2.86
unroll,v5,conv_unroll_v5,8192,8192,3,1234,18,yes,310.278,102.241,11.81,3.03
unroll,v5,conv_unroll_v5,8192,8192,3,1234,19,yes,291.924,102.093,11.83,2.86
unroll,v5,conv_unroll_v5,8192,8192,3,1234,20,yes,296.766,102.201,11.82,2.90
unroll,v5,conv_unroll_v5,16384,16384,3,1234,1,yes,1245.214,426.734,11.32,2.92
unroll,v5,conv_unroll_v5,16384,16384,3,1234,2,yes,1140.720,428.367,11.28,2.66
unroll,v5,conv_unroll_v5,16384,16384,3,1234,3,yes,1210.473,426.351,11.33,2.84
unroll,v5,conv_unroll_v5,16384,16384,3,1234,4,yes,1149.384,427.401,11.31,2.69
unroll,v5,conv_unroll_v5,16384,16384,3,1234,5,yes,1182.078,428.713,11.27,2.76
unroll,v5,conv_unroll_v5,16384,16384,3,1234,6,yes,1219.781,428.611,11.27,2.85
unroll,v5,conv_unroll_v5,16384,16384,3,1234,7,yes,1161.789,429.956,11.24,2.70
unroll,v5,conv_unroll_v5,16384,16384,3,1234,8,yes,1225.728,432.062,11.18,2.84
unroll,v5,conv_unroll_v5,16384,16384,3,1234,9,yes,1226.835,431.550,11.20,2.84
unroll,v5,conv_unroll_v5,16384,16384,3,1234,10,yes,1150.693,425.746,11.35,2.70
unroll,v5,conv_unroll_v5,16384,16384,3,1234,11,yes,1231.631,429.376,11.25,2.87
unroll,v5,conv_unroll_v5,16384,16384,3,1234,12,yes,1146.456,431.142,11.21,2.66
unroll,v5,conv_unroll_v5,16384,16384,3,1234,13,yes,1191.888,428.361,11.28,2.78
unroll,v5,conv_unroll_v5,16384,16384,3,1234,14,yes,1188.782,426.427,11.33,2.79
unroll,v5,conv_unroll_v5,16384,16384,3,1234,15,yes,1242.522,426.429,11.33,2.91
unroll,v5,conv_unroll_v5,16384,16384,3,1234,16,yes,1140.771,426.237,11.34,2.68
unroll,v5,conv_unroll_v5,16384,16384,3,1234,17,yes,1233.391,426.165,11.34,2.89
unroll,v5,conv_unroll_v5,16384,16384,3,1234,18,yes,1243.278,426.006,11.34,2.92
unroll,v5,conv_unroll_v5,16384,16384,3,1234,19,yes,1160.963,425.990,11.34,2.73
unroll,v5,conv_unroll_v5,16384,16384,3,1234,20,yes,1210.220,425.977,11.34,2.84
simd,simd128_v2,conv_simd128_v2,64,64,3,1234,1,yes,0.037,0.009,8.61,4.31
simd,simd128_v2,conv_simd128_v2,64,64,3,1234,2,yes,0.038,0.010,7.10,3.64
simd,simd128_v2,conv_simd128_v2,64,64,3,1234,3,yes,0.056,0.014,5.43,4.09
simd,simd128_v2,conv_simd128_v2,64,64,3,1234,4,yes,0.038,0.010,7.09,3.66
simd,simd128_v2,conv_simd128_v2,64,64,3,1234,5,yes,0.040,0.011,6.68,3.67
simd,simd128_v2,conv_simd128_v2,64,64,3,1234,6,yes,0.045,0.011,6.51,3.98
simd,simd128_v2,conv_simd128_v2,64,64,3,1234,7,yes,0.040,0.011,6.56,3.60
simd,simd128_v2,conv_simd128_v2,64,64,3,1234,8,yes,0.040,0.011,6.67,3.66
simd,simd128_v2,conv_simd128_v2,64,64,3,1234,9,yes,0.043,0.011,6.67,3.86
simd,simd128_v2,conv_simd128_v2,64,64,3,1234,10,yes,0.040,0.011,6.57,3.58
simd,simd128_v2,conv_simd128_v2,64,64,3,1234,11,yes,0.043,0.012,6.22,3.64
simd,simd128_v2,conv_simd128_v2,64,64,3,1234,12,yes,0.045,0.011,6.68,4.08
simd,simd128_v2,conv_simd128_v2,64,64,3,1234,13,yes,0.043,0.012,6.17,3.60
simd,simd128_v2,conv_simd128_v2,64,64,3,1234,14,yes,0.045,0.011,6.56,4.01
simd,simd128_v2,conv_simd128_v2,64,64,3,1234,15,yes,0.038,0.011,6.68,3.45
simd,simd128_v2,conv_simd128_v2,64,64,3,1234,16,yes,0.048,0.011,6.56,4.31
simd,simd128_v2,conv_simd128_v2,64,64,3,1234,17,yes,0.049,0.011,6.56,4.32
simd,simd128_v2,conv_simd128_v2,64,64,3,1234,18,yes,0.043,0.012,6.27,3.67
simd,simd128_v2,conv_simd128_v2,64,64,3,1234,19,yes,0.041,0.011,6.97,3.89
simd,simd128_v2,conv_simd128_v2,64,64,3,1234,20,yes,0.040,0.011,6.57,3.61
simd,simd128_v2,conv_simd128_v2,128,128,3,1234,1,yes,0.192,0.050,5.93,3.86
simd,simd128_v2,conv_simd128_v2,128,128,3,1234,2,yes,0.190,0.039,7.52,4.84
simd,simd128_v2,conv_simd128_v2,128,128,3,1234,3,yes,0.148,0.035,8.41,4.22
simd,simd128_v2,conv_simd128_v2,128,128,3,1234,4,yes,0.146,0.034,8.67,4.29
simd,simd128_v2,conv_simd128_v2,128,128,3,1234,5,yes,0.143,0.032,9.09,4.40
simd,simd128_v2,conv_simd128_v2,128,128,3,1234,6,yes,0.132,0.030,9.86,4.42
simd,simd128_v2,conv_simd128_v2,128,128,3,1234,7,yes,0.118,0.029,10.32,4.13
simd,simd128_v2,conv_simd128_v2,128,128,3,1234,8,yes,0.121,0.028,10.66,4.36
simd,simd128_v2,conv_simd128_v2,128,128,3,1234,9,yes,0.114,0.025,11.84,4.57
simd,simd128_v2,conv_simd128_v2,128,128,3,1234,10,yes,0.093,0.025,11.89,3.77
simd,simd128_v2,conv_simd128_v2,128,128,3,1234,11,yes,0.110,0.025,11.86,4.41
simd,simd128_v2,conv_simd128_v2,128,128,3,1234,12,yes,0.097,0.020,15.04,4.95
simd,simd128_v2,conv_simd128_v2,128,128,3,1234,13,yes,0.090,0.022,13.46,4.10
simd,simd128_v2,conv_simd128_v2,128,128,3,1234,14,yes,0.081,0.020,15.01,4.11
simd,simd128_v2,conv_simd128_v2,128,128,3,1234,15,yes,0.077,0.020,15.06,3.92
simd,simd128_v2,conv_simd128_v2,128,128,3,1234,16,yes,0.066,0.018,16.81,3.78
simd,simd128_v2,conv_simd128_v2,128,128,3,1234,17,yes,0.067,0.020,15.06,3.40
simd,simd128_v2,conv_simd128_v2,128,128,3,1234,18,yes,0.067,0.020,15.00,3.38
simd,simd128_v2,conv_simd128_v2,128,128,3,1234,19,yes,0.187,0.043,6.93,4.41
simd,simd128_v2,conv_simd128_v2,128,128,3,1234,20,yes,0.179,0.053,5.51,3.34
simd,simd128_v2,conv_simd128_v2,256,256,3,1234,1,yes,0.321,0.067,17.49,4.76
simd,simd128_v2,conv_simd128_v2,256,256,3,1234,2,yes,0.323,0.067,17.50,4.79
simd,simd128_v2,conv_simd128_v2,256,256,3,1234,3,yes,0.321,0.068,17.42,4.74
simd,simd128_v2,conv_simd128_v2,256,256,3,1234,4,yes,0.263,0.067,17.50,3.89
simd,simd128_v2,conv_simd128_v2,256,256,3,1234,5,yes,0.297,0.076,15.49,3.90
simd,simd128_v2,conv_simd128_v2,256,256,3,1234,6,yes,0.276,0.067,17.49,4.09
simd,simd128_v2,conv_simd128_v2,256,256,3,1234,7,yes,0.263,0.076,15.56,3.46
simd,simd128_v2,conv_simd128_v2,256,256,3,1234,8,yes,0.279,0.067,17.48,4.13
simd,simd128_v2,conv_simd128_v2,256,256,3,1234,9,yes,0.321,0.067,17.48,4.76
simd,simd128_v2,conv_simd128_v2,256,256,3,1234,10,yes,0.314,0.076,15.52,4.14
simd,simd128_v2,conv_simd128_v2,256,256,3,1234,11,yes,0.262,0.067,17.49,3.88
simd,simd128_v2,conv_simd128_v2,256,256,3,1234,12,yes,0.264,0.067,17.49,3.91
simd,simd128_v2,conv_simd128_v2,256,256,3,1234,13,yes,0.296,0.067,17.48,4.39
simd,simd128_v2,conv_simd128_v2,256,256,3,1234,14,yes,0.323,0.076,15.56,4.26
simd,simd128_v2,conv_simd128_v2,256,256,3,1234,15,yes,0.270,0.076,15.50,3.54
simd,simd128_v2,conv_simd128_v2,256,256,3,1234,16,yes,0.320,0.076,15.55,4.22
simd,simd128_v2,conv_simd128_v2,256,256,3,1234,17,yes,0.321,0.067,17.50,4.77
simd,simd128_v2,conv_simd128_v2,256,256,3,1234,18,yes,0.262,0.076,15.54,3.46
simd,simd128_v2,conv_simd128_v2,256,256,3,1234,19,yes,0.301,0.067,17.49,4.47
simd,simd128_v2,conv_simd128_v2,256,256,3,1234,20,yes,0.266,0.067,17.50,3.95
simd,simd128_v2,conv_simd128_v2,512,512,3,1234,1,yes,1.251,0.265,17.81,4.72
simd,simd128_v2,conv_simd128_v2,512,512,3,1234,2,yes,1.171,0.267,17.68,4.39
simd,simd128_v2,conv_simd128_v2,512,512,3,1234,3,yes,1.238,0.270,17.49,4.59
simd,simd128_v2,conv_simd128_v2,512,512,3,1234,4,yes,1.163,0.265,17.84,4.40
simd,simd128_v2,conv_simd128_v2,512,512,3,1234,5,yes,1.214,0.277,17.04,4.38
simd,simd128_v2,conv_simd128_v2,512,512,3,1234,6,yes,1.050,0.270,17.48,3.89
simd,simd128_v2,conv_simd128_v2,512,512,3,1234,7,yes,1.244,0.265,17.84,4.70
simd,simd128_v2,conv_simd128_v2,512,512,3,1234,8,yes,1.171,0.265,17.84,4.43
simd,simd128_v2,conv_simd128_v2,512,512,3,1234,9,yes,1.277,0.265,17.84,4.83
simd,simd128_v2,conv_simd128_v2,512,512,3,1234,10,yes,1.281,0.264,17.84,4.85
simd,simd128_v2,conv_simd128_v2,512,512,3,1234,11,yes,1.130,0.265,17.79,4.26
simd,simd128_v2,conv_simd128_v2,512,512,3,1234,12,yes,1.173,0.274,17.23,4.29
simd,simd128_v2,conv_simd128_v2,512,512,3,1234,13,yes,1.235,0.265,17.84,4.67
simd,simd128_v2,conv_simd128_v2,512,512,3,1234,14,yes,1.076,0.274,17.21,3.92
simd,simd128_v2,conv_simd128_v2,512,512,3,1234,15,yes,1.065,0.291,16.19,3.65
simd,simd128_v2,conv_simd128_v2,512,512,3,1234,16,yes,1.050,0.266,17.74,3.95
simd,simd128_v2,conv_simd128_v2,512,512,3,1234,17,yes,1.140,0.285,16.56,4.00
simd,simd128_v2,conv_simd128_v2,512,512,3,1234,18,yes,1.178,0.264,17.84,4.45
simd,simd128_v2,conv_simd128_v2,512,512,3,1234,19,yes,1.163,0.266,17.76,4.38
simd,simd128_v2,conv_simd128_v2,512,512,3,1234,20,yes,1.140,0.292,16.18,3.91
simd,simd128_v2,conv_simd128_v2,1024,1024,3,1234,1,yes,4.695,1.075,17.56,4.37
simd,simd128_v2,conv_simd128_v2,1024,1024,3,1234,2,yes,4.307,1.135,16.63,3.79
simd,simd128_v2,conv_simd128_v2,1024,1024,3,1234,3,yes,4.899,1.055,17.89,4.64
simd,simd128_v2,conv_simd128_v2,1024,1024,3,1234,4,yes,4.815,1.053,17.93,4.57
simd,simd128_v2,conv_simd128_v2,1024,1024,3,1234,5,yes,4.996,1.089,17.33,4.59
simd,simd128_v2,conv_simd128_v2,1024,1024,3,1234,6,yes,4.751,1.068,17.67,4.45
simd,simd128_v2,conv_simd128_v2,1024,1024,3,1234,7,yes,5.066,1.053,17.93,4.81
simd,simd128_v2,conv_simd128_v2,1024,1024,3,1234,8,yes,4.978,1.054,17.90,4.72
simd,simd128_v2,conv_simd128_v2,1024,1024,3,1234,9,yes,4.711,1.054,17.91,4.47
simd,simd128_v2,conv_simd128_v2,1024,1024,3,1234,10,yes,4.490,1.053,17.92,4.26
simd,simd128_v2,conv_simd128_v2,1024,1024,3,1234,11,yes,4.417,1.058,17.84,4.17
simd,simd128_v2,conv_simd128_v2,1024,1024,3,1234,12,yes,4.926,1.133,16.66,4.35
simd,simd128_v2,conv_simd128_v2,1024,1024,3,1234,13,yes,4.767,1.122,16.82,4.25
simd,simd128_v2,conv_simd128_v2,1024,1024,3,1234,14,yes,4.402,1.068,17.67,4.12
simd,simd128_v2,conv_simd128_v2,1024,1024,3,1234,15,yes,4.910,1.054,17.91,4.66
simd,simd128_v2,conv_simd128_v2,1024,1024,3,1234,16,yes,4.996,1.053,17.92,4.74
simd,simd128_v2,conv_simd128_v2,1024,1024,3,1234,17,yes,4.881,1.054,17.90,4.63
simd,simd128_v2,conv_simd128_v2,1024,1024,3,1234,18,yes,4.894,1.054,17.91,4.64
simd,simd128_v2,conv_simd128_v2,1024,1024,3,1234,19,yes,4.834,1.053,17.93,4.59
simd,simd128_v2,conv_simd128_v2,1024,1024,3,1234,20,yes,4.737,1.058,17.85,4.48
simd,simd128_v2,conv_simd128_v2,2048,2048,3,1234,1,yes,19.421,4.373,17.26,4.44
simd,simd128_v2,conv_simd128_v2,2048,2048,3,1234,2,yes,18.881,4.455,16.95,4.24
simd,simd128_v2,conv_simd128_v2,2048,2048,3,1234,3,yes,17.864,4.456,16.94,4.01
simd,simd128_v2,conv_simd128_v2,2048,2048,3,1234,4,yes,19.421,4.463,16.92,4.35
simd,simd128_v2,conv_simd128_v2,2048,2048,3,1234,5,yes,19.365,4.469,16.89,4.33
simd,simd128_v2,conv_simd128_v2,2048,2048,3,1234,6,yes,19.259,4.465,16.91,4.31
simd,simd128_v2,conv_simd128_v2,2048,2048,3,1234,7,yes,18.961,4.499,16.78,4.21
simd,simd128_v2,conv_simd128_v2,2048,2048,3,1234,8,yes,18.844,4.366,17.29,4.32
simd,simd128_v2,conv_simd128_v2,2048,2048,3,1234,9,yes,18.097,4.459,16.93,4.06
simd,simd128_v2,conv_simd128_v2,2048,2048,3,1234,10,yes,19.325,4.413,17.11,4.38
simd,simd128_v2,conv_simd128_v2,2048,2048,3,1234,11,yes,19.427,4.433,17.03,4.38
simd,simd128_v2,conv_simd128_v2,2048,2048,3,1234,12,yes,19.670,4.517,16.71,4.35
simd,simd128_v2,conv_simd128_v2,2048,2048,3,1234,13,yes,17.104,4.447,16.98,3.85
simd,simd128_v2,conv_simd128_v2,2048,2048,3,1234,14,yes,17.418,4.356,17.33,4.00
simd,simd128_v2,conv_simd128_v2,2048,2048,3,1234,15,yes,19.491,4.356,17.33,4.47
simd,simd128_v2,conv_simd128_v2,2048,2048,3,1234,16,yes,19.645,4.425,17.06,4.44
simd,simd128_v2,conv_simd128_v2,2048,2048,3,1234,17,yes,19.446,4.364,17.30,4.46
simd,simd128_v2,conv_simd128_v2,2048,2048,3,1234,18,yes,17.744,4.363,17.31,4.07
simd,simd128_v2,conv_simd128_v2,2048,2048,3,1234,19,yes,19.398,4.362,17.31,4.45
simd,simd128_v2,conv_simd128_v2,2048,2048,3,1234,20,yes,19.241,4.443,16.99,4.33
simd,simd128_v2,conv_simd128_v2,4096,4096,3,1234,1,yes,71.469,18.027,16.75,3.96
simd,simd128_v2,conv_simd128_v2,4096,4096,3,1234,2,yes,76.088,18.030,16.75,4.22
simd,simd128_v2,conv_simd128_v2,4096,4096,3,1234,3,yes,72.553,18.133,16.65,4.00
simd,simd128_v2,conv_simd128_v2,4096,4096,3,1234,4,yes,78.008,17.720,17.04,4.40
simd,simd128_v2,conv_simd128_v2,4096,4096,3,1234,5,yes,78.418,18.031,16.75,4.35
simd,simd128_v2,conv_simd128_v2,4096,4096,3,1234,6,yes,77.749,17.947,16.83,4.33
simd,simd128_v2,conv_simd128_v2,4096,4096,3,1234,7,yes,76.708,17.854,16.91,4.30
simd,simd128_v2,conv_simd128_v2,4096,4096,3,1234,8,yes,76.340,18.006,16.77,4.24
simd,simd128_v2,conv_simd128_v2,4096,4096,3,1234,9,yes,75.504,17.943,16.83,4.21
simd,simd128_v2,conv_simd128_v2,4096,4096,3,1234,10,yes,77.750,17.829,16.94,4.36
simd,simd128_v2,conv_simd128_v2,4096,4096,3,1234,11,yes,78.107,18.056,16.72,4.33
simd,simd128_v2,conv_simd128_v2,4096,4096,3,1234,12,yes,77.684,17.951,16.82,4.33
simd,simd128_v2,conv_simd128_v2,4096,4096,3,1234,13,yes,78.146,18.000,16.78,4.34
simd,simd128_v2,conv_simd128_v2,4096,4096,3,1234,14,yes,76.460,18.065,16.72,4.23
simd,simd128_v2,conv_simd128_v2,4096,4096,3,1234,15,yes,78.011,18.064,16.72,4.32
simd,simd128_v2,conv_simd128_v2,4096,4096,3,1234,16,yes,75.613,17.688,17.07,4.27
simd,simd128_v2,conv_simd128_v2,4096,4096,3,1234,17,yes,77.198,17.819,16.95,4.33
simd,simd128_v2,conv_simd128_v2,4096,4096,3,1234,18,yes,71.220,17.911,16.86,3.98
simd,simd128_v2,conv_simd128_v2,4096,4096,3,1234,19,yes,76.073,17.853,16.92,4.26
simd,simd128_v2,conv_simd128_v2,4096,4096,3,1234,20,yes,77.746,18.232,16.56,4.26
simd,simd128_v2,conv_simd128_v2,8192,8192,3,1234,1,yes,312.295,72.419,16.68,4.31
simd,simd128_v2,conv_simd128_v2,8192,8192,3,1234,2,yes,286.998,72.015,16.77,3.99
simd,simd128_v2,conv_simd128_v2,8192,8192,3,1234,3,yes,303.975,72.485,16.67,4.19
simd,simd128_v2,conv_simd128_v2,8192,8192,3,1234,4,yes,309.679,71.970,16.78,4.30
simd,simd128_v2,conv_simd128_v2,8192,8192,3,1234,5,yes,309.545,71.784,16.83,4.31
simd,simd128_v2,conv_simd128_v2,8192,8192,3,1234,6,yes,285.102,72.777,16.60,3.92
simd,simd128_v2,conv_simd128_v2,8192,8192,3,1234,7,yes,309.166,72.588,16.64,4.26
simd,simd128_v2,conv_simd128_v2,8192,8192,3,1234,8,yes,284.574,72.212,16.73,3.94
simd,simd128_v2,conv_simd128_v2,8192,8192,3,1234,9,yes,301.508,72.097,16.75,4.18
simd,simd128_v2,conv_simd128_v2,8192,8192,3,1234,10,yes,303.490,72.647,16.63,4.18
simd,simd128_v2,conv_simd128_v2,8192,8192,3,1234,11,yes,309.683,71.768,16.83,4.32
simd,simd128_v2,conv_simd128_v2,8192,8192,3,1234,12,yes,309.865,71.977,16.78,4.31
simd,simd128_v2,conv_simd128_v2,8192,8192,3,1234,13,yes,294.893,72.926,16.56,4.04
simd,simd128_v2,conv_simd128_v2,8192,8192,3,1234,14,yes,309.472,72.713,16.61,4.26
simd,simd128_v2,conv_simd128_v2,8192,8192,3,1234,15,yes,312.629,72.621,16.63,4.30
simd,simd128_v2,conv_simd128_v2,8192,8192,3,1234,16,yes,307.033,72.866,16.58,4.21
simd,simd128_v2,conv_simd128_v2,8192,8192,3,1234,17,yes,310.649,73.067,16.53,4.25
simd,simd128_v2,conv_simd128_v2,8192,8192,3,1234,18,yes,309.569,72.833,16.59,4.25
simd,simd128_v2,conv_simd128_v2,8192,8192,3,1234,19,yes,306.341,73.785,16.37,4.15
simd,simd128_v2,conv_simd128_v2,8192,8192,3,1234,20,yes,298.792,73.559,16.42,4.06
simd,simd128_v2,conv_simd128_v2,16384,16384,3,1234,1,yes,1220.575,294.343,16.42,4.15
simd,simd128_v2,conv_simd128_v2,16384,16384,3,1234,2,yes,1231.087,293.427,16.47,4.20
simd,simd128_v2,conv_simd128_v2,16384,16384,3,1234,3,yes,1244.908,293.269,16.48,4.24
simd,simd128_v2,conv_simd128_v2,16384,16384,3,1234,4,yes,1146.526,292.599,16.51,3.92
simd,simd128_v2,conv_simd128_v2,16384,16384,3,1234,5,yes,1142.110,299.090,16.16,3.82
simd,simd128_v2,conv_simd128_v2,16384,16384,3,1234,6,yes,1199.623,295.103,16.37,4.07
simd,simd128_v2,conv_simd128_v2,16384,16384,3,1234,7,yes,1225.571,293.367,16.47,4.18
simd,simd128_v2,conv_simd128_v2,16384,16384,3,1234,8,yes,1220.590,292.870,16.50,4.17
simd,simd128_v2,conv_simd128_v2,16384,16384,3,1234,9,yes,1231.102,292.258,16.53,4.21
simd,simd128_v2,conv_simd128_v2,16384,16384,3,1234,10,yes,1140.407,294.003,16.43,3.88
simd,simd128_v2,conv_simd128_v2,16384,16384,3,1234,11,yes,1184.337,292.659,16.51,4.05
simd,simd128_v2,conv_simd128_v2,16384,16384,3,1234,12,yes,1198.529,292.126,16.54,4.10
simd,simd128_v2,conv_simd128_v2,16384,16384,3,1234,13,yes,1149.305,292.000,16.55,3.94
simd,simd128_v2,conv_simd128_v2,16384,16384,3,1234,14,yes,1208.528,295.401,16.36,4.09
simd,simd128_v2,conv_simd128_v2,16384,16384,3,1234,15,yes,1234.499,293.615,16.46,4.20
simd,simd128_v2,conv_simd128_v2,16384,16384,3,1234,16,yes,1227.630,295.086,16.37,4.16
simd,simd128_v2,conv_simd128_v2,16384,16384,3,1234,17,yes,1218.089,294.164,16.43,4.14
simd,simd128_v2,conv_simd128_v2,16384,16384,3,1234,18,yes,1145.080,295.263,16.36,3.88
simd,simd128_v2,conv_simd128_v2,16384,16384,3,1234,19,yes,1145.430,289.929,16.67,3.95
simd,simd128_v2,conv_simd128_v2,16384,16384,3,1234,20,yes,1237.185,292.065,16.54,4.24
simd,simd128_v3,conv_simd128_v3,64,64,3,1234,1,yes,0.019,0.003,23.50,6.02
simd,simd128_v3,conv_simd128_v3,64,64,3,1234,2,yes,0.030,0.004,16.53,6.74
simd,simd128_v3,conv_simd128_v3,64,64,3,1234,3,yes,0.046,0.006,11.80,7.32
simd,simd128_v3,conv_simd128_v3,64,64,3,1234,4,yes,0.038,0.006,11.57,5.99
simd,simd128_v3,conv_simd128_v3,64,64,3,1234,5,yes,0.046,0.006,11.99,7.44
simd,simd128_v3,conv_simd128_v3,64,64,3,1234,6,yes,0.042,0.006,12.01,6.92
simd,simd128_v3,conv_simd128_v3,64,64,3,1234,7,yes,0.046,0.006,11.69,7.26
simd,simd128_v3,conv_simd128_v3,64,64,3,1234,8,yes,0.038,0.006,11.68,6.04
simd,simd128_v3,conv_simd128_v3,64,64,3,1234,9,yes,0.038,0.007,11.31,5.86
simd,simd128_v3,conv_simd128_v3,64,64,3,1234,10,yes,0.038,0.006,11.58,5.97
simd,simd128_v3,conv_simd128_v3,64,64,3,1234,11,yes,0.046,0.006,12.33,7.63
simd,simd128_v3,conv_simd128_v3,64,64,3,1234,12,yes,0.038,0.006,11.57,5.97
simd,simd128_v3,conv_simd128_v3,64,64,3,1234,13,yes,0.038,0.006,11.62,6.05
simd,simd128_v3,conv_simd128_v3,64,64,3,1234,14,yes,0.046,0.006,12.05,7.46
simd,simd128_v3,conv_simd128_v3,64,64,3,1234,15,yes,0.046,0.006,11.88,7.36
simd,simd128_v3,conv_simd128_v3,64,64,3,1234,16,yes,0.046,0.006,11.73,7.27
simd,simd128_v3,conv_simd128_v3,64,64,3,1234,17,yes,0.045,0.006,11.65,7.18
simd,simd128_v3,conv_simd128_v3,64,64,3,1234,18,yes,0.038,0.006,11.68,6.04
simd,simd128_v3,conv_simd128_v3,64,64,3,1234,19,yes,0.042,0.006,11.64,6.69
simd,simd128_v3,conv_simd128_v3,64,64,3,1234,20,yes,0.042,0.006,11.64,6.70
simd,simd128_v3,conv_simd128_v3,128,128,3,1234,1,yes,0.181,0.022,13.43,8.22
simd,simd128_v3,conv_simd128_v3,128,128,3,1234,2,yes,0.171,0.019,15.13,8.76
simd,simd128_v3,conv_simd128_v3,128,128,3,1234,3,yes,0.175,0.019,15.13,8.98
simd,simd128_v3,conv_simd128_v3,128,128,3,1234,4,yes,0.158,0.018,16.77,8.98
simd,simd128_v3,conv_simd128_v3,128,128,3,1234,5,yes,0.141,0.017,17.52,8.40
simd,simd128_v3,conv_simd128_v3,128,128,3,1234,6,yes,0.140,0.018,15.95,7.59
simd,simd128_v3,conv_simd128_v3,128,128,3,1234,7,yes,0.120,0.016,18.15,7.37
simd,simd128_v3,conv_simd128_v3,128,128,3,1234,8,yes,0.109,0.015,19.14,7.09
simd,simd128_v3,conv_simd128_v3,128,128,3,1234,9,yes,0.110,0.015,20.06,7.47
simd,simd128_v3,conv_simd128_v3,128,128,3,1234,10,yes,0.105,0.014,20.72,7.39
simd,simd128_v3,conv_simd128_v3,128,128,3,1234,11,yes,0.081,0.011,26.33,7.27
simd,simd128_v3,conv_simd128_v3,128,128,3,1234,12,yes,0.099,0.011,26.69,8.97
simd,simd128_v3,conv_simd128_v3,128,128,3,1234,13,yes,0.075,0.010,30.32,7.68
simd,simd128_v3,conv_simd128_v3,128,128,3,1234,14,yes,0.066,0.010,30.20,6.80
simd,simd128_v3,conv_simd128_v3,128,128,3,1234,15,yes,0.075,0.009,31.34,7.93
simd,simd128_v3,conv_simd128_v3,128,128,3,1234,16,yes,0.080,0.010,30.31,8.26
simd,simd128_v3,conv_simd128_v3,128,128,3,1234,17,yes,0.081,0.010,29.53,8.10
simd,simd128_v3,conv_simd128_v3,128,128,3,1234,18,yes,0.081,0.010,30.18,8.25
simd,simd128_v3,conv_simd128_v3,128,128,3,1234,19,yes,0.075,0.010,30.26,7.66
simd,simd128_v3,conv_simd128_v3,128,128,3,1234,20,yes,0.083,0.010,30.28,8.52
simd,simd128_v3,conv_simd128_v3,256,256,3,1234,1,yes,0.319,0.036,32.85,8.89
simd,simd128_v3,conv_simd128_v3,256,256,3,1234,2,yes,0.262,0.036,32.96,7.32
simd,simd128_v3,conv_simd128_v3,256,256,3,1234,3,yes,0.263,0.036,33.01,7.35
simd,simd128_v3,conv_simd128_v3,256,256,3,1234,4,yes,0.319,0.036,33.15,8.97
simd,simd128_v3,conv_simd128_v3,256,256,3,1234,5,yes,0.273,0.036,32.87,7.61
simd,simd128_v3,conv_simd128_v3,256,256,3,1234,6,yes,0.321,0.036,33.03,8.99
simd,simd128_v3,conv_simd128_v3,256,256,3,1234,7,yes,0.320,0.036,32.90,8.93
simd,simd128_v3,conv_simd128_v3,256,256,3,1234,8,yes,0.262,0.036,33.02,7.33
simd,simd128_v3,conv_simd128_v3,256,256,3,1234,9,yes,0.324,0.036,32.83,9.01
simd,simd128_v3,conv_simd128_v3,256,256,3,1234,10,yes,0.296,0.036,32.99,8.28
simd,simd128_v3,conv_simd128_v3,256,256,3,1234,11,yes,0.263,0.036,32.87,7.32
simd,simd128_v3,conv_simd128_v3,256,256,3,1234,12,yes,0.321,0.036,33.03,8.99
simd,simd128_v3,conv_simd128_v3,256,256,3,1234,13,yes,0.313,0.036,32.96,8.75
simd,simd128_v3,conv_simd128_v3,256,256,3,1234,14,yes,0.321,0.036,33.02,8.97
simd,simd128_v3,conv_simd128_v3,256,256,3,1234,15,yes,0.303,0.035,33.48,8.59
simd,simd128_v3,conv_simd128_v3,256,256,3,1234,16,yes,0.321,0.036,33.08,9.01
simd,simd128_v3,conv_simd128_v3,256,256,3,1234,17,yes,0.320,0.036,32.88,8.92
simd,simd128_v3,conv_simd128_v3,256,256,3,1234,18,yes,0.321,0.036,32.86,8.95
simd,simd128_v3,conv_simd128_v3,256,256,3,1234,19,yes,0.262,0.036,32.99,7.33
simd,simd128_v3,conv_simd128_v3,256,256,3,1234,20,yes,0.307,0.036,32.94,8.58
simd,simd128_v3,conv_simd128_v3,512,512,3,1234,1,yes,1.083,0.137,34.35,7.88
simd,simd128_v3,conv_simd128_v3,512,512,3,1234,2,yes,1.165,0.137,34.34,8.48
simd,simd128_v3,conv_simd128_v3,512,512,3,1234,3,yes,1.193,0.137,34.40,8.70
simd,simd128_v3,conv_simd128_v3,512,512,3,1234,4,yes,1.253,0.137,34.38,9.13
simd,simd128_v3,conv_simd128_v3,512,512,3,1234,5,yes,1.075,0.137,34.39,7.83
simd,simd128_v3,conv_simd128_v3,512,512,3,1234,6,yes,1.169,0.136,34.59,8.57
simd,simd128_v3,conv_simd128_v3,512,512,3,1234,7,yes,1.764,0.138,34.15,12.77
simd,simd128_v3,conv_simd128_v3,512,512,3,1234,8,yes,1.284,0.136,34.63,9.42
simd,simd128_v3,conv_simd128_v3,512,512,3,1234,9,yes,1.155,0.138,34.29,8.39
simd,simd128_v3,conv_simd128_v3,512,512,3,1234,10,yes,1.073,0.137,34.40,7.82
simd,simd128_v3,conv_simd128_v3,512,512,3,1234,11,yes,1.280,0.138,34.29,9.30
simd,simd128_v3,conv_simd128_v3,512,512,3,1234,12,yes,1.276,0.137,34.39,9.30
simd,simd128_v3,conv_simd128_v3,512,512,3,1234,13,yes,1.190,0.138,34.30,8.65
simd,simd128_v3,conv_simd128_v3,512,512,3,1234,14,yes,1.286,0.137,34.41,9.38
simd,simd128_v3,conv_simd128_v3,512,512,3,1234,15,yes,1.156,0.137,34.37,8.42
simd,simd128_v3,conv_simd128_v3,512,512,3,1234,16,yes,1.251,0.137,34.34,9.11
simd,simd128_v3,conv_simd128_v3,512,512,3,1234,17,yes,1.261,0.137,34.38,9.19
simd,simd128_v3,conv_simd128_v3,512,512,3,1234,18,yes,1.266,0.137,34.40,9.23
simd,simd128_v3,conv_simd128_v3,512,512,3,1234,19,yes,1.284,0.137,34.40,9.36
simd,simd128_v3,conv_simd128_v3,512,512,3,1234,20,yes,1.178,0.137,34.37,8.58
simd,simd128_v3,conv_simd128_v3,1024,1024,3,1234,1,yes,4.685,0.542,34.84,8.65
simd,simd128_v3,conv_simd128_v3,1024,1024,3,1234,2,yes,4.907,0.546,34.54,8.98
simd,simd128_v3,conv_simd128_v3,1024,1024,3,1234,3,yes,5.119,0.539,35.02,9.50
simd,simd128_v3,conv_simd128_v3,1024,1024,3,1234,4,yes,4.602,0.546,34.56,8.43
simd,simd128_v3,conv_simd128_v3,1024,1024,3,1234,5,yes,4.717,0.541,34.91,8.73
simd,simd128_v3,conv_simd128_v3,1024,1024,3,1234,6,yes,4.979,0.546,34.58,9.12
simd,simd128_v3,conv_simd128_v3,1024,1024,3,1234,7,yes,4.681,0.543,34.73,8.61
simd,simd128_v3,conv_simd128_v3,1024,1024,3,1234,8,yes,4.900,0.547,34.53,8.96
simd,simd128_v3,conv_simd128_v3,1024,1024,3,1234,9,yes,4.675,0.545,34.60,8.57
simd,simd128_v3,conv_simd128_v3,1024,1024,3,1234,10,yes,4.670,0.547,34.51,8.54
simd,simd128_v3,conv_simd128_v3,1024,1024,3,1234,11,yes,4.868,0.546,34.57,8.92
simd,simd128_v3,conv_simd128_v3,1024,1024,3,1234,12,yes,4.758,0.544,34.73,8.75
simd,simd128_v3,conv_simd128_v3,1024,1024,3,1234,13,yes,4.902,0.545,34.61,8.99
simd,simd128_v3,conv_simd128_v3,1024,1024,3,1234,14,yes,4.679,0.544,34.67,8.59
simd,simd128_v3,conv_simd128_v3,1024,1024,3,1234,15,yes,4.862,0.542,34.83,8.97
simd,simd128_v3,conv_simd128_v3,1024,1024,3,1234,16,yes,4.742,0.546,34.56,8.68
simd,simd128_v3,conv_simd128_v3,1024,1024,3,1234,17,yes,4.729,0.544,34.67,8.68
simd,simd128_v3,conv_simd128_v3,1024,1024,3,1234,18,yes,4.859,0.546,34.59,8.90
simd,simd128_v3,conv_simd128_v3,1024,1024,3,1234,19,yes,5.019,0.545,34.63,9.21
simd,simd128_v3,conv_simd128_v3,1024,1024,3,1234,20,yes,4.885,0.547,34.52,8.94
simd,simd128_v3,conv_simd128_v3,2048,2048,3,1234,1,yes,17.487,2.377,31.76,7.36
simd,simd128_v3,conv_simd128_v3,2048,2048,3,1234,2,yes,19.374,2.435,31.00,7.96
simd,simd128_v3,conv_simd128_v3,2048,2048,3,1234,3,yes,19.309,2.523,29.93,7.65
simd,simd128_v3,conv_simd128_v3,2048,2048,3,1234,4,yes,17.674,2.480,30.45,7.13
simd,simd128_v3,conv_simd128_v3,2048,2048,3,1234,5,yes,19.632,2.424,31.14,8.10
simd,simd128_v3,conv_simd128_v3,2048,2048,3,1234,6,yes,17.729,2.421,31.19,7.32
simd,simd128_v3,conv_simd128_v3,2048,2048,3,1234,7,yes,18.676,2.365,31.92,7.90
simd,simd128_v3,conv_simd128_v3,2048,2048,3,1234,8,yes,19.265,2.461,30.68,7.83
simd,simd128_v3,conv_simd128_v3,2048,2048,3,1234,9,yes,19.366,2.447,30.85,7.91
simd,simd128_v3,conv_simd128_v3,2048,2048,3,1234,10,yes,19.132,2.365,31.93,8.09
simd,simd128_v3,conv_simd128_v3,2048,2048,3,1234,11,yes,19.171,2.417,31.23,7.93
simd,simd128_v3,conv_simd128_v3,2048,2048,3,1234,12,yes,18.998,2.370,31.86,8.02
simd,simd128_v3,conv_simd128_v3,2048,2048,3,1234,13,yes,19.414,2.428,31.10,8.00
simd,simd128_v3,conv_simd128_v3,2048,2048,3,1234,14,yes,19.141,2.424,31.15,7.90
simd,simd128_v3,conv_simd128_v3,2048,2048,3,1234,15,yes,18.050,2.455,30.75,7.35
simd,simd128_v3,conv_simd128_v3,2048,2048,3,1234,16,yes,17.783,2.435,31.00,7.30
simd,simd128_v3,conv_simd128_v3,2048,2048,3,1234,17,yes,17.857,2.376,31.77,7.52
simd,simd128_v3,conv_simd128_v3,2048,2048,3,1234,18,yes,18.990,2.433,31.03,7.81
simd,simd128_v3,conv_simd128_v3,2048,2048,3,1234,19,yes,19.617,2.427,31.11,8.08
simd,simd128_v3,conv_simd128_v3,2048,2048,3,1234,20,yes,19.443,2.422,31.18,8.03
simd,simd128_v3,conv_simd128_v3,4096,4096,3,1234,1,yes,78.593,10.372,29.12,7.58
simd,simd128_v3,conv_simd128_v3,4096,4096,3,1234,2,yes,76.136,10.397,29.05,7.32
simd,simd128_v3,conv_simd128_v3,4096,4096,3,1234,3,yes,71.567,10.432,28.95,6.86
simd,simd128_v3,conv_simd128_v3,4096,4096,3,1234,4,yes,78.067,10.418,28.99,7.49
simd,simd128_v3,conv_simd128_v3,4096,4096,3,1234,5,yes,77.238,10.387,29.08,7.44
simd,simd128_v3,conv_simd128_v3,4096,4096,3,1234,6,yes,77.165,10.399,29.04,7.42
simd,simd128_v3,conv_simd128_v3,4096,4096,3,1234,7,yes,71.793,10.390,29.07,6.91
simd,simd128_v3,conv_simd128_v3,4096,4096,3,1234,8,yes,77.360,10.386,29.08,7.45
simd,simd128_v3,conv_simd128_v3,4096,4096,3,1234,9,yes,75.916,10.394,29.06,7.30
simd,simd128_v3,conv_simd128_v3,4096,4096,3,1234,10,yes,76.215,10.402,29.03,7.33
simd,simd128_v3,conv_simd128_v3,4096,4096,3,1234,11,yes,76.971,10.404,29.03,7.40
simd,simd128_v3,conv_simd128_v3,4096,4096,3,1234,12,yes,77.734,10.397,29.05,7.48
simd,simd128_v3,conv_simd128_v3,4096,4096,3,1234,13,yes,77.750,10.452,28.89,7.44
simd,simd128_v3,conv_simd128_v3,4096,4096,3,1234,14,yes,74.656,10.389,29.07,7.19
simd,simd128_v3,conv_simd128_v3,4096,4096,3,1234,15,yes,77.247,10.447,28.91,7.39
simd,simd128_v3,conv_simd128_v3,4096,4096,3,1234,16,yes,75.594,10.863,27.80,6.96
simd,simd128_v3,conv_simd128_v3,4096,4096,3,1234,17,yes,77.178,10.422,28.98,7.41
simd,simd128_v3,conv_simd128_v3,4096,4096,3,1234,18,yes,71.525,10.419,28.98,6.86
simd,simd128_v3,conv_simd128_v3,4096,4096,3,1234,19,yes,76.409,10.591,28.51,7.21
simd,simd128_v3,conv_simd128_v3,4096,4096,3,1234,20,yes,75.858,10.412,29.00,7.29
simd,simd128_v3,conv_simd128_v3,8192,8192,3,1234,1,yes,287.500,42.417,28.48,6.78
simd,simd128_v3,conv_simd128_v3,8192,8192,3,1234,2,yes,309.114,42.283,28.57,7.31
simd,simd128_v3,conv_simd128_v3,8192,8192,3,1234,3,yes,295.456,43.130,28.01,6.85
simd,simd128_v3,conv_simd128_v3,8192,8192,3,1234,4,yes,300.315,43.873,27.53,6.85
simd,simd128_v3,conv_simd128_v3,8192,8192,3,1234,5,yes,288.433,42.326,28.54,6.81
simd,simd128_v3,conv_simd128_v3,8192,8192,3,1234,6,yes,285.497,42.254,28.59,6.76
simd,simd128_v3,conv_simd128_v3,8192,8192,3,1234,7,yes,286.878,41.849,28.86,6.86
simd,simd128_v3,conv_simd128_v3,8192,8192,3,1234,8,yes,285.668,42.188,28.63,6.77
simd,simd128_v3,conv_simd128_v3,8192,8192,3,1234,9,yes,303.733,42.140,28.67,7.21
simd,simd128_v3,conv_simd128_v3,8192,8192,3,1234,10,yes,300.884,42.920,28.14,7.01
simd,simd128_v3,conv_simd128_v3,8192,8192,3,1234,11,yes,311.747,42.251,28.59,7.38
simd,simd128_v3,conv_simd128_v3,8192,8192,3,1234,12,yes,312.338,42.405,28.49,7.37
simd,simd128_v3,conv_simd128_v3,8192,8192,3,1234,13,yes,307.708,42.826,28.21,7.19
simd,simd128_v3,conv_simd128_v3,8192,8192,3,1234,14,yes,309.660,42.737,28.27,7.25
simd,simd128_v3,conv_simd128_v3,8192,8192,3,1234,15,yes,286.571,42.352,28.52,6.77
simd,simd128_v3,conv_simd128_v3,8192,8192,3,1234,16,yes,284.796,42.300,28.56,6.73
simd,simd128_v3,conv_simd128_v3,8192,8192,3,1234,17,yes,285.961,44.434,27.19,6.44
simd,simd128_v3,conv_simd128_v3,8192,8192,3,1234,18,yes,307.954,44.299,27.27,6.95
simd,simd128_v3,conv_simd128_v3,8192,8192,3,1234,19,yes,309.361,42.313,28.55,7.31
simd,simd128_v3,conv_simd128_v3,8192,8192,3,1234,20,yes,305.140,42.383,28.50,7.20
simd,simd128_v3,conv_simd128_v3,16384,16384,3,1234,1,yes,1235.330,176.493,27.38,7.00
simd,simd128_v3,conv_simd128_v3,16384,16384,3,1234,2,yes,1146.772,176.864,27.32,6.48
simd,simd128_v3,conv_simd128_v3,16384,16384,3,1234,3,yes,1208.507,178.495,27.07,6.77
simd,simd128_v3,conv_simd128_v3,16384,16384,3,1234,4,yes,1144.239,175.461,27.54,6.52
simd,simd128_v3,conv_simd128_v3,16384,16384,3,1234,5,yes,1237.924,177.090,27.28,6.99
simd,simd128_v3,conv_simd128_v3,16384,16384,3,1234,6,yes,1234.033,175.803,27.48,7.02
simd,simd128_v3,conv_simd128_v3,16384,16384,3,1234,7,yes,1144.405,177.141,27.28,6.46
simd,simd128_v3,conv_simd128_v3,16384,16384,3,1234,8,yes,1235.985,174.723,27.65,7.07
simd,simd128_v3,conv_simd128_v3,16384,16384,3,1234,9,yes,1152.011,175.447,27.54,6.57
simd,simd128_v3,conv_simd128_v3,16384,16384,3,1234,10,yes,1221.251,179.371,26.94,6.81
simd,simd128_v3,conv_simd128_v3,16384,16384,3,1234,11,yes,1142.122,176.009,27.45,6.49
simd,simd128_v3,conv_simd128_v3,16384,16384,3,1234,12,yes,1197.964,175.858,27.48,6.81
simd,simd128_v3,conv_simd128_v3,16384,16384,3,1234,13,yes,1246.579,176.887,27.32,7.05
simd,simd128_v3,conv_simd128_v3,16384,16384,3,1234,14,yes,1145.595,175.894,27.47,6.51
simd,simd128_v3,conv_simd128_v3,16384,16384,3,1234,15,yes,1215.016,175.986,27.46,6.90
simd,simd128_v3,conv_simd128_v3,16384,16384,3,1234,16,yes,1238.840,175.804,27.48,7.05
simd,simd128_v3,conv_simd128_v3,16384,16384,3,1234,17,yes,1240.903,181.495,26.62,6.84
simd,simd128_v3,conv_simd128_v3,16384,16384,3,1234,18,yes,1151.036,174.429,27.70,6.60
simd,simd128_v3,conv_simd128_v3,16384,16384,3,1234,19,yes,1190.387,175.538,27.53,6.78
simd,simd128_v3,conv_simd128_v3,16384,16384,3,1234,20,yes,1225.330,175.957,27.46,6.96
simd,simd128_v4,conv_simd128_v4,64,64,3,1234,1,yes,0.017,0.002,40.87,9.38
simd,simd128_v4,conv_simd128_v4,64,64,3,1234,2,yes,0.017,0.002,41.07,9.50
simd,simd128_v4,conv_simd128_v4,64,64,3,1234,3,yes,0.018,0.002,37.89,9.12
simd,simd128_v4,conv_simd128_v4,64,64,3,1234,4,yes,0.032,0.003,24.95,10.96
simd,simd128_v4,conv_simd128_v4,64,64,3,1234,5,yes,0.046,0.004,18.29,11.34
simd,simd128_v4,conv_simd128_v4,64,64,3,1234,6,yes,0.049,0.004,17.34,11.43
simd,simd128_v4,conv_simd128_v4,64,64,3,1234,7,yes,0.038,0.004,18.28,9.44
simd,simd128_v4,conv_simd128_v4,64,64,3,1234,8,yes,0.041,0.004,17.36,9.54
simd,simd128_v4,conv_simd128_v4,64,64,3,1234,9,yes,0.038,0.004,18.35,9.49
simd,simd128_v4,conv_simd128_v4,64,64,3,1234,10,yes,0.042,0.004,18.24,10.51
simd,simd128_v4,conv_simd128_v4,64,64,3,1234,11,yes,0.046,0.004,18.26,11.32
simd,simd128_v4,conv_simd128_v4,64,64,3,1234,12,yes,0.038,0.004,18.38,9.48
simd,simd128_v4,conv_simd128_v4,64,64,3,1234,13,yes,0.046,0.004,18.36,11.40
simd,simd128_v4,conv_simd128_v4,64,64,3,1234,14,yes,0.041,0.004,17.10,9.40
simd,simd128_v4,conv_simd128_v4,64,64,3,1234,15,yes,0.042,0.004,18.49,10.62
simd,simd128_v4,conv_simd128_v4,64,64,3,1234,16,yes,0.040,0.004,17.36,9.53
simd,simd128_v4,conv_simd128_v4,64,64,3,1234,17,yes,0.038,0.004,18.41,9.53
simd,simd128_v4,conv_simd128_v4,64,64,3,1234,18,yes,0.045,0.004,18.47,11.37
simd,simd128_v4,conv_simd128_v4,64,64,3,1234,19,yes,0.040,0.004,17.29,9.41
simd,simd128_v4,conv_simd128_v4,64,64,3,1234,20,yes,0.038,0.004,18.38,9.51
simd,simd128_v4,conv_simd128_v4,128,128,3,1234,1,yes,0.176,0.015,19.39,11.59
simd,simd128_v4,conv_simd128_v4,128,128,3,1234,2,yes,0.180,0.015,19.53,11.91
simd,simd128_v4,conv_simd128_v4,128,128,3,1234,3,yes,0.172,0.015,19.51,11.35
simd,simd128_v4,conv_simd128_v4,128,128,3,1234,4,yes,0.167,0.014,20.68,11.68
simd,simd128_v4,conv_simd128_v4,128,128,3,1234,5,yes,0.181,0.014,21.80,13.35
simd,simd128_v4,conv_simd128_v4,128,128,3,1234,6,yes,0.161,0.013,23.02,12.58
simd,simd128_v4,conv_simd128_v4,128,128,3,1234,7,yes,0.121,0.012,25.23,10.32
simd,simd128_v4,conv_simd128_v4,128,128,3,1234,8,yes,0.146,0.011,26.43,13.10
simd,simd128_v4,conv_simd128_v4,128,128,3,1234,9,yes,0.133,0.010,28.72,12.90
simd,simd128_v4,conv_simd128_v4,128,128,3,1234,10,yes,0.097,0.010,29.84,9.83
simd,simd128_v4,conv_simd128_v4,128,128,3,1234,11,yes,0.112,0.010,30.98,11.81
simd,simd128_v4,conv_simd128_v4,128,128,3,1234,12,yes,0.119,0.009,32.15,12.95
simd,simd128_v4,conv_simd128_v4,128,128,3,1234,13,yes,0.093,0.009,33.35,10.49
simd,simd128_v4,conv_simd128_v4,128,128,3,1234,14,yes,0.067,0.007,43.57,9.88
simd,simd128_v4,conv_simd128_v4,128,128,3,1234,15,yes,0.066,0.007,43.62,9.82
simd,simd128_v4,conv_simd128_v4,128,128,3,1234,16,yes,0.066,0.007,43.71,9.86
simd,simd128_v4,conv_simd128_v4,128,128,3,1234,17,yes,0.080,0.007,43.68,11.91
simd,simd128_v4,conv_simd128_v4,128,128,3,1234,18,yes,0.066,0.007,41.58,9.36
simd,simd128_v4,conv_simd128_v4,128,128,3,1234,19,yes,0.081,0.007,43.57,11.93
simd,simd128_v4,conv_simd128_v4,128,128,3,1234,20,yes,0.066,0.007,43.66,9.80
simd,simd128_v4,conv_simd128_v4,256,256,3,1234,1,yes,0.296,0.026,45.21,11.35
simd,simd128_v4,conv_simd128_v4,256,256,3,1234,2,yes,0.263,0.026,45.16,10.05
simd,simd128_v4,conv_simd128_v4,256,256,3,1234,3,yes,0.321,0.026,45.13,12.29
simd,simd128_v4,conv_simd128_v4,256,256,3,1234,4,yes,0.319,0.026,45.14,12.22
simd,simd128_v4,conv_simd128_v4,256,256,3,1234,5,yes,0.267,0.026,45.20,10.24
simd,simd128_v4,conv_simd128_v4,256,256,3,1234,6,yes,0.322,0.026,45.18,12.32
simd,simd128_v4,conv_simd128_v4,256,256,3,1234,7,yes,0.262,0.026,45.18,10.05
simd,simd128_v4,conv_simd128_v4,256,256,3,1234,8,yes,0.263,0.026,45.19,10.07
simd,simd128_v4,conv_simd128_v4,256,256,3,1234,9,yes,0.295,0.028,41.59,10.41
simd,simd128_v4,conv_simd128_v4,256,256,3,1234,10,yes,0.324,0.027,43.98,12.07
simd,simd128_v4,conv_simd128_v4,256,256,3,1234,11,yes,0.263,0.026,45.19,10.08
simd,simd128_v4,conv_simd128_v4,256,256,3,1234,12,yes,0.263,0.026,45.17,10.09
simd,simd128_v4,conv_simd128_v4,256,256,3,1234,13,yes,0.263,0.026,45.19,10.06
simd,simd128_v4,conv_simd128_v4,256,256,3,1234,14,yes,0.269,0.026,45.05,10.27
simd,simd128_v4,conv_simd128_v4,256,256,3,1234,15,yes,0.297,0.026,44.66,11.24
simd,simd128_v4,conv_simd128_v4,256,256,3,1234,16,yes,0.321,0.026,45.18,12.31
simd,simd128_v4,conv_simd128_v4,256,256,3,1234,17,yes,0.315,0.026,45.21,12.08
simd,simd128_v4,conv_simd128_v4,256,256,3,1234,18,yes,0.285,0.027,44.49,10.76
simd,simd128_v4,conv_simd128_v4,256,256,3,1234,19,yes,0.317,0.026,45.09,12.13
simd,simd128_v4,conv_simd128_v4,256,256,3,1234,20,yes,0.321,0.026,45.09,12.27
simd,simd128_v4,conv_simd128_v4,512,512,3,1234,1,yes,1.285,0.104,45.40,12.36
simd,simd128_v4,conv_simd128_v4,512,512,3,1234,2,yes,1.281,0.104,45.46,12.34
simd,simd128_v4,conv_simd128_v4,512,512,3,1234,3,yes,1.140,0.104,45.53,11.00
simd,simd128_v4,conv_simd128_v4,512,512,3,1234,4,yes,1.069,0.104,45.50,10.31
simd,simd128_v4,conv_simd128_v4,512,512,3,1234,5,yes,1.165,0.104,45.51,11.24
simd,simd128_v4,conv_simd128_v4,512,512,3,1234,6,yes,1.263,0.104,45.50,12.18
simd,simd128_v4,conv_simd128_v4,512,512,3,1234,7,yes,1.141,0.108,43.55,10.53
simd,simd128_v4,conv_simd128_v4,512,512,3,1234,8,yes,1.180,0.104,45.45,11.37
simd,simd128_v4,conv_simd128_v4,512,512,3,1234,9,yes,1.148,0.104,45.45,11.06
simd,simd128_v4,conv_simd128_v4,512,512,3,1234,10,yes,1.284,0.104,45.53,12.39
simd,simd128_v4,conv_simd128_v4,512,512,3,1234,11,yes,1.226,0.104,45.49,11.82
simd,simd128_v4,conv_simd128_v4,512,512,3,1234,12,yes,1.277,0.104,45.55,12.33
simd,simd128_v4,conv_simd128_v4,512,512,3,1234,13,yes,1.053,0.104,45.41,10.14
simd,simd128_v4,conv_simd128_v4,512,512,3,1234,14,yes,1.265,0.104,45.48,12.20
simd,simd128_v4,conv_simd128_v4,512,512,3,1234,15,yes,1.125,0.104,45.49,10.85
simd,simd128_v4,conv_simd128_v4,512,512,3,1234,16,yes,1.097,0.104,45.50,10.58
simd,simd128_v4,conv_simd128_v4,512,512,3,1234,17,yes,1.097,0.104,45.53,10.58
simd,simd128_v4,conv_simd128_v4,512,512,3,1234,18,yes,1.067,0.104,45.39,10.26
simd,simd128_v4,conv_simd128_v4,512,512,3,1234,19,yes,1.282,0.104,45.49,12.36
simd,simd128_v4,conv_simd128_v4,512,512,3,1234,20,yes,1.234,0.104,45.46,11.89
simd,simd128_v4,conv_simd128_v4,1024,1024,3,1234,1,yes,4.534,0.417,45.29,10.88
simd,simd128_v4,conv_simd128_v4,1024,1024,3,1234,2,yes,4.694,0.423,44.65,11.10
simd,simd128_v4,conv_simd128_v4,1024,1024,3,1234,3,yes,5.876,0.419,45.09,14.04
simd,simd128_v4,conv_simd128_v4,1024,1024,3,1234,4,yes,4.665,0.417,45.28,11.19
simd,simd128_v4,conv_simd128_v4,1024,1024,3,1234,5,yes,4.835,0.417,45.28,11.60
simd,simd128_v4,conv_simd128_v4,1024,1024,3,1234,6,yes,4.417,0.417,45.30,10.60
simd,simd128_v4,conv_simd128_v4,1024,1024,3,1234,7,yes,4.889,0.416,45.34,11.75
simd,simd128_v4,conv_simd128_v4,1024,1024,3,1234,8,yes,4.633,0.418,45.11,11.07
simd,simd128_v4,conv_simd128_v4,1024,1024,3,1234,9,yes,4.571,0.419,45.00,10.90
simd,simd128_v4,conv_simd128_v4,1024,1024,3,1234,10,yes,4.903,0.416,45.34,11.78
simd,simd128_v4,conv_simd128_v4,1024,1024,3,1234,11,yes,4.718,0.418,45.19,11.30
simd,simd128_v4,conv_simd128_v4,1024,1024,3,1234,12,yes,4.906,0.416,45.33,11.78
simd,simd128_v4,conv_simd128_v4,1024,1024,3,1234,13,yes,4.876,0.416,45.34,11.71
simd,simd128_v4,conv_simd128_v4,1024,1024,3,1234,14,yes,4.701,0.417,45.21,11.26
simd,simd128_v4,conv_simd128_v4,1024,1024,3,1234,15,yes,4.886,0.418,45.20,11.70
simd,simd128_v4,conv_simd128_v4,1024,1024,3,1234,16,yes,4.987,0.417,45.24,11.95
simd,simd128_v4,conv_simd128_v4,1024,1024,3,1234,17,yes,4.697,0.416,45.33,11.28
simd,simd128_v4,conv_simd128_v4,1024,1024,3,1234,18,yes,4.898,0.416,45.32,11.76
simd,simd128_v4,conv_simd128_v4,1024,1024,3,1234,19,yes,4.755,0.417,45.31,11.41
simd,simd128_v4,conv_simd128_v4,1024,1024,3,1234,20,yes,4.376,0.419,45.08,10.45
simd,simd128_v4,conv_simd128_v4,2048,2048,3,1234,1,yes,19.023,1.952,38.68,9.75
simd,simd128_v4,conv_simd128_v4,2048,2048,3,1234,2,yes,19.806,2.021,37.36,9.80
simd,simd128_v4,conv_simd128_v4,2048,2048,3,1234,3,yes,18.338,2.035,37.11,9.01
simd,simd128_v4,conv_simd128_v4,2048,2048,3,1234,4,yes,19.324,1.941,38.90,9.96
simd,simd128_v4,conv_simd128_v4,2048,2048,3,1234,5,yes,17.924,2.081,36.27,8.61
simd,simd128_v4,conv_simd128_v4,2048,2048,3,1234,6,yes,18.351,2.081,36.29,8.82
simd,simd128_v4,conv_simd128_v4,2048,2048,3,1234,7,yes,18.316,1.924,39.23,9.52
simd,simd128_v4,conv_simd128_v4,2048,2048,3,1234,8,yes,18.023,2.176,34.70,8.28
simd,simd128_v4,conv_simd128_v4,2048,2048,3,1234,9,yes,17.906,1.972,38.28,9.08
simd,simd128_v4,conv_simd128_v4,2048,2048,3,1234,10,yes,18.911,2.003,37.68,9.44
simd,simd128_v4,conv_simd128_v4,2048,2048,3,1234,11,yes,17.782,1.985,38.03,8.96
simd,simd128_v4,conv_simd128_v4,2048,2048,3,1234,12,yes,19.017,1.916,39.40,9.92
simd,simd128_v4,conv_simd128_v4,2048,2048,3,1234,13,yes,19.463,2.025,37.28,9.61
simd,simd128_v4,conv_simd128_v4,2048,2048,3,1234,14,yes,18.831,2.012,37.51,9.36
simd,simd128_v4,conv_simd128_v4,2048,2048,3,1234,15,yes,18.496,1.921,39.30,9.63
simd,simd128_v4,conv_simd128_v4,2048,2048,3,1234,16,yes,19.633,1.927,39.17,10.19
simd,simd128_v4,conv_simd128_v4,2048,2048,3,1234,17,yes,19.396,1.930,39.12,10.05
simd,simd128_v4,conv_simd128_v4,2048,2048,3,1234,18,yes,17.990,1.916,39.40,9.39
simd,simd128_v4,conv_simd128_v4,2048,2048,3,1234,19,yes,17.738,1.923,39.27,9.23
simd,simd128_v4,conv_simd128_v4,2048,2048,3,1234,20,yes,19.770,1.923,39.27,10.28
simd,simd128_v4,conv_simd128_v4,4096,4096,3,1234,1,yes,78.261,8.877,34.02,8.82
simd,simd128_v4,conv_simd128_v4,4096,4096,3,1234,2,yes,74.847,8.866,34.06,8.44
simd,simd128_v4,conv_simd128_v4,4096,4096,3,1234,3,yes,75.584,8.840,34.16,8.55
simd,simd128_v4,conv_simd128_v4,4096,4096,3,1234,4,yes,72.032,8.841,34.16,8.15
simd,simd128_v4,conv_simd128_v4,4096,4096,3,1234,5,yes,71.575,8.992,33.58,7.96
simd,simd128_v4,conv_simd128_v4,4096,4096,3,1234,6,yes,71.813,8.843,34.15,8.12
simd,simd128_v4,conv_simd128_v4,4096,4096,3,1234,7,yes,76.746,8.954,33.73,8.57
simd,simd128_v4,conv_simd128_v4,4096,4096,3,1234,8,yes,73.938,9.752,30.97,7.58
simd,simd128_v4,conv_simd128_v4,4096,4096,3,1234,9,yes,71.023,8.950,33.74,7.94
simd,simd128_v4,conv_simd128_v4,4096,4096,3,1234,10,yes,76.450,8.904,33.92,8.59
simd,simd128_v4,conv_simd128_v4,4096,4096,3,1234,11,yes,77.651,8.877,34.02,8.75
simd,simd128_v4,conv_simd128_v4,4096,4096,3,1234,12,yes,75.872,8.825,34.22,8.60
simd,simd128_v4,conv_simd128_v4,4096,4096,3,1234,13,yes,72.364,8.870,34.04,8.16
simd,simd128_v4,conv_simd128_v4,4096,4096,3,1234,14,yes,76.433,8.959,33.71,8.53
simd,simd128_v4,conv_simd128_v4,4096,4096,3,1234,15,yes,77.056,8.839,34.16,8.72
simd,simd128_v4,conv_simd128_v4,4096,4096,3,1234,16,yes,74.328,9.162,32.96,8.11
simd,simd128_v4,conv_simd128_v4,4096,4096,3,1234,17,yes,77.985,9.006,33.53,8.66
simd,simd128_v4,conv_simd128_v4,4096,4096,3,1234,18,yes,72.760,8.957,33.72,8.12
simd,simd128_v4,conv_simd128_v4,4096,4096,3,1234,19,yes,72.026,8.908,33.90,8.09
simd,simd128_v4,conv_simd128_v4,4096,4096,3,1234,20,yes,77.128,8.857,34.10,8.71
simd,simd128_v4,conv_simd128_v4,8192,8192,3,1234,1,yes,301.013,36.023,33.53,8.36
simd,simd128_v4,conv_simd128_v4,8192,8192,3,1234,2,yes,285.271,38.943,31.02,7.33
simd,simd128_v4,conv_simd128_v4,8192,8192,3,1234,3,yes,310.868,37.123,32.54,8.37
simd,simd128_v4,conv_simd128_v4,8192,8192,3,1234,4,yes,288.607,36.429,33.16,7.92
simd,simd128_v4,conv_simd128_v4,8192,8192,3,1234,5,yes,302.152,36.487,33.11,8.28
simd,simd128_v4,conv_simd128_v4,8192,8192,3,1234,6,yes,290.768,36.557,33.04,7.95
simd,simd128_v4,conv_simd128_v4,8192,8192,3,1234,7,yes,302.047,36.500,33.09,8.28
simd,simd128_v4,conv_simd128_v4,8192,8192,3,1234,8,yes,309.082,35.942,33.61,8.60
simd,simd128_v4,conv_simd128_v4,8192,8192,3,1234,9,yes,294.862,36.167,33.40,8.15
simd,simd128_v4,conv_simd128_v4,8192,8192,3,1234,10,yes,285.889,37.993,31.79,7.52
simd,simd128_v4,conv_simd128_v4,8192,8192,3,1234,11,yes,298.598,36.509,33.09,8.18
simd,simd128_v4,conv_simd128_v4,8192,8192,3,1234,12,yes,286.775,36.040,33.52,7.96
simd,simd128_v4,conv_simd128_v4,8192,8192,3,1234,13,yes,311.592,35.971,33.58,8.66
simd,simd128_v4,conv_simd128_v4,8192,8192,3,1234,14,yes,285.871,35.947,33.60,7.95
simd,simd128_v4,conv_simd128_v4,8192,8192,3,1234,15,yes,311.615,36.354,33.23,8.57
simd,simd128_v4,conv_simd128_v4,8192,8192,3,1234,16,yes,300.231,36.036,33.52,8.33
simd,simd128_v4,conv_simd128_v4,8192,8192,3,1234,17,yes,286.974,37.828,31.93,7.59
simd,simd128_v4,conv_simd128_v4,8192,8192,3,1234,18,yes,306.697,36.012,33.54,8.52
simd,simd128_v4,conv_simd128_v4,8192,8192,3,1234,19,yes,308.414,36.451,33.14,8.46
simd,simd128_v4,conv_simd128_v4,8192,8192,3,1234,20,yes,285.902,36.549,33.05,7.82
simd,simd128_v4,conv_simd128_v4,16384,16384,3,1234,1,yes,1178.385,159.240,30.34,7.40
simd,simd128_v4,conv_simd128_v4,16384,16384,3,1234,2,yes,1148.194,153.000,31.58,7.50
simd,simd128_v4,conv_simd128_v4,16384,16384,3,1234,3,yes,1236.154,153.865,31.40,8.03
simd,simd128_v4,conv_simd128_v4,16384,16384,3,1234,4,yes,1143.450,153.329,31.51,7.46
simd,simd128_v4,conv_simd128_v4,16384,16384,3,1234,5,yes,1139.966,153.657,31.45,7.42
simd,simd128_v4,conv_simd128_v4,16384,16384,3,1234,6,yes,1210.365,168.334,28.70,7.19
simd,simd128_v4,conv_simd128_v4,16384,16384,3,1234,7,yes,1225.586,152.799,31.62,8.02
simd,simd128_v4,conv_simd128_v4,16384,16384,3,1234,8,yes,1155.398,153.622,31.45,7.52
simd,simd128_v4,conv_simd128_v4,16384,16384,3,1234,9,yes,1212.776,153.614,31.45,7.89
simd,simd128_v4,conv_simd128_v4,16384,16384,3,1234,10,yes,1228.417,153.208,31.54,8.02
simd,simd128_v4,conv_simd128_v4,16384,16384,3,1234,11,yes,1225.403,153.456,31.49,7.99
simd,simd128_v4,conv_simd128_v4,16384,16384,3,1234,12,yes,1230.925,157.682,30.64,7.81
simd,simd128_v4,conv_simd128_v4,16384,16384,3,1234,13,yes,1235.666,159.161,30.36,7.76
simd,simd128_v4,conv_simd128_v4,16384,16384,3,1234,14,yes,1230.344,151.909,31.81,8.10
simd,simd128_v4,conv_simd128_v4,16384,16384,3,1234,15,yes,1144.707,152.203,31.75,7.52
simd,simd128_v4,conv_simd128_v4,16384,16384,3,1234,16,yes,1236.018,152.664,31.65,8.10
simd,simd128_v4,conv_simd128_v4,16384,16384,3,1234,17,yes,1155.888,152.953,31.59,7.56
simd,simd128_v4,conv_simd128_v4,16384,16384,3,1234,18,yes,1222.305,151.598,31.87,8.06
simd,simd128_v4,conv_simd128_v4,16384,16384,3,1234,19,yes,1216.325,153.099,31.56,7.94
simd,simd128_v4,conv_simd128_v4,16384,16384,3,1234,20,yes,1148.486,156.373,30.90,7.34
simd,simd256_v1,conv_simd256_v1,64,64,3,1234,1,yes,0.031,0.006,12.29,5.16
simd,simd256_v1,conv_simd256_v1,64,64,3,1234,2,yes,0.073,0.014,5.40,5.31
simd,simd256_v1,conv_simd256_v1,64,64,3,1234,3,yes,0.058,0.009,8.52,6.67
simd,simd256_v1,conv_simd256_v1,64,64,3,1234,4,yes,0.065,0.014,5.33,4.70
simd,simd256_v1,conv_simd256_v1,64,64,3,1234,5,yes,0.064,0.017,4.38,3.82
simd,simd256_v1,conv_simd256_v1,64,64,3,1234,6,yes,0.060,0.013,5.80,4.70
simd,simd256_v1,conv_simd256_v1,64,64,3,1234,7,yes,0.046,0.006,11.93,7.40
simd,simd256_v1,conv_simd256_v1,64,64,3,1234,8,yes,0.064,0.011,6.54,5.70
simd,simd256_v1,conv_simd256_v1,64,64,3,1234,9,yes,0.024,0.006,12.98,4.22
simd,simd256_v1,conv_simd256_v1,64,64,3,1234,10,yes,0.041,0.009,8.60,4.76
simd,simd256_v1,conv_simd256_v1,64,64,3,1234,11,yes,0.043,0.009,8.63,5.03
simd,simd256_v1,conv_simd256_v1,64,64,3,1234,12,yes,0.052,0.007,10.60,7.45
simd,simd256_v1,conv_simd256_v1,64,64,3,1234,13,yes,0.056,0.011,6.64,5.01
simd,simd256_v1,conv_simd256_v1,64,64,3,1234,14,yes,0.052,0.007,10.35,7.26
simd,simd256_v1,conv_simd256_v1,64,64,3,1234,15,yes,0.071,0.013,5.72,5.47
simd,simd256_v1,conv_simd256_v1,64,64,3,1234,16,yes,0.059,0.010,7.29,5.81
simd,simd256_v1,conv_simd256_v1,64,64,3,1234,17,yes,0.058,0.011,6.84,5.43
simd,simd256_v1,conv_simd256_v1,64,64,3,1234,18,yes,0.046,0.011,6.64,4.13
simd,simd256_v1,conv_simd256_v1,64,64,3,1234,19,yes,0.040,0.010,7.30,4.00
simd,simd256_v1,conv_simd256_v1,64,64,3,1234,20,yes,0.047,0.011,6.62,4.21
simd,simd256_v1,conv_simd256_v1,128,128,3,1234,1,yes,0.258,0.028,10.49,9.17
simd,simd256_v1,conv_simd256_v1,128,128,3,1234,2,yes,0.188,0.021,13.74,8.73
simd,simd256_v1,conv_simd256_v1,128,128,3,1234,3,yes,0.140,0.019,15.32,7.25
simd,simd256_v1,conv_simd256_v1,128,128,3,1234,4,yes,0.164,0.026,11.33,6.31
simd,simd256_v1,conv_simd256_v1,128,128,3,1234,5,yes,0.133,0.024,12.17,5.48
simd,simd256_v1,conv_simd256_v1,128,128,3,1234,6,yes,0.116,0.013,22.61,8.89
simd,simd256_v1,conv_simd256_v1,128,128,3,1234,7,yes,0.066,0.014,21.77,4.90
simd,simd256_v1,conv_simd256_v1,128,128,3,1234,8,yes,0.081,0.013,21.85,5.97
simd,simd256_v1,conv_simd256_v1,128,128,3,1234,9,yes,0.066,0.015,19.88,4.48
simd,simd256_v1,conv_simd256_v1,128,128,3,1234,10,yes,0.081,0.013,22.26,6.10
simd,simd256_v1,conv_simd256_v1,128,128,3,1234,11,yes,0.066,0.014,21.78,4.91
simd,simd256_v1,conv_simd256_v1,128,128,3,1234,12,yes,0.079,0.014,21.80,5.84
simd,simd256_v1,conv_simd256_v1,128,128,3,1234,13,yes,0.080,0.013,22.28,6.01
simd,simd256_v1,conv_simd256_v1,128,128,3,1234,14,yes,0.079,0.014,21.81,5.83
simd,simd256_v1,conv_simd256_v1,128,128,3,1234,15,yes,0.066,0.010,30.80,6.91
simd,simd256_v1,conv_simd256_v1,128,128,3,1234,16,yes,0.066,0.013,21.89,4.94
simd,simd256_v1,conv_simd256_v1,128,128,3,1234,17,yes,0.067,0.011,27.94,6.32
simd,simd256_v1,conv_simd256_v1,128,128,3,1234,18,yes,0.081,0.014,21.81,5.96
simd,simd256_v1,conv_simd256_v1,128,128,3,1234,19,yes,0.075,0.014,21.76,5.51
simd,simd256_v1,conv_simd256_v1,128,128,3,1234,20,yes,0.074,0.009,31.18,7.88
simd,simd256_v1,conv_simd256_v1,256,256,3,1234,1,yes,0.321,0.034,34.38,9.36
simd,simd256_v1,conv_simd256_v1,256,256,3,1234,2,yes,0.262,0.034,34.37,7.64
simd,simd256_v1,conv_simd256_v1,256,256,3,1234,3,yes,0.320,0.040,29.57,8.02
simd,simd256_v1,conv_simd256_v1,256,256,3,1234,4,yes,0.284,0.043,27.24,6.55
simd,simd256_v1,conv_simd256_v1,256,256,3,1234,5,yes,0.319,0.034,34.38,9.30
simd,simd256_v1,conv_simd256_v1,256,256,3,1234,6,yes,0.300,0.043,27.23,6.92
simd,simd256_v1,conv_simd256_v1,256,256,3,1234,7,yes,0.290,0.034,34.44,8.48
simd,simd256_v1,conv_simd256_v1,256,256,3,1234,8,yes,0.296,0.034,34.45,8.65
simd,simd256_v1,conv_simd256_v1,256,256,3,1234,9,yes,0.263,0.034,34.37,7.65
simd,simd256_v1,conv_simd256_v1,256,256,3,1234,10,yes,0.262,0.034,35.18,7.82
simd,simd256_v1,conv_simd256_v1,256,256,3,1234,11,yes,0.321,0.043,27.19,7.40
simd,simd256_v1,conv_simd256_v1,256,256,3,1234,12,yes,0.263,0.043,27.23,6.07
simd,simd256_v1,conv_simd256_v1,256,256,3,1234,13,yes,0.262,0.034,35.11,7.80
simd,simd256_v1,conv_simd256_v1,256,256,3,1234,14,yes,0.321,0.034,35.15,9.56
simd,simd256_v1,conv_simd256_v1,256,256,3,1234,15,yes,0.270,0.044,26.79,6.14
simd,simd256_v1,conv_simd256_v1,256,256,3,1234,16,yes,0.296,0.034,34.39,8.64
simd,simd256_v1,conv_simd256_v1,256,256,3,1234,17,yes,0.287,0.034,34.38,8.37
simd,simd256_v1,conv_simd256_v1,256,256,3,1234,18,yes,0.278,0.034,34.39,8.11
simd,simd256_v1,conv_simd256_v1,256,256,3,1234,19,yes,0.264,0.034,34.35,7.68
simd,simd256_v1,conv_simd256_v1,256,256,3,1234,20,yes,0.320,0.043,27.61,7.50
simd,simd256_v1,conv_simd256_v1,512,512,3,1234,1,yes,1.071,0.130,36.34,8.25
simd,simd256_v1,conv_simd256_v1,512,512,3,1234,2,yes,1.283,0.129,36.54,9.94
simd,simd256_v1,conv_simd256_v1,512,512,3,1234,3,yes,1.216,0.129,36.52,9.41
simd,simd256_v1,conv_simd256_v1,512,512,3,1234,4,yes,1.259,0.169,27.95,7.45
simd,simd256_v1,conv_simd256_v1,512,512,3,1234,5,yes,1.147,0.169,27.88,6.78
simd,simd256_v1,conv_simd256_v1,512,512,3,1234,6,yes,1.253,0.129,36.53,9.70
simd,simd256_v1,conv_simd256_v1,512,512,3,1234,7,yes,1.287,0.169,27.97,7.63
simd,simd256_v1,conv_simd256_v1,512,512,3,1234,8,yes,1.262,0.129,36.54,9.78
simd,simd256_v1,conv_simd256_v1,512,512,3,1234,9,yes,1.296,0.129,36.54,10.04
simd,simd256_v1,conv_simd256_v1,512,512,3,1234,10,yes,1.279,0.129,36.53,9.90
simd,simd256_v1,conv_simd256_v1,512,512,3,1234,11,yes,1.113,0.169,27.94,6.59
simd,simd256_v1,conv_simd256_v1,512,512,3,1234,12,yes,1.232,0.169,27.94,7.30
simd,simd256_v1,conv_simd256_v1,512,512,3,1234,13,yes,1.054,0.143,32.96,7.36
simd,simd256_v1,conv_simd256_v1,512,512,3,1234,14,yes,1.283,0.169,27.91,7.59
simd,simd256_v1,conv_simd256_v1,512,512,3,1234,15,yes,1.278,0.169,27.96,7.58
simd,simd256_v1,conv_simd256_v1,512,512,3,1234,16,yes,1.051,0.129,36.54,8.14
simd,simd256_v1,conv_simd256_v1,512,512,3,1234,17,yes,1.178,0.169,27.98,6.98
simd,simd256_v1,conv_simd256_v1,512,512,3,1234,18,yes,1.148,0.129,36.54,8.89
simd,simd256_v1,conv_simd256_v1,512,512,3,1234,19,yes,1.130,0.129,36.56,8.76
simd,simd256_v1,conv_simd256_v1,512,512,3,1234,20,yes,1.282,0.129,36.53,9.92
simd,simd256_v1,conv_simd256_v1,1024,1024,3,1234,1,yes,4.846,0.666,28.35,7.28
simd,simd256_v1,conv_simd256_v1,1024,1024,3,1234,2,yes,4.940,0.507,37.25,9.75
simd,simd256_v1,conv_simd256_v1,1024,1024,3,1234,3,yes,4.423,0.558,33.82,7.93
simd,simd256_v1,conv_simd256_v1,1024,1024,3,1234,4,yes,5.100,0.624,30.25,8.17
simd,simd256_v1,conv_simd256_v1,1024,1024,3,1234,5,yes,4.657,0.502,37.58,9.27
simd,simd256_v1,conv_simd256_v1,1024,1024,3,1234,6,yes,4.652,0.507,37.22,9.17
simd,simd256_v1,conv_simd256_v1,1024,1024,3,1234,7,yes,4.890,0.520,36.33,9.41
simd,simd256_v1,conv_simd256_v1,1024,1024,3,1234,8,yes,4.821,0.658,28.68,7.32
simd,simd256_v1,conv_simd256_v1,1024,1024,3,1234,9,yes,4.892,0.507,37.26,9.66
simd,simd256_v1,conv_simd256_v1,1024,1024,3,1234,10,yes,4.793,0.666,28.32,7.19
simd,simd256_v1,conv_simd256_v1,1024,1024,3,1234,11,yes,5.124,0.628,30.07,8.16
simd,simd256_v1,conv_simd256_v1,1024,1024,3,1234,12,yes,4.511,0.608,31.03,7.42
simd,simd256_v1,conv_simd256_v1,1024,1024,3,1234,13,yes,5.043,0.667,28.28,7.55
simd,simd256_v1,conv_simd256_v1,1024,1024,3,1234,14,yes,4.883,0.507,37.24,9.63
simd,simd256_v1,conv_simd256_v1,1024,1024,3,1234,15,yes,4.719,0.572,33.02,8.26
simd,simd256_v1,conv_simd256_v1,1024,1024,3,1234,16,yes,4.928,0.534,35.37,9.23
simd,simd256_v1,conv_simd256_v1,1024,1024,3,1234,17,yes,4.783,0.538,35.08,8.89
simd,simd256_v1,conv_simd256_v1,1024,1024,3,1234,18,yes,4.992,0.666,28.32,7.49
simd,simd256_v1,conv_simd256_v1,1024,1024,3,1234,19,yes,4.890,0.541,34.91,9.04
simd,simd256_v1,conv_simd256_v1,1024,1024,3,1234,20,yes,5.110,0.641,29.46,7.98
simd,simd256_v1,conv_simd256_v1,2048,2048,3,1234,1,yes,18.056,2.704,27.92,6.68
simd,simd256_v1,conv_simd256_v1,2048,2048,3,1234,2,yes,19.664,2.540,29.73,7.74
simd,simd256_v1,conv_simd256_v1,2048,2048,3,1234,3,yes,18.018,2.424,31.14,7.43
simd,simd256_v1,conv_simd256_v1,2048,2048,3,1234,4,yes,19.668,2.540,29.72,7.74
simd,simd256_v1,conv_simd256_v1,2048,2048,3,1234,5,yes,19.242,2.580,29.26,7.46
simd,simd256_v1,conv_simd256_v1,2048,2048,3,1234,6,yes,19.380,2.682,28.15,7.23
simd,simd256_v1,conv_simd256_v1,2048,2048,3,1234,7,yes,17.970,2.472,30.54,7.27
simd,simd256_v1,conv_simd256_v1,2048,2048,3,1234,8,yes,17.975,2.777,27.19,6.47
simd,simd256_v1,conv_simd256_v1,2048,2048,3,1234,9,yes,19.342,2.598,29.07,7.45
simd,simd256_v1,conv_simd256_v1,2048,2048,3,1234,10,yes,19.448,2.715,27.81,7.16
simd,simd256_v1,conv_simd256_v1,2048,2048,3,1234,11,yes,19.763,2.492,30.30,7.93
simd,simd256_v1,conv_simd256_v1,2048,2048,3,1234,12,yes,19.363,2.633,28.67,7.35
simd,simd256_v1,conv_simd256_v1,2048,2048,3,1234,13,yes,19.112,2.684,28.13,7.12
simd,simd256_v1,conv_simd256_v1,2048,2048,3,1234,14,yes,19.988,2.467,30.60,8.10
simd,simd256_v1,conv_simd256_v1,2048,2048,3,1234,15,yes,19.326,2.804,26.92,6.89
simd,simd256_v1,conv_simd256_v1,2048,2048,3,1234,16,yes,19.325,2.305,32.75,8.38
simd,simd256_v1,conv_simd256_v1,2048,2048,3,1234,17,yes,19.417,2.442,30.92,7.95
simd,simd256_v1,conv_simd256_v1,2048,2048,3,1234,18,yes,18.214,2.752,27.43,6.62
simd,simd256_v1,conv_simd256_v1,2048,2048,3,1234,19,yes,19.578,2.539,29.73,7.71
simd,simd256_v1,conv_simd256_v1,2048,2048,3,1234,20,yes,18.210,2.405,31.40,7.57
simd,simd256_v1,conv_simd256_v1,4096,4096,3,1234,1,yes,76.707,11.150,27.08,6.88
simd,simd256_v1,conv_simd256_v1,4096,4096,3,1234,2,yes,78.048,11.287,26.76,6.92
simd,simd256_v1,conv_simd256_v1,4096,4096,3,1234,3,yes,78.205,11.062,27.30,7.07
simd,simd256_v1,conv_simd256_v1,4096,4096,3,1234,4,yes,77.397,10.263,29.42,7.54
simd,simd256_v1,conv_simd256_v1,4096,4096,3,1234,5,yes,71.589,11.314,26.69,6.33
simd,simd256_v1,conv_simd256_v1,4096,4096,3,1234,6,yes,76.835,11.327,26.66,6.78
simd,simd256_v1,conv_simd256_v1,4096,4096,3,1234,7,yes,77.341,10.608,28.47,7.29
simd,simd256_v1,conv_simd256_v1,4096,4096,3,1234,8,yes,76.646,10.289,29.35,7.45
simd,simd256_v1,conv_simd256_v1,4096,4096,3,1234,9,yes,72.337,10.668,28.31,6.78
simd,simd256_v1,conv_simd256_v1,4096,4096,3,1234,10,yes,77.871,10.909,27.68,7.14
simd,simd256_v1,conv_simd256_v1,4096,4096,3,1234,11,yes,71.465,10.690,28.25,6.68
simd,simd256_v1,conv_simd256_v1,4096,4096,3,1234,12,yes,77.229,10.222,29.54,7.56
simd,simd256_v1,conv_simd256_v1,4096,4096,3,1234,13,yes,77.680,10.806,27.95,7.19
simd,simd256_v1,conv_simd256_v1,4096,4096,3,1234,14,yes,78.582,11.039,27.36,7.12
simd,simd256_v1,conv_simd256_v1,4096,4096,3,1234,15,yes,72.051,10.961,27.55,6.57
simd,simd256_v1,conv_simd256_v1,4096,4096,3,1234,16,yes,75.994,10.778,28.02,7.05
simd,simd256_v1,conv_simd256_v1,4096,4096,3,1234,17,yes,71.489,10.913,27.67,6.55
simd,simd256_v1,conv_simd256_v1,4096,4096,3,1234,18,yes,71.801,10.644,28.37,6.75
simd,simd256_v1,conv_simd256_v1,4096,4096,3,1234,19,yes,75.712,10.806,27.95,7.01
simd,simd256_v1,conv_simd256_v1,4096,4096,3,1234,20,yes,78.278,10.189,29.64,7.68
simd,simd256_v1,conv_simd256_v1,8192,8192,3,1234,1,yes,311.119,57.824,20.89,5.38
simd,simd256_v1,conv_simd256_v1,8192,8192,3,1234,2,yes,310.086,57.048,21.17,5.44
simd,simd256_v1,conv_simd256_v1,8192,8192,3,1234,3,yes,303.705,58.628,20.60,5.18
simd,simd256_v1,conv_simd256_v1,8192,8192,3,1234,4,yes,313.527,56.758,21.28,5.52
simd,simd256_v1,conv_simd256_v1,8192,8192,3,1234,5,yes,286.548,57.272,21.09,5.00
simd,simd256_v1,conv_simd256_v1,8192,8192,3,1234,6,yes,299.793,57.771,20.91,5.19
simd,simd256_v1,conv_simd256_v1,8192,8192,3,1234,7,yes,312.044,57.241,21.10,5.45
simd,simd256_v1,conv_simd256_v1,8192,8192,3,1234,8,yes,312.809,57.602,20.97,5.43
simd,simd256_v1,conv_simd256_v1,8192,8192,3,1234,9,yes,310.524,57.669,20.95,5.38
simd,simd256_v1,conv_simd256_v1,8192,8192,3,1234,10,yes,308.628,56.788,21.27,5.43
simd,simd256_v1,conv_simd256_v1,8192,8192,3,1234,11,yes,303.644,55.707,21.68,5.45
simd,simd256_v1,conv_simd256_v1,8192,8192,3,1234,12,yes,312.718,55.003,21.96,5.69
simd,simd256_v1,conv_simd256_v1,8192,8192,3,1234,13,yes,308.751,56.870,21.24,5.43
simd,simd256_v1,conv_simd256_v1,8192,8192,3,1234,14,yes,308.614,51.978,23.24,5.94
simd,simd256_v1,conv_simd256_v1,8192,8192,3,1234,15,yes,310.876,56.392,21.42,5.51
simd,simd256_v1,conv_simd256_v1,8192,8192,3,1234,16,yes,286.079,57.067,21.17,5.01
simd,simd256_v1,conv_simd256_v1,8192,8192,3,1234,17,yes,308.166,56.307,21.45,5.47
simd,simd256_v1,conv_simd256_v1,8192,8192,3,1234,18,yes,308.199,56.320,21.45,5.47
simd,simd256_v1,conv_simd256_v1,8192,8192,3,1234,19,yes,305.619,56.981,21.20,5.36
simd,simd256_v1,conv_simd256_v1,8192,8192,3,1234,20,yes,307.621,56.864,21.24,5.41
simd,simd256_v1,conv_simd256_v1,16384,16384,3,1234,1,yes,1150.470,232.299,20.80,4.95
simd,simd256_v1,conv_simd256_v1,16384,16384,3,1234,2,yes,1227.660,230.369,20.97,5.33
simd,simd256_v1,conv_simd256_v1,16384,16384,3,1234,3,yes,1240.750,231.474,20.87,5.36
simd,simd256_v1,conv_simd256_v1,16384,16384,3,1234,4,yes,1152.999,230.359,20.98,5.01
simd,simd256_v1,conv_simd256_v1,16384,16384,3,1234,5,yes,1143.514,229.717,21.03,4.98
simd,simd256_v1,conv_simd256_v1,16384,16384,3,1234,6,yes,1148.036,231.631,20.86,4.96
simd,simd256_v1,conv_simd256_v1,16384,16384,3,1234,7,yes,1202.033,224.136,21.56,5.36
simd,simd256_v1,conv_simd256_v1,16384,16384,3,1234,8,yes,1177.295,216.807,22.29,5.43
simd,simd256_v1,conv_simd256_v1,16384,16384,3,1234,9,yes,1245.509,238.553,20.25,5.22
simd,simd256_v1,conv_simd256_v1,16384,16384,3,1234,10,yes,1227.696,232.319,20.80,5.28
simd,simd256_v1,conv_simd256_v1,16384,16384,3,1234,11,yes,1217.787,234.056,20.64,5.20
simd,simd256_v1,conv_simd256_v1,16384,16384,3,1234,12,yes,1229.642,234.338,20.62,5.25
simd,simd256_v1,conv_simd256_v1,16384,16384,3,1234,13,yes,1228.179,230.680,20.95,5.32
simd,simd256_v1,conv_simd256_v1,16384,16384,3,1234,14,yes,1228.494,235.437,20.52,5.22
simd,simd256_v1,conv_simd256_v1,16384,16384,3,1234,15,yes,1146.544,240.641,20.08,4.76
simd,simd256_v1,conv_simd256_v1,16384,16384,3,1234,16,yes,1180.668,234.786,20.58,5.03
simd,simd256_v1,conv_simd256_v1,16384,16384,3,1234,17,yes,1209.049,234.643,20.59,5.15
simd,simd256_v1,conv_simd256_v1,16384,16384,3,1234,18,yes,1144.207,230.745,20.94,4.96
simd,simd256_v1,conv_simd256_v1,16384,16384,3,1234,19,yes,1211.897,233.800,20.67,5.18
simd,simd256_v1,conv_simd256_v1,16384,16384,3,1234,20,yes,1244.508,232.096,20.82,5.36
simd,simd256_v2,conv_simd256_v2,64,64,3,1234,1,yes,0.017,0.002,30.99,7.35
simd,simd256_v2,conv_simd256_v2,64,64,3,1234,2,yes,0.022,0.003,22.62,6.86
simd,simd256_v2,conv_simd256_v2,64,64,3,1234,3,yes,0.043,0.005,15.33,8.98
simd,simd256_v2,conv_simd256_v2,64,64,3,1234,4,yes,0.038,0.005,14.31,7.35
simd,simd256_v2,conv_simd256_v2,64,64,3,1234,5,yes,0.040,0.007,11.30,6.18
simd,simd256_v2,conv_simd256_v2,64,64,3,1234,6,yes,0.038,0.005,14.35,7.36
simd,simd256_v2,conv_simd256_v2,64,64,3,1234,7,yes,0.046,0.005,14.32,8.86
simd,simd256_v2,conv_simd256_v2,64,64,3,1234,8,yes,0.038,0.005,14.01,7.18
simd,simd256_v2,conv_simd256_v2,64,64,3,1234,9,yes,0.038,0.005,14.11,7.23
simd,simd256_v2,conv_simd256_v2,64,64,3,1234,10,yes,0.046,0.005,14.27,8.86
simd,simd256_v2,conv_simd256_v2,64,64,3,1234,11,yes,0.038,0.005,14.32,7.39
simd,simd256_v2,conv_simd256_v2,64,64,3,1234,12,yes,0.042,0.005,14.18,8.15
simd,simd256_v2,conv_simd256_v2,64,64,3,1234,13,yes,0.045,0.005,14.29,8.82
simd,simd256_v2,conv_simd256_v2,64,64,3,1234,14,yes,0.046,0.005,14.54,9.00
simd,simd256_v2,conv_simd256_v2,64,64,3,1234,15,yes,0.038,0.005,14.24,7.35
simd,simd256_v2,conv_simd256_v2,64,64,3,1234,16,yes,0.038,0.005,14.61,7.48
simd,simd256_v2,conv_simd256_v2,64,64,3,1234,17,yes,0.038,0.005,14.46,7.46
simd,simd256_v2,conv_simd256_v2,64,64,3,1234,18,yes,0.038,0.005,14.34,7.41
simd,simd256_v2,conv_simd256_v2,64,64,3,1234,19,yes,0.045,0.005,14.31,8.72
simd,simd256_v2,conv_simd256_v2,64,64,3,1234,20,yes,0.042,0.005,14.26,8.20
simd,simd256_v2,conv_simd256_v2,128,128,3,1234,1,yes,0.181,0.016,18.31,11.21
simd,simd256_v2,conv_simd256_v2,128,128,3,1234,2,yes,0.149,0.014,21.10,10.63
simd,simd256_v2,conv_simd256_v2,128,128,3,1234,3,yes,0.149,0.018,16.18,8.15
simd,simd256_v2,conv_simd256_v2,128,128,3,1234,4,yes,0.154,0.016,18.57,9.68
simd,simd256_v2,conv_simd256_v2,128,128,3,1234,5,yes,0.115,0.010,30.13,11.72
simd,simd256_v2,conv_simd256_v2,128,128,3,1234,6,yes,0.101,0.012,24.83,8.47
simd,simd256_v2,conv_simd256_v2,128,128,3,1234,7,yes,0.115,0.009,33.36,13.01
simd,simd256_v2,conv_simd256_v2,128,128,3,1234,8,yes,0.113,0.013,23.52,9.05
simd,simd256_v2,conv_simd256_v2,128,128,3,1234,9,yes,0.105,0.012,23.96,8.53
simd,simd256_v2,conv_simd256_v2,128,128,3,1234,10,yes,0.112,0.010,28.77,10.92
simd,simd256_v2,conv_simd256_v2,128,128,3,1234,11,yes,0.090,0.012,24.79,7.58
simd,simd256_v2,conv_simd256_v2,128,128,3,1234,12,yes,0.087,0.011,27.26,8.05
simd,simd256_v2,conv_simd256_v2,128,128,3,1234,13,yes,0.087,0.010,28.51,8.41
simd,simd256_v2,conv_simd256_v2,128,128,3,1234,14,yes,0.098,0.010,28.50,9.43
simd,simd256_v2,conv_simd256_v2,128,128,3,1234,15,yes,0.076,0.009,31.32,8.09
simd,simd256_v2,conv_simd256_v2,128,128,3,1234,16,yes,0.066,0.009,33.55,7.55
simd,simd256_v2,conv_simd256_v2,128,128,3,1234,17,yes,0.081,0.009,33.77,9.25
simd,simd256_v2,conv_simd256_v2,128,128,3,1234,18,yes,0.066,0.009,31.88,7.17
simd,simd256_v2,conv_simd256_v2,128,128,3,1234,19,yes,0.066,0.009,33.49,7.54
simd,simd256_v2,conv_simd256_v2,128,128,3,1234,20,yes,0.081,0.009,33.37,9.13
simd,simd256_v2,conv_simd256_v2,256,256,3,1234,1,yes,0.263,0.023,52.07,11.60
simd,simd256_v2,conv_simd256_v2,256,256,3,1234,2,yes,0.320,0.023,51.99,14.10
simd,simd256_v2,conv_simd256_v2,256,256,3,1234,3,yes,0.291,0.023,52.00,12.84
simd,simd256_v2,conv_simd256_v2,256,256,3,1234,4,yes,0.263,0.023,51.19,11.40
simd,simd256_v2,conv_simd256_v2,256,256,3,1234,5,yes,0.319,0.023,52.07,14.08
simd,simd256_v2,conv_simd256_v2,256,256,3,1234,6,yes,0.285,0.023,52.09,12.57
simd,simd256_v2,conv_simd256_v2,256,256,3,1234,7,yes,0.296,0.023,52.03,13.06
simd,simd256_v2,conv_simd256_v2,256,256,3,1234,8,yes,0.296,0.023,52.04,13.07
simd,simd256_v2,conv_simd256_v2,256,256,3,1234,9,yes,0.263,0.023,51.66,11.51
simd,simd256_v2,conv_simd256_v2,256,256,3,1234,10,yes,0.322,0.023,50.93,13.88
simd,simd256_v2,conv_simd256_v2,256,256,3,1234,11,yes,0.263,0.023,51.21,11.40
simd,simd256_v2,conv_simd256_v2,256,256,3,1234,12,yes,0.319,0.023,51.03,13.81
simd,simd256_v2,conv_simd256_v2,256,256,3,1234,13,yes,0.262,0.023,52.06,11.56
simd,simd256_v2,conv_simd256_v2,256,256,3,1234,14,yes,0.372,0.023,52.02,16.42
simd,simd256_v2,conv_simd256_v2,256,256,3,1234,15,yes,0.262,0.024,49.61,11.03
simd,simd256_v2,conv_simd256_v2,256,256,3,1234,16,yes,0.322,0.023,52.07,14.20
simd,simd256_v2,conv_simd256_v2,256,256,3,1234,17,yes,0.321,0.023,52.12,14.17
simd,simd256_v2,conv_simd256_v2,256,256,3,1234,18,yes,0.321,0.023,52.06,14.18
simd,simd256_v2,conv_simd256_v2,256,256,3,1234,19,yes,0.318,0.023,51.99,14.00
simd,simd256_v2,conv_simd256_v2,256,256,3,1234,20,yes,0.296,0.023,52.06,13.07
simd,simd256_v2,conv_simd256_v2,512,512,3,1234,1,yes,1.203,0.089,53.24,13.57
simd,simd256_v2,conv_simd256_v2,512,512,3,1234,2,yes,1.219,0.091,52.09,13.46
simd,simd256_v2,conv_simd256_v2,512,512,3,1234,3,yes,1.137,0.087,54.13,13.04
simd,simd256_v2,conv_simd256_v2,512,512,3,1234,4,yes,1.193,0.088,53.84,13.61
simd,simd256_v2,conv_simd256_v2,512,512,3,1234,5,yes,1.182,0.092,51.25,12.83
simd,simd256_v2,conv_simd256_v2,512,512,3,1234,6,yes,1.094,0.087,54.14,12.55
simd,simd256_v2,conv_simd256_v2,512,512,3,1234,7,yes,1.252,0.092,51.47,13.66
simd,simd256_v2,conv_simd256_v2,512,512,3,1234,8,yes,1.106,0.088,53.51,12.54
simd,simd256_v2,conv_simd256_v2,512,512,3,1234,9,yes,1.258,0.087,54.10,14.42
simd,simd256_v2,conv_simd256_v2,512,512,3,1234,10,yes,1.280,0.091,51.58,13.99
simd,simd256_v2,conv_simd256_v2,512,512,3,1234,11,yes,1.182,0.088,53.86,13.50
simd,simd256_v2,conv_simd256_v2,512,512,3,1234,12,yes,1.163,0.088,53.88,13.28
simd,simd256_v2,conv_simd256_v2,512,512,3,1234,13,yes,1.144,0.087,54.13,13.13
simd,simd256_v2,conv_simd256_v2,512,512,3,1234,14,yes,1.066,0.088,53.89,12.17
simd,simd256_v2,conv_simd256_v2,512,512,3,1234,15,yes,1.062,0.087,54.11,12.18
simd,simd256_v2,conv_simd256_v2,512,512,3,1234,16,yes,1.266,0.087,54.06,14.50
simd,simd256_v2,conv_simd256_v2,512,512,3,1234,17,yes,1.184,0.087,54.08,13.57
simd,simd256_v2,conv_simd256_v2,512,512,3,1234,18,yes,1.249,0.087,54.07,14.31
simd,simd256_v2,conv_simd256_v2,512,512,3,1234,19,yes,1.282,0.087,54.05,14.68
simd,simd256_v2,conv_simd256_v2,512,512,3,1234,20,yes,1.092,0.087,53.96,12.48
simd,simd256_v2,conv_simd256_v2,1024,1024,3,1234,1,yes,4.483,0.343,55.10,13.09
simd,simd256_v2,conv_simd256_v2,1024,1024,3,1234,2,yes,4.532,0.342,55.17,13.25
simd,simd256_v2,conv_simd256_v2,1024,1024,3,1234,3,yes,4.901,0.342,55.13,14.32
simd,simd256_v2,conv_simd256_v2,1024,1024,3,1234,4,yes,4.908,0.365,51.76,13.46
simd,simd256_v2,conv_simd256_v2,1024,1024,3,1234,5,yes,4.844,0.348,54.20,13.91
simd,simd256_v2,conv_simd256_v2,1024,1024,3,1234,6,yes,4.899,0.342,55.13,14.31
simd,simd256_v2,conv_simd256_v2,1024,1024,3,1234,7,yes,5.011,0.342,55.20,14.65
simd,simd256_v2,conv_simd256_v2,1024,1024,3,1234,8,yes,4.902,0.343,54.98,14.28
simd,simd256_v2,conv_simd256_v2,1024,1024,3,1234,9,yes,4.883,0.361,52.33,13.54
simd,simd256_v2,conv_simd256_v2,1024,1024,3,1234,10,yes,4.913,0.343,55.06,14.33
simd,simd256_v2,conv_simd256_v2,1024,1024,3,1234,11,yes,4.935,0.349,54.14,14.16
simd,simd256_v2,conv_simd256_v2,1024,1024,3,1234,12,yes,4.659,0.343,54.98,13.57
simd,simd256_v2,conv_simd256_v2,1024,1024,3,1234,13,yes,4.817,0.342,55.11,14.07
simd,simd256_v2,conv_simd256_v2,1024,1024,3,1234,14,yes,4.476,0.343,55.10,13.07
simd,simd256_v2,conv_simd256_v2,1024,1024,3,1234,15,yes,4.886,0.343,54.95,14.22
simd,simd256_v2,conv_simd256_v2,1024,1024,3,1234,16,yes,4.532,0.344,54.88,13.18
simd,simd256_v2,conv_simd256_v2,1024,1024,3,1234,17,yes,5.081,0.343,54.98,14.80
simd,simd256_v2,conv_simd256_v2,1024,1024,3,1234,18,yes,4.895,0.346,54.53,14.14
simd,simd256_v2,conv_simd256_v2,1024,1024,3,1234,19,yes,4.987,0.353,53.40,14.11
simd,simd256_v2,conv_simd256_v2,1024,1024,3,1234,20,yes,4.586,0.348,54.21,13.17
simd,simd256_v2,conv_simd256_v2,2048,2048,3,1234,1,yes,17.887,1.890,39.94,9.46
simd,simd256_v2,conv_simd256_v2,2048,2048,3,1234,2,yes,17.939,1.787,42.24,10.04
simd,simd256_v2,conv_simd256_v2,2048,2048,3,1234,3,yes,19.122,1.790,42.18,10.68
simd,simd256_v2,conv_simd256_v2,2048,2048,3,1234,4,yes,19.459,1.816,41.58,10.72
simd,simd256_v2,conv_simd256_v2,2048,2048,3,1234,5,yes,19.456,1.783,42.34,10.91
simd,simd256_v2,conv_simd256_v2,2048,2048,3,1234,6,yes,19.566,1.706,44.26,11.47
simd,simd256_v2,conv_simd256_v2,2048,2048,3,1234,7,yes,19.463,1.720,43.89,11.32
simd,simd256_v2,conv_simd256_v2,2048,2048,3,1234,8,yes,19.565,1.766,42.76,11.08
simd,simd256_v2,conv_simd256_v2,2048,2048,3,1234,9,yes,18.876,1.781,42.38,10.60
simd,simd256_v2,conv_simd256_v2,2048,2048,3,1234,10,yes,17.840,1.795,42.05,9.94
simd,simd256_v2,conv_simd256_v2,2048,2048,3,1234,11,yes,19.143,1.801,41.91,10.63
simd,simd256_v2,conv_simd256_v2,2048,2048,3,1234,12,yes,19.112,1.747,43.22,10.94
simd,simd256_v2,conv_simd256_v2,2048,2048,3,1234,13,yes,17.874,1.769,42.68,10.10
simd,simd256_v2,conv_simd256_v2,2048,2048,3,1234,14,yes,19.446,1.706,44.26,11.40
simd,simd256_v2,conv_simd256_v2,2048,2048,3,1234,15,yes,17.738,1.870,40.38,9.49
simd,simd256_v2,conv_simd256_v2,2048,2048,3,1234,16,yes,19.502,1.777,42.48,10.97
simd,simd256_v2,conv_simd256_v2,2048,2048,3,1234,17,yes,17.888,1.801,41.91,9.93
simd,simd256_v2,conv_simd256_v2,2048,2048,3,1234,18,yes,19.474,1.873,40.31,10.40
simd,simd256_v2,conv_simd256_v2,2048,2048,3,1234,19,yes,17.804,1.785,42.30,9.97
simd,simd256_v2,conv_simd256_v2,2048,2048,3,1234,20,yes,17.570,2.042,36.98,8.61
simd,simd256_v2,conv_simd256_v2,4096,4096,3,1234,1,yes,77.422,8.491,35.57,9.12
simd,simd256_v2,conv_simd256_v2,4096,4096,3,1234,2,yes,76.776,8.357,36.14,9.19
simd,simd256_v2,conv_simd256_v2,4096,4096,3,1234,3,yes,75.424,8.968,33.67,8.41
simd,simd256_v2,conv_simd256_v2,4096,4096,3,1234,4,yes,77.004,8.487,35.58,9.07
simd,simd256_v2,conv_simd256_v2,4096,4096,3,1234,5,yes,77.826,8.373,36.07,9.29
simd,simd256_v2,conv_simd256_v2,4096,4096,3,1234,6,yes,76.395,8.332,36.24,9.17
simd,simd256_v2,conv_simd256_v2,4096,4096,3,1234,7,yes,72.741,8.316,36.32,8.75
simd,simd256_v2,conv_simd256_v2,4096,4096,3,1234,8,yes,76.429,8.316,36.31,9.19
simd,simd256_v2,conv_simd256_v2,4096,4096,3,1234,9,yes,78.009,8.361,36.12,9.33
simd,simd256_v2,conv_simd256_v2,4096,4096,3,1234,10,yes,77.470,8.335,36.23,9.29
simd,simd256_v2,conv_simd256_v2,4096,4096,3,1234,11,yes,74.651,8.313,36.33,8.98
simd,simd256_v2,conv_simd256_v2,4096,4096,3,1234,12,yes,71.767,8.341,36.21,8.60
simd,simd256_v2,conv_simd256_v2,4096,4096,3,1234,13,yes,77.841,8.345,36.19,9.33
simd,simd256_v2,conv_simd256_v2,4096,4096,3,1234,14,yes,77.934,8.455,35.72,9.22
simd,simd256_v2,conv_simd256_v2,4096,4096,3,1234,15,yes,76.045,8.314,36.32,9.15
simd,simd256_v2,conv_simd256_v2,4096,4096,3,1234,16,yes,71.470,8.810,34.28,8.11
simd,simd256_v2,conv_simd256_v2,4096,4096,3,1234,17,yes,73.652,8.749,34.52,8.42
simd,simd256_v2,conv_simd256_v2,4096,4096,3,1234,18,yes,72.354,8.485,35.59,8.53
simd,simd256_v2,conv_simd256_v2,4096,4096,3,1234,19,yes,71.477,8.438,35.79,8.47
simd,simd256_v2,conv_simd256_v2,4096,4096,3,1234,20,yes,77.942,8.457,35.71,9.22
simd,simd256_v2,conv_simd256_v2,8192,8192,3,1234,1,yes,302.916,40.768,29.63,7.43
simd,simd256_v2,conv_simd256_v2,8192,8192,3,1234,2,yes,299.488,40.410,29.89,7.41
simd,simd256_v2,conv_simd256_v2,8192,8192,3,1234,3,yes,310.414,34.338,35.18,9.04
simd,simd256_v2,conv_simd256_v2,8192,8192,3,1234,4,yes,288.280,40.680,29.69,7.09
simd,simd256_v2,conv_simd256_v2,8192,8192,3,1234,5,yes,302.191,42.386,28.50,7.13
simd,simd256_v2,conv_simd256_v2,8192,8192,3,1234,6,yes,307.669,34.201,35.32,9.00
simd,simd256_v2,conv_simd256_v2,8192,8192,3,1234,7,yes,312.443,40.154,30.08,7.78
simd,simd256_v2,conv_simd256_v2,8192,8192,3,1234,8,yes,305.838,39.881,30.29,7.67
simd,simd256_v2,conv_simd256_v2,8192,8192,3,1234,9,yes,304.890,42.146,28.66,7.23
simd,simd256_v2,conv_simd256_v2,8192,8192,3,1234,10,yes,312.438,41.415,29.17,7.54
simd,simd256_v2,conv_simd256_v2,8192,8192,3,1234,11,yes,309.276,40.321,29.96,7.67
simd,simd256_v2,conv_simd256_v2,8192,8192,3,1234,12,yes,310.935,39.796,30.35,7.81
simd,simd256_v2,conv_simd256_v2,8192,8192,3,1234,13,yes,309.465,41.642,29.01,7.43
simd,simd256_v2,conv_simd256_v2,8192,8192,3,1234,14,yes,308.857,39.768,30.37,7.77
simd,simd256_v2,conv_simd256_v2,8192,8192,3,1234,15,yes,288.834,38.583,31.31,7.49
simd,simd256_v2,conv_simd256_v2,8192,8192,3,1234,16,yes,286.975,39.904,30.27,7.19
simd,simd256_v2,conv_simd256_v2,8192,8192,3,1234,17,yes,311.684,39.862,30.30,7.82
simd,simd256_v2,conv_simd256_v2,8192,8192,3,1234,18,yes,302.744,39.716,30.42,7.62
simd,simd256_v2,conv_simd256_v2,8192,8192,3,1234,19,yes,311.106,39.707,30.42,7.84
simd,simd256_v2,conv_simd256_v2,8192,8192,3,1234,20,yes,304.909,40.114,30.11,7.60
simd,simd256_v2,conv_simd256_v2,16384,16384,3,1234,1,yes,1246.581,166.874,28.95,7.47
simd,simd256_v2,conv_simd256_v2,16384,16384,3,1234,2,yes,1174.219,183.875,26.28,6.39
simd,simd256_v2,conv_simd256_v2,16384,16384,3,1234,3,yes,1139.484,165.555,29.19,6.88
simd,simd256_v2,conv_simd256_v2,16384,16384,3,1234,4,yes,1235.735,165.047,29.28,7.49
simd,simd256_v2,conv_simd256_v2,16384,16384,3,1234,5,yes,1240.659,165.209,29.25,7.51
simd,simd256_v2,conv_simd256_v2,16384,16384,3,1234,6,yes,1214.111,165.863,29.13,7.32
simd,simd256_v2,conv_simd256_v2,16384,16384,3,1234,7,yes,1144.674,166.233,29.07,6.89
simd,simd256_v2,conv_simd256_v2,16384,16384,3,1234,8,yes,1205.825,165.391,29.21,7.29
simd,simd256_v2,conv_simd256_v2,16384,16384,3,1234,9,yes,1235.841,166.173,29.08,7.44
simd,simd256_v2,conv_simd256_v2,16384,16384,3,1234,10,yes,1192.773,168.520,28.67,7.08
simd,simd256_v2,conv_simd256_v2,16384,16384,3,1234,11,yes,1208.257,166.749,28.98,7.25
simd,simd256_v2,conv_simd256_v2,16384,16384,3,1234,12,yes,1191.264,166.471,29.03,7.16
simd,simd256_v2,conv_simd256_v2,16384,16384,3,1234,13,yes,1219.230,167.989,28.76,7.26
simd,simd256_v2,conv_simd256_v2,16384,16384,3,1234,14,yes,1144.033,167.143,28.91,6.84
simd,simd256_v2,conv_simd256_v2,16384,16384,3,1234,15,yes,1212.057,165.499,29.20,7.32
simd,simd256_v2,conv_simd256_v2,16384,16384,3,1234,16,yes,1193.635,165.249,29.24,7.22
simd,simd256_v2,conv_simd256_v2,16384,16384,3,1234,17,yes,1166.194,165.907,29.12,7.03
simd,simd256_v2,conv_simd256_v2,16384,16384,3,1234,18,yes,1181.236,166.788,28.97,7.08
simd,simd256_v2,conv_simd256_v2,16384,16384,3,1234,19,yes,1211.705,166.234,29.07,7.29
simd,simd256_v2,conv_simd256_v2,16384,16384,3,1234,20,yes,1189.959,167.512,28.84,7.10
simd,simd256_v3,conv_simd256_v3,64,64,3,1234,1,yes,0.038,0.005,16.11,8.26
simd,simd256_v3,conv_simd256_v3,64,64,3,1234,2,yes,0.048,0.005,14.82,9.56
simd,simd256_v3,conv_simd256_v3,64,64,3,1234,3,yes,0.046,0.005,16.21,10.04
simd,simd256_v3,conv_simd256_v3,64,64,3,1234,4,yes,0.041,0.005,14.90,8.19
simd,simd256_v3,conv_simd256_v3,64,64,3,1234,5,yes,0.048,0.005,14.86,9.75
simd,simd256_v3,conv_simd256_v3,64,64,3,1234,6,yes,0.049,0.006,12.35,8.15
simd,simd256_v3,conv_simd256_v3,64,64,3,1234,7,yes,0.041,0.005,16.26,9.10
simd,simd256_v3,conv_simd256_v3,64,64,3,1234,8,yes,0.046,0.006,13.00,8.07
simd,simd256_v3,conv_simd256_v3,64,64,3,1234,9,yes,0.042,0.005,16.18,9.30
simd,simd256_v3,conv_simd256_v3,64,64,3,1234,10,yes,0.038,0.005,16.17,8.35
simd,simd256_v3,conv_simd256_v3,64,64,3,1234,11,yes,0.046,0.005,16.29,10.10
simd,simd256_v3,conv_simd256_v3,64,64,3,1234,12,yes,0.026,0.003,24.37,8.57
simd,simd256_v3,conv_simd256_v3,64,64,3,1234,13,yes,0.017,0.001,51.52,11.82
simd,simd256_v3,conv_simd256_v3,64,64,3,1234,14,yes,0.020,0.001,51.16,13.88
simd,simd256_v3,conv_simd256_v3,64,64,3,1234,15,yes,0.017,0.001,51.34,11.84
simd,simd256_v3,conv_simd256_v3,64,64,3,1234,16,yes,0.019,0.001,51.31,13.21
simd,simd256_v3,conv_simd256_v3,64,64,3,1234,17,yes,0.020,0.001,51.56,14.06
simd,simd256_v3,conv_simd256_v3,64,64,3,1234,18,yes,0.020,0.002,36.66,10.16
simd,simd256_v3,conv_simd256_v3,64,64,3,1234,19,yes,0.020,0.001,51.16,14.19
simd,simd256_v3,conv_simd256_v3,64,64,3,1234,20,yes,0.023,0.003,26.99,8.45
simd,simd256_v3,conv_simd256_v3,128,128,3,1234,1,yes,0.148,0.018,16.85,8.48
simd,simd256_v3,conv_simd256_v3,128,128,3,1234,2,yes,0.166,0.015,19.97,11.21
simd,simd256_v3,conv_simd256_v3,128,128,3,1234,3,yes,0.133,0.015,19.99,9.00
simd,simd256_v3,conv_simd256_v3,128,128,3,1234,4,yes,0.115,0.009,32.67,12.72
simd,simd256_v3,conv_simd256_v3,128,128,3,1234,5,yes,0.135,0.012,24.19,11.08
simd,simd256_v3,conv_simd256_v3,128,128,3,1234,6,yes,0.136,0.012,24.18,11.18
simd,simd256_v3,conv_simd256_v3,128,128,3,1234,7,yes,0.110,0.012,25.63,9.53
simd,simd256_v3,conv_simd256_v3,128,128,3,1234,8,yes,0.110,0.009,31.19,11.60
simd,simd256_v3,conv_simd256_v3,128,128,3,1234,9,yes,0.129,0.008,35.56,15.52
simd,simd256_v3,conv_simd256_v3,128,128,3,1234,10,yes,0.110,0.008,36.98,13.75
simd,simd256_v3,conv_simd256_v3,128,128,3,1234,11,yes,0.106,0.011,26.78,9.58
simd,simd256_v3,conv_simd256_v3,128,128,3,1234,12,yes,0.128,0.012,25.64,11.11
simd,simd256_v3,conv_simd256_v3,128,128,3,1234,13,yes,0.101,0.010,28.49,9.72
simd,simd256_v3,conv_simd256_v3,128,128,3,1234,14,yes,0.121,0.010,28.46,11.65
simd,simd256_v3,conv_simd256_v3,128,128,3,1234,15,yes,0.114,0.010,28.52,10.99
simd,simd256_v3,conv_simd256_v3,128,128,3,1234,16,yes,0.081,0.009,32.74,9.04
simd,simd256_v3,conv_simd256_v3,128,128,3,1234,17,yes,0.075,0.008,38.31,9.70
simd,simd256_v3,conv_simd256_v3,128,128,3,1234,18,yes,0.066,0.008,38.51,8.65
simd,simd256_v3,conv_simd256_v3,128,128,3,1234,19,yes,0.081,0.005,53.77,14.72
simd,simd256_v3,conv_simd256_v3,128,128,3,1234,20,yes,0.083,0.008,36.82,10.36
simd,simd256_v3,conv_simd256_v3,256,256,3,1234,1,yes,0.263,0.021,56.45,12.59
simd,simd256_v3,conv_simd256_v3,256,256,3,1234,2,yes,0.315,0.021,56.66,15.13
simd,simd256_v3,conv_simd256_v3,256,256,3,1234,3,yes,0.263,0.021,56.64,12.61
simd,simd256_v3,conv_simd256_v3,256,256,3,1234,4,yes,0.321,0.021,56.55,15.40
simd,simd256_v3,conv_simd256_v3,256,256,3,1234,5,yes,0.268,0.021,56.76,12.90
simd,simd256_v3,conv_simd256_v3,256,256,3,1234,6,yes,0.285,0.021,56.76,13.72
simd,simd256_v3,conv_simd256_v3,256,256,3,1234,7,yes,0.311,0.021,56.68,14.95
simd,simd256_v3,conv_simd256_v3,256,256,3,1234,8,yes,0.306,0.021,56.58,14.68
simd,simd256_v3,conv_simd256_v3,256,256,3,1234,9,yes,0.320,0.021,56.72,15.40
simd,simd256_v3,conv_simd256_v3,256,256,3,1234,10,yes,0.293,0.021,56.58,14.06
simd,simd256_v3,conv_simd256_v3,256,256,3,1234,11,yes,0.320,0.021,56.62,15.37
simd,simd256_v3,conv_simd256_v3,256,256,3,1234,12,yes,0.285,0.021,56.72,13.68
simd,simd256_v3,conv_simd256_v3,256,256,3,1234,13,yes,0.262,0.021,56.77,12.63
simd,simd256_v3,conv_simd256_v3,256,256,3,1234,14,yes,0.320,0.026,46.13,12.53
simd,simd256_v3,conv_simd256_v3,256,256,3,1234,15,yes,0.263,0.021,56.32,12.56
simd,simd256_v3,conv_simd256_v3,256,256,3,1234,16,yes,0.335,0.021,56.59,16.08
simd,simd256_v3,conv_simd256_v3,256,256,3,1234,17,yes,0.322,0.021,56.28,15.34
simd,simd256_v3,conv_simd256_v3,256,256,3,1234,18,yes,0.279,0.021,56.78,13.42
simd,simd256_v3,conv_simd256_v3,256,256,3,1234,19,yes,0.262,0.021,56.36,12.53
simd,simd256_v3,conv_simd256_v3,256,256,3,1234,20,yes,0.289,0.021,56.77,13.93
simd,simd256_v3,conv_simd256_v3,512,512,3,1234,1,yes,1.178,0.083,57.07,14.24
simd,simd256_v3,conv_simd256_v3,512,512,3,1234,2,yes,1.161,0.083,57.12,14.05
simd,simd256_v3,conv_simd256_v3,512,512,3,1234,3,yes,1.142,0.082,57.21,13.84
simd,simd256_v3,conv_simd256_v3,512,512,3,1234,4,yes,1.137,0.086,55.13,13.29
simd,simd256_v3,conv_simd256_v3,512,512,3,1234,5,yes,1.231,0.084,56.45,14.72
simd,simd256_v3,conv_simd256_v3,512,512,3,1234,6,yes,1.221,0.082,57.21,14.81
simd,simd256_v3,conv_simd256_v3,512,512,3,1234,7,yes,1.148,0.083,57.19,13.91
simd,simd256_v3,conv_simd256_v3,512,512,3,1234,8,yes,1.283,0.082,57.22,15.56
simd,simd256_v3,conv_simd256_v3,512,512,3,1234,9,yes,1.279,0.083,57.17,15.49
simd,simd256_v3,conv_simd256_v3,512,512,3,1234,10,yes,1.285,0.083,57.08,15.55
simd,simd256_v3,conv_simd256_v3,512,512,3,1234,11,yes,1.196,0.082,57.24,14.50
simd,simd256_v3,conv_simd256_v3,512,512,3,1234,12,yes,1.211,0.083,57.16,14.67
simd,simd256_v3,conv_simd256_v3,512,512,3,1234,13,yes,1.231,0.083,57.01,14.87
simd,simd256_v3,conv_simd256_v3,512,512,3,1234,14,yes,1.269,0.082,57.26,15.41
simd,simd256_v3,conv_simd256_v3,512,512,3,1234,15,yes,1.122,0.082,57.33,13.63
simd,simd256_v3,conv_simd256_v3,512,512,3,1234,16,yes,1.077,0.083,56.96,13.00
simd,simd256_v3,conv_simd256_v3,512,512,3,1234,17,yes,1.160,0.083,57.06,14.03
simd,simd256_v3,conv_simd256_v3,512,512,3,1234,18,yes,1.220,0.083,56.98,14.73
simd,simd256_v3,conv_simd256_v3,512,512,3,1234,19,yes,1.277,0.083,57.17,15.48
simd,simd256_v3,conv_simd256_v3,512,512,3,1234,20,yes,1.152,0.083,56.97,13.91
simd,simd256_v3,conv_simd256_v3,1024,1024,3,1234,1,yes,4.537,0.331,56.98,13.70
simd,simd256_v3,conv_simd256_v3,1024,1024,3,1234,2,yes,4.802,0.327,57.75,14.69
simd,simd256_v3,conv_simd256_v3,1024,1024,3,1234,3,yes,4.691,0.328,57.49,14.29
simd,simd256_v3,conv_simd256_v3,1024,1024,3,1234,4,yes,4.689,0.327,57.66,14.33
simd,simd256_v3,conv_simd256_v3,1024,1024,3,1234,5,yes,4.650,0.334,56.54,13.93
simd,simd256_v3,conv_simd256_v3,1024,1024,3,1234,6,yes,4.873,0.330,57.18,14.76
simd,simd256_v3,conv_simd256_v3,1024,1024,3,1234,7,yes,4.904,0.327,57.66,14.98
simd,simd256_v3,conv_simd256_v3,1024,1024,3,1234,8,yes,4.581,0.328,57.47,13.95
simd,simd256_v3,conv_simd256_v3,1024,1024,3,1234,9,yes,4.907,0.328,57.60,14.97
simd,simd256_v3,conv_simd256_v3,1024,1024,3,1234,10,yes,4.910,0.328,57.56,14.98
simd,simd256_v3,conv_simd256_v3,1024,1024,3,1234,11,yes,4.897,0.328,57.48,14.91
simd,simd256_v3,conv_simd256_v3,1024,1024,3,1234,12,yes,4.520,0.327,57.73,13.83
simd,simd256_v3,conv_simd256_v3,1024,1024,3,1234,13,yes,4.659,0.327,57.67,14.24
simd,simd256_v3,conv_simd256_v3,1024,1024,3,1234,14,yes,4.507,0.327,57.67,13.77
simd,simd256_v3,conv_simd256_v3,1024,1024,3,1234,15,yes,4.787,0.327,57.65,14.62
simd,simd256_v3,conv_simd256_v3,1024,1024,3,1234,16,yes,4.977,0.330,57.26,15.10
simd,simd256_v3,conv_simd256_v3,1024,1024,3,1234,17,yes,4.945,0.329,57.45,15.05
simd,simd256_v3,conv_simd256_v3,1024,1024,3,1234,18,yes,4.906,0.327,57.72,15.00
simd,simd256_v3,conv_simd256_v3,1024,1024,3,1234,19,yes,4.925,0.327,57.68,15.05
simd,simd256_v3,conv_simd256_v3,1024,1024,3,1234,20,yes,4.649,0.327,57.63,14.20
simd,simd256_v3,conv_simd256_v3,2048,2048,3,1234,1,yes,17.960,1.642,45.98,10.94
simd,simd256_v3,conv_simd256_v3,2048,2048,3,1234,2,yes,17.763,1.826,41.34,9.73
simd,simd256_v3,conv_simd256_v3,2048,2048,3,1234,3,yes,18.503,1.766,42.74,10.47
simd,simd256_v3,conv_simd256_v3,2048,2048,3,1234,4,yes,18.659,1.923,39.26,9.70
simd,simd256_v3,conv_simd256_v3,2048,2048,3,1234,5,yes,19.159,1.714,44.04,11.18
simd,simd256_v3,conv_simd256_v3,2048,2048,3,1234,6,yes,18.581,1.723,43.82,10.78
simd,simd256_v3,conv_simd256_v3,2048,2048,3,1234,7,yes,19.804,1.677,45.01,11.81
simd,simd256_v3,conv_simd256_v3,2048,2048,3,1234,8,yes,17.769,1.702,44.36,10.44
simd,simd256_v3,conv_simd256_v3,2048,2048,3,1234,9,yes,19.063,1.642,45.98,11.61
simd,simd256_v3,conv_simd256_v3,2048,2048,3,1234,10,yes,19.774,1.650,45.74,11.98
simd,simd256_v3,conv_simd256_v3,2048,2048,3,1234,11,yes,18.502,1.634,46.20,11.32
simd,simd256_v3,conv_simd256_v3,2048,2048,3,1234,12,yes,18.372,1.628,46.38,11.29
simd,simd256_v3,conv_simd256_v3,2048,2048,3,1234,13,yes,17.395,1.627,46.39,10.69
simd,simd256_v3,conv_simd256_v3,2048,2048,3,1234,14,yes,19.142,1.618,46.66,11.83
simd,simd256_v3,conv_simd256_v3,2048,2048,3,1234,15,yes,17.674,1.630,46.31,10.84
simd,simd256_v3,conv_simd256_v3,2048,2048,3,1234,16,yes,19.106,1.698,44.47,11.25
simd,simd256_v3,conv_simd256_v3,2048,2048,3,1234,17,yes,19.520,1.618,46.65,12.06
simd,simd256_v3,conv_simd256_v3,2048,2048,3,1234,18,yes,19.105,1.817,41.56,10.52
simd,simd256_v3,conv_simd256_v3,2048,2048,3,1234,19,yes,18.912,1.814,41.63,10.43
simd,simd256_v3,conv_simd256_v3,2048,2048,3,1234,20,yes,18.670,1.726,43.74,10.82
simd,simd256_v3,conv_simd256_v3,4096,4096,3,1234,1,yes,71.670,8.324,36.28,8.61
simd,simd256_v3,conv_simd256_v3,4096,4096,3,1234,2,yes,71.967,8.154,37.04,8.83
simd,simd256_v3,conv_simd256_v3,4096,4096,3,1234,3,yes,74.326,8.168,36.97,9.10
simd,simd256_v3,conv_simd256_v3,4096,4096,3,1234,4,yes,77.027,8.134,37.13,9.47
simd,simd256_v3,conv_simd256_v3,4096,4096,3,1234,5,yes,76.886,8.491,35.56,9.05
simd,simd256_v3,conv_simd256_v3,4096,4096,3,1234,6,yes,71.224,8.405,35.93,8.47
simd,simd256_v3,conv_simd256_v3,4096,4096,3,1234,7,yes,70.975,8.240,36.65,8.61
simd,simd256_v3,conv_simd256_v3,4096,4096,3,1234,8,yes,76.527,8.279,36.48,9.24
simd,simd256_v3,conv_simd256_v3,4096,4096,3,1234,9,yes,77.340,8.328,36.26,9.29
simd,simd256_v3,conv_simd256_v3,4096,4096,3,1234,10,yes,76.657,8.544,35.35,8.97
simd,simd256_v3,conv_simd256_v3,4096,4096,3,1234,11,yes,77.155,8.200,36.83,9.41
simd,simd256_v3,conv_simd256_v3,4096,4096,3,1234,12,yes,77.727,8.219,36.74,9.46
simd,simd256_v3,conv_simd256_v3,4096,4096,3,1234,13,yes,78.685,8.346,36.18,9.43
simd,simd256_v3,conv_simd256_v3,4096,4096,3,1234,14,yes,75.309,8.390,36.00,8.98
simd,simd256_v3,conv_simd256_v3,4096,4096,3,1234,15,yes,78.585,8.337,36.22,9.43
simd,simd256_v3,conv_simd256_v3,4096,4096,3,1234,16,yes,76.444,8.200,36.83,9.32
simd,simd256_v3,conv_simd256_v3,4096,4096,3,1234,17,yes,77.438,8.264,36.54,9.37
simd,simd256_v3,conv_simd256_v3,4096,4096,3,1234,18,yes,71.574,8.326,36.27,8.60
simd,simd256_v3,conv_simd256_v3,4096,4096,3,1234,19,yes,77.480,8.135,37.12,9.52
simd,simd256_v3,conv_simd256_v3,4096,4096,3,1234,20,yes,77.958,8.321,36.29,9.37
simd,simd256_v3,conv_simd256_v3,8192,8192,3,1234,1,yes,308.279,39.584,30.52,7.79
simd,simd256_v3,conv_simd256_v3,8192,8192,3,1234,2,yes,307.193,39.534,30.55,7.77
simd,simd256_v3,conv_simd256_v3,8192,8192,3,1234,3,yes,305.892,39.856,30.31,7.67
simd,simd256_v3,conv_simd256_v3,8192,8192,3,1234,4,yes,286.253,40.302,29.97,7.10
simd,simd256_v3,conv_simd256_v3,8192,8192,3,1234,5,yes,309.335,38.748,31.17,7.98
simd,simd256_v3,conv_simd256_v3,8192,8192,3,1234,6,yes,300.071,39.912,30.27,7.52
simd,simd256_v3,conv_simd256_v3,8192,8192,3,1234,7,yes,287.423,39.729,30.41,7.23
simd,simd256_v3,conv_simd256_v3,8192,8192,3,1234,8,yes,285.682,38.767,31.16,7.37
simd,simd256_v3,conv_simd256_v3,8192,8192,3,1234,9,yes,296.684,38.749,31.17,7.66
simd,simd256_v3,conv_simd256_v3,8192,8192,3,1234,10,yes,305.459,38.918,31.04,7.85
simd,simd256_v3,conv_simd256_v3,8192,8192,3,1234,11,yes,298.953,40.403,29.90,7.40
simd,simd256_v3,conv_simd256_v3,8192,8192,3,1234,12,yes,295.732,40.198,30.05,7.36
simd,simd256_v3,conv_simd256_v3,8192,8192,3,1234,13,yes,294.611,33.577,35.98,8.77
simd,simd256_v3,conv_simd256_v3,8192,8192,3,1234,14,yes,304.174,38.713,31.20,7.86
simd,simd256_v3,conv_simd256_v3,8192,8192,3,1234,15,yes,307.492,38.730,31.19,7.94
simd,simd256_v3,conv_simd256_v3,8192,8192,3,1234,16,yes,292.985,40.497,29.83,7.23
simd,simd256_v3,conv_simd256_v3,8192,8192,3,1234,17,yes,294.803,33.387,36.18,8.83
simd,simd256_v3,conv_simd256_v3,8192,8192,3,1234,18,yes,300.142,38.977,30.99,7.70
simd,simd256_v3,conv_simd256_v3,8192,8192,3,1234,19,yes,311.213,38.700,31.21,8.04
simd,simd256_v3,conv_simd256_v3,8192,8192,3,1234,20,yes,307.869,38.663,31.24,7.96
simd,simd256_v3,conv_simd256_v3,16384,16384,3,1234,1,yes,1241.011,166.006,29.11,7.48
simd,simd256_v3,conv_simd256_v3,16384,16384,3,1234,2,yes,1248.751,165.977,29.11,7.52
simd,simd256_v3,conv_simd256_v3,16384,16384,3,1234,3,yes,1144.275,165.938,29.12,6.90
simd,simd256_v3,conv_simd256_v3,16384,16384,3,1234,4,yes,1232.201,166.003,29.11,7.42
simd,simd256_v3,conv_simd256_v3,16384,16384,3,1234,5,yes,1245.461,165.896,29.13,7.51
simd,simd256_v3,conv_simd256_v3,16384,16384,3,1234,6,yes,1147.054,165.736,29.15,6.92
simd,simd256_v3,conv_simd256_v3,16384,16384,3,1234,7,yes,1144.219,165.803,29.14,6.90
simd,simd256_v3,conv_simd256_v3,16384,16384,3,1234,8,yes,1147.578,165.896,29.13,6.92
simd,simd256_v3,conv_simd256_v3,16384,16384,3,1234,9,yes,1241.128,165.885,29.13,7.48
simd,simd256_v3,conv_simd256_v3,16384,16384,3,1234,10,yes,1233.808,173.571,27.84,7.11
simd,simd256_v3,conv_simd256_v3,16384,16384,3,1234,11,yes,1235.276,168.947,28.60,7.31
simd,simd256_v3,conv_simd256_v3,16384,16384,3,1234,12,yes,1229.977,168.721,28.64,7.29
simd,simd256_v3,conv_simd256_v3,16384,16384,3,1234,13,yes,1266.376,169.012,28.59,7.49
simd,simd256_v3,conv_simd256_v3,16384,16384,3,1234,14,yes,1201.277,169.866,28.44,7.07
simd,simd256_v3,conv_simd256_v3,16384,16384,3,1234,15,yes,1147.109,168.782,28.63,6.80
simd,simd256_v3,conv_simd256_v3,16384,16384,3,1234,16,yes,1235.817,169.256,28.55,7.30
simd,simd256_v3,conv_simd256_v3,16384,16384,3,1234,17,yes,1180.166,166.966,28.94,7.07
simd,simd256_v3,conv_simd256_v3,16384,16384,3,1234,18,yes,1155.417,170.476,28.34,6.78
simd,simd256_v3,conv_simd256_v3,16384,16384,3,1234,19,yes,1158.177,166.894,28.95,6.94
simd,simd256_v3,conv_simd256_v3,16384,16384,3,1234,20,yes,1204.542,172.057,28.08,7.00
