############################################################
# label   : tile_128
# stage   : tile      (/home/advay/CS683_ProgrammingAssignments/pa1-dhurandhar-microarchitecture/task1/src/conv_tile.cpp)
# variant : 128
# events  : cpu_core/L1-dcache-loads/,cpu_core/L1-dcache-load-misses/,cpu_core/branch-instructions/,cpu_core/branch-misses/,cpu_core/instructions/,cpu_core/cpu-cycles/,context-switches,page-faults
# started : 2026-09-06T17:49:55+05:30
############################################################

----- [tile_128] H=64 W=64 K=3 seed=1234 rep=1/20 exit=0 -----
PROFILING tile variant=128 H=64 W=64 K=3 seed=1234
tile_size=128
checksum -1.144976
--- perf stat -x, ---
747843,,cpu_core/L1-dcache-loads/,778668,55.00,,
15519,,cpu_core/L1-dcache-load-misses/,778668,55.00,2.08,of all L1-dcache accesses
589434,,cpu_core/branch-instructions/,778668,55.00,,
18283,,cpu_core/branch-misses/,778668,55.00,,
3347770,,cpu_core/instructions/,778668,55.00,,
2678920,,cpu_core/cpu-cycles/,778668,55.00,,
1,,context-switches,1407808,100.00,,
142,,page-faults,1407808,100.00,,

----- [tile_128] H=64 W=64 K=3 seed=1234 rep=2/20 exit=0 -----
PROFILING tile variant=128 H=64 W=64 K=3 seed=1234
tile_size=128
checksum -1.144976
--- perf stat -x, ---
703223,,cpu_core/L1-dcache-loads/,922520,58.00,,
14517,,cpu_core/L1-dcache-load-misses/,922520,58.00,2.06,of all L1-dcache accesses
553786,,cpu_core/branch-instructions/,922520,58.00,,
17526,,cpu_core/branch-misses/,922520,58.00,,
3146225,,cpu_core/instructions/,922520,58.00,,
2467334,,cpu_core/cpu-cycles/,922520,58.00,,
1,,context-switches,1573152,100.00,,
142,,page-faults,1573152,100.00,,

----- [tile_128] H=64 W=64 K=3 seed=1234 rep=3/20 exit=0 -----
PROFILING tile variant=128 H=64 W=64 K=3 seed=1234
tile_size=128
checksum -1.144976
--- perf stat -x, ---
713847,,cpu_core/L1-dcache-loads/,886686,57.00,,
16223,,cpu_core/L1-dcache-load-misses/,886686,57.00,2.27,of all L1-dcache accesses
561979,,cpu_core/branch-instructions/,886686,57.00,,
17659,,cpu_core/branch-misses/,886686,57.00,,
3195705,,cpu_core/instructions/,886686,57.00,,
2544913,,cpu_core/cpu-cycles/,886686,57.00,,
1,,context-switches,1532450,100.00,,
142,,page-faults,1532450,100.00,,

----- [tile_128] H=64 W=64 K=3 seed=1234 rep=4/20 exit=0 -----
PROFILING tile variant=128 H=64 W=64 K=3 seed=1234
tile_size=128
checksum -1.144976
--- perf stat -x, ---
717197,,cpu_core/L1-dcache-loads/,831947,57.00,,
17323,,cpu_core/L1-dcache-load-misses/,831947,57.00,2.42,of all L1-dcache accesses
564961,,cpu_core/branch-instructions/,831947,57.00,,
17556,,cpu_core/branch-misses/,831947,57.00,,
3208347,,cpu_core/instructions/,831947,57.00,,
2483714,,cpu_core/cpu-cycles/,831947,57.00,,
1,,context-switches,1447751,100.00,,
143,,page-faults,1447751,100.00,,

----- [tile_128] H=64 W=64 K=3 seed=1234 rep=5/20 exit=0 -----
PROFILING tile variant=128 H=64 W=64 K=3 seed=1234
tile_size=128
checksum -1.144976
--- perf stat -x, ---
705570,,cpu_core/L1-dcache-loads/,900949,58.00,,
15719,,cpu_core/L1-dcache-load-misses/,900949,58.00,2.23,of all L1-dcache accesses
554971,,cpu_core/branch-instructions/,900949,58.00,,
17569,,cpu_core/branch-misses/,900949,58.00,,
3157649,,cpu_core/instructions/,900949,58.00,,
2539582,,cpu_core/cpu-cycles/,900949,58.00,,
1,,context-switches,1533393,100.00,,
143,,page-faults,1533393,100.00,,

----- [tile_128] H=64 W=64 K=3 seed=1234 rep=6/20 exit=0 -----
PROFILING tile variant=128 H=64 W=64 K=3 seed=1234
tile_size=128
checksum -1.144976
--- perf stat -x, ---
705396,,cpu_core/L1-dcache-loads/,893472,58.00,,
16948,,cpu_core/L1-dcache-load-misses/,893472,58.00,2.40,of all L1-dcache accesses
555766,,cpu_core/branch-instructions/,893472,58.00,,
17492,,cpu_core/branch-misses/,893472,58.00,,
3155862,,cpu_core/instructions/,893472,58.00,,
2562110,,cpu_core/cpu-cycles/,893472,58.00,,
1,,context-switches,1528066,100.00,,
142,,page-faults,1528066,100.00,,

----- [tile_128] H=64 W=64 K=3 seed=1234 rep=7/20 exit=0 -----
PROFILING tile variant=128 H=64 W=64 K=3 seed=1234
tile_size=128
checksum -1.144976
--- perf stat -x, ---
717314,,cpu_core/L1-dcache-loads/,944429,57.00,,
15055,,cpu_core/L1-dcache-load-misses/,944429,57.00,2.10,of all L1-dcache accesses
564339,,cpu_core/branch-instructions/,944429,57.00,,
16710,,cpu_core/branch-misses/,944429,57.00,,
3211191,,cpu_core/instructions/,944429,57.00,,
2545668,,cpu_core/cpu-cycles/,944429,57.00,,
1,,context-switches,1645117,100.00,,
142,,page-faults,1645117,100.00,,

----- [tile_128] H=64 W=64 K=3 seed=1234 rep=8/20 exit=0 -----
PROFILING tile variant=128 H=64 W=64 K=3 seed=1234
tile_size=128
checksum -1.144976
--- perf stat -x, ---
875675,,cpu_core/L1-dcache-loads/,426349,46.00,,
21317,,cpu_core/L1-dcache-load-misses/,426349,46.00,2.43,of all L1-dcache accesses
690034,,cpu_core/branch-instructions/,426349,46.00,,
21386,,cpu_core/branch-misses/,426349,46.00,,
3920396,,cpu_core/instructions/,426349,46.00,,
3062072,,cpu_core/cpu-cycles/,426349,46.00,,
1,,context-switches,910791,100.00,,
142,,page-faults,910791,100.00,,

----- [tile_128] H=64 W=64 K=3 seed=1234 rep=9/20 exit=0 -----
PROFILING tile variant=128 H=64 W=64 K=3 seed=1234
tile_size=128
checksum -1.144976
--- perf stat -x, ---
709094,,cpu_core/L1-dcache-loads/,880897,58.00,,
15020,,cpu_core/L1-dcache-load-misses/,880897,58.00,2.12,of all L1-dcache accesses
558098,,cpu_core/branch-instructions/,880897,58.00,,
16737,,cpu_core/branch-misses/,880897,58.00,,
3174271,,cpu_core/instructions/,880897,58.00,,
2462450,,cpu_core/cpu-cycles/,880897,58.00,,
1,,context-switches,1510804,100.00,,
141,,page-faults,1510804,100.00,,

----- [tile_128] H=64 W=64 K=3 seed=1234 rep=10/20 exit=0 -----
PROFILING tile variant=128 H=64 W=64 K=3 seed=1234
tile_size=128
checksum -1.144976
--- perf stat -x, ---
724144,,cpu_core/L1-dcache-loads/,872972,57.00,,
16357,,cpu_core/L1-dcache-load-misses/,872972,57.00,2.26,of all L1-dcache accesses
570069,,cpu_core/branch-instructions/,872972,57.00,,
17949,,cpu_core/branch-misses/,872972,57.00,,
3239922,,cpu_core/instructions/,872972,57.00,,
2543120,,cpu_core/cpu-cycles/,872972,57.00,,
1,,context-switches,1520243,100.00,,
144,,page-faults,1520243,100.00,,

----- [tile_128] H=64 W=64 K=3 seed=1234 rep=11/20 exit=0 -----
PROFILING tile variant=128 H=64 W=64 K=3 seed=1234
tile_size=128
checksum -1.144976
--- perf stat -x, ---
716819,,cpu_core/L1-dcache-loads/,928965,57.00,,
17421,,cpu_core/L1-dcache-load-misses/,928965,57.00,2.43,of all L1-dcache accesses
564209,,cpu_core/branch-instructions/,928965,57.00,,
17930,,cpu_core/branch-misses/,928965,57.00,,
3210896,,cpu_core/instructions/,928965,57.00,,
2540592,,cpu_core/cpu-cycles/,928965,57.00,,
1,,context-switches,1611178,100.00,,
142,,page-faults,1611178,100.00,,

----- [tile_128] H=64 W=64 K=3 seed=1234 rep=12/20 exit=0 -----
PROFILING tile variant=128 H=64 W=64 K=3 seed=1234
tile_size=128
checksum -1.144976
--- perf stat -x, ---
791091,,cpu_core/L1-dcache-loads/,673510,52.00,,
19051,,cpu_core/L1-dcache-load-misses/,673510,52.00,2.41,of all L1-dcache accesses
623493,,cpu_core/branch-instructions/,673510,52.00,,
19548,,cpu_core/branch-misses/,673510,52.00,,
3543538,,cpu_core/instructions/,673510,52.00,,
2801612,,cpu_core/cpu-cycles/,673510,52.00,,
1,,context-switches,1293587,100.00,,
142,,page-faults,1293587,100.00,,

----- [tile_128] H=64 W=64 K=3 seed=1234 rep=13/20 exit=0 -----
PROFILING tile variant=128 H=64 W=64 K=3 seed=1234
tile_size=128
checksum -1.144976
--- perf stat -x, ---
684665,,cpu_core/L1-dcache-loads/,1050332,66.00,,
16610,,cpu_core/L1-dcache-load-misses/,1050332,66.00,2.43,of all L1-dcache accesses
539472,,cpu_core/branch-instructions/,1050332,66.00,,
17496,,cpu_core/branch-misses/,1050332,66.00,,
3048516,,cpu_core/instructions/,1050332,66.00,,
2635290,,cpu_core/cpu-cycles/,1050332,66.00,,
2,,context-switches,1585581,100.00,,
142,,page-faults,1585581,100.00,,

----- [tile_128] H=64 W=64 K=3 seed=1234 rep=14/20 exit=0 -----
PROFILING tile variant=128 H=64 W=64 K=3 seed=1234
tile_size=128
checksum -1.144976
--- perf stat -x, ---
736779,,cpu_core/L1-dcache-loads/,829464,56.00,,
17584,,cpu_core/L1-dcache-load-misses/,829464,56.00,2.39,of all L1-dcache accesses
579837,,cpu_core/branch-instructions/,829464,56.00,,
18134,,cpu_core/branch-misses/,829464,56.00,,
3296963,,cpu_core/instructions/,829464,56.00,,
2578298,,cpu_core/cpu-cycles/,829464,56.00,,
1,,context-switches,1476272,100.00,,
145,,page-faults,1476272,100.00,,

----- [tile_128] H=64 W=64 K=3 seed=1234 rep=15/20 exit=0 -----
PROFILING tile variant=128 H=64 W=64 K=3 seed=1234
tile_size=128
checksum -1.144976
--- perf stat -x, ---
683458,,cpu_core/L1-dcache-loads/,1134105,70.00,,
16251,,cpu_core/L1-dcache-load-misses/,1134105,70.00,2.38,of all L1-dcache accesses
535464,,cpu_core/branch-instructions/,1134105,70.00,,
17410,,cpu_core/branch-misses/,1134105,70.00,,
3033237,,cpu_core/instructions/,1134105,70.00,,
2633035,,cpu_core/cpu-cycles/,1134105,70.00,,
2,,context-switches,1609590,100.00,,
141,,page-faults,1609590,100.00,,

----- [tile_128] H=64 W=64 K=3 seed=1234 rep=16/20 exit=0 -----
PROFILING tile variant=128 H=64 W=64 K=3 seed=1234
tile_size=128
checksum -1.144976
--- perf stat -x, ---
726606,,cpu_core/L1-dcache-loads/,1235806,69.00,,
17980,,cpu_core/L1-dcache-load-misses/,1235806,69.00,2.47,of all L1-dcache accesses
565306,,cpu_core/branch-instructions/,1235806,69.00,,
18131,,cpu_core/branch-misses/,1235806,69.00,,
3207740,,cpu_core/instructions/,1235806,69.00,,
2785420,,cpu_core/cpu-cycles/,1235806,69.00,,
2,,context-switches,1778880,100.00,,
142,,page-faults,1778880,100.00,,

----- [tile_128] H=64 W=64 K=3 seed=1234 rep=17/20 exit=0 -----
PROFILING tile variant=128 H=64 W=64 K=3 seed=1234
tile_size=128
checksum -1.144976
--- perf stat -x, ---
696768,,cpu_core/L1-dcache-loads/,813094,59.00,,
14606,,cpu_core/L1-dcache-load-misses/,813094,59.00,2.10,of all L1-dcache accesses
548774,,cpu_core/branch-instructions/,813094,59.00,,
16526,,cpu_core/branch-misses/,813094,59.00,,
3115931,,cpu_core/instructions/,813094,59.00,,
2373640,,cpu_core/cpu-cycles/,813094,59.00,,
2,,context-switches,1356685,100.00,,
141,,page-faults,1356685,100.00,,

----- [tile_128] H=64 W=64 K=3 seed=1234 rep=18/20 exit=0 -----
PROFILING tile variant=128 H=64 W=64 K=3 seed=1234
tile_size=128
checksum -1.144976
--- perf stat -x, ---
724271,,cpu_core/L1-dcache-loads/,813764,56.00,,
14422,,cpu_core/L1-dcache-load-misses/,813764,56.00,1.99,of all L1-dcache accesses
570688,,cpu_core/branch-instructions/,813764,56.00,,
15131,,cpu_core/branch-misses/,813764,56.00,,
3242449,,cpu_core/instructions/,813764,56.00,,
2344496,,cpu_core/cpu-cycles/,813764,56.00,,
1,,context-switches,1434821,100.00,,
140,,page-faults,1434821,100.00,,

----- [tile_128] H=64 W=64 K=3 seed=1234 rep=19/20 exit=0 -----
PROFILING tile variant=128 H=64 W=64 K=3 seed=1234
tile_size=128
checksum -1.144976
--- perf stat -x, ---
740575,,cpu_core/L1-dcache-loads/,801441,56.00,,
14862,,cpu_core/L1-dcache-load-misses/,801441,56.00,2.01,of all L1-dcache accesses
581326,,cpu_core/branch-instructions/,801441,56.00,,
15479,,cpu_core/branch-misses/,801441,56.00,,
3317966,,cpu_core/instructions/,801441,56.00,,
2385445,,cpu_core/cpu-cycles/,801441,56.00,,
1,,context-switches,1425156,100.00,,
142,,page-faults,1425156,100.00,,

----- [tile_128] H=64 W=64 K=3 seed=1234 rep=20/20 exit=0 -----
PROFILING tile variant=128 H=64 W=64 K=3 seed=1234
tile_size=128
checksum -1.144976
--- perf stat -x, ---
653285,,cpu_core/L1-dcache-loads/,1423940,100.00,,
14461,,cpu_core/L1-dcache-load-misses/,1423940,100.00,2.21,of all L1-dcache accesses
499072,,cpu_core/branch-instructions/,1423940,100.00,,
15923,,cpu_core/branch-misses/,1423940,100.00,,
2827777,,cpu_core/instructions/,1423940,100.00,,
2337640,,cpu_core/cpu-cycles/,1423940,100.00,,
1,,context-switches,1423940,100.00,,
145,,page-faults,1423940,100.00,,

----- [tile_128] H=128 W=128 K=3 seed=1234 rep=1/20 exit=0 -----
PROFILING tile variant=128 H=128 W=128 K=3 seed=1234
tile_size=128
checksum 1.545684
--- perf stat -x, ---
979911,,cpu_core/L1-dcache-loads/,1819111,100.00,,
14556,,cpu_core/L1-dcache-load-misses/,1819111,100.00,1.49,of all L1-dcache accesses
788540,,cpu_core/branch-instructions/,1819111,100.00,,
21190,,cpu_core/branch-misses/,1819111,100.00,,
4590222,,cpu_core/instructions/,1819111,100.00,,
2891810,,cpu_core/cpu-cycles/,1819111,100.00,,
1,,context-switches,1819111,100.00,,
180,,page-faults,1819111,100.00,,

----- [tile_128] H=128 W=128 K=3 seed=1234 rep=2/20 exit=0 -----
PROFILING tile variant=128 H=128 W=128 K=3 seed=1234
tile_size=128
checksum 1.545684
--- perf stat -x, ---
1145295,,cpu_core/L1-dcache-loads/,1025865,64.00,,
13816,,cpu_core/L1-dcache-load-misses/,1025865,64.00,1.21,of all L1-dcache accesses
951782,,cpu_core/branch-instructions/,1025865,64.00,,
24495,,cpu_core/branch-misses/,1025865,64.00,,
5587346,,cpu_core/instructions/,1025865,64.00,,
2989561,,cpu_core/cpu-cycles/,1025865,64.00,,
1,,context-switches,1590737,100.00,,
181,,page-faults,1590737,100.00,,

----- [tile_128] H=128 W=128 K=3 seed=1234 rep=3/20 exit=0 -----
PROFILING tile variant=128 H=128 W=128 K=3 seed=1234
tile_size=128
checksum 1.545684
--- perf stat -x, ---
1115866,,cpu_core/L1-dcache-loads/,1025420,66.00,,
13240,,cpu_core/L1-dcache-load-misses/,1025420,66.00,1.19,of all L1-dcache accesses
927417,,cpu_core/branch-instructions/,1025420,66.00,,
24213,,cpu_core/branch-misses/,1025420,66.00,,
5447247,,cpu_core/instructions/,1025420,66.00,,
2909632,,cpu_core/cpu-cycles/,1025420,66.00,,
1,,context-switches,1547106,100.00,,
178,,page-faults,1547106,100.00,,

----- [tile_128] H=128 W=128 K=3 seed=1234 rep=4/20 exit=0 -----
PROFILING tile variant=128 H=128 W=128 K=3 seed=1234
tile_size=128
checksum 1.545684
--- perf stat -x, ---
976079,,cpu_core/L1-dcache-loads/,1565228,100.00,,
14766,,cpu_core/L1-dcache-load-misses/,1565228,100.00,1.51,of all L1-dcache accesses
786273,,cpu_core/branch-instructions/,1565228,100.00,,
22322,,cpu_core/branch-misses/,1565228,100.00,,
4571884,,cpu_core/instructions/,1565228,100.00,,
2895988,,cpu_core/cpu-cycles/,1565228,100.00,,
1,,context-switches,1565228,100.00,,
178,,page-faults,1565228,100.00,,

----- [tile_128] H=128 W=128 K=3 seed=1234 rep=5/20 exit=0 -----
PROFILING tile variant=128 H=128 W=128 K=3 seed=1234
tile_size=128
checksum 1.545684
--- perf stat -x, ---
1216529,,cpu_core/L1-dcache-loads/,617747,60.00,,
14744,,cpu_core/L1-dcache-load-misses/,617747,60.00,1.21,of all L1-dcache accesses
1013102,,cpu_core/branch-instructions/,617747,60.00,,
25115,,cpu_core/branch-misses/,617747,60.00,,
5940094,,cpu_core/instructions/,617747,60.00,,
3196955,,cpu_core/cpu-cycles/,617747,60.00,,
1,,context-switches,1019873,100.00,,
178,,page-faults,1019873,100.00,,

----- [tile_128] H=128 W=128 K=3 seed=1234 rep=6/20 exit=0 -----
PROFILING tile variant=128 H=128 W=128 K=3 seed=1234
tile_size=128
checksum 1.545684
--- perf stat -x, ---
1125894,,cpu_core/L1-dcache-loads/,1092615,65.00,,
13563,,cpu_core/L1-dcache-load-misses/,1092615,65.00,1.20,of all L1-dcache accesses
937353,,cpu_core/branch-instructions/,1092615,65.00,,
23762,,cpu_core/branch-misses/,1092615,65.00,,
5500652,,cpu_core/instructions/,1092615,65.00,,
2920237,,cpu_core/cpu-cycles/,1092615,65.00,,
1,,context-switches,1672111,100.00,,
176,,page-faults,1672111,100.00,,

----- [tile_128] H=128 W=128 K=3 seed=1234 rep=7/20 exit=0 -----
PROFILING tile variant=128 H=128 W=128 K=3 seed=1234
tile_size=128
checksum 1.545684
--- perf stat -x, ---
977159,,cpu_core/L1-dcache-loads/,2274975,100.00,,
15226,,cpu_core/L1-dcache-load-misses/,2274975,100.00,1.56,of all L1-dcache accesses
787103,,cpu_core/branch-instructions/,2274975,100.00,,
22689,,cpu_core/branch-misses/,2274975,100.00,,
4577388,,cpu_core/instructions/,2274975,100.00,,
3127912,,cpu_core/cpu-cycles/,2274975,100.00,,
1,,context-switches,2274975,100.00,,
180,,page-faults,2274975,100.00,,

----- [tile_128] H=128 W=128 K=3 seed=1234 rep=8/20 exit=0 -----
PROFILING tile variant=128 H=128 W=128 K=3 seed=1234
tile_size=128
checksum 1.545684
--- perf stat -x, ---
1169666,,cpu_core/L1-dcache-loads/,1021223,63.00,,
13960,,cpu_core/L1-dcache-load-misses/,1021223,63.00,1.19,of all L1-dcache accesses
973231,,cpu_core/branch-instructions/,1021223,63.00,,
24070,,cpu_core/branch-misses/,1021223,63.00,,
5710749,,cpu_core/instructions/,1021223,63.00,,
2990961,,cpu_core/cpu-cycles/,1021223,63.00,,
2,,context-switches,1619119,100.00,,
179,,page-faults,1619119,100.00,,

----- [tile_128] H=128 W=128 K=3 seed=1234 rep=9/20 exit=0 -----
PROFILING tile variant=128 H=128 W=128 K=3 seed=1234
tile_size=128
checksum 1.545684
--- perf stat -x, ---
1126875,,cpu_core/L1-dcache-loads/,1041126,65.00,,
13496,,cpu_core/L1-dcache-load-misses/,1041126,65.00,1.20,of all L1-dcache accesses
936891,,cpu_core/branch-instructions/,1041126,65.00,,
23782,,cpu_core/branch-misses/,1041126,65.00,,
5499917,,cpu_core/instructions/,1041126,65.00,,
2979334,,cpu_core/cpu-cycles/,1041126,65.00,,
1,,context-switches,1585809,100.00,,
179,,page-faults,1585809,100.00,,

----- [tile_128] H=128 W=128 K=3 seed=1234 rep=10/20 exit=0 -----
PROFILING tile variant=128 H=128 W=128 K=3 seed=1234
tile_size=128
checksum 1.545684
--- perf stat -x, ---
1020429,,cpu_core/L1-dcache-loads/,1406792,93.00,,
15175,,cpu_core/L1-dcache-load-misses/,1406792,93.00,1.49,of all L1-dcache accesses
824998,,cpu_core/branch-instructions/,1406792,93.00,,
20514,,cpu_core/branch-misses/,1406792,93.00,,
4802016,,cpu_core/instructions/,1406792,93.00,,
2953589,,cpu_core/cpu-cycles/,1406792,93.00,,
2,,context-switches,1508282,100.00,,
181,,page-faults,1508282,100.00,,

----- [tile_128] H=128 W=128 K=3 seed=1234 rep=11/20 exit=0 -----
PROFILING tile variant=128 H=128 W=128 K=3 seed=1234
tile_size=128
checksum 1.545684
--- perf stat -x, ---
1116016,,cpu_core/L1-dcache-loads/,1250222,66.00,,
13443,,cpu_core/L1-dcache-load-misses/,1250222,66.00,1.20,of all L1-dcache accesses
926331,,cpu_core/branch-instructions/,1250222,66.00,,
25250,,cpu_core/branch-misses/,1250222,66.00,,
5440648,,cpu_core/instructions/,1250222,66.00,,
3094625,,cpu_core/cpu-cycles/,1250222,66.00,,
1,,context-switches,1877764,100.00,,
177,,page-faults,1877764,100.00,,

----- [tile_128] H=128 W=128 K=3 seed=1234 rep=12/20 exit=0 -----
PROFILING tile variant=128 H=128 W=128 K=3 seed=1234
tile_size=128
checksum 1.545684
--- perf stat -x, ---
972427,,cpu_core/L1-dcache-loads/,1795284,100.00,,
14746,,cpu_core/L1-dcache-load-misses/,1795284,100.00,1.52,of all L1-dcache accesses
783616,,cpu_core/branch-instructions/,1795284,100.00,,
20386,,cpu_core/branch-misses/,1795284,100.00,,
4558344,,cpu_core/instructions/,1795284,100.00,,
2923582,,cpu_core/cpu-cycles/,1795284,100.00,,
1,,context-switches,1795284,100.00,,
177,,page-faults,1795284,100.00,,

----- [tile_128] H=128 W=128 K=3 seed=1234 rep=13/20 exit=0 -----
PROFILING tile variant=128 H=128 W=128 K=3 seed=1234
tile_size=128
checksum 1.545684
--- perf stat -x, ---
1243457,,cpu_core/L1-dcache-loads/,720549,59.00,,
14784,,cpu_core/L1-dcache-load-misses/,720549,59.00,1.19,of all L1-dcache accesses
1035078,,cpu_core/branch-instructions/,720549,59.00,,
26767,,cpu_core/branch-misses/,720549,59.00,,
6071334,,cpu_core/instructions/,720549,59.00,,
3248896,,cpu_core/cpu-cycles/,720549,59.00,,
1,,context-switches,1218421,100.00,,
177,,page-faults,1218421,100.00,,

----- [tile_128] H=128 W=128 K=3 seed=1234 rep=14/20 exit=0 -----
PROFILING tile variant=128 H=128 W=128 K=3 seed=1234
tile_size=128
checksum 1.545684
--- perf stat -x, ---
971643,,cpu_core/L1-dcache-loads/,1511403,100.00,,
14524,,cpu_core/L1-dcache-load-misses/,1511403,100.00,1.49,of all L1-dcache accesses
783138,,cpu_core/branch-instructions/,1511403,100.00,,
21882,,cpu_core/branch-misses/,1511403,100.00,,
4552349,,cpu_core/instructions/,1511403,100.00,,
2777344,,cpu_core/cpu-cycles/,1511403,100.00,,
1,,context-switches,1511403,100.00,,
178,,page-faults,1511403,100.00,,

----- [tile_128] H=128 W=128 K=3 seed=1234 rep=15/20 exit=0 -----
PROFILING tile variant=128 H=128 W=128 K=3 seed=1234
tile_size=128
checksum 1.545684
--- perf stat -x, ---
972884,,cpu_core/L1-dcache-loads/,1395094,100.00,,
14535,,cpu_core/L1-dcache-load-misses/,1395094,100.00,1.49,of all L1-dcache accesses
783753,,cpu_core/branch-instructions/,1395094,100.00,,
20003,,cpu_core/branch-misses/,1395094,100.00,,
4560531,,cpu_core/instructions/,1395094,100.00,,
2820907,,cpu_core/cpu-cycles/,1395094,100.00,,
1,,context-switches,1395094,100.00,,
179,,page-faults,1395094,100.00,,

----- [tile_128] H=128 W=128 K=3 seed=1234 rep=16/20 exit=0 -----
PROFILING tile variant=128 H=128 W=128 K=3 seed=1234
tile_size=128
checksum 1.545684
--- perf stat -x, ---
1143483,,cpu_core/L1-dcache-loads/,994045,64.00,,
13570,,cpu_core/L1-dcache-load-misses/,994045,64.00,1.19,of all L1-dcache accesses
952129,,cpu_core/branch-instructions/,994045,64.00,,
22141,,cpu_core/branch-misses/,994045,64.00,,
5581830,,cpu_core/instructions/,994045,64.00,,
2902273,,cpu_core/cpu-cycles/,994045,64.00,,
1,,context-switches,1544554,100.00,,
180,,page-faults,1544554,100.00,,

----- [tile_128] H=128 W=128 K=3 seed=1234 rep=17/20 exit=0 -----
PROFILING tile variant=128 H=128 W=128 K=3 seed=1234
tile_size=128
checksum 1.545684
--- perf stat -x, ---
1114542,,cpu_core/L1-dcache-loads/,1048554,66.00,,
13134,,cpu_core/L1-dcache-load-misses/,1048554,66.00,1.18,of all L1-dcache accesses
927350,,cpu_core/branch-instructions/,1048554,66.00,,
23729,,cpu_core/branch-misses/,1048554,66.00,,
5439964,,cpu_core/instructions/,1048554,66.00,,
2920167,,cpu_core/cpu-cycles/,1048554,66.00,,
1,,context-switches,1583919,100.00,,
181,,page-faults,1583919,100.00,,

----- [tile_128] H=128 W=128 K=3 seed=1234 rep=18/20 exit=0 -----
PROFILING tile variant=128 H=128 W=128 K=3 seed=1234
tile_size=128
checksum 1.545684
--- perf stat -x, ---
1113862,,cpu_core/L1-dcache-loads/,1237119,66.00,,
13740,,cpu_core/L1-dcache-load-misses/,1237119,66.00,1.23,of all L1-dcache accesses
927094,,cpu_core/branch-instructions/,1237119,66.00,,
25376,,cpu_core/branch-misses/,1237119,66.00,,
5436653,,cpu_core/instructions/,1237119,66.00,,
3103518,,cpu_core/cpu-cycles/,1237119,66.00,,
1,,context-switches,1871036,100.00,,
178,,page-faults,1871036,100.00,,

----- [tile_128] H=128 W=128 K=3 seed=1234 rep=19/20 exit=0 -----
PROFILING tile variant=128 H=128 W=128 K=3 seed=1234
tile_size=128
checksum 1.545684
--- perf stat -x, ---
975097,,cpu_core/L1-dcache-loads/,1870047,100.00,,
15990,,cpu_core/L1-dcache-load-misses/,1870047,100.00,1.64,of all L1-dcache accesses
785410,,cpu_core/branch-instructions/,1870047,100.00,,
22579,,cpu_core/branch-misses/,1870047,100.00,,
4569394,,cpu_core/instructions/,1870047,100.00,,
3098963,,cpu_core/cpu-cycles/,1870047,100.00,,
1,,context-switches,1870047,100.00,,
178,,page-faults,1870047,100.00,,

----- [tile_128] H=128 W=128 K=3 seed=1234 rep=20/20 exit=0 -----
PROFILING tile variant=128 H=128 W=128 K=3 seed=1234
tile_size=128
checksum 1.545684
--- perf stat -x, ---
1132656,,cpu_core/L1-dcache-loads/,1024098,65.00,,
13558,,cpu_core/L1-dcache-load-misses/,1024098,65.00,1.20,of all L1-dcache accesses
943058,,cpu_core/branch-instructions/,1024098,65.00,,
22615,,cpu_core/branch-misses/,1024098,65.00,,
5529160,,cpu_core/instructions/,1024098,65.00,,
2886384,,cpu_core/cpu-cycles/,1024098,65.00,,
1,,context-switches,1572523,100.00,,
178,,page-faults,1572523,100.00,,

----- [tile_128] H=256 W=256 K=3 seed=1234 rep=1/20 exit=0 -----
PROFILING tile variant=128 H=256 W=256 K=3 seed=1234
tile_size=128
checksum 1.200319
--- perf stat -x, ---
2414054,,cpu_core/L1-dcache-loads/,2625507,89.00,,
17677,,cpu_core/L1-dcache-load-misses/,2625507,89.00,0.73,of all L1-dcache accesses
2072996,,cpu_core/branch-instructions/,2625507,89.00,,
49228,,cpu_core/branch-misses/,2625507,89.00,,
12400398,,cpu_core/instructions/,2625507,89.00,,
5415500,,cpu_core/cpu-cycles/,2625507,89.00,,
2,,context-switches,2919211,100.00,,
326,,page-faults,2919211,100.00,,

----- [tile_128] H=256 W=256 K=3 seed=1234 rep=2/20 exit=0 -----
PROFILING tile variant=128 H=256 W=256 K=3 seed=1234
tile_size=128
checksum 1.200319
--- perf stat -x, ---
2468614,,cpu_core/L1-dcache-loads/,2229847,82.00,,
14019,,cpu_core/L1-dcache-load-misses/,2229847,82.00,0.57,of all L1-dcache accesses
2140905,,cpu_core/branch-instructions/,2229847,82.00,,
49607,,cpu_core/branch-misses/,2229847,82.00,,
12852730,,cpu_core/instructions/,2229847,82.00,,
5334189,,cpu_core/cpu-cycles/,2229847,82.00,,
1,,context-switches,2700086,100.00,,
327,,page-faults,2700086,100.00,,

----- [tile_128] H=256 W=256 K=3 seed=1234 rep=3/20 exit=0 -----
PROFILING tile variant=128 H=256 W=256 K=3 seed=1234
tile_size=128
checksum 1.200319
--- perf stat -x, ---
2276414,,cpu_core/L1-dcache-loads/,3165269,100.00,,
18102,,cpu_core/L1-dcache-load-misses/,3165269,100.00,0.80,of all L1-dcache accesses
1940029,,cpu_core/branch-instructions/,3165269,100.00,,
47463,,cpu_core/branch-misses/,3165269,100.00,,
11581851,,cpu_core/instructions/,3165269,100.00,,
5297465,,cpu_core/cpu-cycles/,3165269,100.00,,
1,,context-switches,3165269,100.00,,
327,,page-faults,3165269,100.00,,

----- [tile_128] H=256 W=256 K=3 seed=1234 rep=4/20 exit=0 -----
PROFILING tile variant=128 H=256 W=256 K=3 seed=1234
tile_size=128
checksum 1.200319
--- perf stat -x, ---
2516774,,cpu_core/L1-dcache-loads/,2354229,81.00,,
15094,,cpu_core/L1-dcache-load-misses/,2354229,81.00,0.60,of all L1-dcache accesses
2182975,,cpu_core/branch-instructions/,2354229,81.00,,
51542,,cpu_core/branch-misses/,2354229,81.00,,
13099157,,cpu_core/instructions/,2354229,81.00,,
5425253,,cpu_core/cpu-cycles/,2354229,81.00,,
1,,context-switches,2902239,100.00,,
327,,page-faults,2902239,100.00,,

----- [tile_128] H=256 W=256 K=3 seed=1234 rep=5/20 exit=0 -----
PROFILING tile variant=128 H=256 W=256 K=3 seed=1234
tile_size=128
checksum 1.200319
--- perf stat -x, ---
2507775,,cpu_core/L1-dcache-loads/,2312068,81.00,,
15146,,cpu_core/L1-dcache-load-misses/,2312068,81.00,0.60,of all L1-dcache accesses
2176016,,cpu_core/branch-instructions/,2312068,81.00,,
51166,,cpu_core/branch-misses/,2312068,81.00,,
13058051,,cpu_core/instructions/,2312068,81.00,,
5328530,,cpu_core/cpu-cycles/,2312068,81.00,,
1,,context-switches,2848704,100.00,,
325,,page-faults,2848704,100.00,,

----- [tile_128] H=256 W=256 K=3 seed=1234 rep=6/20 exit=0 -----
PROFILING tile variant=128 H=256 W=256 K=3 seed=1234
tile_size=128
checksum 1.200319
--- perf stat -x, ---
2516725,,cpu_core/L1-dcache-loads/,2664425,80.00,,
14952,,cpu_core/L1-dcache-load-misses/,2664425,80.00,0.59,of all L1-dcache accesses
2183386,,cpu_core/branch-instructions/,2664425,80.00,,
51915,,cpu_core/branch-misses/,2664425,80.00,,
13101306,,cpu_core/instructions/,2664425,80.00,,
5470878,,cpu_core/cpu-cycles/,2664425,80.00,,
1,,context-switches,3293320,100.00,,
325,,page-faults,3293320,100.00,,

----- [tile_128] H=256 W=256 K=3 seed=1234 rep=7/20 exit=0 -----
PROFILING tile variant=128 H=256 W=256 K=3 seed=1234
tile_size=128
checksum 1.200319
--- perf stat -x, ---
2273975,,cpu_core/L1-dcache-loads/,3317259,100.00,,
17565,,cpu_core/L1-dcache-load-misses/,3317259,100.00,0.77,of all L1-dcache accesses
1937629,,cpu_core/branch-instructions/,3317259,100.00,,
48529,,cpu_core/branch-misses/,3317259,100.00,,
11572188,,cpu_core/instructions/,3317259,100.00,,
5545504,,cpu_core/cpu-cycles/,3317259,100.00,,
1,,context-switches,3317259,100.00,,
327,,page-faults,3317259,100.00,,

----- [tile_128] H=256 W=256 K=3 seed=1234 rep=8/20 exit=0 -----
PROFILING tile variant=128 H=256 W=256 K=3 seed=1234
tile_size=128
checksum 1.200319
--- perf stat -x, ---
2279025,,cpu_core/L1-dcache-loads/,2786077,100.00,,
18030,,cpu_core/L1-dcache-load-misses/,2786077,100.00,0.79,of all L1-dcache accesses
1940997,,cpu_core/branch-instructions/,2786077,100.00,,
46962,,cpu_core/branch-misses/,2786077,100.00,,
11593209,,cpu_core/instructions/,2786077,100.00,,
5214469,,cpu_core/cpu-cycles/,2786077,100.00,,
1,,context-switches,2786077,100.00,,
326,,page-faults,2786077,100.00,,

----- [tile_128] H=256 W=256 K=3 seed=1234 rep=9/20 exit=0 -----
PROFILING tile variant=128 H=256 W=256 K=3 seed=1234
tile_size=128
checksum 1.200319
--- perf stat -x, ---
2494051,,cpu_core/L1-dcache-loads/,2406017,81.00,,
14951,,cpu_core/L1-dcache-load-misses/,2406017,81.00,0.60,of all L1-dcache accesses
2162720,,cpu_core/branch-instructions/,2406017,81.00,,
52177,,cpu_core/branch-misses/,2406017,81.00,,
12980303,,cpu_core/instructions/,2406017,81.00,,
5400496,,cpu_core/cpu-cycles/,2406017,81.00,,
1,,context-switches,2942321,100.00,,
327,,page-faults,2942321,100.00,,

----- [tile_128] H=256 W=256 K=3 seed=1234 rep=10/20 exit=0 -----
PROFILING tile variant=128 H=256 W=256 K=3 seed=1234
tile_size=128
checksum 1.200319
--- perf stat -x, ---
2276525,,cpu_core/L1-dcache-loads/,2858512,100.00,,
18087,,cpu_core/L1-dcache-load-misses/,2858512,100.00,0.79,of all L1-dcache accesses
1940835,,cpu_core/branch-instructions/,2858512,100.00,,
47141,,cpu_core/branch-misses/,2858512,100.00,,
11582933,,cpu_core/instructions/,2858512,100.00,,
5342306,,cpu_core/cpu-cycles/,2858512,100.00,,
1,,context-switches,2858512,100.00,,
328,,page-faults,2858512,100.00,,

----- [tile_128] H=256 W=256 K=3 seed=1234 rep=11/20 exit=0 -----
PROFILING tile variant=128 H=256 W=256 K=3 seed=1234
tile_size=128
checksum 1.200319
--- perf stat -x, ---
2364427,,cpu_core/L1-dcache-loads/,2953402,94.00,,
18479,,cpu_core/L1-dcache-load-misses/,2953402,94.00,0.78,of all L1-dcache accesses
2018886,,cpu_core/branch-instructions/,2953402,94.00,,
47981,,cpu_core/branch-misses/,2953402,94.00,,
12069388,,cpu_core/instructions/,2953402,94.00,,
5528791,,cpu_core/cpu-cycles/,2953402,94.00,,
2,,context-switches,3123713,100.00,,
325,,page-faults,3123713,100.00,,

----- [tile_128] H=256 W=256 K=3 seed=1234 rep=12/20 exit=0 -----
PROFILING tile variant=128 H=256 W=256 K=3 seed=1234
tile_size=128
checksum 1.200319
--- perf stat -x, ---
2506449,,cpu_core/L1-dcache-loads/,2377407,81.00,,
15020,,cpu_core/L1-dcache-load-misses/,2377407,81.00,0.60,of all L1-dcache accesses
2174682,,cpu_core/branch-instructions/,2377407,81.00,,
51309,,cpu_core/branch-misses/,2377407,81.00,,
13046730,,cpu_core/instructions/,2377407,81.00,,
5518839,,cpu_core/cpu-cycles/,2377407,81.00,,
1,,context-switches,2923182,100.00,,
327,,page-faults,2923182,100.00,,

----- [tile_128] H=256 W=256 K=3 seed=1234 rep=13/20 exit=0 -----
PROFILING tile variant=128 H=256 W=256 K=3 seed=1234
tile_size=128
checksum 1.200319
--- perf stat -x, ---
2432379,,cpu_core/L1-dcache-loads/,2234640,83.00,,
14531,,cpu_core/L1-dcache-load-misses/,2234640,83.00,0.60,of all L1-dcache accesses
2109931,,cpu_core/branch-instructions/,2234640,83.00,,
48732,,cpu_core/branch-misses/,2234640,83.00,,
12662898,,cpu_core/instructions/,2234640,83.00,,
5186367,,cpu_core/cpu-cycles/,2234640,83.00,,
1,,context-switches,2666932,100.00,,
327,,page-faults,2666932,100.00,,

----- [tile_128] H=256 W=256 K=3 seed=1234 rep=14/20 exit=0 -----
PROFILING tile variant=128 H=256 W=256 K=3 seed=1234
tile_size=128
checksum 1.200319
--- perf stat -x, ---
2458490,,cpu_core/L1-dcache-loads/,1979380,82.00,,
14017,,cpu_core/L1-dcache-load-misses/,1979380,82.00,0.57,of all L1-dcache accesses
2132778,,cpu_core/branch-instructions/,1979380,82.00,,
51765,,cpu_core/branch-misses/,1979380,82.00,,
12800439,,cpu_core/instructions/,1979380,82.00,,
5699810,,cpu_core/cpu-cycles/,1979380,82.00,,
1,,context-switches,2388574,100.00,,
327,,page-faults,2388574,100.00,,

----- [tile_128] H=256 W=256 K=3 seed=1234 rep=15/20 exit=0 -----
PROFILING tile variant=128 H=256 W=256 K=3 seed=1234
tile_size=128
checksum 1.200319
--- perf stat -x, ---
2550962,,cpu_core/L1-dcache-loads/,2460048,79.00,,
15756,,cpu_core/L1-dcache-load-misses/,2460048,79.00,0.62,of all L1-dcache accesses
2213071,,cpu_core/branch-instructions/,2460048,79.00,,
51497,,cpu_core/branch-misses/,2460048,79.00,,
13277975,,cpu_core/instructions/,2460048,79.00,,
5630391,,cpu_core/cpu-cycles/,2460048,79.00,,
1,,context-switches,3078021,100.00,,
329,,page-faults,3078021,100.00,,

----- [tile_128] H=256 W=256 K=3 seed=1234 rep=16/20 exit=0 -----
PROFILING tile variant=128 H=256 W=256 K=3 seed=1234
tile_size=128
checksum 1.200319
--- perf stat -x, ---
2587225,,cpu_core/L1-dcache-loads/,3046583,78.00,,
15515,,cpu_core/L1-dcache-load-misses/,3046583,78.00,0.60,of all L1-dcache accesses
2243376,,cpu_core/branch-instructions/,3046583,78.00,,
52106,,cpu_core/branch-misses/,3046583,78.00,,
13463798,,cpu_core/instructions/,3046583,78.00,,
5796848,,cpu_core/cpu-cycles/,3046583,78.00,,
1,,context-switches,3860559,100.00,,
325,,page-faults,3860559,100.00,,

----- [tile_128] H=256 W=256 K=3 seed=1234 rep=17/20 exit=0 -----
PROFILING tile variant=128 H=256 W=256 K=3 seed=1234
tile_size=128
checksum 1.200319
--- perf stat -x, ---
2414318,,cpu_core/L1-dcache-loads/,2168142,84.00,,
14917,,cpu_core/L1-dcache-load-misses/,2168142,84.00,0.62,of all L1-dcache accesses
2094325,,cpu_core/branch-instructions/,2168142,84.00,,
48164,,cpu_core/branch-misses/,2168142,84.00,,
12567940,,cpu_core/instructions/,2168142,84.00,,
5246912,,cpu_core/cpu-cycles/,2168142,84.00,,
1,,context-switches,2570537,100.00,,
325,,page-faults,2570537,100.00,,

----- [tile_128] H=256 W=256 K=3 seed=1234 rep=18/20 exit=0 -----
PROFILING tile variant=128 H=256 W=256 K=3 seed=1234
tile_size=128
checksum 1.200319
--- perf stat -x, ---
2279010,,cpu_core/L1-dcache-loads/,3239303,100.00,,
19099,,cpu_core/L1-dcache-load-misses/,3239303,100.00,0.84,of all L1-dcache accesses
1942489,,cpu_core/branch-instructions/,3239303,100.00,,
48455,,cpu_core/branch-misses/,3239303,100.00,,
11594353,,cpu_core/instructions/,3239303,100.00,,
5425977,,cpu_core/cpu-cycles/,3239303,100.00,,
1,,context-switches,3239303,100.00,,
326,,page-faults,3239303,100.00,,

----- [tile_128] H=256 W=256 K=3 seed=1234 rep=19/20 exit=0 -----
PROFILING tile variant=128 H=256 W=256 K=3 seed=1234
tile_size=128
checksum 1.200319
--- perf stat -x, ---
2335735,,cpu_core/L1-dcache-loads/,2822953,95.00,,
17983,,cpu_core/L1-dcache-load-misses/,2822953,95.00,0.77,of all L1-dcache accesses
1997627,,cpu_core/branch-instructions/,2822953,95.00,,
48632,,cpu_core/branch-misses/,2822953,95.00,,
11932939,,cpu_core/instructions/,2822953,95.00,,
5538798,,cpu_core/cpu-cycles/,2822953,95.00,,
2,,context-switches,2959061,100.00,,
326,,page-faults,2959061,100.00,,

----- [tile_128] H=256 W=256 K=3 seed=1234 rep=20/20 exit=0 -----
PROFILING tile variant=128 H=256 W=256 K=3 seed=1234
tile_size=128
checksum 1.200319
--- perf stat -x, ---
2558804,,cpu_core/L1-dcache-loads/,2707532,79.00,,
15223,,cpu_core/L1-dcache-load-misses/,2707532,79.00,0.59,of all L1-dcache accesses
2219261,,cpu_core/branch-instructions/,2707532,79.00,,
52443,,cpu_core/branch-misses/,2707532,79.00,,
13317706,,cpu_core/instructions/,2707532,79.00,,
5742821,,cpu_core/cpu-cycles/,2707532,79.00,,
1,,context-switches,3399704,100.00,,
325,,page-faults,3399704,100.00,,

----- [tile_128] H=512 W=512 K=3 seed=1234 rep=1/20 exit=0 -----
PROFILING tile variant=128 H=512 W=512 K=3 seed=1234
tile_size=128
checksum -0.596669
--- perf stat -x, ---
7758494,,cpu_core/L1-dcache-loads/,8270178,93.00,,
28865,,cpu_core/L1-dcache-load-misses/,8270178,93.00,0.37,of all L1-dcache accesses
6844391,,cpu_core/branch-instructions/,8270178,93.00,,
155200,,cpu_core/branch-misses/,8270178,93.00,,
41430740,,cpu_core/instructions/,8270178,93.00,,
15561180,,cpu_core/cpu-cycles/,8270178,93.00,,
1,,context-switches,8883007,100.00,,
903,,page-faults,8883007,100.00,,

----- [tile_128] H=512 W=512 K=3 seed=1234 rep=2/20 exit=0 -----
PROFILING tile variant=128 H=512 W=512 K=3 seed=1234
tile_size=128
checksum -0.596669
--- perf stat -x, ---
7623581,,cpu_core/L1-dcache-loads/,8205753,96.00,,
32150,,cpu_core/L1-dcache-load-misses/,8205753,96.00,0.42,of all L1-dcache accesses
6699523,,cpu_core/branch-instructions/,8205753,96.00,,
151537,,cpu_core/branch-misses/,8205753,96.00,,
40512514,,cpu_core/instructions/,8205753,96.00,,
15409746,,cpu_core/cpu-cycles/,8205753,96.00,,
3,,context-switches,8482863,100.00,,
903,,page-faults,8482863,100.00,,

----- [tile_128] H=512 W=512 K=3 seed=1234 rep=3/20 exit=0 -----
PROFILING tile variant=128 H=512 W=512 K=3 seed=1234
tile_size=128
checksum -0.596669
--- perf stat -x, ---
7741055,,cpu_core/L1-dcache-loads/,8579905,93.00,,
28403,,cpu_core/L1-dcache-load-misses/,8579905,93.00,0.37,of all L1-dcache accesses
6829522,,cpu_core/branch-instructions/,8579905,93.00,,
153537,,cpu_core/branch-misses/,8579905,93.00,,
41339156,,cpu_core/instructions/,8579905,93.00,,
15523456,,cpu_core/cpu-cycles/,8579905,93.00,,
2,,context-switches,9194551,100.00,,
904,,page-faults,9194551,100.00,,

----- [tile_128] H=512 W=512 K=3 seed=1234 rep=4/20 exit=0 -----
PROFILING tile variant=128 H=512 W=512 K=3 seed=1234
tile_size=128
checksum -0.596669
--- perf stat -x, ---
7691441,,cpu_core/L1-dcache-loads/,8611548,93.00,,
28441,,cpu_core/L1-dcache-load-misses/,8611548,93.00,0.37,of all L1-dcache accesses
6787755,,cpu_core/branch-instructions/,8611548,93.00,,
153963,,cpu_core/branch-misses/,8611548,93.00,,
41082980,,cpu_core/instructions/,8611548,93.00,,
15694958,,cpu_core/cpu-cycles/,8611548,93.00,,
2,,context-switches,9177780,100.00,,
904,,page-faults,9177780,100.00,,

----- [tile_128] H=512 W=512 K=3 seed=1234 rep=5/20 exit=0 -----
PROFILING tile variant=128 H=512 W=512 K=3 seed=1234
tile_size=128
checksum -0.596669
--- perf stat -x, ---
7742594,,cpu_core/L1-dcache-loads/,7558485,93.00,,
27997,,cpu_core/L1-dcache-load-misses/,7558485,93.00,0.36,of all L1-dcache accesses
6831880,,cpu_core/branch-instructions/,7558485,93.00,,
153801,,cpu_core/branch-misses/,7558485,93.00,,
41353602,,cpu_core/instructions/,7558485,93.00,,
15040604,,cpu_core/cpu-cycles/,7558485,93.00,,
1,,context-switches,8106076,100.00,,
904,,page-faults,8106076,100.00,,

----- [tile_128] H=512 W=512 K=3 seed=1234 rep=6/20 exit=0 -----
PROFILING tile variant=128 H=512 W=512 K=3 seed=1234
tile_size=128
checksum -0.596669
--- perf stat -x, ---
7500136,,cpu_core/L1-dcache-loads/,8564726,99.00,,
33338,,cpu_core/L1-dcache-load-misses/,8564726,99.00,0.44,of all L1-dcache accesses
6583015,,cpu_core/branch-instructions/,8564726,99.00,,
151334,,cpu_core/branch-misses/,8564726,99.00,,
39779470,,cpu_core/instructions/,8564726,99.00,,
15149610,,cpu_core/cpu-cycles/,8564726,99.00,,
3,,context-switches,8631600,100.00,,
901,,page-faults,8631600,100.00,,

----- [tile_128] H=512 W=512 K=3 seed=1234 rep=7/20 exit=0 -----
PROFILING tile variant=128 H=512 W=512 K=3 seed=1234
tile_size=128
checksum -0.596669
--- perf stat -x, ---
7788380,,cpu_core/L1-dcache-loads/,8857495,92.00,,
29544,,cpu_core/L1-dcache-load-misses/,8857495,92.00,0.38,of all L1-dcache accesses
6872914,,cpu_core/branch-instructions/,8857495,92.00,,
157868,,cpu_core/branch-misses/,8857495,92.00,,
41600573,,cpu_core/instructions/,8857495,92.00,,
15536730,,cpu_core/cpu-cycles/,8857495,92.00,,
1,,context-switches,9558384,100.00,,
903,,page-faults,9558384,100.00,,

----- [tile_128] H=512 W=512 K=3 seed=1234 rep=8/20 exit=0 -----
PROFILING tile variant=128 H=512 W=512 K=3 seed=1234
tile_size=128
checksum -0.596669
--- perf stat -x, ---
7761855,,cpu_core/L1-dcache-loads/,8359709,93.00,,
29287,,cpu_core/L1-dcache-load-misses/,8359709,93.00,0.38,of all L1-dcache accesses
6848605,,cpu_core/branch-instructions/,8359709,93.00,,
155431,,cpu_core/branch-misses/,8359709,93.00,,
41455001,,cpu_core/instructions/,8359709,93.00,,
15215252,,cpu_core/cpu-cycles/,8359709,93.00,,
1,,context-switches,8986697,100.00,,
905,,page-faults,8986697,100.00,,

----- [tile_128] H=512 W=512 K=3 seed=1234 rep=9/20 exit=0 -----
PROFILING tile variant=128 H=512 W=512 K=3 seed=1234
tile_size=128
checksum -0.596669
--- perf stat -x, ---
7457820,,cpu_core/L1-dcache-loads/,9017605,100.00,,
33750,,cpu_core/L1-dcache-load-misses/,9017605,100.00,0.45,of all L1-dcache accesses
6542559,,cpu_core/branch-instructions/,9017605,100.00,,
151015,,cpu_core/branch-misses/,9017605,100.00,,
39530195,,cpu_core/instructions/,9017605,100.00,,
15138698,,cpu_core/cpu-cycles/,9017605,100.00,,
1,,context-switches,9017605,100.00,,
901,,page-faults,9017605,100.00,,

----- [tile_128] H=512 W=512 K=3 seed=1234 rep=10/20 exit=0 -----
PROFILING tile variant=128 H=512 W=512 K=3 seed=1234
tile_size=128
checksum -0.596669
--- perf stat -x, ---
7760112,,cpu_core/L1-dcache-loads/,8166815,92.00,,
27858,,cpu_core/L1-dcache-load-misses/,8166815,92.00,0.36,of all L1-dcache accesses
6847667,,cpu_core/branch-instructions/,8166815,92.00,,
155930,,cpu_core/branch-misses/,8166815,92.00,,
41451008,,cpu_core/instructions/,8166815,92.00,,
15017223,,cpu_core/cpu-cycles/,8166815,92.00,,
1,,context-switches,8782880,100.00,,
903,,page-faults,8782880,100.00,,

----- [tile_128] H=512 W=512 K=3 seed=1234 rep=11/20 exit=0 -----
PROFILING tile variant=128 H=512 W=512 K=3 seed=1234
tile_size=128
checksum -0.596669
--- perf stat -x, ---
7767278,,cpu_core/L1-dcache-loads/,8504459,92.00,,
29420,,cpu_core/L1-dcache-load-misses/,8504459,92.00,0.38,of all L1-dcache accesses
6853235,,cpu_core/branch-instructions/,8504459,92.00,,
155722,,cpu_core/branch-misses/,8504459,92.00,,
41479478,,cpu_core/instructions/,8504459,92.00,,
15490756,,cpu_core/cpu-cycles/,8504459,92.00,,
1,,context-switches,9145941,100.00,,
903,,page-faults,9145941,100.00,,

----- [tile_128] H=512 W=512 K=3 seed=1234 rep=12/20 exit=0 -----
PROFILING tile variant=128 H=512 W=512 K=3 seed=1234
tile_size=128
checksum -0.596669
--- perf stat -x, ---
7574360,,cpu_core/L1-dcache-loads/,9013642,97.00,,
33854,,cpu_core/L1-dcache-load-misses/,9013642,97.00,0.45,of all L1-dcache accesses
6651977,,cpu_core/branch-instructions/,9013642,97.00,,
152400,,cpu_core/branch-misses/,9013642,97.00,,
40210126,,cpu_core/instructions/,9013642,97.00,,
15394171,,cpu_core/cpu-cycles/,9013642,97.00,,
2,,context-switches,9219609,100.00,,
904,,page-faults,9219609,100.00,,

----- [tile_128] H=512 W=512 K=3 seed=1234 rep=13/20 exit=0 -----
PROFILING tile variant=128 H=512 W=512 K=3 seed=1234
tile_size=128
checksum -0.596669
--- perf stat -x, ---
7457881,,cpu_core/L1-dcache-loads/,9041017,100.00,,
33095,,cpu_core/L1-dcache-load-misses/,9041017,100.00,0.44,of all L1-dcache accesses
6542800,,cpu_core/branch-instructions/,9041017,100.00,,
151993,,cpu_core/branch-misses/,9041017,100.00,,
39529463,,cpu_core/instructions/,9041017,100.00,,
15278857,,cpu_core/cpu-cycles/,9041017,100.00,,
1,,context-switches,9041017,100.00,,
905,,page-faults,9041017,100.00,,

----- [tile_128] H=512 W=512 K=3 seed=1234 rep=14/20 exit=0 -----
PROFILING tile variant=128 H=512 W=512 K=3 seed=1234
tile_size=128
checksum -0.596669
--- perf stat -x, ---
7744222,,cpu_core/L1-dcache-loads/,8711390,93.00,,
29943,,cpu_core/L1-dcache-load-misses/,8711390,93.00,0.39,of all L1-dcache accesses
6832424,,cpu_core/branch-instructions/,8711390,93.00,,
156387,,cpu_core/branch-misses/,8711390,93.00,,
41352679,,cpu_core/instructions/,8711390,93.00,,
15806316,,cpu_core/cpu-cycles/,8711390,93.00,,
1,,context-switches,9339877,100.00,,
905,,page-faults,9339877,100.00,,

----- [tile_128] H=512 W=512 K=3 seed=1234 rep=15/20 exit=0 -----
PROFILING tile variant=128 H=512 W=512 K=3 seed=1234
tile_size=128
checksum -0.596669
--- perf stat -x, ---
7456363,,cpu_core/L1-dcache-loads/,8863141,100.00,,
34077,,cpu_core/L1-dcache-load-misses/,8863141,100.00,0.46,of all L1-dcache accesses
6541926,,cpu_core/branch-instructions/,8863141,100.00,,
150385,,cpu_core/branch-misses/,8863141,100.00,,
39528109,,cpu_core/instructions/,8863141,100.00,,
14992457,,cpu_core/cpu-cycles/,8863141,100.00,,
1,,context-switches,8863141,100.00,,
903,,page-faults,8863141,100.00,,

----- [tile_128] H=512 W=512 K=3 seed=1234 rep=16/20 exit=0 -----
PROFILING tile variant=128 H=512 W=512 K=3 seed=1234
tile_size=128
checksum -0.596669
--- perf stat -x, ---
7753042,,cpu_core/L1-dcache-loads/,8382437,93.00,,
29270,,cpu_core/L1-dcache-load-misses/,8382437,93.00,0.38,of all L1-dcache accesses
6841044,,cpu_core/branch-instructions/,8382437,93.00,,
155654,,cpu_core/branch-misses/,8382437,93.00,,
41408715,,cpu_core/instructions/,8382437,93.00,,
15499756,,cpu_core/cpu-cycles/,8382437,93.00,,
1,,context-switches,9000607,100.00,,
903,,page-faults,9000607,100.00,,

----- [tile_128] H=512 W=512 K=3 seed=1234 rep=17/20 exit=0 -----
PROFILING tile variant=128 H=512 W=512 K=3 seed=1234
tile_size=128
checksum -0.596669
--- perf stat -x, ---
7449923,,cpu_core/L1-dcache-loads/,8951523,100.00,,
33833,,cpu_core/L1-dcache-load-misses/,8951523,100.00,0.45,of all L1-dcache accesses
6536597,,cpu_core/branch-instructions/,8951523,100.00,,
151089,,cpu_core/branch-misses/,8951523,100.00,,
39500634,,cpu_core/instructions/,8951523,100.00,,
15145514,,cpu_core/cpu-cycles/,8951523,100.00,,
1,,context-switches,8951523,100.00,,
900,,page-faults,8951523,100.00,,

----- [tile_128] H=512 W=512 K=3 seed=1234 rep=18/20 exit=0 -----
PROFILING tile variant=128 H=512 W=512 K=3 seed=1234
tile_size=128
checksum -0.596669
--- perf stat -x, ---
7754583,,cpu_core/L1-dcache-loads/,8497710,93.00,,
28784,,cpu_core/L1-dcache-load-misses/,8497710,93.00,0.37,of all L1-dcache accesses
6842633,,cpu_core/branch-instructions/,8497710,93.00,,
157529,,cpu_core/branch-misses/,8497710,93.00,,
41416722,,cpu_core/instructions/,8497710,93.00,,
15675891,,cpu_core/cpu-cycles/,8497710,93.00,,
1,,context-switches,9127556,100.00,,
902,,page-faults,9127556,100.00,,

----- [tile_128] H=512 W=512 K=3 seed=1234 rep=19/20 exit=0 -----
PROFILING tile variant=128 H=512 W=512 K=3 seed=1234
tile_size=128
checksum -0.596669
--- perf stat -x, ---
7749258,,cpu_core/L1-dcache-loads/,8492436,93.00,,
30612,,cpu_core/L1-dcache-load-misses/,8492436,93.00,0.40,of all L1-dcache accesses
6835729,,cpu_core/branch-instructions/,8492436,93.00,,
155019,,cpu_core/branch-misses/,8492436,93.00,,
41366850,,cpu_core/instructions/,8492436,93.00,,
15403469,,cpu_core/cpu-cycles/,8492436,93.00,,
1,,context-switches,9092485,100.00,,
904,,page-faults,9092485,100.00,,

----- [tile_128] H=512 W=512 K=3 seed=1234 rep=20/20 exit=0 -----
PROFILING tile variant=128 H=512 W=512 K=3 seed=1234
tile_size=128
checksum -0.596669
--- perf stat -x, ---
7892024,,cpu_core/L1-dcache-loads/,8925038,91.00,,
30924,,cpu_core/L1-dcache-load-misses/,8925038,91.00,0.39,of all L1-dcache accesses
6964362,,cpu_core/branch-instructions/,8925038,91.00,,
157779,,cpu_core/branch-misses/,8925038,91.00,,
42154804,,cpu_core/instructions/,8925038,91.00,,
16010232,,cpu_core/cpu-cycles/,8925038,91.00,,
1,,context-switches,9760435,100.00,,
903,,page-faults,9760435,100.00,,

----- [tile_128] H=1024 W=1024 K=3 seed=1234 rep=1/20 exit=0 -----
PROFILING tile variant=128 H=1024 W=1024 K=3 seed=1234
tile_size=128
checksum -0.395011
--- perf stat -x, ---
28807160,,cpu_core/L1-dcache-loads/,20597368,97.00,,
70292,,cpu_core/L1-dcache-load-misses/,20597368,97.00,0.24,of all L1-dcache accesses
25539576,,cpu_core/branch-instructions/,20597368,97.00,,
568379,,cpu_core/branch-misses/,20597368,97.00,,
154979863,,cpu_core/instructions/,20597368,97.00,,
57653962,,cpu_core/cpu-cycles/,20597368,97.00,,
3,,context-switches,21228172,100.00,,
3209,,page-faults,21228172,100.00,,

----- [tile_128] H=1024 W=1024 K=3 seed=1234 rep=2/20 exit=0 -----
PROFILING tile variant=128 H=1024 W=1024 K=3 seed=1234
tile_size=128
checksum -0.395011
--- perf stat -x, ---
28158105,,cpu_core/L1-dcache-loads/,21701176,100.00,,
72070,,cpu_core/L1-dcache-load-misses/,21701176,100.00,0.26,of all L1-dcache accesses
24931591,,cpu_core/branch-instructions/,21701176,100.00,,
555547,,cpu_core/branch-misses/,21701176,100.00,,
151215433,,cpu_core/instructions/,21701176,100.00,,
55394585,,cpu_core/cpu-cycles/,21701176,100.00,,
0,,context-switches,21701176,100.00,,
3207,,page-faults,21701176,100.00,,

----- [tile_128] H=1024 W=1024 K=3 seed=1234 rep=3/20 exit=0 -----
PROFILING tile variant=128 H=1024 W=1024 K=3 seed=1234
tile_size=128
checksum -0.395011
--- perf stat -x, ---
28168859,,cpu_core/L1-dcache-loads/,22513696,100.00,,
76206,,cpu_core/L1-dcache-load-misses/,22513696,100.00,0.27,of all L1-dcache accesses
24940181,,cpu_core/branch-instructions/,22513696,100.00,,
556961,,cpu_core/branch-misses/,22513696,100.00,,
151262824,,cpu_core/instructions/,22513696,100.00,,
55996831,,cpu_core/cpu-cycles/,22513696,100.00,,
2,,context-switches,22513696,100.00,,
3209,,page-faults,22513696,100.00,,

----- [tile_128] H=1024 W=1024 K=3 seed=1234 rep=4/20 exit=0 -----
PROFILING tile variant=128 H=1024 W=1024 K=3 seed=1234
tile_size=128
checksum -0.395011
--- perf stat -x, ---
28734844,,cpu_core/L1-dcache-loads/,21595335,97.00,,
71373,,cpu_core/L1-dcache-load-misses/,21595335,97.00,0.25,of all L1-dcache accesses
25481819,,cpu_core/branch-instructions/,21595335,97.00,,
567043,,cpu_core/branch-misses/,21595335,97.00,,
154624125,,cpu_core/instructions/,21595335,97.00,,
55406322,,cpu_core/cpu-cycles/,21595335,97.00,,
1,,context-switches,22220889,100.00,,
3210,,page-faults,22220889,100.00,,

----- [tile_128] H=1024 W=1024 K=3 seed=1234 rep=5/20 exit=0 -----
PROFILING tile variant=128 H=1024 W=1024 K=3 seed=1234
tile_size=128
checksum -0.395011
--- perf stat -x, ---
28744288,,cpu_core/L1-dcache-loads/,20882778,97.00,,
68804,,cpu_core/L1-dcache-load-misses/,20882778,97.00,0.24,of all L1-dcache accesses
25489354,,cpu_core/branch-instructions/,20882778,97.00,,
566963,,cpu_core/branch-misses/,20882778,97.00,,
154653111,,cpu_core/instructions/,20882778,97.00,,
57392946,,cpu_core/cpu-cycles/,20882778,97.00,,
1,,context-switches,21479381,100.00,,
3210,,page-faults,21479381,100.00,,

----- [tile_128] H=1024 W=1024 K=3 seed=1234 rep=6/20 exit=0 -----
PROFILING tile variant=128 H=1024 W=1024 K=3 seed=1234
tile_size=128
checksum -0.395011
--- perf stat -x, ---
28163261,,cpu_core/L1-dcache-loads/,22402764,100.00,,
71499,,cpu_core/L1-dcache-load-misses/,22402764,100.00,0.25,of all L1-dcache accesses
24936031,,cpu_core/branch-instructions/,22402764,100.00,,
555852,,cpu_core/branch-misses/,22402764,100.00,,
151240233,,cpu_core/instructions/,22402764,100.00,,
55722210,,cpu_core/cpu-cycles/,22402764,100.00,,
1,,context-switches,22402764,100.00,,
3212,,page-faults,22402764,100.00,,

----- [tile_128] H=1024 W=1024 K=3 seed=1234 rep=7/20 exit=0 -----
PROFILING tile variant=128 H=1024 W=1024 K=3 seed=1234
tile_size=128
checksum -0.395011
--- perf stat -x, ---
28749581,,cpu_core/L1-dcache-loads/,20910590,97.00,,
62021,,cpu_core/L1-dcache-load-misses/,20910590,97.00,0.22,of all L1-dcache accesses
25493804,,cpu_core/branch-instructions/,20910590,97.00,,
567549,,cpu_core/branch-misses/,20910590,97.00,,
154696867,,cpu_core/instructions/,20910590,97.00,,
56666442,,cpu_core/cpu-cycles/,20910590,97.00,,
1,,context-switches,21524298,100.00,,
3210,,page-faults,21524298,100.00,,

----- [tile_128] H=1024 W=1024 K=3 seed=1234 rep=8/20 exit=0 -----
PROFILING tile variant=128 H=1024 W=1024 K=3 seed=1234
tile_size=128
checksum -0.395011
--- perf stat -x, ---
28701789,,cpu_core/L1-dcache-loads/,21268374,97.00,,
70193,,cpu_core/L1-dcache-load-misses/,21268374,97.00,0.24,of all L1-dcache accesses
25452145,,cpu_core/branch-instructions/,21268374,97.00,,
565972,,cpu_core/branch-misses/,21268374,97.00,,
154445032,,cpu_core/instructions/,21268374,97.00,,
56198768,,cpu_core/cpu-cycles/,21268374,97.00,,
2,,context-switches,21857185,100.00,,
3208,,page-faults,21857185,100.00,,

----- [tile_128] H=1024 W=1024 K=3 seed=1234 rep=9/20 exit=0 -----
PROFILING tile variant=128 H=1024 W=1024 K=3 seed=1234
tile_size=128
checksum -0.395011
--- perf stat -x, ---
28647470,,cpu_core/L1-dcache-loads/,22353727,97.00,,
70309,,cpu_core/L1-dcache-load-misses/,22353727,97.00,0.25,of all L1-dcache accesses
25389715,,cpu_core/branch-instructions/,22353727,97.00,,
565071,,cpu_core/branch-misses/,22353727,97.00,,
154036985,,cpu_core/instructions/,22353727,97.00,,
55886285,,cpu_core/cpu-cycles/,22353727,97.00,,
2,,context-switches,22856829,100.00,,
3211,,page-faults,22856829,100.00,,

----- [tile_128] H=1024 W=1024 K=3 seed=1234 rep=10/20 exit=0 -----
PROFILING tile variant=128 H=1024 W=1024 K=3 seed=1234
tile_size=128
checksum -0.395011
--- perf stat -x, ---
28711629,,cpu_core/L1-dcache-loads/,22098425,97.00,,
68896,,cpu_core/L1-dcache-load-misses/,22098425,97.00,0.24,of all L1-dcache accesses
25459670,,cpu_core/branch-instructions/,22098425,97.00,,
564928,,cpu_core/branch-misses/,22098425,97.00,,
154494035,,cpu_core/instructions/,22098425,97.00,,
56269837,,cpu_core/cpu-cycles/,22098425,97.00,,
1,,context-switches,22717788,100.00,,
3208,,page-faults,22717788,100.00,,

----- [tile_128] H=1024 W=1024 K=3 seed=1234 rep=11/20 exit=0 -----
PROFILING tile variant=128 H=1024 W=1024 K=3 seed=1234
tile_size=128
checksum -0.395011
--- perf stat -x, ---
28713508,,cpu_core/L1-dcache-loads/,22212230,97.00,,
62585,,cpu_core/L1-dcache-load-misses/,22212230,97.00,0.22,of all L1-dcache accesses
25462414,,cpu_core/branch-instructions/,22212230,97.00,,
564766,,cpu_core/branch-misses/,22212230,97.00,,
154504870,,cpu_core/instructions/,22212230,97.00,,
56493411,,cpu_core/cpu-cycles/,22212230,97.00,,
1,,context-switches,22836700,100.00,,
3211,,page-faults,22836700,100.00,,

----- [tile_128] H=1024 W=1024 K=3 seed=1234 rep=12/20 exit=0 -----
PROFILING tile variant=128 H=1024 W=1024 K=3 seed=1234
tile_size=128
checksum -0.395011
--- perf stat -x, ---
28734101,,cpu_core/L1-dcache-loads/,21770366,97.00,,
70089,,cpu_core/L1-dcache-load-misses/,21770366,97.00,0.24,of all L1-dcache accesses
25479929,,cpu_core/branch-instructions/,21770366,97.00,,
566789,,cpu_core/branch-misses/,21770366,97.00,,
154614644,,cpu_core/instructions/,21770366,97.00,,
56449318,,cpu_core/cpu-cycles/,21770366,97.00,,
1,,context-switches,22397963,100.00,,
3207,,page-faults,22397963,100.00,,

----- [tile_128] H=1024 W=1024 K=3 seed=1234 rep=13/20 exit=0 -----
PROFILING tile variant=128 H=1024 W=1024 K=3 seed=1234
tile_size=128
checksum -0.395011
--- perf stat -x, ---
28788508,,cpu_core/L1-dcache-loads/,21084061,96.00,,
65167,,cpu_core/L1-dcache-load-misses/,21084061,96.00,0.23,of all L1-dcache accesses
25529266,,cpu_core/branch-instructions/,21084061,96.00,,
567809,,cpu_core/branch-misses/,21084061,96.00,,
154915595,,cpu_core/instructions/,21084061,96.00,,
56015416,,cpu_core/cpu-cycles/,21084061,96.00,,
1,,context-switches,21736576,100.00,,
3210,,page-faults,21736576,100.00,,

----- [tile_128] H=1024 W=1024 K=3 seed=1234 rep=14/20 exit=0 -----
PROFILING tile variant=128 H=1024 W=1024 K=3 seed=1234
tile_size=128
checksum -0.395011
--- perf stat -x, ---
28745776,,cpu_core/L1-dcache-loads/,20781707,97.00,,
67580,,cpu_core/L1-dcache-load-misses/,20781707,97.00,0.24,of all L1-dcache accesses
25490112,,cpu_core/branch-instructions/,20781707,97.00,,
567248,,cpu_core/branch-misses/,20781707,97.00,,
154675210,,cpu_core/instructions/,20781707,97.00,,
56466933,,cpu_core/cpu-cycles/,20781707,97.00,,
1,,context-switches,21389858,100.00,,
3210,,page-faults,21389858,100.00,,

----- [tile_128] H=1024 W=1024 K=3 seed=1234 rep=15/20 exit=0 -----
PROFILING tile variant=128 H=1024 W=1024 K=3 seed=1234
tile_size=128
checksum -0.395011
--- perf stat -x, ---
28966732,,cpu_core/L1-dcache-loads/,19387743,96.00,,
70542,,cpu_core/L1-dcache-load-misses/,19387743,96.00,0.24,of all L1-dcache accesses
25685811,,cpu_core/branch-instructions/,19387743,96.00,,
570980,,cpu_core/branch-misses/,19387743,96.00,,
155857375,,cpu_core/instructions/,19387743,96.00,,
56795358,,cpu_core/cpu-cycles/,19387743,96.00,,
2,,context-switches,20103254,100.00,,
3208,,page-faults,20103254,100.00,,

----- [tile_128] H=1024 W=1024 K=3 seed=1234 rep=16/20 exit=0 -----
PROFILING tile variant=128 H=1024 W=1024 K=3 seed=1234
tile_size=128
checksum -0.395011
--- perf stat -x, ---
28806862,,cpu_core/L1-dcache-loads/,22005231,96.00,,
70969,,cpu_core/L1-dcache-load-misses/,22005231,96.00,0.25,of all L1-dcache accesses
25545671,,cpu_core/branch-instructions/,22005231,96.00,,
568149,,cpu_core/branch-misses/,22005231,96.00,,
155013399,,cpu_core/instructions/,22005231,96.00,,
56134877,,cpu_core/cpu-cycles/,22005231,96.00,,
1,,context-switches,22699514,100.00,,
3210,,page-faults,22699514,100.00,,

----- [tile_128] H=1024 W=1024 K=3 seed=1234 rep=17/20 exit=0 -----
PROFILING tile variant=128 H=1024 W=1024 K=3 seed=1234
tile_size=128
checksum -0.395011
--- perf stat -x, ---
28728443,,cpu_core/L1-dcache-loads/,21544292,97.00,,
67963,,cpu_core/L1-dcache-load-misses/,21544292,97.00,0.24,of all L1-dcache accesses
25476259,,cpu_core/branch-instructions/,21544292,97.00,,
566014,,cpu_core/branch-misses/,21544292,97.00,,
154588873,,cpu_core/instructions/,21544292,97.00,,
55723889,,cpu_core/cpu-cycles/,21544292,97.00,,
2,,context-switches,22162924,100.00,,
3210,,page-faults,22162924,100.00,,

----- [tile_128] H=1024 W=1024 K=3 seed=1234 rep=18/20 exit=0 -----
PROFILING tile variant=128 H=1024 W=1024 K=3 seed=1234
tile_size=128
checksum -0.395011
--- perf stat -x, ---
28168647,,cpu_core/L1-dcache-loads/,23115841,100.00,,
69198,,cpu_core/L1-dcache-load-misses/,23115841,100.00,0.25,of all L1-dcache accesses
24938978,,cpu_core/branch-instructions/,23115841,100.00,,
557394,,cpu_core/branch-misses/,23115841,100.00,,
151261752,,cpu_core/instructions/,23115841,100.00,,
56164692,,cpu_core/cpu-cycles/,23115841,100.00,,
1,,context-switches,23115841,100.00,,
3211,,page-faults,23115841,100.00,,

----- [tile_128] H=1024 W=1024 K=3 seed=1234 rep=19/20 exit=0 -----
PROFILING tile variant=128 H=1024 W=1024 K=3 seed=1234
tile_size=128
checksum -0.395011
--- perf stat -x, ---
28242340,,cpu_core/L1-dcache-loads/,23269929,99.00,,
72388,,cpu_core/L1-dcache-load-misses/,23269929,99.00,0.26,of all L1-dcache accesses
25010071,,cpu_core/branch-instructions/,23269929,99.00,,
559127,,cpu_core/branch-misses/,23269929,99.00,,
151689453,,cpu_core/instructions/,23269929,99.00,,
55920280,,cpu_core/cpu-cycles/,23269929,99.00,,
2,,context-switches,23349940,100.00,,
3210,,page-faults,23349940,100.00,,

----- [tile_128] H=1024 W=1024 K=3 seed=1234 rep=20/20 exit=0 -----
PROFILING tile variant=128 H=1024 W=1024 K=3 seed=1234
tile_size=128
checksum -0.395011
--- perf stat -x, ---
28593016,,cpu_core/L1-dcache-loads/,22025905,97.00,,
73349,,cpu_core/L1-dcache-load-misses/,22025905,97.00,0.26,of all L1-dcache accesses
25354546,,cpu_core/branch-instructions/,22025905,97.00,,
562529,,cpu_core/branch-misses/,22025905,97.00,,
153852473,,cpu_core/instructions/,22025905,97.00,,
56845231,,cpu_core/cpu-cycles/,22025905,97.00,,
1,,context-switches,22548126,100.00,,
3211,,page-faults,22548126,100.00,,

----- [tile_128] H=2048 W=2048 K=3 seed=1234 rep=1/20 exit=0 -----
PROFILING tile variant=128 H=2048 W=2048 K=3 seed=1234
tile_size=128
checksum 0.491263
--- perf stat -x, ---
110964261,,cpu_core/L1-dcache-loads/,66304265,100.00,,
248688,,cpu_core/L1-dcache-load-misses/,66304265,100.00,0.22,of all L1-dcache accesses
98491894,,cpu_core/branch-instructions/,66304265,100.00,,
2177271,,cpu_core/branch-misses/,66304265,100.00,,
597977837,,cpu_core/instructions/,66304265,100.00,,
217992465,,cpu_core/cpu-cycles/,66304265,100.00,,
2,,context-switches,66304265,100.00,,
12430,,page-faults,66304265,100.00,,

----- [tile_128] H=2048 W=2048 K=3 seed=1234 rep=2/20 exit=0 -----
PROFILING tile variant=128 H=2048 W=2048 K=3 seed=1234
tile_size=128
checksum 0.491263
--- perf stat -x, ---
110952599,,cpu_core/L1-dcache-loads/,61513299,100.00,,
240404,,cpu_core/L1-dcache-load-misses/,61513299,100.00,0.22,of all L1-dcache accesses
98484775,,cpu_core/branch-instructions/,61513299,100.00,,
2175948,,cpu_core/branch-misses/,61513299,100.00,,
597933079,,cpu_core/instructions/,61513299,100.00,,
216267660,,cpu_core/cpu-cycles/,61513299,100.00,,
1,,context-switches,61513299,100.00,,
12429,,page-faults,61513299,100.00,,

----- [tile_128] H=2048 W=2048 K=3 seed=1234 rep=3/20 exit=0 -----
PROFILING tile variant=128 H=2048 W=2048 K=3 seed=1234
tile_size=128
checksum 0.491263
--- perf stat -x, ---
111464129,,cpu_core/L1-dcache-loads/,61554938,99.00,,
231235,,cpu_core/L1-dcache-load-misses/,61554938,99.00,0.21,of all L1-dcache accesses
98977540,,cpu_core/branch-instructions/,61554938,99.00,,
2184632,,cpu_core/branch-misses/,61554938,99.00,,
600999834,,cpu_core/instructions/,61554938,99.00,,
219232035,,cpu_core/cpu-cycles/,61554938,99.00,,
2,,context-switches,61970135,100.00,,
12430,,page-faults,61970135,100.00,,

----- [tile_128] H=2048 W=2048 K=3 seed=1234 rep=4/20 exit=0 -----
PROFILING tile variant=128 H=2048 W=2048 K=3 seed=1234
tile_size=128
checksum 0.491263
--- perf stat -x, ---
111373829,,cpu_core/L1-dcache-loads/,57517827,99.00,,
236565,,cpu_core/L1-dcache-load-misses/,57517827,99.00,0.21,of all L1-dcache accesses
98874071,,cpu_core/branch-instructions/,57517827,99.00,,
2182400,,cpu_core/branch-misses/,57517827,99.00,,
600338977,,cpu_core/instructions/,57517827,99.00,,
219020119,,cpu_core/cpu-cycles/,57517827,99.00,,
3,,context-switches,57790246,100.00,,
12430,,page-faults,57790246,100.00,,

----- [tile_128] H=2048 W=2048 K=3 seed=1234 rep=5/20 exit=0 -----
PROFILING tile variant=128 H=2048 W=2048 K=3 seed=1234
tile_size=128
checksum 0.491263
--- perf stat -x, ---
111831699,,cpu_core/L1-dcache-loads/,61026687,99.00,,
237471,,cpu_core/L1-dcache-load-misses/,61026687,99.00,0.21,of all L1-dcache accesses
99303434,,cpu_core/branch-instructions/,61026687,99.00,,
2191534,,cpu_core/branch-misses/,61026687,99.00,,
602980938,,cpu_core/instructions/,61026687,99.00,,
219131604,,cpu_core/cpu-cycles/,61026687,99.00,,
1,,context-switches,61641075,100.00,,
12427,,page-faults,61641075,100.00,,

----- [tile_128] H=2048 W=2048 K=3 seed=1234 rep=6/20 exit=0 -----
PROFILING tile variant=128 H=2048 W=2048 K=3 seed=1234
tile_size=128
checksum 0.491263
--- perf stat -x, ---
111851240,,cpu_core/L1-dcache-loads/,60794302,98.00,,
241618,,cpu_core/L1-dcache-load-misses/,60794302,98.00,0.22,of all L1-dcache accesses
99322290,,cpu_core/branch-instructions/,60794302,98.00,,
2193163,,cpu_core/branch-misses/,60794302,98.00,,
603090349,,cpu_core/instructions/,60794302,98.00,,
218191381,,cpu_core/cpu-cycles/,60794302,98.00,,
1,,context-switches,61418533,100.00,,
12427,,page-faults,61418533,100.00,,

----- [tile_128] H=2048 W=2048 K=3 seed=1234 rep=7/20 exit=0 -----
PROFILING tile variant=128 H=2048 W=2048 K=3 seed=1234
tile_size=128
checksum 0.491263
--- perf stat -x, ---
111780592,,cpu_core/L1-dcache-loads/,63172974,99.00,,
244748,,cpu_core/L1-dcache-load-misses/,63172974,99.00,0.22,of all L1-dcache accesses
99255859,,cpu_core/branch-instructions/,63172974,99.00,,
2190012,,cpu_core/branch-misses/,63172974,99.00,,
602689025,,cpu_core/instructions/,63172974,99.00,,
220563571,,cpu_core/cpu-cycles/,63172974,99.00,,
1,,context-switches,63773433,100.00,,
12431,,page-faults,63773433,100.00,,

----- [tile_128] H=2048 W=2048 K=3 seed=1234 rep=8/20 exit=0 -----
PROFILING tile variant=128 H=2048 W=2048 K=3 seed=1234
tile_size=128
checksum 0.491263
--- perf stat -x, ---
111784863,,cpu_core/L1-dcache-loads/,61756207,99.00,,
248144,,cpu_core/L1-dcache-load-misses/,61756207,99.00,0.22,of all L1-dcache accesses
99259219,,cpu_core/branch-instructions/,61756207,99.00,,
2193979,,cpu_core/branch-misses/,61756207,99.00,,
602714466,,cpu_core/instructions/,61756207,99.00,,
220175235,,cpu_core/cpu-cycles/,61756207,99.00,,
1,,context-switches,62346930,100.00,,
12430,,page-faults,62346930,100.00,,

----- [tile_128] H=2048 W=2048 K=3 seed=1234 rep=9/20 exit=0 -----
PROFILING tile variant=128 H=2048 W=2048 K=3 seed=1234
tile_size=128
checksum 0.491263
--- perf stat -x, ---
111526409,,cpu_core/L1-dcache-loads/,61853920,99.00,,
246374,,cpu_core/L1-dcache-load-misses/,61853920,99.00,0.22,of all L1-dcache accesses
99030126,,cpu_core/branch-instructions/,61853920,99.00,,
2185714,,cpu_core/branch-misses/,61853920,99.00,,
601318993,,cpu_core/instructions/,61853920,99.00,,
218770122,,cpu_core/cpu-cycles/,61853920,99.00,,
2,,context-switches,62300573,100.00,,
12428,,page-faults,62300573,100.00,,

----- [tile_128] H=2048 W=2048 K=3 seed=1234 rep=10/20 exit=0 -----
PROFILING tile variant=128 H=2048 W=2048 K=3 seed=1234
tile_size=128
checksum 0.491263
--- perf stat -x, ---
111787294,,cpu_core/L1-dcache-loads/,62306961,99.00,,
243349,,cpu_core/L1-dcache-load-misses/,62306961,99.00,0.22,of all L1-dcache accesses
99265337,,cpu_core/branch-instructions/,62306961,99.00,,
2194607,,cpu_core/branch-misses/,62306961,99.00,,
602745798,,cpu_core/instructions/,62306961,99.00,,
221094734,,cpu_core/cpu-cycles/,62306961,99.00,,
1,,context-switches,62910592,100.00,,
12430,,page-faults,62910592,100.00,,

----- [tile_128] H=2048 W=2048 K=3 seed=1234 rep=11/20 exit=0 -----
PROFILING tile variant=128 H=2048 W=2048 K=3 seed=1234
tile_size=128
checksum 0.491263
--- perf stat -x, ---
110960368,,cpu_core/L1-dcache-loads/,63066957,100.00,,
246932,,cpu_core/L1-dcache-load-misses/,63066957,100.00,0.22,of all L1-dcache accesses
98489857,,cpu_core/branch-instructions/,63066957,100.00,,
2175302,,cpu_core/branch-misses/,63066957,100.00,,
597961323,,cpu_core/instructions/,63066957,100.00,,
223546414,,cpu_core/cpu-cycles/,63066957,100.00,,
2,,context-switches,63066957,100.00,,
12430,,page-faults,63066957,100.00,,

----- [tile_128] H=2048 W=2048 K=3 seed=1234 rep=12/20 exit=0 -----
PROFILING tile variant=128 H=2048 W=2048 K=3 seed=1234
tile_size=128
checksum 0.491263
--- perf stat -x, ---
111547211,,cpu_core/L1-dcache-loads/,61694416,99.00,,
247552,,cpu_core/L1-dcache-load-misses/,61694416,99.00,0.22,of all L1-dcache accesses
99049996,,cpu_core/branch-instructions/,61694416,99.00,,
2185882,,cpu_core/branch-misses/,61694416,99.00,,
601442227,,cpu_core/instructions/,61694416,99.00,,
223384474,,cpu_core/cpu-cycles/,61694416,99.00,,
1,,context-switches,62155114,100.00,,
12428,,page-faults,62155114,100.00,,

----- [tile_128] H=2048 W=2048 K=3 seed=1234 rep=13/20 exit=0 -----
PROFILING tile variant=128 H=2048 W=2048 K=3 seed=1234
tile_size=128
checksum 0.491263
--- perf stat -x, ---
111492751,,cpu_core/L1-dcache-loads/,62374053,99.00,,
242475,,cpu_core/L1-dcache-load-misses/,62374053,99.00,0.22,of all L1-dcache accesses
99000957,,cpu_core/branch-instructions/,62374053,99.00,,
2186695,,cpu_core/branch-misses/,62374053,99.00,,
601145270,,cpu_core/instructions/,62374053,99.00,,
222734133,,cpu_core/cpu-cycles/,62374053,99.00,,
1,,context-switches,62807824,100.00,,
12429,,page-faults,62807824,100.00,,

----- [tile_128] H=2048 W=2048 K=3 seed=1234 rep=14/20 exit=0 -----
PROFILING tile variant=128 H=2048 W=2048 K=3 seed=1234
tile_size=128
checksum 0.491263
--- perf stat -x, ---
111527317,,cpu_core/L1-dcache-loads/,57307045,99.00,,
242975,,cpu_core/L1-dcache-load-misses/,57307045,99.00,0.22,of all L1-dcache accesses
99026443,,cpu_core/branch-instructions/,57307045,99.00,,
2187622,,cpu_core/branch-misses/,57307045,99.00,,
601300665,,cpu_core/instructions/,57307045,99.00,,
218530462,,cpu_core/cpu-cycles/,57307045,99.00,,
2,,context-switches,57711770,100.00,,
12428,,page-faults,57711770,100.00,,

----- [tile_128] H=2048 W=2048 K=3 seed=1234 rep=15/20 exit=0 -----
PROFILING tile variant=128 H=2048 W=2048 K=3 seed=1234
tile_size=128
checksum 0.491263
--- perf stat -x, ---
111767405,,cpu_core/L1-dcache-loads/,62057128,99.00,,
238345,,cpu_core/L1-dcache-load-misses/,62057128,99.00,0.21,of all L1-dcache accesses
99245287,,cpu_core/branch-instructions/,62057128,99.00,,
2191282,,cpu_core/branch-misses/,62057128,99.00,,
602625891,,cpu_core/instructions/,62057128,99.00,,
221072886,,cpu_core/cpu-cycles/,62057128,99.00,,
2,,context-switches,62642950,100.00,,
12430,,page-faults,62642950,100.00,,

----- [tile_128] H=2048 W=2048 K=3 seed=1234 rep=16/20 exit=0 -----
PROFILING tile variant=128 H=2048 W=2048 K=3 seed=1234
tile_size=128
checksum 0.491263
--- perf stat -x, ---
111700386,,cpu_core/L1-dcache-loads/,60290637,99.00,,
237530,,cpu_core/L1-dcache-load-misses/,60290637,99.00,0.21,of all L1-dcache accesses
99186183,,cpu_core/branch-instructions/,60290637,99.00,,
2189090,,cpu_core/branch-misses/,60290637,99.00,,
602268024,,cpu_core/instructions/,60290637,99.00,,
219791201,,cpu_core/cpu-cycles/,60290637,99.00,,
2,,context-switches,60820186,100.00,,
12429,,page-faults,60820186,100.00,,

----- [tile_128] H=2048 W=2048 K=3 seed=1234 rep=17/20 exit=0 -----
PROFILING tile variant=128 H=2048 W=2048 K=3 seed=1234
tile_size=128
checksum 0.491263
--- perf stat -x, ---
111752989,,cpu_core/L1-dcache-loads/,61912917,99.00,,
234346,,cpu_core/L1-dcache-load-misses/,61912917,99.00,0.21,of all L1-dcache accesses
99232068,,cpu_core/branch-instructions/,61912917,99.00,,
2190667,,cpu_core/branch-misses/,61912917,99.00,,
602546146,,cpu_core/instructions/,61912917,99.00,,
219827837,,cpu_core/cpu-cycles/,61912917,99.00,,
1,,context-switches,62488163,100.00,,
12426,,page-faults,62488163,100.00,,

----- [tile_128] H=2048 W=2048 K=3 seed=1234 rep=18/20 exit=0 -----
PROFILING tile variant=128 H=2048 W=2048 K=3 seed=1234
tile_size=128
checksum 0.491263
--- perf stat -x, ---
110957275,,cpu_core/L1-dcache-loads/,61037100,100.00,,
238461,,cpu_core/L1-dcache-load-misses/,61037100,100.00,0.21,of all L1-dcache accesses
98485338,,cpu_core/branch-instructions/,61037100,100.00,,
2176524,,cpu_core/branch-misses/,61037100,100.00,,
597949988,,cpu_core/instructions/,61037100,100.00,,
217042863,,cpu_core/cpu-cycles/,61037100,100.00,,
1,,context-switches,61037100,100.00,,
12429,,page-faults,61037100,100.00,,

----- [tile_128] H=2048 W=2048 K=3 seed=1234 rep=19/20 exit=0 -----
PROFILING tile variant=128 H=2048 W=2048 K=3 seed=1234
tile_size=128
checksum 0.491263
--- perf stat -x, ---
111831096,,cpu_core/L1-dcache-loads/,62234525,99.00,,
234909,,cpu_core/L1-dcache-load-misses/,62234525,99.00,0.21,of all L1-dcache accesses
99302975,,cpu_core/branch-instructions/,62234525,99.00,,
2192240,,cpu_core/branch-misses/,62234525,99.00,,
602975630,,cpu_core/instructions/,62234525,99.00,,
218314128,,cpu_core/cpu-cycles/,62234525,99.00,,
1,,context-switches,62860249,100.00,,
12428,,page-faults,62860249,100.00,,

----- [tile_128] H=2048 W=2048 K=3 seed=1234 rep=20/20 exit=0 -----
PROFILING tile variant=128 H=2048 W=2048 K=3 seed=1234
tile_size=128
checksum 0.491263
--- perf stat -x, ---
111514691,,cpu_core/L1-dcache-loads/,59100432,99.00,,
232703,,cpu_core/L1-dcache-load-misses/,59100432,99.00,0.21,of all L1-dcache accesses
99017199,,cpu_core/branch-instructions/,59100432,99.00,,
2187116,,cpu_core/branch-misses/,59100432,99.00,,
601244843,,cpu_core/instructions/,59100432,99.00,,
225039723,,cpu_core/cpu-cycles/,59100432,99.00,,
3,,context-switches,59514417,100.00,,
12428,,page-faults,59514417,100.00,,

----- [tile_128] H=4096 W=4096 K=3 seed=1234 rep=1/20 exit=0 -----
PROFILING tile variant=128 H=4096 W=4096 K=3 seed=1234
tile_size=128
checksum 0.712899
--- perf stat -x, ---
443248348,,cpu_core/L1-dcache-loads/,237398192,99.00,,
974083,,cpu_core/L1-dcache-load-misses/,237398192,99.00,0.22,of all L1-dcache accesses
393673505,,cpu_core/branch-instructions/,237398192,99.00,,
8663057,,cpu_core/branch-misses/,237398192,99.00,,
2390999131,,cpu_core/instructions/,237398192,99.00,,
885862128,,cpu_core/cpu-cycles/,237398192,99.00,,
2,,context-switches,237893125,100.00,,
49301,,page-faults,237893125,100.00,,

----- [tile_128] H=4096 W=4096 K=3 seed=1234 rep=2/20 exit=0 -----
PROFILING tile variant=128 H=4096 W=4096 K=3 seed=1234
tile_size=128
checksum 0.712899
--- perf stat -x, ---
442873469,,cpu_core/L1-dcache-loads/,239481575,99.00,,
938971,,cpu_core/L1-dcache-load-misses/,239481575,99.00,0.21,of all L1-dcache accesses
393353991,,cpu_core/branch-instructions/,239481575,99.00,,
8664764,,cpu_core/branch-misses/,239481575,99.00,,
2388996588,,cpu_core/instructions/,239481575,99.00,,
892017785,,cpu_core/cpu-cycles/,239481575,99.00,,
5,,context-switches,239857697,100.00,,
49300,,page-faults,239857697,100.00,,

----- [tile_128] H=4096 W=4096 K=3 seed=1234 rep=3/20 exit=0 -----
PROFILING tile variant=128 H=4096 W=4096 K=3 seed=1234
tile_size=128
checksum 0.712899
--- perf stat -x, ---
442398770,,cpu_core/L1-dcache-loads/,240628416,100.00,,
963817,,cpu_core/L1-dcache-load-misses/,240628416,100.00,0.22,of all L1-dcache accesses
392894484,,cpu_core/branch-instructions/,240628416,100.00,,
8652322,,cpu_core/branch-misses/,240628416,100.00,,
2386139614,,cpu_core/instructions/,240628416,100.00,,
891338654,,cpu_core/cpu-cycles/,240628416,100.00,,
3,,context-switches,240628416,100.00,,
49301,,page-faults,240628416,100.00,,

----- [tile_128] H=4096 W=4096 K=3 seed=1234 rep=4/20 exit=0 -----
PROFILING tile variant=128 H=4096 W=4096 K=3 seed=1234
tile_size=128
checksum 0.712899
--- perf stat -x, ---
443318786,,cpu_core/L1-dcache-loads/,237961143,99.00,,
947137,,cpu_core/L1-dcache-load-misses/,237961143,99.00,0.21,of all L1-dcache accesses
393749724,,cpu_core/branch-instructions/,237961143,99.00,,
8671537,,cpu_core/branch-misses/,237961143,99.00,,
2391406242,,cpu_core/instructions/,237961143,99.00,,
884690175,,cpu_core/cpu-cycles/,237961143,99.00,,
3,,context-switches,238579004,100.00,,
49301,,page-faults,238579004,100.00,,

----- [tile_128] H=4096 W=4096 K=3 seed=1234 rep=5/20 exit=0 -----
PROFILING tile variant=128 H=4096 W=4096 K=3 seed=1234
tile_size=128
checksum 0.712899
--- perf stat -x, ---
442935855,,cpu_core/L1-dcache-loads/,234770418,99.00,,
946726,,cpu_core/L1-dcache-load-misses/,234770418,99.00,0.21,of all L1-dcache accesses
393414921,,cpu_core/branch-instructions/,234770418,99.00,,
8663332,,cpu_core/branch-misses/,234770418,99.00,,
2389369934,,cpu_core/instructions/,234770418,99.00,,
875692486,,cpu_core/cpu-cycles/,234770418,99.00,,
2,,context-switches,235188590,100.00,,
49301,,page-faults,235188590,100.00,,

----- [tile_128] H=4096 W=4096 K=3 seed=1234 rep=6/20 exit=0 -----
PROFILING tile variant=128 H=4096 W=4096 K=3 seed=1234
tile_size=128
checksum 0.712899
--- perf stat -x, ---
443334476,,cpu_core/L1-dcache-loads/,238267943,99.00,,
949462,,cpu_core/L1-dcache-load-misses/,238267943,99.00,0.21,of all L1-dcache accesses
393765084,,cpu_core/branch-instructions/,238267943,99.00,,
8672199,,cpu_core/branch-misses/,238267943,99.00,,
2391493198,,cpu_core/instructions/,238267943,99.00,,
888964724,,cpu_core/cpu-cycles/,238267943,99.00,,
3,,context-switches,238895442,100.00,,
49301,,page-faults,238895442,100.00,,

----- [tile_128] H=4096 W=4096 K=3 seed=1234 rep=7/20 exit=0 -----
PROFILING tile variant=128 H=4096 W=4096 K=3 seed=1234
tile_size=128
checksum 0.712899
--- perf stat -x, ---
443324391,,cpu_core/L1-dcache-loads/,237949645,99.00,,
961993,,cpu_core/L1-dcache-load-misses/,237949645,99.00,0.22,of all L1-dcache accesses
393756606,,cpu_core/branch-instructions/,237949645,99.00,,
8665566,,cpu_core/branch-misses/,237949645,99.00,,
2391447114,,cpu_core/instructions/,237949645,99.00,,
887590166,,cpu_core/cpu-cycles/,237949645,99.00,,
2,,context-switches,238574822,100.00,,
49303,,page-faults,238574822,100.00,,

----- [tile_128] H=4096 W=4096 K=3 seed=1234 rep=8/20 exit=0 -----
PROFILING tile variant=128 H=4096 W=4096 K=3 seed=1234
tile_size=128
checksum 0.712899
--- perf stat -x, ---
443280986,,cpu_core/L1-dcache-loads/,237378781,99.00,,
949261,,cpu_core/L1-dcache-load-misses/,237378781,99.00,0.21,of all L1-dcache accesses
393717043,,cpu_core/branch-instructions/,237378781,99.00,,
8667292,,cpu_core/branch-misses/,237378781,99.00,,
2391205844,,cpu_core/instructions/,237378781,99.00,,
883016941,,cpu_core/cpu-cycles/,237378781,99.00,,
2,,context-switches,237976502,100.00,,
49301,,page-faults,237976502,100.00,,

----- [tile_128] H=4096 W=4096 K=3 seed=1234 rep=9/20 exit=0 -----
PROFILING tile variant=128 H=4096 W=4096 K=3 seed=1234
tile_size=128
checksum 0.712899
--- perf stat -x, ---
443250189,,cpu_core/L1-dcache-loads/,241068966,99.00,,
949834,,cpu_core/L1-dcache-load-misses/,241068966,99.00,0.21,of all L1-dcache accesses
393834422,,cpu_core/branch-instructions/,241068966,99.00,,
8662432,,cpu_core/branch-misses/,241068966,99.00,,
2391215651,,cpu_core/instructions/,241068966,99.00,,
899283756,,cpu_core/cpu-cycles/,241068966,99.00,,
3,,context-switches,241650216,100.00,,
49300,,page-faults,241650216,100.00,,

----- [tile_128] H=4096 W=4096 K=3 seed=1234 rep=10/20 exit=0 -----
PROFILING tile variant=128 H=4096 W=4096 K=3 seed=1234
tile_size=128
checksum 0.712899
--- perf stat -x, ---
443297331,,cpu_core/L1-dcache-loads/,235109447,99.00,,
947250,,cpu_core/L1-dcache-load-misses/,235109447,99.00,0.21,of all L1-dcache accesses
393735764,,cpu_core/branch-instructions/,235109447,99.00,,
8670548,,cpu_core/branch-misses/,235109447,99.00,,
2391323072,,cpu_core/instructions/,235109447,99.00,,
875817843,,cpu_core/cpu-cycles/,235109447,99.00,,
4,,context-switches,235693581,100.00,,
49301,,page-faults,235693581,100.00,,

----- [tile_128] H=4096 W=4096 K=3 seed=1234 rep=11/20 exit=0 -----
PROFILING tile variant=128 H=4096 W=4096 K=3 seed=1234
tile_size=128
checksum 0.712899
--- perf stat -x, ---
443290011,,cpu_core/L1-dcache-loads/,237687133,99.00,,
985771,,cpu_core/L1-dcache-load-misses/,237687133,99.00,0.22,of all L1-dcache accesses
393724209,,cpu_core/branch-instructions/,237687133,99.00,,
8664207,,cpu_core/branch-misses/,237687133,99.00,,
2391242101,,cpu_core/instructions/,237687133,99.00,,
884660649,,cpu_core/cpu-cycles/,237687133,99.00,,
5,,context-switches,238282954,100.00,,
49302,,page-faults,238282954,100.00,,

----- [tile_128] H=4096 W=4096 K=3 seed=1234 rep=12/20 exit=0 -----
PROFILING tile variant=128 H=4096 W=4096 K=3 seed=1234
tile_size=128
checksum 0.712899
--- perf stat -x, ---
443277413,,cpu_core/L1-dcache-loads/,236852871,99.00,,
947182,,cpu_core/L1-dcache-load-misses/,236852871,99.00,0.21,of all L1-dcache accesses
393714226,,cpu_core/branch-instructions/,236852871,99.00,,
8665139,,cpu_core/branch-misses/,236852871,99.00,,
2391185321,,cpu_core/instructions/,236852871,99.00,,
882734396,,cpu_core/cpu-cycles/,236852871,99.00,,
2,,context-switches,237446709,100.00,,
49303,,page-faults,237446709,100.00,,

----- [tile_128] H=4096 W=4096 K=3 seed=1234 rep=13/20 exit=0 -----
PROFILING tile variant=128 H=4096 W=4096 K=3 seed=1234
tile_size=128
checksum 0.712899
--- perf stat -x, ---
443242265,,cpu_core/L1-dcache-loads/,236136936,99.00,,
959932,,cpu_core/L1-dcache-load-misses/,236136936,99.00,0.22,of all L1-dcache accesses
393682077,,cpu_core/branch-instructions/,236136936,99.00,,
8676811,,cpu_core/branch-misses/,236136936,99.00,,
2390985385,,cpu_core/instructions/,236136936,99.00,,
879285861,,cpu_core/cpu-cycles/,236136936,99.00,,
4,,context-switches,236704560,100.00,,
49300,,page-faults,236704560,100.00,,

----- [tile_128] H=4096 W=4096 K=3 seed=1234 rep=14/20 exit=0 -----
PROFILING tile variant=128 H=4096 W=4096 K=3 seed=1234
tile_size=128
checksum 0.712899
--- perf stat -x, ---
443279820,,cpu_core/L1-dcache-loads/,240282627,99.00,,
970070,,cpu_core/L1-dcache-load-misses/,240282627,99.00,0.22,of all L1-dcache accesses
393715787,,cpu_core/branch-instructions/,240282627,99.00,,
8667823,,cpu_core/branch-misses/,240282627,99.00,,
2391199208,,cpu_core/instructions/,240282627,99.00,,
894785793,,cpu_core/cpu-cycles/,240282627,99.00,,
3,,context-switches,240886779,100.00,,
49300,,page-faults,240886779,100.00,,

----- [tile_128] H=4096 W=4096 K=3 seed=1234 rep=15/20 exit=0 -----
PROFILING tile variant=128 H=4096 W=4096 K=3 seed=1234
tile_size=128
checksum 0.712899
--- perf stat -x, ---
443311749,,cpu_core/L1-dcache-loads/,235370031,99.00,,
953040,,cpu_core/L1-dcache-load-misses/,235370031,99.00,0.21,of all L1-dcache accesses
393744342,,cpu_core/branch-instructions/,235370031,99.00,,
8668268,,cpu_core/branch-misses/,235370031,99.00,,
2391371768,,cpu_core/instructions/,235370031,99.00,,
883234699,,cpu_core/cpu-cycles/,235370031,99.00,,
2,,context-switches,235978666,100.00,,
49299,,page-faults,235978666,100.00,,

----- [tile_128] H=4096 W=4096 K=3 seed=1234 rep=16/20 exit=0 -----
PROFILING tile variant=128 H=4096 W=4096 K=3 seed=1234
tile_size=128
checksum 0.712899
--- perf stat -x, ---
443235858,,cpu_core/L1-dcache-loads/,235736524,99.00,,
945596,,cpu_core/L1-dcache-load-misses/,235736524,99.00,0.21,of all L1-dcache accesses
393677248,,cpu_core/branch-instructions/,235736524,99.00,,
8666224,,cpu_core/branch-misses/,235736524,99.00,,
2390966445,,cpu_core/instructions/,235736524,99.00,,
879297875,,cpu_core/cpu-cycles/,235736524,99.00,,
2,,context-switches,236305609,100.00,,
49298,,page-faults,236305609,100.00,,

----- [tile_128] H=4096 W=4096 K=3 seed=1234 rep=17/20 exit=0 -----
PROFILING tile variant=128 H=4096 W=4096 K=3 seed=1234
tile_size=128
checksum 0.712899
--- perf stat -x, ---
443306426,,cpu_core/L1-dcache-loads/,240981640,99.00,,
957926,,cpu_core/L1-dcache-load-misses/,240981640,99.00,0.22,of all L1-dcache accesses
393737726,,cpu_core/branch-instructions/,240981640,99.00,,
8665212,,cpu_core/branch-misses/,240981640,99.00,,
2391324985,,cpu_core/instructions/,240981640,99.00,,
901005469,,cpu_core/cpu-cycles/,240981640,99.00,,
3,,context-switches,241593510,100.00,,
49301,,page-faults,241593510,100.00,,

----- [tile_128] H=4096 W=4096 K=3 seed=1234 rep=18/20 exit=0 -----
PROFILING tile variant=128 H=4096 W=4096 K=3 seed=1234
tile_size=128
checksum 0.712899
--- perf stat -x, ---
443000875,,cpu_core/L1-dcache-loads/,234170818,99.00,,
944055,,cpu_core/L1-dcache-load-misses/,234170818,99.00,0.21,of all L1-dcache accesses
393463248,,cpu_core/branch-instructions/,234170818,99.00,,
8666712,,cpu_core/branch-misses/,234170818,99.00,,
2389678498,,cpu_core/instructions/,234170818,99.00,,
888140861,,cpu_core/cpu-cycles/,234170818,99.00,,
4,,context-switches,234596440,100.00,,
49302,,page-faults,234596440,100.00,,

----- [tile_128] H=4096 W=4096 K=3 seed=1234 rep=19/20 exit=0 -----
PROFILING tile variant=128 H=4096 W=4096 K=3 seed=1234
tile_size=128
checksum 0.712899
--- perf stat -x, ---
443122620,,cpu_core/L1-dcache-loads/,240600224,99.00,,
947539,,cpu_core/L1-dcache-load-misses/,240600224,99.00,0.21,of all L1-dcache accesses
393572988,,cpu_core/branch-instructions/,240600224,99.00,,
8661959,,cpu_core/branch-misses/,240600224,99.00,,
2390339050,,cpu_core/instructions/,240600224,99.00,,
897209074,,cpu_core/cpu-cycles/,240600224,99.00,,
5,,context-switches,241104876,100.00,,
49300,,page-faults,241104876,100.00,,

----- [tile_128] H=4096 W=4096 K=3 seed=1234 rep=20/20 exit=0 -----
PROFILING tile variant=128 H=4096 W=4096 K=3 seed=1234
tile_size=128
checksum 0.712899
--- perf stat -x, ---
443285581,,cpu_core/L1-dcache-loads/,235657398,99.00,,
943278,,cpu_core/L1-dcache-load-misses/,235657398,99.00,0.21,of all L1-dcache accesses
393719745,,cpu_core/branch-instructions/,235657398,99.00,,
8674797,,cpu_core/branch-misses/,235657398,99.00,,
2391231255,,cpu_core/instructions/,235657398,99.00,,
880174432,,cpu_core/cpu-cycles/,235657398,99.00,,
4,,context-switches,236242620,100.00,,
49303,,page-faults,236242620,100.00,,

----- [tile_128] H=8192 W=8192 K=3 seed=1234 rep=1/20 exit=0 -----
PROFILING tile variant=128 H=8192 W=8192 K=3 seed=1234
tile_size=128
checksum 0.493239
--- perf stat -x, ---
1769487215,,cpu_core/L1-dcache-loads/,944268144,99.00,,
3908624,,cpu_core/L1-dcache-load-misses/,944268144,99.00,0.22,of all L1-dcache accesses
1571863534,,cpu_core/branch-instructions/,944268144,99.00,,
34548224,,cpu_core/branch-misses/,944268144,99.00,,
9547480841,,cpu_core/instructions/,944268144,99.00,,
3562304918,,cpu_core/cpu-cycles/,944268144,99.00,,
8,,context-switches,944675848,100.00,,
196772,,page-faults,944675848,100.00,,

----- [tile_128] H=8192 W=8192 K=3 seed=1234 rep=2/20 exit=0 -----
PROFILING tile variant=128 H=8192 W=8192 K=3 seed=1234
tile_size=128
checksum 0.493239
--- perf stat -x, ---
1769834878,,cpu_core/L1-dcache-loads/,941792997,99.00,,
3980692,,cpu_core/L1-dcache-load-misses/,941792997,99.00,0.22,of all L1-dcache accesses
1572145238,,cpu_core/branch-instructions/,941792997,99.00,,
34597038,,cpu_core/branch-misses/,941792997,99.00,,
9549293194,,cpu_core/instructions/,941792997,99.00,,
3548804638,,cpu_core/cpu-cycles/,941792997,99.00,,
12,,context-switches,942254586,100.00,,
196776,,page-faults,942254586,100.00,,

----- [tile_128] H=8192 W=8192 K=3 seed=1234 rep=3/20 exit=0 -----
PROFILING tile variant=128 H=8192 W=8192 K=3 seed=1234
tile_size=128
checksum 0.493239
--- perf stat -x, ---
1769880579,,cpu_core/L1-dcache-loads/,935002291,99.00,,
4019936,,cpu_core/L1-dcache-load-misses/,935002291,99.00,0.23,of all L1-dcache accesses
1572230056,,cpu_core/branch-instructions/,935002291,99.00,,
34555606,,cpu_core/branch-misses/,935002291,99.00,,
9549719353,,cpu_core/instructions/,935002291,99.00,,
3523881933,,cpu_core/cpu-cycles/,935002291,99.00,,
8,,context-switches,935587363,100.00,,
196772,,page-faults,935587363,100.00,,

----- [tile_128] H=8192 W=8192 K=3 seed=1234 rep=4/20 exit=0 -----
PROFILING tile variant=128 H=8192 W=8192 K=3 seed=1234
tile_size=128
checksum 0.493239
--- perf stat -x, ---
1769966128,,cpu_core/L1-dcache-loads/,944981007,99.00,,
3962841,,cpu_core/L1-dcache-load-misses/,944981007,99.00,0.22,of all L1-dcache accesses
1572303959,,cpu_core/branch-instructions/,944981007,99.00,,
34563592,,cpu_core/branch-misses/,944981007,99.00,,
9550142992,,cpu_core/instructions/,944981007,99.00,,
3563569951,,cpu_core/cpu-cycles/,944981007,99.00,,
11,,context-switches,945611134,100.00,,
196772,,page-faults,945611134,100.00,,

----- [tile_128] H=8192 W=8192 K=3 seed=1234 rep=5/20 exit=0 -----
PROFILING tile variant=128 H=8192 W=8192 K=3 seed=1234
tile_size=128
checksum 0.493239
--- perf stat -x, ---
1770034964,,cpu_core/L1-dcache-loads/,954012685,99.00,,
3930968,,cpu_core/L1-dcache-load-misses/,954012685,99.00,0.22,of all L1-dcache accesses
1572357151,,cpu_core/branch-instructions/,954012685,99.00,,
34566220,,cpu_core/branch-misses/,954012685,99.00,,
9550477028,,cpu_core/instructions/,954012685,99.00,,
3596278208,,cpu_core/cpu-cycles/,954012685,99.00,,
6,,context-switches,954651034,100.00,,
196776,,page-faults,954651034,100.00,,

----- [tile_128] H=8192 W=8192 K=3 seed=1234 rep=6/20 exit=0 -----
PROFILING tile variant=128 H=8192 W=8192 K=3 seed=1234
tile_size=128
checksum 0.493239
--- perf stat -x, ---
1769522525,,cpu_core/L1-dcache-loads/,938671711,99.00,,
3994334,,cpu_core/L1-dcache-load-misses/,938671711,99.00,0.23,of all L1-dcache accesses
1571909904,,cpu_core/branch-instructions/,938671711,99.00,,
34566802,,cpu_core/branch-misses/,938671711,99.00,,
9547759733,,cpu_core/instructions/,938671711,99.00,,
3541317355,,cpu_core/cpu-cycles/,938671711,99.00,,
11,,context-switches,939069002,100.00,,
196773,,page-faults,939069002,100.00,,

----- [tile_128] H=8192 W=8192 K=3 seed=1234 rep=7/20 exit=0 -----
PROFILING tile variant=128 H=8192 W=8192 K=3 seed=1234
tile_size=128
checksum 0.493239
--- perf stat -x, ---
1769641267,,cpu_core/L1-dcache-loads/,949142933,99.00,,
3919445,,cpu_core/L1-dcache-load-misses/,949142933,99.00,0.22,of all L1-dcache accesses
1571997644,,cpu_core/branch-instructions/,949142933,99.00,,
34553746,,cpu_core/branch-misses/,949142933,99.00,,
9548290828,,cpu_core/instructions/,949142933,99.00,,
3579306050,,cpu_core/cpu-cycles/,949142933,99.00,,
8,,context-switches,949560224,100.00,,
196772,,page-faults,949560224,100.00,,

----- [tile_128] H=8192 W=8192 K=3 seed=1234 rep=8/20 exit=0 -----
PROFILING tile variant=128 H=8192 W=8192 K=3 seed=1234
tile_size=128
checksum 0.493239
--- perf stat -x, ---
1769505352,,cpu_core/L1-dcache-loads/,937636217,99.00,,
4022478,,cpu_core/L1-dcache-load-misses/,937636217,99.00,0.23,of all L1-dcache accesses
1571867444,,cpu_core/branch-instructions/,937636217,99.00,,
34558227,,cpu_core/branch-misses/,937636217,99.00,,
9547457766,,cpu_core/instructions/,937636217,99.00,,
3532322214,,cpu_core/cpu-cycles/,937636217,99.00,,
8,,context-switches,937925002,100.00,,
196775,,page-faults,937925002,100.00,,

----- [tile_128] H=8192 W=8192 K=3 seed=1234 rep=9/20 exit=0 -----
PROFILING tile variant=128 H=8192 W=8192 K=3 seed=1234
tile_size=128
checksum 0.493239
--- perf stat -x, ---
1769973990,,cpu_core/L1-dcache-loads/,943060696,99.00,,
3937879,,cpu_core/L1-dcache-load-misses/,943060696,99.00,0.22,of all L1-dcache accesses
1572310993,,cpu_core/branch-instructions/,943060696,99.00,,
34546382,,cpu_core/branch-misses/,943060696,99.00,,
9550200305,,cpu_core/instructions/,943060696,99.00,,
3556466199,,cpu_core/cpu-cycles/,943060696,99.00,,
6,,context-switches,943706530,100.00,,
196776,,page-faults,943706530,100.00,,

----- [tile_128] H=8192 W=8192 K=3 seed=1234 rep=10/20 exit=0 -----
PROFILING tile variant=128 H=8192 W=8192 K=3 seed=1234
tile_size=128
checksum 0.493239
--- perf stat -x, ---
1769707006,,cpu_core/L1-dcache-loads/,936090318,99.00,,
3966732,,cpu_core/L1-dcache-load-misses/,936090318,99.00,0.22,of all L1-dcache accesses
1572039932,,cpu_core/branch-instructions/,936090318,99.00,,
34542290,,cpu_core/branch-misses/,936090318,99.00,,
9548679111,,cpu_core/instructions/,936090318,99.00,,
3527347935,,cpu_core/cpu-cycles/,936090318,99.00,,
6,,context-switches,936511571,100.00,,
196775,,page-faults,936511571,100.00,,

----- [tile_128] H=8192 W=8192 K=3 seed=1234 rep=11/20 exit=0 -----
PROFILING tile variant=128 H=8192 W=8192 K=3 seed=1234
tile_size=128
checksum 0.493239
--- perf stat -x, ---
1769969238,,cpu_core/L1-dcache-loads/,947597828,99.00,,
3926829,,cpu_core/L1-dcache-load-misses/,947597828,99.00,0.22,of all L1-dcache accesses
1572303600,,cpu_core/branch-instructions/,947597828,99.00,,
34553644,,cpu_core/branch-misses/,947597828,99.00,,
9550153729,,cpu_core/instructions/,947597828,99.00,,
3573745891,,cpu_core/cpu-cycles/,947597828,99.00,,
9,,context-switches,948236472,100.00,,
196772,,page-faults,948236472,100.00,,

----- [tile_128] H=8192 W=8192 K=3 seed=1234 rep=12/20 exit=0 -----
PROFILING tile variant=128 H=8192 W=8192 K=3 seed=1234
tile_size=128
checksum 0.493239
--- perf stat -x, ---
1769890097,,cpu_core/L1-dcache-loads/,946582737,99.00,,
3926094,,cpu_core/L1-dcache-load-misses/,946582737,99.00,0.22,of all L1-dcache accesses
1572234836,,cpu_core/branch-instructions/,946582737,99.00,,
34561076,,cpu_core/branch-misses/,946582737,99.00,,
9549722552,,cpu_core/instructions/,946582737,99.00,,
3567741894,,cpu_core/cpu-cycles/,946582737,99.00,,
8,,context-switches,947179187,100.00,,
196773,,page-faults,947179187,100.00,,

----- [tile_128] H=8192 W=8192 K=3 seed=1234 rep=13/20 exit=0 -----
PROFILING tile variant=128 H=8192 W=8192 K=3 seed=1234
tile_size=128
checksum 0.493239
--- perf stat -x, ---
1769569263,,cpu_core/L1-dcache-loads/,947786871,99.00,,
4013969,,cpu_core/L1-dcache-load-misses/,947786871,99.00,0.23,of all L1-dcache accesses
1571885870,,cpu_core/branch-instructions/,947786871,99.00,,
34568898,,cpu_core/branch-misses/,947786871,99.00,,
9547708309,,cpu_core/instructions/,947786871,99.00,,
3563034849,,cpu_core/cpu-cycles/,947786871,99.00,,
6,,context-switches,948049766,100.00,,
196774,,page-faults,948049766,100.00,,

----- [tile_128] H=8192 W=8192 K=3 seed=1234 rep=14/20 exit=0 -----
PROFILING tile variant=128 H=8192 W=8192 K=3 seed=1234
tile_size=128
checksum 0.493239
--- perf stat -x, ---
1769649523,,cpu_core/L1-dcache-loads/,937017352,99.00,,
3938056,,cpu_core/L1-dcache-load-misses/,937017352,99.00,0.22,of all L1-dcache accesses
1571993286,,cpu_core/branch-instructions/,937017352,99.00,,
34550883,,cpu_core/branch-misses/,937017352,99.00,,
9548424044,,cpu_core/instructions/,937017352,99.00,,
3530732507,,cpu_core/cpu-cycles/,937017352,99.00,,
5,,context-switches,937435573,100.00,,
196772,,page-faults,937435573,100.00,,

----- [tile_128] H=8192 W=8192 K=3 seed=1234 rep=15/20 exit=0 -----
PROFILING tile variant=128 H=8192 W=8192 K=3 seed=1234
tile_size=128
checksum 0.493239
--- perf stat -x, ---
1769547681,,cpu_core/L1-dcache-loads/,939746030,99.00,,
3947454,,cpu_core/L1-dcache-load-misses/,939746030,99.00,0.22,of all L1-dcache accesses
1571932581,,cpu_core/branch-instructions/,939746030,99.00,,
34548638,,cpu_core/branch-misses/,939746030,99.00,,
9547897292,,cpu_core/instructions/,939746030,99.00,,
3547489222,,cpu_core/cpu-cycles/,939746030,99.00,,
7,,context-switches,940142664,100.00,,
196773,,page-faults,940142664,100.00,,

----- [tile_128] H=8192 W=8192 K=3 seed=1234 rep=16/20 exit=0 -----
PROFILING tile variant=128 H=8192 W=8192 K=3 seed=1234
tile_size=128
checksum 0.493239
--- perf stat -x, ---
1770315288,,cpu_core/L1-dcache-loads/,940457816,99.00,,
3968058,,cpu_core/L1-dcache-load-misses/,940457816,99.00,0.22,of all L1-dcache accesses
1572578908,,cpu_core/branch-instructions/,940457816,99.00,,
34561650,,cpu_core/branch-misses/,940457816,99.00,,
9551975650,,cpu_core/instructions/,940457816,99.00,,
3531748550,,cpu_core/cpu-cycles/,940457816,99.00,,
9,,context-switches,941237372,100.00,,
196775,,page-faults,941237372,100.00,,

----- [tile_128] H=8192 W=8192 K=3 seed=1234 rep=17/20 exit=0 -----
PROFILING tile variant=128 H=8192 W=8192 K=3 seed=1234
tile_size=128
checksum 0.493239
--- perf stat -x, ---
1769562434,,cpu_core/L1-dcache-loads/,935821788,99.00,,
3942631,,cpu_core/L1-dcache-load-misses/,935821788,99.00,0.22,of all L1-dcache accesses
1571943715,,cpu_core/branch-instructions/,935821788,99.00,,
34579714,,cpu_core/branch-misses/,935821788,99.00,,
9547998525,,cpu_core/instructions/,935821788,99.00,,
3546643423,,cpu_core/cpu-cycles/,935821788,99.00,,
8,,context-switches,936244200,100.00,,
196774,,page-faults,936244200,100.00,,

----- [tile_128] H=8192 W=8192 K=3 seed=1234 rep=18/20 exit=0 -----
PROFILING tile variant=128 H=8192 W=8192 K=3 seed=1234
tile_size=128
checksum 0.493239
--- perf stat -x, ---
1769964752,,cpu_core/L1-dcache-loads/,943199858,99.00,,
3968979,,cpu_core/L1-dcache-load-misses/,943199858,99.00,0.22,of all L1-dcache accesses
1572301328,,cpu_core/branch-instructions/,943199858,99.00,,
34569285,,cpu_core/branch-misses/,943199858,99.00,,
9550141629,,cpu_core/instructions/,943199858,99.00,,
3553901218,,cpu_core/cpu-cycles/,943199858,99.00,,
8,,context-switches,943804078,100.00,,
196773,,page-faults,943804078,100.00,,

----- [tile_128] H=8192 W=8192 K=3 seed=1234 rep=19/20 exit=0 -----
PROFILING tile variant=128 H=8192 W=8192 K=3 seed=1234
tile_size=128
checksum 0.493239
--- perf stat -x, ---
1770299910,,cpu_core/L1-dcache-loads/,947664568,99.00,,
3970699,,cpu_core/L1-dcache-load-misses/,947664568,99.00,0.22,of all L1-dcache accesses
1572568261,,cpu_core/branch-instructions/,947664568,99.00,,
34572594,,cpu_core/branch-misses/,947664568,99.00,,
9551915338,,cpu_core/instructions/,947664568,99.00,,
3558145623,,cpu_core/cpu-cycles/,947664568,99.00,,
7,,context-switches,948425537,100.00,,
196774,,page-faults,948425537,100.00,,

----- [tile_128] H=8192 W=8192 K=3 seed=1234 rep=20/20 exit=0 -----
PROFILING tile variant=128 H=8192 W=8192 K=3 seed=1234
tile_size=128
checksum 0.493239
--- perf stat -x, ---
1769963168,,cpu_core/L1-dcache-loads/,940441316,99.00,,
4046870,,cpu_core/L1-dcache-load-misses/,940441316,99.00,0.23,of all L1-dcache accesses
1572299790,,cpu_core/branch-instructions/,940441316,99.00,,
34541234,,cpu_core/branch-misses/,940441316,99.00,,
9550114021,,cpu_core/instructions/,940441316,99.00,,
3545574768,,cpu_core/cpu-cycles/,940441316,99.00,,
6,,context-switches,941044978,100.00,,
196774,,page-faults,941044978,100.00,,

----- [tile_128] H=16384 W=16384 K=3 seed=1234 rep=1/20 exit=0 -----
PROFILING tile variant=128 H=16384 W=16384 K=3 seed=1234
tile_size=128
checksum 0.112685
--- perf stat -x, ---
7076774211,,cpu_core/L1-dcache-loads/,3720849020,99.00,,
17963533,,cpu_core/L1-dcache-load-misses/,3720849020,99.00,0.25,of all L1-dcache accesses
6287563564,,cpu_core/branch-instructions/,3720849020,99.00,,
138090020,,cpu_core/branch-misses/,3720849020,99.00,,
38191713627,,cpu_core/instructions/,3720849020,99.00,,
14078005124,,cpu_core/cpu-cycles/,3720849020,99.00,,
24,,context-switches,3721246242,100.00,,
786630,,page-faults,3721246242,100.00,,

----- [tile_128] H=16384 W=16384 K=3 seed=1234 rep=2/20 exit=0 -----
PROFILING tile variant=128 H=16384 W=16384 K=3 seed=1234
tile_size=128
checksum 0.112685
--- perf stat -x, ---
7076664757,,cpu_core/L1-dcache-loads/,3746506255,99.00,,
17923589,,cpu_core/L1-dcache-load-misses/,3746506255,99.00,0.25,of all L1-dcache accesses
6287406023,,cpu_core/branch-instructions/,3746506255,99.00,,
138140219,,cpu_core/branch-misses/,3746506255,99.00,,
38190721209,,cpu_core/instructions/,3746506255,99.00,,
14177482822,,cpu_core/cpu-cycles/,3746506255,99.00,,
27,,context-switches,3746918278,100.00,,
786628,,page-faults,3746918278,100.00,,

----- [tile_128] H=16384 W=16384 K=3 seed=1234 rep=3/20 exit=0 -----
PROFILING tile variant=128 H=16384 W=16384 K=3 seed=1234
tile_size=128
checksum 0.112685
--- perf stat -x, ---
7077191427,,cpu_core/L1-dcache-loads/,3727000162,99.00,,
18044160,,cpu_core/L1-dcache-load-misses/,3727000162,99.00,0.25,of all L1-dcache accesses
6287878354,,cpu_core/branch-instructions/,3727000162,99.00,,
138055318,,cpu_core/branch-misses/,3727000162,99.00,,
38193489957,,cpu_core/instructions/,3727000162,99.00,,
14105188890,,cpu_core/cpu-cycles/,3727000162,99.00,,
27,,context-switches,3727620690,100.00,,
786628,,page-faults,3727620690,100.00,,

----- [tile_128] H=16384 W=16384 K=3 seed=1234 rep=4/20 exit=0 -----
PROFILING tile variant=128 H=16384 W=16384 K=3 seed=1234
tile_size=128
checksum 0.112685
--- perf stat -x, ---
7076943089,,cpu_core/L1-dcache-loads/,3715625971,99.00,,
17904748,,cpu_core/L1-dcache-load-misses/,3715625971,99.00,0.25,of all L1-dcache accesses
6287659815,,cpu_core/branch-instructions/,3715625971,99.00,,
138127344,,cpu_core/branch-misses/,3715625971,99.00,,
38192219342,,cpu_core/instructions/,3715625971,99.00,,
14058898949,,cpu_core/cpu-cycles/,3715625971,99.00,,
32,,context-switches,3716160582,100.00,,
786628,,page-faults,3716160582,100.00,,

----- [tile_128] H=16384 W=16384 K=3 seed=1234 rep=5/20 exit=0 -----
PROFILING tile variant=128 H=16384 W=16384 K=3 seed=1234
tile_size=128
checksum 0.112685
--- perf stat -x, ---
7076968804,,cpu_core/L1-dcache-loads/,3765548093,99.00,,
17934669,,cpu_core/L1-dcache-load-misses/,3765548093,99.00,0.25,of all L1-dcache accesses
6287667006,,cpu_core/branch-instructions/,3765548093,99.00,,
138096491,,cpu_core/branch-misses/,3765548093,99.00,,
38192300090,,cpu_core/instructions/,3765548093,99.00,,
14251265461,,cpu_core/cpu-cycles/,3765548093,99.00,,
26,,context-switches,3766091567,100.00,,
786631,,page-faults,3766091567,100.00,,

----- [tile_128] H=16384 W=16384 K=3 seed=1234 rep=6/20 exit=0 -----
PROFILING tile variant=128 H=16384 W=16384 K=3 seed=1234
tile_size=128
checksum 0.112685
--- perf stat -x, ---
7076878269,,cpu_core/L1-dcache-loads/,3761294087,99.00,,
17926616,,cpu_core/L1-dcache-load-misses/,3761294087,99.00,0.25,of all L1-dcache accesses
6287587384,,cpu_core/branch-instructions/,3761294087,99.00,,
138036485,,cpu_core/branch-misses/,3761294087,99.00,,
38191861366,,cpu_core/instructions/,3761294087,99.00,,
14234657742,,cpu_core/cpu-cycles/,3761294087,99.00,,
32,,context-switches,3761828092,100.00,,
786630,,page-faults,3761828092,100.00,,

----- [tile_128] H=16384 W=16384 K=3 seed=1234 rep=7/20 exit=0 -----
PROFILING tile variant=128 H=16384 W=16384 K=3 seed=1234
tile_size=128
checksum 0.112685
--- perf stat -x, ---
7077132221,,cpu_core/L1-dcache-loads/,3719448713,99.00,,
17964069,,cpu_core/L1-dcache-load-misses/,3719448713,99.00,0.25,of all L1-dcache accesses
6287829256,,cpu_core/branch-instructions/,3719448713,99.00,,
138230190,,cpu_core/branch-misses/,3719448713,99.00,,
38193274254,,cpu_core/instructions/,3719448713,99.00,,
14069263161,,cpu_core/cpu-cycles/,3719448713,99.00,,
27,,context-switches,3720104289,100.00,,
786629,,page-faults,3720104289,100.00,,

----- [tile_128] H=16384 W=16384 K=3 seed=1234 rep=8/20 exit=0 -----
PROFILING tile variant=128 H=16384 W=16384 K=3 seed=1234
tile_size=128
checksum 0.112685
--- perf stat -x, ---
7076821115,,cpu_core/L1-dcache-loads/,3722451878,99.00,,
17967644,,cpu_core/L1-dcache-load-misses/,3722451878,99.00,0.25,of all L1-dcache accesses
6287558761,,cpu_core/branch-instructions/,3722451878,99.00,,
138021558,,cpu_core/branch-misses/,3722451878,99.00,,
38191650352,,cpu_core/instructions/,3722451878,99.00,,
14088770680,,cpu_core/cpu-cycles/,3722451878,99.00,,
22,,context-switches,3722916597,100.00,,
786629,,page-faults,3722916597,100.00,,

----- [tile_128] H=16384 W=16384 K=3 seed=1234 rep=9/20 exit=0 -----
PROFILING tile variant=128 H=16384 W=16384 K=3 seed=1234
tile_size=128
checksum 0.112685
--- perf stat -x, ---
7077160434,,cpu_core/L1-dcache-loads/,3744504004,99.00,,
18015207,,cpu_core/L1-dcache-load-misses/,3744504004,99.00,0.25,of all L1-dcache accesses
6287843951,,cpu_core/branch-instructions/,3744504004,99.00,,
138047875,,cpu_core/branch-misses/,3744504004,99.00,,
38193342714,,cpu_core/instructions/,3744504004,99.00,,
14166680752,,cpu_core/cpu-cycles/,3744504004,99.00,,
27,,context-switches,3745125475,100.00,,
786630,,page-faults,3745125475,100.00,,

----- [tile_128] H=16384 W=16384 K=3 seed=1234 rep=10/20 exit=0 -----
PROFILING tile variant=128 H=16384 W=16384 K=3 seed=1234
tile_size=128
checksum 0.112685
--- perf stat -x, ---
7076554534,,cpu_core/L1-dcache-loads/,3709919281,99.00,,
17800228,,cpu_core/L1-dcache-load-misses/,3709919281,99.00,0.25,of all L1-dcache accesses
6287315743,,cpu_core/branch-instructions/,3709919281,99.00,,
138138491,,cpu_core/branch-misses/,3709919281,99.00,,
38190238437,,cpu_core/instructions/,3709919281,99.00,,
14039546394,,cpu_core/cpu-cycles/,3709919281,99.00,,
28,,context-switches,3710321121,100.00,,
786629,,page-faults,3710321121,100.00,,

----- [tile_128] H=16384 W=16384 K=3 seed=1234 rep=11/20 exit=0 -----
PROFILING tile variant=128 H=16384 W=16384 K=3 seed=1234
tile_size=128
checksum 0.112685
--- perf stat -x, ---
7076147751,,cpu_core/L1-dcache-loads/,3719763787,99.00,,
18124120,,cpu_core/L1-dcache-load-misses/,3719763787,99.00,0.26,of all L1-dcache accesses
6286913677,,cpu_core/branch-instructions/,3719763787,99.00,,
138148994,,cpu_core/branch-misses/,3719763787,99.00,,
38187656529,,cpu_core/instructions/,3719763787,99.00,,
14069273172,,cpu_core/cpu-cycles/,3719763787,99.00,,
29,,context-switches,3719770924,100.00,,
786631,,page-faults,3719770924,100.00,,

----- [tile_128] H=16384 W=16384 K=3 seed=1234 rep=12/20 exit=0 -----
PROFILING tile variant=128 H=16384 W=16384 K=3 seed=1234
tile_size=128
checksum 0.112685
--- perf stat -x, ---
7077000760,,cpu_core/L1-dcache-loads/,3714451039,99.00,,
18011569,,cpu_core/L1-dcache-load-misses/,3714451039,99.00,0.25,of all L1-dcache accesses
6287710635,,cpu_core/branch-instructions/,3714451039,99.00,,
138145926,,cpu_core/branch-misses/,3714451039,99.00,,
38192531821,,cpu_core/instructions/,3714451039,99.00,,
14057475602,,cpu_core/cpu-cycles/,3714451039,99.00,,
30,,context-switches,3715006446,100.00,,
786628,,page-faults,3715006446,100.00,,

----- [tile_128] H=16384 W=16384 K=3 seed=1234 rep=13/20 exit=0 -----
PROFILING tile variant=128 H=16384 W=16384 K=3 seed=1234
tile_size=128
checksum 0.112685
--- perf stat -x, ---
7076539629,,cpu_core/L1-dcache-loads/,3707823407,99.00,,
17860996,,cpu_core/L1-dcache-load-misses/,3707823407,99.00,0.25,of all L1-dcache accesses
6287306528,,cpu_core/branch-instructions/,3707823407,99.00,,
138080865,,cpu_core/branch-misses/,3707823407,99.00,,
38190168505,,cpu_core/instructions/,3707823407,99.00,,
14034496191,,cpu_core/cpu-cycles/,3707823407,99.00,,
25,,context-switches,3708221088,100.00,,
786628,,page-faults,3708221088,100.00,,

----- [tile_128] H=16384 W=16384 K=3 seed=1234 rep=14/20 exit=0 -----
PROFILING tile variant=128 H=16384 W=16384 K=3 seed=1234
tile_size=128
checksum 0.112685
--- perf stat -x, ---
7076612142,,cpu_core/L1-dcache-loads/,3759014048,99.00,,
18166185,,cpu_core/L1-dcache-load-misses/,3759014048,99.00,0.26,of all L1-dcache accesses
6287348170,,cpu_core/branch-instructions/,3759014048,99.00,,
138084987,,cpu_core/branch-misses/,3759014048,99.00,,
38190439802,,cpu_core/instructions/,3759014048,99.00,,
14221315410,,cpu_core/cpu-cycles/,3759014048,99.00,,
25,,context-switches,3759414874,100.00,,
786631,,page-faults,3759414874,100.00,,

----- [tile_128] H=16384 W=16384 K=3 seed=1234 rep=15/20 exit=0 -----
PROFILING tile variant=128 H=16384 W=16384 K=3 seed=1234
tile_size=128
checksum 0.112685
--- perf stat -x, ---
7076682272,,cpu_core/L1-dcache-loads/,3714457904,99.00,,
17866719,,cpu_core/L1-dcache-load-misses/,3714457904,99.00,0.25,of all L1-dcache accesses
6287426612,,cpu_core/branch-instructions/,3714457904,99.00,,
138074721,,cpu_core/branch-misses/,3714457904,99.00,,
38190865973,,cpu_core/instructions/,3714457904,99.00,,
14052604318,,cpu_core/cpu-cycles/,3714457904,99.00,,
29,,context-switches,3714890684,100.00,,
786629,,page-faults,3714890684,100.00,,

----- [tile_128] H=16384 W=16384 K=3 seed=1234 rep=16/20 exit=0 -----
PROFILING tile variant=128 H=16384 W=16384 K=3 seed=1234
tile_size=128
checksum 0.112685
--- perf stat -x, ---
7077048726,,cpu_core/L1-dcache-loads/,3716056258,99.00,,
17944034,,cpu_core/L1-dcache-load-misses/,3716056258,99.00,0.25,of all L1-dcache accesses
6287751198,,cpu_core/branch-instructions/,3716056258,99.00,,
138108824,,cpu_core/branch-misses/,3716056258,99.00,,
38192803780,,cpu_core/instructions/,3716056258,99.00,,
14058524939,,cpu_core/cpu-cycles/,3716056258,99.00,,
24,,context-switches,3716646006,100.00,,
786630,,page-faults,3716646006,100.00,,

----- [tile_128] H=16384 W=16384 K=3 seed=1234 rep=17/20 exit=0 -----
PROFILING tile variant=128 H=16384 W=16384 K=3 seed=1234
tile_size=128
checksum 0.112685
--- perf stat -x, ---
7076760555,,cpu_core/L1-dcache-loads/,3773296459,99.00,,
18188139,,cpu_core/L1-dcache-load-misses/,3773296459,99.00,0.26,of all L1-dcache accesses
6287453989,,cpu_core/branch-instructions/,3773296459,99.00,,
138075536,,cpu_core/branch-misses/,3773296459,99.00,,
38190936904,,cpu_core/instructions/,3773296459,99.00,,
14272643392,,cpu_core/cpu-cycles/,3773296459,99.00,,
27,,context-switches,3773615133,100.00,,
786629,,page-faults,3773615133,100.00,,

----- [tile_128] H=16384 W=16384 K=3 seed=1234 rep=18/20 exit=0 -----
PROFILING tile variant=128 H=16384 W=16384 K=3 seed=1234
tile_size=128
checksum 0.112685
--- perf stat -x, ---
7077000759,,cpu_core/L1-dcache-loads/,3716635186,99.00,,
17892265,,cpu_core/L1-dcache-load-misses/,3716635186,99.00,0.25,of all L1-dcache accesses
6287712898,,cpu_core/branch-instructions/,3716635186,99.00,,
138094623,,cpu_core/branch-misses/,3716635186,99.00,,
38192628245,,cpu_core/instructions/,3716635186,99.00,,
14065646052,,cpu_core/cpu-cycles/,3716635186,99.00,,
24,,context-switches,3717249024,100.00,,
786628,,page-faults,3717249024,100.00,,

----- [tile_128] H=16384 W=16384 K=3 seed=1234 rep=19/20 exit=0 -----
PROFILING tile variant=128 H=16384 W=16384 K=3 seed=1234
tile_size=128
checksum 0.112685
--- perf stat -x, ---
7077044560,,cpu_core/L1-dcache-loads/,3721452979,99.00,,
17929660,,cpu_core/L1-dcache-load-misses/,3721452979,99.00,0.25,of all L1-dcache accesses
6287753279,,cpu_core/branch-instructions/,3721452979,99.00,,
138121009,,cpu_core/branch-misses/,3721452979,99.00,,
38192832547,,cpu_core/instructions/,3721452979,99.00,,
14080446714,,cpu_core/cpu-cycles/,3721452979,99.00,,
23,,context-switches,3722058844,100.00,,
786629,,page-faults,3722058844,100.00,,

----- [tile_128] H=16384 W=16384 K=3 seed=1234 rep=20/20 exit=0 -----
PROFILING tile variant=128 H=16384 W=16384 K=3 seed=1234
tile_size=128
checksum 0.112685
--- perf stat -x, ---
7076942105,,cpu_core/L1-dcache-loads/,3720587342,99.00,,
17910865,,cpu_core/L1-dcache-load-misses/,3720587342,99.00,0.25,of all L1-dcache accesses
6287654000,,cpu_core/branch-instructions/,3720587342,99.00,,
138121442,,cpu_core/branch-misses/,3720587342,99.00,,
38192221055,,cpu_core/instructions/,3720587342,99.00,,
14078547768,,cpu_core/cpu-cycles/,3720587342,99.00,,
29,,context-switches,3721140227,100.00,,
786630,,page-faults,3721140227,100.00,,
# finished : 2026-09-06T17:51:44+05:30
