############################################################
# label   : tile_8
# stage   : tile      (/home/advay/CS683_ProgrammingAssignments/pa1-dhurandhar-microarchitecture/task1/src/conv_tile.cpp)
# variant : 8
# events  : cpu_core/L1-dcache-loads/,cpu_core/L1-dcache-load-misses/,cpu_core/branch-instructions/,cpu_core/branch-misses/,cpu_core/instructions/,cpu_core/cpu-cycles/,context-switches,page-faults
# started : 2026-09-06T17:42:31+05:30
############################################################

----- [tile_8] H=64 W=64 K=3 seed=1234 rep=1/20 exit=0 -----
PROFILING tile variant=8 H=64 W=64 K=3 seed=1234
tile_size=8
checksum -1.144976
--- perf stat -x, ---
836174,,cpu_core/L1-dcache-loads/,551382,50.00,,
19732,,cpu_core/L1-dcache-load-misses/,551382,50.00,2.36,of all L1-dcache accesses
651864,,cpu_core/branch-instructions/,551382,50.00,,
20611,,cpu_core/branch-misses/,551382,50.00,,
3710602,,cpu_core/instructions/,551382,50.00,,
3035861,,cpu_core/cpu-cycles/,551382,50.00,,
1,,context-switches,1099328,100.00,,
143,,page-faults,1099328,100.00,,

----- [tile_8] H=64 W=64 K=3 seed=1234 rep=2/20 exit=0 -----
PROFILING tile variant=8 H=64 W=64 K=3 seed=1234
tile_size=8
checksum -1.144976
--- perf stat -x, ---
698812,,cpu_core/L1-dcache-loads/,1143338,71.00,,
16927,,cpu_core/L1-dcache-load-misses/,1143338,71.00,2.42,of all L1-dcache accesses
540683,,cpu_core/branch-instructions/,1143338,71.00,,
17681,,cpu_core/branch-misses/,1143338,71.00,,
3070195,,cpu_core/instructions/,1143338,71.00,,
2651577,,cpu_core/cpu-cycles/,1143338,71.00,,
2,,context-switches,1595239,100.00,,
144,,page-faults,1595239,100.00,,

----- [tile_8] H=64 W=64 K=3 seed=1234 rep=3/20 exit=0 -----
PROFILING tile variant=8 H=64 W=64 K=3 seed=1234
tile_size=8
checksum -1.144976
--- perf stat -x, ---
748681,,cpu_core/L1-dcache-loads/,905072,55.00,,
16736,,cpu_core/L1-dcache-load-misses/,905072,55.00,2.24,of all L1-dcache accesses
583571,,cpu_core/branch-instructions/,905072,55.00,,
18713,,cpu_core/branch-misses/,905072,55.00,,
3321828,,cpu_core/instructions/,905072,55.00,,
2693117,,cpu_core/cpu-cycles/,905072,55.00,,
1,,context-switches,1617982,100.00,,
143,,page-faults,1617982,100.00,,

----- [tile_8] H=64 W=64 K=3 seed=1234 rep=4/20 exit=0 -----
PROFILING tile variant=8 H=64 W=64 K=3 seed=1234
tile_size=8
checksum -1.144976
--- perf stat -x, ---
711975,,cpu_core/L1-dcache-loads/,912250,59.00,,
16177,,cpu_core/L1-dcache-load-misses/,912250,59.00,2.27,of all L1-dcache accesses
554267,,cpu_core/branch-instructions/,912250,59.00,,
18122,,cpu_core/branch-misses/,912250,59.00,,
3160812,,cpu_core/instructions/,912250,59.00,,
2532245,,cpu_core/cpu-cycles/,912250,59.00,,
1,,context-switches,1545218,100.00,,
143,,page-faults,1545218,100.00,,

----- [tile_8] H=64 W=64 K=3 seed=1234 rep=5/20 exit=0 -----
PROFILING tile variant=8 H=64 W=64 K=3 seed=1234
tile_size=8
checksum -1.144976
--- perf stat -x, ---
725890,,cpu_core/L1-dcache-loads/,878115,58.00,,
17372,,cpu_core/L1-dcache-load-misses/,878115,58.00,2.39,of all L1-dcache accesses
565052,,cpu_core/branch-instructions/,878115,58.00,,
18487,,cpu_core/branch-misses/,878115,58.00,,
3220547,,cpu_core/instructions/,878115,58.00,,
2495708,,cpu_core/cpu-cycles/,878115,58.00,,
1,,context-switches,1507099,100.00,,
141,,page-faults,1507099,100.00,,

----- [tile_8] H=64 W=64 K=3 seed=1234 rep=6/20 exit=0 -----
PROFILING tile variant=8 H=64 W=64 K=3 seed=1234
tile_size=8
checksum -1.144976
--- perf stat -x, ---
708747,,cpu_core/L1-dcache-loads/,873697,58.00,,
16524,,cpu_core/L1-dcache-load-misses/,873697,58.00,2.33,of all L1-dcache accesses
552327,,cpu_core/branch-instructions/,873697,58.00,,
17686,,cpu_core/branch-misses/,873697,58.00,,
3149354,,cpu_core/instructions/,873697,58.00,,
2459789,,cpu_core/cpu-cycles/,873697,58.00,,
1,,context-switches,1486994,100.00,,
142,,page-faults,1486994,100.00,,

----- [tile_8] H=64 W=64 K=3 seed=1234 rep=7/20 exit=0 -----
PROFILING tile variant=8 H=64 W=64 K=3 seed=1234
tile_size=8
checksum -1.144976
--- perf stat -x, ---
735193,,cpu_core/L1-dcache-loads/,860610,56.00,,
17278,,cpu_core/L1-dcache-load-misses/,860610,56.00,2.35,of all L1-dcache accesses
573378,,cpu_core/branch-instructions/,860610,56.00,,
18527,,cpu_core/branch-misses/,860610,56.00,,
3263366,,cpu_core/instructions/,860610,56.00,,
2533392,,cpu_core/cpu-cycles/,860610,56.00,,
1,,context-switches,1513527,100.00,,
144,,page-faults,1513527,100.00,,

----- [tile_8] H=64 W=64 K=3 seed=1234 rep=8/20 exit=0 -----
PROFILING tile variant=8 H=64 W=64 K=3 seed=1234
tile_size=8
checksum -1.144976
--- perf stat -x, ---
708834,,cpu_core/L1-dcache-loads/,978315,59.00,,
16940,,cpu_core/L1-dcache-load-misses/,978315,59.00,2.39,of all L1-dcache accesses
552086,,cpu_core/branch-instructions/,978315,59.00,,
18095,,cpu_core/branch-misses/,978315,59.00,,
3147158,,cpu_core/instructions/,978315,59.00,,
2659306,,cpu_core/cpu-cycles/,978315,59.00,,
1,,context-switches,1654966,100.00,,
142,,page-faults,1654966,100.00,,

----- [tile_8] H=64 W=64 K=3 seed=1234 rep=9/20 exit=0 -----
PROFILING tile variant=8 H=64 W=64 K=3 seed=1234
tile_size=8
checksum -1.144976
--- perf stat -x, ---
713746,,cpu_core/L1-dcache-loads/,889279,58.00,,
15699,,cpu_core/L1-dcache-load-misses/,889279,58.00,2.20,of all L1-dcache accesses
556088,,cpu_core/branch-instructions/,889279,58.00,,
17871,,cpu_core/branch-misses/,889279,58.00,,
3167525,,cpu_core/instructions/,889279,58.00,,
2497758,,cpu_core/cpu-cycles/,889279,58.00,,
1,,context-switches,1515871,100.00,,
145,,page-faults,1515871,100.00,,

----- [tile_8] H=64 W=64 K=3 seed=1234 rep=10/20 exit=0 -----
PROFILING tile variant=8 H=64 W=64 K=3 seed=1234
tile_size=8
checksum -1.144976
--- perf stat -x, ---
721285,,cpu_core/L1-dcache-loads/,905884,58.00,,
16232,,cpu_core/L1-dcache-load-misses/,905884,58.00,2.25,of all L1-dcache accesses
561431,,cpu_core/branch-instructions/,905884,58.00,,
18361,,cpu_core/branch-misses/,905884,58.00,,
3201795,,cpu_core/instructions/,905884,58.00,,
2560345,,cpu_core/cpu-cycles/,905884,58.00,,
1,,context-switches,1546592,100.00,,
144,,page-faults,1546592,100.00,,

----- [tile_8] H=64 W=64 K=3 seed=1234 rep=11/20 exit=0 -----
PROFILING tile variant=8 H=64 W=64 K=3 seed=1234
tile_size=8
checksum -1.144976
--- perf stat -x, ---
733567,,cpu_core/L1-dcache-loads/,967795,57.00,,
16442,,cpu_core/L1-dcache-load-misses/,967795,57.00,2.24,of all L1-dcache accesses
571566,,cpu_core/branch-instructions/,967795,57.00,,
18780,,cpu_core/branch-misses/,967795,57.00,,
3253719,,cpu_core/instructions/,967795,57.00,,
2666650,,cpu_core/cpu-cycles/,967795,57.00,,
1,,context-switches,1689660,100.00,,
144,,page-faults,1689660,100.00,,

----- [tile_8] H=64 W=64 K=3 seed=1234 rep=12/20 exit=0 -----
PROFILING tile variant=8 H=64 W=64 K=3 seed=1234
tile_size=8
checksum -1.144976
--- perf stat -x, ---
724663,,cpu_core/L1-dcache-loads/,842061,57.00,,
14994,,cpu_core/L1-dcache-load-misses/,842061,57.00,2.07,of all L1-dcache accesses
565247,,cpu_core/branch-instructions/,842061,57.00,,
18205,,cpu_core/branch-misses/,842061,57.00,,
3217335,,cpu_core/instructions/,842061,57.00,,
2437315,,cpu_core/cpu-cycles/,842061,57.00,,
1,,context-switches,1464077,100.00,,
142,,page-faults,1464077,100.00,,

----- [tile_8] H=64 W=64 K=3 seed=1234 rep=13/20 exit=0 -----
PROFILING tile variant=8 H=64 W=64 K=3 seed=1234
tile_size=8
checksum -1.144976
--- perf stat -x, ---
732814,,cpu_core/L1-dcache-loads/,829262,57.00,,
15060,,cpu_core/L1-dcache-load-misses/,829262,57.00,2.06,of all L1-dcache accesses
570909,,cpu_core/branch-instructions/,829262,57.00,,
18466,,cpu_core/branch-misses/,829262,57.00,,
3252974,,cpu_core/instructions/,829262,57.00,,
2731475,,cpu_core/cpu-cycles/,829262,57.00,,
1,,context-switches,1449028,100.00,,
141,,page-faults,1449028,100.00,,

----- [tile_8] H=64 W=64 K=3 seed=1234 rep=14/20 exit=0 -----
PROFILING tile variant=8 H=64 W=64 K=3 seed=1234
tile_size=8
checksum -1.144976
--- perf stat -x, ---
761153,,cpu_core/L1-dcache-loads/,864834,54.00,,
15555,,cpu_core/L1-dcache-load-misses/,864834,54.00,2.04,of all L1-dcache accesses
593499,,cpu_core/branch-instructions/,864834,54.00,,
19351,,cpu_core/branch-misses/,864834,54.00,,
3378199,,cpu_core/instructions/,864834,54.00,,
2772713,,cpu_core/cpu-cycles/,864834,54.00,,
1,,context-switches,1572930,100.00,,
144,,page-faults,1572930,100.00,,

----- [tile_8] H=64 W=64 K=3 seed=1234 rep=15/20 exit=0 -----
PROFILING tile variant=8 H=64 W=64 K=3 seed=1234
tile_size=8
checksum -1.144976
--- perf stat -x, ---
656816,,cpu_core/L1-dcache-loads/,1468573,100.00,,
15168,,cpu_core/L1-dcache-load-misses/,1468573,100.00,2.31,of all L1-dcache accesses
498539,,cpu_core/branch-instructions/,1468573,100.00,,
16935,,cpu_core/branch-misses/,1468573,100.00,,
2829849,,cpu_core/instructions/,1468573,100.00,,
2431770,,cpu_core/cpu-cycles/,1468573,100.00,,
1,,context-switches,1468573,100.00,,
144,,page-faults,1468573,100.00,,

----- [tile_8] H=64 W=64 K=3 seed=1234 rep=16/20 exit=0 -----
PROFILING tile variant=8 H=64 W=64 K=3 seed=1234
tile_size=8
checksum -1.144976
--- perf stat -x, ---
792461,,cpu_core/L1-dcache-loads/,654033,52.00,,
15579,,cpu_core/L1-dcache-load-misses/,654033,52.00,1.97,of all L1-dcache accesses
617715,,cpu_core/branch-instructions/,654033,52.00,,
17577,,cpu_core/branch-misses/,654033,52.00,,
3516319,,cpu_core/instructions/,654033,52.00,,
2473800,,cpu_core/cpu-cycles/,654033,52.00,,
1,,context-switches,1237329,100.00,,
141,,page-faults,1237329,100.00,,

----- [tile_8] H=64 W=64 K=3 seed=1234 rep=17/20 exit=0 -----
PROFILING tile variant=8 H=64 W=64 K=3 seed=1234
tile_size=8
checksum -1.144976
--- perf stat -x, ---
722681,,cpu_core/L1-dcache-loads/,733896,57.00,,
14652,,cpu_core/L1-dcache-load-misses/,733896,57.00,2.03,of all L1-dcache accesses
563243,,cpu_core/branch-instructions/,733896,57.00,,
17078,,cpu_core/branch-misses/,733896,57.00,,
3212558,,cpu_core/instructions/,733896,57.00,,
2376335,,cpu_core/cpu-cycles/,733896,57.00,,
1,,context-switches,1278208,100.00,,
141,,page-faults,1278208,100.00,,

----- [tile_8] H=64 W=64 K=3 seed=1234 rep=18/20 exit=0 -----
PROFILING tile variant=8 H=64 W=64 K=3 seed=1234
tile_size=8
checksum -1.144976
--- perf stat -x, ---
726291,,cpu_core/L1-dcache-loads/,841935,57.00,,
14671,,cpu_core/L1-dcache-load-misses/,841935,57.00,2.02,of all L1-dcache accesses
566254,,cpu_core/branch-instructions/,841935,57.00,,
16342,,cpu_core/branch-misses/,841935,57.00,,
3222507,,cpu_core/instructions/,841935,57.00,,
2406149,,cpu_core/cpu-cycles/,841935,57.00,,
1,,context-switches,1456626,100.00,,
144,,page-faults,1456626,100.00,,

----- [tile_8] H=64 W=64 K=3 seed=1234 rep=19/20 exit=0 -----
PROFILING tile variant=8 H=64 W=64 K=3 seed=1234
tile_size=8
checksum -1.144976
--- perf stat -x, ---
915543,,cpu_core/L1-dcache-loads/,414197,46.00,,
18043,,cpu_core/L1-dcache-load-misses/,414197,46.00,1.97,of all L1-dcache accesses
713063,,cpu_core/branch-instructions/,414197,46.00,,
19362,,cpu_core/branch-misses/,414197,46.00,,
4065630,,cpu_core/instructions/,414197,46.00,,
3017357,,cpu_core/cpu-cycles/,414197,46.00,,
1,,context-switches,899113,100.00,,
144,,page-faults,899113,100.00,,

----- [tile_8] H=64 W=64 K=3 seed=1234 rep=20/20 exit=0 -----
PROFILING tile variant=8 H=64 W=64 K=3 seed=1234
tile_size=8
checksum -1.144976
--- perf stat -x, ---
648549,,cpu_core/L1-dcache-loads/,1301633,100.00,,
14106,,cpu_core/L1-dcache-load-misses/,1301633,100.00,2.18,of all L1-dcache accesses
492947,,cpu_core/branch-instructions/,1301633,100.00,,
13620,,cpu_core/branch-misses/,1301633,100.00,,
2794158,,cpu_core/instructions/,1301633,100.00,,
2192377,,cpu_core/cpu-cycles/,1301633,100.00,,
0,,context-switches,1301633,100.00,,
141,,page-faults,1301633,100.00,,

----- [tile_8] H=128 W=128 K=3 seed=1234 rep=1/20 exit=0 -----
PROFILING tile variant=8 H=128 W=128 K=3 seed=1234
tile_size=8
checksum 1.545684
--- perf stat -x, ---
995926,,cpu_core/L1-dcache-loads/,1110353,100.00,,
14827,,cpu_core/L1-dcache-load-misses/,1110353,100.00,1.49,of all L1-dcache accesses
787780,,cpu_core/branch-instructions/,1110353,100.00,,
23073,,cpu_core/branch-misses/,1110353,100.00,,
4600390,,cpu_core/instructions/,1110353,100.00,,
3091283,,cpu_core/cpu-cycles/,1110353,100.00,,
1,,context-switches,1110353,100.00,,
179,,page-faults,1110353,100.00,,

----- [tile_8] H=128 W=128 K=3 seed=1234 rep=2/20 exit=0 -----
PROFILING tile variant=8 H=128 W=128 K=3 seed=1234
tile_size=8
checksum 1.545684
--- perf stat -x, ---
1147852,,cpu_core/L1-dcache-loads/,1068148,66.00,,
13169,,cpu_core/L1-dcache-load-misses/,1068148,66.00,1.15,of all L1-dcache accesses
931716,,cpu_core/branch-instructions/,1068148,66.00,,
26962,,cpu_core/branch-misses/,1068148,66.00,,
5494968,,cpu_core/instructions/,1068148,66.00,,
3032461,,cpu_core/cpu-cycles/,1068148,66.00,,
1,,context-switches,1613730,100.00,,
178,,page-faults,1613730,100.00,,

----- [tile_8] H=128 W=128 K=3 seed=1234 rep=3/20 exit=0 -----
PROFILING tile variant=8 H=128 W=128 K=3 seed=1234
tile_size=8
checksum 1.545684
--- perf stat -x, ---
1158077,,cpu_core/L1-dcache-loads/,1043885,65.00,,
13195,,cpu_core/L1-dcache-load-misses/,1043885,65.00,1.14,of all L1-dcache accesses
940262,,cpu_core/branch-instructions/,1043885,65.00,,
24972,,cpu_core/branch-misses/,1043885,65.00,,
5542570,,cpu_core/instructions/,1043885,65.00,,
2984997,,cpu_core/cpu-cycles/,1043885,65.00,,
1,,context-switches,1589081,100.00,,
180,,page-faults,1589081,100.00,,

----- [tile_8] H=128 W=128 K=3 seed=1234 rep=4/20 exit=0 -----
PROFILING tile variant=8 H=128 W=128 K=3 seed=1234
tile_size=8
checksum 1.545684
--- perf stat -x, ---
1054464,,cpu_core/L1-dcache-loads/,1400874,75.00,,
12932,,cpu_core/L1-dcache-load-misses/,1400874,75.00,1.23,of all L1-dcache accesses
855057,,cpu_core/branch-instructions/,1400874,75.00,,
25525,,cpu_core/branch-misses/,1400874,75.00,,
5018855,,cpu_core/instructions/,1400874,75.00,,
3095956,,cpu_core/cpu-cycles/,1400874,75.00,,
2,,context-switches,1854861,100.00,,
178,,page-faults,1854861,100.00,,

----- [tile_8] H=128 W=128 K=3 seed=1234 rep=5/20 exit=0 -----
PROFILING tile variant=8 H=128 W=128 K=3 seed=1234
tile_size=8
checksum 1.545684
--- perf stat -x, ---
1242035,,cpu_core/L1-dcache-loads/,666556,68.00,,
16303,,cpu_core/L1-dcache-load-misses/,666556,68.00,1.31,of all L1-dcache accesses
996399,,cpu_core/branch-instructions/,666556,68.00,,
27432,,cpu_core/branch-misses/,666556,68.00,,
5848050,,cpu_core/instructions/,666556,68.00,,
3520746,,cpu_core/cpu-cycles/,666556,68.00,,
2,,context-switches,966236,100.00,,
177,,page-faults,966236,100.00,,

----- [tile_8] H=128 W=128 K=3 seed=1234 rep=6/20 exit=0 -----
PROFILING tile variant=8 H=128 W=128 K=3 seed=1234
tile_size=8
checksum 1.545684
--- perf stat -x, ---
1149353,,cpu_core/L1-dcache-loads/,1239167,66.00,,
13400,,cpu_core/L1-dcache-load-misses/,1239167,66.00,1.17,of all L1-dcache accesses
933742,,cpu_core/branch-instructions/,1239167,66.00,,
26616,,cpu_core/branch-misses/,1239167,66.00,,
5500853,,cpu_core/instructions/,1239167,66.00,,
3151580,,cpu_core/cpu-cycles/,1239167,66.00,,
1,,context-switches,1875664,100.00,,
178,,page-faults,1875664,100.00,,

----- [tile_8] H=128 W=128 K=3 seed=1234 rep=7/20 exit=0 -----
PROFILING tile variant=8 H=128 W=128 K=3 seed=1234
tile_size=8
checksum 1.545684
--- perf stat -x, ---
1231299,,cpu_core/L1-dcache-loads/,1264904,61.00,,
14136,,cpu_core/L1-dcache-load-misses/,1264904,61.00,1.15,of all L1-dcache accesses
999532,,cpu_core/branch-instructions/,1264904,61.00,,
27090,,cpu_core/branch-misses/,1264904,61.00,,
5893769,,cpu_core/instructions/,1264904,61.00,,
3348217,,cpu_core/cpu-cycles/,1264904,61.00,,
1,,context-switches,2048943,100.00,,
178,,page-faults,2048943,100.00,,

----- [tile_8] H=128 W=128 K=3 seed=1234 rep=8/20 exit=0 -----
PROFILING tile variant=8 H=128 W=128 K=3 seed=1234
tile_size=8
checksum 1.545684
--- perf stat -x, ---
997124,,cpu_core/L1-dcache-loads/,1853236,100.00,,
14773,,cpu_core/L1-dcache-load-misses/,1853236,100.00,1.48,of all L1-dcache accesses
788741,,cpu_core/branch-instructions/,1853236,100.00,,
23624,,cpu_core/branch-misses/,1853236,100.00,,
4604041,,cpu_core/instructions/,1853236,100.00,,
3012131,,cpu_core/cpu-cycles/,1853236,100.00,,
1,,context-switches,1853236,100.00,,
178,,page-faults,1853236,100.00,,

----- [tile_8] H=128 W=128 K=3 seed=1234 rep=9/20 exit=0 -----
PROFILING tile variant=8 H=128 W=128 K=3 seed=1234
tile_size=8
checksum 1.545684
--- perf stat -x, ---
1173294,,cpu_core/L1-dcache-loads/,1532755,64.00,,
14496,,cpu_core/L1-dcache-load-misses/,1532755,64.00,1.24,of all L1-dcache accesses
952280,,cpu_core/branch-instructions/,1532755,64.00,,
29229,,cpu_core/branch-misses/,1532755,64.00,,
5613386,,cpu_core/instructions/,1532755,64.00,,
3327715,,cpu_core/cpu-cycles/,1532755,64.00,,
1,,context-switches,2359219,100.00,,
177,,page-faults,2359219,100.00,,

----- [tile_8] H=128 W=128 K=3 seed=1234 rep=10/20 exit=0 -----
PROFILING tile variant=8 H=128 W=128 K=3 seed=1234
tile_size=8
checksum 1.545684
--- perf stat -x, ---
1075230,,cpu_core/L1-dcache-loads/,1479119,84.00,,
15361,,cpu_core/L1-dcache-load-misses/,1479119,84.00,1.43,of all L1-dcache accesses
856238,,cpu_core/branch-instructions/,1479119,84.00,,
23879,,cpu_core/branch-misses/,1479119,84.00,,
5019765,,cpu_core/instructions/,1479119,84.00,,
3042969,,cpu_core/cpu-cycles/,1479119,84.00,,
2,,context-switches,1744436,100.00,,
178,,page-faults,1744436,100.00,,

----- [tile_8] H=128 W=128 K=3 seed=1234 rep=11/20 exit=0 -----
PROFILING tile variant=8 H=128 W=128 K=3 seed=1234
tile_size=8
checksum 1.545684
--- perf stat -x, ---
1158481,,cpu_core/L1-dcache-loads/,1242122,65.00,,
13586,,cpu_core/L1-dcache-load-misses/,1242122,65.00,1.17,of all L1-dcache accesses
940579,,cpu_core/branch-instructions/,1242122,65.00,,
28065,,cpu_core/branch-misses/,1242122,65.00,,
5542503,,cpu_core/instructions/,1242122,65.00,,
3170793,,cpu_core/cpu-cycles/,1242122,65.00,,
1,,context-switches,1887304,100.00,,
180,,page-faults,1887304,100.00,,

----- [tile_8] H=128 W=128 K=3 seed=1234 rep=12/20 exit=0 -----
PROFILING tile variant=8 H=128 W=128 K=3 seed=1234
tile_size=8
checksum 1.545684
--- perf stat -x, ---
1102516,,cpu_core/L1-dcache-loads/,1301225,69.00,,
12750,,cpu_core/L1-dcache-load-misses/,1301225,69.00,1.16,of all L1-dcache accesses
894469,,cpu_core/branch-instructions/,1301225,69.00,,
26049,,cpu_core/branch-misses/,1301225,69.00,,
5276348,,cpu_core/instructions/,1301225,69.00,,
3061984,,cpu_core/cpu-cycles/,1301225,69.00,,
1,,context-switches,1884923,100.00,,
177,,page-faults,1884923,100.00,,

----- [tile_8] H=128 W=128 K=3 seed=1234 rep=13/20 exit=0 -----
PROFILING tile variant=8 H=128 W=128 K=3 seed=1234
tile_size=8
checksum 1.545684
--- perf stat -x, ---
1087281,,cpu_core/L1-dcache-loads/,1317401,71.00,,
12819,,cpu_core/L1-dcache-load-misses/,1317401,71.00,1.18,of all L1-dcache accesses
883764,,cpu_core/branch-instructions/,1317401,71.00,,
23818,,cpu_core/branch-misses/,1317401,71.00,,
5188631,,cpu_core/instructions/,1317401,71.00,,
3053032,,cpu_core/cpu-cycles/,1317401,71.00,,
2,,context-switches,1830735,100.00,,
178,,page-faults,1830735,100.00,,

----- [tile_8] H=128 W=128 K=3 seed=1234 rep=14/20 exit=0 -----
PROFILING tile variant=8 H=128 W=128 K=3 seed=1234
tile_size=8
checksum 1.545684
--- perf stat -x, ---
1159360,,cpu_core/L1-dcache-loads/,1297463,65.00,,
13186,,cpu_core/L1-dcache-load-misses/,1297463,65.00,1.14,of all L1-dcache accesses
940915,,cpu_core/branch-instructions/,1297463,65.00,,
27707,,cpu_core/branch-misses/,1297463,65.00,,
5547786,,cpu_core/instructions/,1297463,65.00,,
3232552,,cpu_core/cpu-cycles/,1297463,65.00,,
1,,context-switches,1976475,100.00,,
178,,page-faults,1976475,100.00,,

----- [tile_8] H=128 W=128 K=3 seed=1234 rep=15/20 exit=0 -----
PROFILING tile variant=8 H=128 W=128 K=3 seed=1234
tile_size=8
checksum 1.545684
--- perf stat -x, ---
1136929,,cpu_core/L1-dcache-loads/,1151527,66.00,,
13458,,cpu_core/L1-dcache-load-misses/,1151527,66.00,1.18,of all L1-dcache accesses
923371,,cpu_core/branch-instructions/,1151527,66.00,,
26697,,cpu_core/branch-misses/,1151527,66.00,,
5442105,,cpu_core/instructions/,1151527,66.00,,
3069377,,cpu_core/cpu-cycles/,1151527,66.00,,
1,,context-switches,1724238,100.00,,
177,,page-faults,1724238,100.00,,

----- [tile_8] H=128 W=128 K=3 seed=1234 rep=16/20 exit=0 -----
PROFILING tile variant=8 H=128 W=128 K=3 seed=1234
tile_size=8
checksum 1.545684
--- perf stat -x, ---
1147053,,cpu_core/L1-dcache-loads/,1175231,66.00,,
13021,,cpu_core/L1-dcache-load-misses/,1175231,66.00,1.14,of all L1-dcache accesses
931159,,cpu_core/branch-instructions/,1175231,66.00,,
25160,,cpu_core/branch-misses/,1175231,66.00,,
5490282,,cpu_core/instructions/,1175231,66.00,,
3059667,,cpu_core/cpu-cycles/,1175231,66.00,,
1,,context-switches,1772862,100.00,,
179,,page-faults,1772862,100.00,,

----- [tile_8] H=128 W=128 K=3 seed=1234 rep=17/20 exit=0 -----
PROFILING tile variant=8 H=128 W=128 K=3 seed=1234
tile_size=8
checksum 1.545684
--- perf stat -x, ---
1150137,,cpu_core/L1-dcache-loads/,1304098,66.00,,
13379,,cpu_core/L1-dcache-load-misses/,1304098,66.00,1.16,of all L1-dcache accesses
934160,,cpu_core/branch-instructions/,1304098,66.00,,
26497,,cpu_core/branch-misses/,1304098,66.00,,
5504921,,cpu_core/instructions/,1304098,66.00,,
3249508,,cpu_core/cpu-cycles/,1304098,66.00,,
1,,context-switches,1967835,100.00,,
181,,page-faults,1967835,100.00,,

----- [tile_8] H=128 W=128 K=3 seed=1234 rep=18/20 exit=0 -----
PROFILING tile variant=8 H=128 W=128 K=3 seed=1234
tile_size=8
checksum 1.545684
--- perf stat -x, ---
998027,,cpu_core/L1-dcache-loads/,1864293,100.00,,
14661,,cpu_core/L1-dcache-load-misses/,1864293,100.00,1.47,of all L1-dcache accesses
789728,,cpu_core/branch-instructions/,1864293,100.00,,
23538,,cpu_core/branch-misses/,1864293,100.00,,
4608941,,cpu_core/instructions/,1864293,100.00,,
3091276,,cpu_core/cpu-cycles/,1864293,100.00,,
1,,context-switches,1864293,100.00,,
178,,page-faults,1864293,100.00,,

----- [tile_8] H=128 W=128 K=3 seed=1234 rep=19/20 exit=0 -----
PROFILING tile variant=8 H=128 W=128 K=3 seed=1234
tile_size=8
checksum 1.545684
--- perf stat -x, ---
1149392,,cpu_core/L1-dcache-loads/,1051503,66.00,,
13379,,cpu_core/L1-dcache-load-misses/,1051503,66.00,1.16,of all L1-dcache accesses
933296,,cpu_core/branch-instructions/,1051503,66.00,,
25241,,cpu_core/branch-misses/,1051503,66.00,,
5504830,,cpu_core/instructions/,1051503,66.00,,
2942898,,cpu_core/cpu-cycles/,1051503,66.00,,
1,,context-switches,1590578,100.00,,
176,,page-faults,1590578,100.00,,

----- [tile_8] H=128 W=128 K=3 seed=1234 rep=20/20 exit=0 -----
PROFILING tile variant=8 H=128 W=128 K=3 seed=1234
tile_size=8
checksum 1.545684
--- perf stat -x, ---
1153542,,cpu_core/L1-dcache-loads/,1052396,66.00,,
13706,,cpu_core/L1-dcache-load-misses/,1052396,66.00,1.19,of all L1-dcache accesses
936976,,cpu_core/branch-instructions/,1052396,66.00,,
26354,,cpu_core/branch-misses/,1052396,66.00,,
5521363,,cpu_core/instructions/,1052396,66.00,,
2997097,,cpu_core/cpu-cycles/,1052396,66.00,,
1,,context-switches,1594095,100.00,,
179,,page-faults,1594095,100.00,,

----- [tile_8] H=256 W=256 K=3 seed=1234 rep=1/20 exit=0 -----
PROFILING tile variant=8 H=256 W=256 K=3 seed=1234
tile_size=8
checksum 1.200319
--- perf stat -x, ---
2607952,,cpu_core/L1-dcache-loads/,2674552,81.00,,
14707,,cpu_core/L1-dcache-load-misses/,2674552,81.00,0.56,of all L1-dcache accesses
2182517,,cpu_core/branch-instructions/,2674552,81.00,,
57230,,cpu_core/branch-misses/,2674552,81.00,,
13182931,,cpu_core/instructions/,2674552,81.00,,
5716714,,cpu_core/cpu-cycles/,2674552,81.00,,
1,,context-switches,3270104,100.00,,
328,,page-faults,3270104,100.00,,

----- [tile_8] H=256 W=256 K=3 seed=1234 rep=2/20 exit=0 -----
PROFILING tile variant=8 H=256 W=256 K=3 seed=1234
tile_size=8
checksum 1.200319
--- perf stat -x, ---
2623642,,cpu_core/L1-dcache-loads/,2680183,81.00,,
15115,,cpu_core/L1-dcache-load-misses/,2680183,81.00,0.58,of all L1-dcache accesses
2196067,,cpu_core/branch-instructions/,2680183,81.00,,
60500,,cpu_core/branch-misses/,2680183,81.00,,
13262250,,cpu_core/instructions/,2680183,81.00,,
5901916,,cpu_core/cpu-cycles/,2680183,81.00,,
1,,context-switches,3298243,100.00,,
327,,page-faults,3298243,100.00,,

----- [tile_8] H=256 W=256 K=3 seed=1234 rep=3/20 exit=0 -----
PROFILING tile variant=8 H=256 W=256 K=3 seed=1234
tile_size=8
checksum 1.200319
--- perf stat -x, ---
2599664,,cpu_core/L1-dcache-loads/,2739519,82.00,,
15328,,cpu_core/L1-dcache-load-misses/,2739519,82.00,0.59,of all L1-dcache accesses
2175482,,cpu_core/branch-instructions/,2739519,82.00,,
60251,,cpu_core/branch-misses/,2739519,82.00,,
13139683,,cpu_core/instructions/,2739519,82.00,,
5913631,,cpu_core/cpu-cycles/,2739519,82.00,,
1,,context-switches,3338266,100.00,,
327,,page-faults,3338266,100.00,,

----- [tile_8] H=256 W=256 K=3 seed=1234 rep=4/20 exit=0 -----
PROFILING tile variant=8 H=256 W=256 K=3 seed=1234
tile_size=8
checksum 1.200319
--- perf stat -x, ---
2649093,,cpu_core/L1-dcache-loads/,2868777,80.00,,
14972,,cpu_core/L1-dcache-load-misses/,2868777,80.00,0.57,of all L1-dcache accesses
2216197,,cpu_core/branch-instructions/,2868777,80.00,,
60669,,cpu_core/branch-misses/,2868777,80.00,,
13390393,,cpu_core/instructions/,2868777,80.00,,
5982260,,cpu_core/cpu-cycles/,2868777,80.00,,
1,,context-switches,3560051,100.00,,
329,,page-faults,3560051,100.00,,

----- [tile_8] H=256 W=256 K=3 seed=1234 rep=5/20 exit=0 -----
PROFILING tile variant=8 H=256 W=256 K=3 seed=1234
tile_size=8
checksum 1.200319
--- perf stat -x, ---
2556550,,cpu_core/L1-dcache-loads/,2553380,85.00,,
14620,,cpu_core/L1-dcache-load-misses/,2553380,85.00,0.57,of all L1-dcache accesses
2136597,,cpu_core/branch-instructions/,2553380,85.00,,
58214,,cpu_core/branch-misses/,2553380,85.00,,
12884518,,cpu_core/instructions/,2553380,85.00,,
5674212,,cpu_core/cpu-cycles/,2553380,85.00,,
1,,context-switches,3003308,100.00,,
324,,page-faults,3003308,100.00,,

----- [tile_8] H=256 W=256 K=3 seed=1234 rep=6/20 exit=0 -----
PROFILING tile variant=8 H=256 W=256 K=3 seed=1234
tile_size=8
checksum 1.200319
--- perf stat -x, ---
2610832,,cpu_core/L1-dcache-loads/,2813965,81.00,,
14443,,cpu_core/L1-dcache-load-misses/,2813965,81.00,0.55,of all L1-dcache accesses
2185326,,cpu_core/branch-instructions/,2813965,81.00,,
60763,,cpu_core/branch-misses/,2813965,81.00,,
13197411,,cpu_core/instructions/,2813965,81.00,,
5816017,,cpu_core/cpu-cycles/,2813965,81.00,,
1,,context-switches,3445939,100.00,,
326,,page-faults,3445939,100.00,,

----- [tile_8] H=256 W=256 K=3 seed=1234 rep=7/20 exit=0 -----
PROFILING tile variant=8 H=256 W=256 K=3 seed=1234
tile_size=8
checksum 1.200319
--- perf stat -x, ---
2657178,,cpu_core/L1-dcache-loads/,1659450,80.00,,
14957,,cpu_core/L1-dcache-load-misses/,1659450,80.00,0.56,of all L1-dcache accesses
2224288,,cpu_core/branch-instructions/,1659450,80.00,,
57646,,cpu_core/branch-misses/,1659450,80.00,,
13434795,,cpu_core/instructions/,1659450,80.00,,
5885894,,cpu_core/cpu-cycles/,1659450,80.00,,
1,,context-switches,2066581,100.00,,
326,,page-faults,2066581,100.00,,

----- [tile_8] H=256 W=256 K=3 seed=1234 rep=8/20 exit=0 -----
PROFILING tile variant=8 H=256 W=256 K=3 seed=1234
tile_size=8
checksum 1.200319
--- perf stat -x, ---
2941060,,cpu_core/L1-dcache-loads/,1860854,72.00,,
16883,,cpu_core/L1-dcache-load-misses/,1860854,72.00,0.57,of all L1-dcache accesses
2461781,,cpu_core/branch-instructions/,1860854,72.00,,
66051,,cpu_core/branch-misses/,1860854,72.00,,
14869634,,cpu_core/instructions/,1860854,72.00,,
6936067,,cpu_core/cpu-cycles/,1860854,72.00,,
1,,context-switches,2569558,100.00,,
325,,page-faults,2569558,100.00,,

----- [tile_8] H=256 W=256 K=3 seed=1234 rep=9/20 exit=0 -----
PROFILING tile variant=8 H=256 W=256 K=3 seed=1234
tile_size=8
checksum 1.200319
--- perf stat -x, ---
2609003,,cpu_core/L1-dcache-loads/,2885861,81.00,,
14069,,cpu_core/L1-dcache-load-misses/,2885861,81.00,0.54,of all L1-dcache accesses
2183996,,cpu_core/branch-instructions/,2885861,81.00,,
58623,,cpu_core/branch-misses/,2885861,81.00,,
13188533,,cpu_core/instructions/,2885861,81.00,,
5817377,,cpu_core/cpu-cycles/,2885861,81.00,,
1,,context-switches,3532605,100.00,,
325,,page-faults,3532605,100.00,,

----- [tile_8] H=256 W=256 K=3 seed=1234 rep=10/20 exit=0 -----
PROFILING tile variant=8 H=256 W=256 K=3 seed=1234
tile_size=8
checksum 1.200319
--- perf stat -x, ---
2597329,,cpu_core/L1-dcache-loads/,2748812,82.00,,
14367,,cpu_core/L1-dcache-load-misses/,2748812,82.00,0.55,of all L1-dcache accesses
2173469,,cpu_core/branch-instructions/,2748812,82.00,,
60285,,cpu_core/branch-misses/,2748812,82.00,,
13128463,,cpu_core/instructions/,2748812,82.00,,
5842978,,cpu_core/cpu-cycles/,2748812,82.00,,
1,,context-switches,3346119,100.00,,
328,,page-faults,3346119,100.00,,

----- [tile_8] H=256 W=256 K=3 seed=1234 rep=11/20 exit=0 -----
PROFILING tile variant=8 H=256 W=256 K=3 seed=1234
tile_size=8
checksum 1.200319
--- perf stat -x, ---
2592861,,cpu_core/L1-dcache-loads/,2801562,82.00,,
14263,,cpu_core/L1-dcache-load-misses/,2801562,82.00,0.55,of all L1-dcache accesses
2170113,,cpu_core/branch-instructions/,2801562,82.00,,
60071,,cpu_core/branch-misses/,2801562,82.00,,
13107302,,cpu_core/instructions/,2801562,82.00,,
5732713,,cpu_core/cpu-cycles/,2801562,82.00,,
1,,context-switches,3407251,100.00,,
326,,page-faults,3407251,100.00,,

----- [tile_8] H=256 W=256 K=3 seed=1234 rep=12/20 exit=0 -----
PROFILING tile variant=8 H=256 W=256 K=3 seed=1234
tile_size=8
checksum 1.200319
--- perf stat -x, ---
2627553,,cpu_core/L1-dcache-loads/,3060005,81.00,,
14501,,cpu_core/L1-dcache-load-misses/,3060005,81.00,0.55,of all L1-dcache accesses
2198708,,cpu_core/branch-instructions/,3060005,81.00,,
60880,,cpu_core/branch-misses/,3060005,81.00,,
13279352,,cpu_core/instructions/,3060005,81.00,,
6044010,,cpu_core/cpu-cycles/,3060005,81.00,,
1,,context-switches,3761785,100.00,,
326,,page-faults,3761785,100.00,,

----- [tile_8] H=256 W=256 K=3 seed=1234 rep=13/20 exit=0 -----
PROFILING tile variant=8 H=256 W=256 K=3 seed=1234
tile_size=8
checksum 1.200319
--- perf stat -x, ---
2604350,,cpu_core/L1-dcache-loads/,2977876,82.00,,
15238,,cpu_core/L1-dcache-load-misses/,2977876,82.00,0.59,of all L1-dcache accesses
2179251,,cpu_core/branch-instructions/,2977876,82.00,,
59799,,cpu_core/branch-misses/,2977876,82.00,,
13157671,,cpu_core/instructions/,2977876,82.00,,
5893838,,cpu_core/cpu-cycles/,2977876,82.00,,
1,,context-switches,3625899,100.00,,
326,,page-faults,3625899,100.00,,

----- [tile_8] H=256 W=256 K=3 seed=1234 rep=14/20 exit=0 -----
PROFILING tile variant=8 H=256 W=256 K=3 seed=1234
tile_size=8
checksum 1.200319
--- perf stat -x, ---
2602674,,cpu_core/L1-dcache-loads/,2802740,81.00,,
15311,,cpu_core/L1-dcache-load-misses/,2802740,81.00,0.59,of all L1-dcache accesses
2177906,,cpu_core/branch-instructions/,2802740,81.00,,
59297,,cpu_core/branch-misses/,2802740,81.00,,
13154727,,cpu_core/instructions/,2802740,81.00,,
5799010,,cpu_core/cpu-cycles/,2802740,81.00,,
1,,context-switches,3418041,100.00,,
326,,page-faults,3418041,100.00,,

----- [tile_8] H=256 W=256 K=3 seed=1234 rep=15/20 exit=0 -----
PROFILING tile variant=8 H=256 W=256 K=3 seed=1234
tile_size=8
checksum 1.200319
--- perf stat -x, ---
2369594,,cpu_core/L1-dcache-loads/,3109851,100.00,,
17596,,cpu_core/L1-dcache-load-misses/,3109851,100.00,0.74,of all L1-dcache accesses
1956545,,cpu_core/branch-instructions/,3109851,100.00,,
55251,,cpu_core/branch-misses/,3109851,100.00,,
11749013,,cpu_core/instructions/,3109851,100.00,,
5644183,,cpu_core/cpu-cycles/,3109851,100.00,,
1,,context-switches,3109851,100.00,,
325,,page-faults,3109851,100.00,,

----- [tile_8] H=256 W=256 K=3 seed=1234 rep=16/20 exit=0 -----
PROFILING tile variant=8 H=256 W=256 K=3 seed=1234
tile_size=8
checksum 1.200319
--- perf stat -x, ---
2398313,,cpu_core/L1-dcache-loads/,3121600,98.00,,
17834,,cpu_core/L1-dcache-load-misses/,3121600,98.00,0.74,of all L1-dcache accesses
1982949,,cpu_core/branch-instructions/,3121600,98.00,,
54824,,cpu_core/branch-misses/,3121600,98.00,,
11907239,,cpu_core/instructions/,3121600,98.00,,
5635465,,cpu_core/cpu-cycles/,3121600,98.00,,
2,,context-switches,3182803,100.00,,
327,,page-faults,3182803,100.00,,

----- [tile_8] H=256 W=256 K=3 seed=1234 rep=17/20 exit=0 -----
PROFILING tile variant=8 H=256 W=256 K=3 seed=1234
tile_size=8
checksum 1.200319
--- perf stat -x, ---
2595355,,cpu_core/L1-dcache-loads/,2462919,82.00,,
14590,,cpu_core/L1-dcache-load-misses/,2462919,82.00,0.56,of all L1-dcache accesses
2172066,,cpu_core/branch-instructions/,2462919,82.00,,
58244,,cpu_core/branch-misses/,2462919,82.00,,
13120833,,cpu_core/instructions/,2462919,82.00,,
5664308,,cpu_core/cpu-cycles/,2462919,82.00,,
1,,context-switches,2998381,100.00,,
327,,page-faults,2998381,100.00,,

----- [tile_8] H=256 W=256 K=3 seed=1234 rep=18/20 exit=0 -----
PROFILING tile variant=8 H=256 W=256 K=3 seed=1234
tile_size=8
checksum 1.200319
--- perf stat -x, ---
2741627,,cpu_core/L1-dcache-loads/,3291009,77.00,,
15782,,cpu_core/L1-dcache-load-misses/,3291009,77.00,0.58,of all L1-dcache accesses
2294238,,cpu_core/branch-instructions/,3291009,77.00,,
60304,,cpu_core/branch-misses/,3291009,77.00,,
13855653,,cpu_core/instructions/,3291009,77.00,,
6217688,,cpu_core/cpu-cycles/,3291009,77.00,,
1,,context-switches,4221800,100.00,,
327,,page-faults,4221800,100.00,,

----- [tile_8] H=256 W=256 K=3 seed=1234 rep=19/20 exit=0 -----
PROFILING tile variant=8 H=256 W=256 K=3 seed=1234
tile_size=8
checksum 1.200319
--- perf stat -x, ---
2587577,,cpu_core/L1-dcache-loads/,2764189,82.00,,
14909,,cpu_core/L1-dcache-load-misses/,2764189,82.00,0.58,of all L1-dcache accesses
2165635,,cpu_core/branch-instructions/,2764189,82.00,,
56049,,cpu_core/branch-misses/,2764189,82.00,,
13080761,,cpu_core/instructions/,2764189,82.00,,
5618894,,cpu_core/cpu-cycles/,2764189,82.00,,
1,,context-switches,3354430,100.00,,
327,,page-faults,3354430,100.00,,

----- [tile_8] H=256 W=256 K=3 seed=1234 rep=20/20 exit=0 -----
PROFILING tile variant=8 H=256 W=256 K=3 seed=1234
tile_size=8
checksum 1.200319
--- perf stat -x, ---
2637643,,cpu_core/L1-dcache-loads/,2846889,81.00,,
15545,,cpu_core/L1-dcache-load-misses/,2846889,81.00,0.59,of all L1-dcache accesses
2206756,,cpu_core/branch-instructions/,2846889,81.00,,
61328,,cpu_core/branch-misses/,2846889,81.00,,
13327870,,cpu_core/instructions/,2846889,81.00,,
5926985,,cpu_core/cpu-cycles/,2846889,81.00,,
1,,context-switches,3507362,100.00,,
329,,page-faults,3507362,100.00,,

----- [tile_8] H=512 W=512 K=3 seed=1234 rep=1/20 exit=0 -----
PROFILING tile variant=8 H=512 W=512 K=3 seed=1234
tile_size=8
checksum -0.596669
--- perf stat -x, ---
8203746,,cpu_core/L1-dcache-loads/,7152666,92.00,,
31800,,cpu_core/L1-dcache-load-misses/,7152666,92.00,0.39,of all L1-dcache accesses
6952824,,cpu_core/branch-instructions/,7152666,92.00,,
189196,,cpu_core/branch-misses/,7152666,92.00,,
42380143,,cpu_core/instructions/,7152666,92.00,,
16909205,,cpu_core/cpu-cycles/,7152666,92.00,,
1,,context-switches,7722305,100.00,,
903,,page-faults,7722305,100.00,,

----- [tile_8] H=512 W=512 K=3 seed=1234 rep=2/20 exit=0 -----
PROFILING tile variant=8 H=512 W=512 K=3 seed=1234
tile_size=8
checksum -0.596669
--- perf stat -x, ---
7977942,,cpu_core/L1-dcache-loads/,8024257,95.00,,
29653,,cpu_core/L1-dcache-load-misses/,8024257,95.00,0.37,of all L1-dcache accesses
6761733,,cpu_core/branch-instructions/,8024257,95.00,,
177660,,cpu_core/branch-misses/,8024257,95.00,,
41212653,,cpu_core/instructions/,8024257,95.00,,
16025724,,cpu_core/cpu-cycles/,8024257,95.00,,
1,,context-switches,8425472,100.00,,
905,,page-faults,8425472,100.00,,

----- [tile_8] H=512 W=512 K=3 seed=1234 rep=3/20 exit=0 -----
PROFILING tile variant=8 H=512 W=512 K=3 seed=1234
tile_size=8
checksum -0.596669
--- perf stat -x, ---
8106756,,cpu_core/L1-dcache-loads/,8303748,93.00,,
28954,,cpu_core/L1-dcache-load-misses/,8303748,93.00,0.36,of all L1-dcache accesses
6870281,,cpu_core/branch-instructions/,8303748,93.00,,
176339,,cpu_core/branch-misses/,8303748,93.00,,
41878665,,cpu_core/instructions/,8303748,93.00,,
16302444,,cpu_core/cpu-cycles/,8303748,93.00,,
1,,context-switches,8858321,100.00,,
902,,page-faults,8858321,100.00,,

----- [tile_8] H=512 W=512 K=3 seed=1234 rep=4/20 exit=0 -----
PROFILING tile variant=8 H=512 W=512 K=3 seed=1234
tile_size=8
checksum -0.596669
--- perf stat -x, ---
7833047,,cpu_core/L1-dcache-loads/,9700335,100.00,,
34211,,cpu_core/L1-dcache-load-misses/,9700335,100.00,0.44,of all L1-dcache accesses
6609467,,cpu_core/branch-instructions/,9700335,100.00,,
177465,,cpu_core/branch-misses/,9700335,100.00,,
40207811,,cpu_core/instructions/,9700335,100.00,,
16325268,,cpu_core/cpu-cycles/,9700335,100.00,,
0,,context-switches,9700335,100.00,,
903,,page-faults,9700335,100.00,,

----- [tile_8] H=512 W=512 K=3 seed=1234 rep=5/20 exit=0 -----
PROFILING tile variant=8 H=512 W=512 K=3 seed=1234
tile_size=8
checksum -0.596669
--- perf stat -x, ---
7865756,,cpu_core/L1-dcache-loads/,8504341,99.00,,
36343,,cpu_core/L1-dcache-load-misses/,8504341,99.00,0.46,of all L1-dcache accesses
6634357,,cpu_core/branch-instructions/,8504341,99.00,,
176511,,cpu_core/branch-misses/,8504341,99.00,,
40364617,,cpu_core/instructions/,8504341,99.00,,
16258835,,cpu_core/cpu-cycles/,8504341,99.00,,
4,,context-switches,8524966,100.00,,
903,,page-faults,8524966,100.00,,

----- [tile_8] H=512 W=512 K=3 seed=1234 rep=6/20 exit=0 -----
PROFILING tile variant=8 H=512 W=512 K=3 seed=1234
tile_size=8
checksum -0.596669
--- perf stat -x, ---
7876436,,cpu_core/L1-dcache-loads/,8841986,99.00,,
34804,,cpu_core/L1-dcache-load-misses/,8841986,99.00,0.44,of all L1-dcache accesses
6650312,,cpu_core/branch-instructions/,8841986,99.00,,
180792,,cpu_core/branch-misses/,8841986,99.00,,
40458498,,cpu_core/instructions/,8841986,99.00,,
16415674,,cpu_core/cpu-cycles/,8841986,99.00,,
2,,context-switches,8915837,100.00,,
903,,page-faults,8915837,100.00,,

----- [tile_8] H=512 W=512 K=3 seed=1234 rep=7/20 exit=0 -----
PROFILING tile variant=8 H=512 W=512 K=3 seed=1234
tile_size=8
checksum -0.596669
--- perf stat -x, ---
7915194,,cpu_core/L1-dcache-loads/,9359501,98.00,,
33225,,cpu_core/L1-dcache-load-misses/,9359501,98.00,0.42,of all L1-dcache accesses
6683560,,cpu_core/branch-instructions/,9359501,98.00,,
181660,,cpu_core/branch-misses/,9359501,98.00,,
40674476,,cpu_core/instructions/,9359501,98.00,,
16384996,,cpu_core/cpu-cycles/,9359501,98.00,,
1,,context-switches,9510899,100.00,,
903,,page-faults,9510899,100.00,,

----- [tile_8] H=512 W=512 K=3 seed=1234 rep=8/20 exit=0 -----
PROFILING tile variant=8 H=512 W=512 K=3 seed=1234
tile_size=8
checksum -0.596669
--- perf stat -x, ---
8232863,,cpu_core/L1-dcache-loads/,8836996,92.00,,
32612,,cpu_core/L1-dcache-load-misses/,8836996,92.00,0.40,of all L1-dcache accesses
6974171,,cpu_core/branch-instructions/,8836996,92.00,,
187800,,cpu_core/branch-misses/,8836996,92.00,,
42488180,,cpu_core/instructions/,8836996,92.00,,
16793805,,cpu_core/cpu-cycles/,8836996,92.00,,
1,,context-switches,9526301,100.00,,
905,,page-faults,9526301,100.00,,

----- [tile_8] H=512 W=512 K=3 seed=1234 rep=9/20 exit=0 -----
PROFILING tile variant=8 H=512 W=512 K=3 seed=1234
tile_size=8
checksum -0.596669
--- perf stat -x, ---
8116705,,cpu_core/L1-dcache-loads/,9117829,93.00,,
31544,,cpu_core/L1-dcache-load-misses/,9117829,93.00,0.39,of all L1-dcache accesses
6879544,,cpu_core/branch-instructions/,9117829,93.00,,
186989,,cpu_core/branch-misses/,9117829,93.00,,
41929703,,cpu_core/instructions/,9117829,93.00,,
16489454,,cpu_core/cpu-cycles/,9117829,93.00,,
1,,context-switches,9737925,100.00,,
903,,page-faults,9737925,100.00,,

----- [tile_8] H=512 W=512 K=3 seed=1234 rep=10/20 exit=0 -----
PROFILING tile variant=8 H=512 W=512 K=3 seed=1234
tile_size=8
checksum -0.596669
--- perf stat -x, ---
8165795,,cpu_core/L1-dcache-loads/,7824920,93.00,,
32697,,cpu_core/L1-dcache-load-misses/,7824920,93.00,0.40,of all L1-dcache accesses
6920904,,cpu_core/branch-instructions/,7824920,93.00,,
184224,,cpu_core/branch-misses/,7824920,93.00,,
42184022,,cpu_core/instructions/,7824920,93.00,,
16843920,,cpu_core/cpu-cycles/,7824920,93.00,,
1,,context-switches,8409667,100.00,,
904,,page-faults,8409667,100.00,,

----- [tile_8] H=512 W=512 K=3 seed=1234 rep=11/20 exit=0 -----
PROFILING tile variant=8 H=512 W=512 K=3 seed=1234
tile_size=8
checksum -0.596669
--- perf stat -x, ---
8125663,,cpu_core/L1-dcache-loads/,9140985,93.00,,
31676,,cpu_core/L1-dcache-load-misses/,9140985,93.00,0.39,of all L1-dcache accesses
6887495,,cpu_core/branch-instructions/,9140985,93.00,,
186592,,cpu_core/branch-misses/,9140985,93.00,,
41977971,,cpu_core/instructions/,9140985,93.00,,
16565011,,cpu_core/cpu-cycles/,9140985,93.00,,
1,,context-switches,9777578,100.00,,
903,,page-faults,9777578,100.00,,

----- [tile_8] H=512 W=512 K=3 seed=1234 rep=12/20 exit=0 -----
PROFILING tile variant=8 H=512 W=512 K=3 seed=1234
tile_size=8
checksum -0.596669
--- perf stat -x, ---
7834046,,cpu_core/L1-dcache-loads/,9784052,100.00,,
36469,,cpu_core/L1-dcache-load-misses/,9784052,100.00,0.47,of all L1-dcache accesses
6610196,,cpu_core/branch-instructions/,9784052,100.00,,
182331,,cpu_core/branch-misses/,9784052,100.00,,
40213554,,cpu_core/instructions/,9784052,100.00,,
16561409,,cpu_core/cpu-cycles/,9784052,100.00,,
1,,context-switches,9784052,100.00,,
902,,page-faults,9784052,100.00,,

----- [tile_8] H=512 W=512 K=3 seed=1234 rep=13/20 exit=0 -----
PROFILING tile variant=8 H=512 W=512 K=3 seed=1234
tile_size=8
checksum -0.596669
--- perf stat -x, ---
7963609,,cpu_core/L1-dcache-loads/,9458601,97.00,,
35596,,cpu_core/L1-dcache-load-misses/,9458601,97.00,0.45,of all L1-dcache accesses
6727554,,cpu_core/branch-instructions/,9458601,97.00,,
181266,,cpu_core/branch-misses/,9458601,97.00,,
40950684,,cpu_core/instructions/,9458601,97.00,,
16430848,,cpu_core/cpu-cycles/,9458601,97.00,,
2,,context-switches,9704896,100.00,,
902,,page-faults,9704896,100.00,,

----- [tile_8] H=512 W=512 K=3 seed=1234 rep=14/20 exit=0 -----
PROFILING tile variant=8 H=512 W=512 K=3 seed=1234
tile_size=8
checksum -0.596669
--- perf stat -x, ---
8109578,,cpu_core/L1-dcache-loads/,9232044,93.00,,
30607,,cpu_core/L1-dcache-load-misses/,9232044,93.00,0.38,of all L1-dcache accesses
6873116,,cpu_core/branch-instructions/,9232044,93.00,,
185449,,cpu_core/branch-misses/,9232044,93.00,,
41892479,,cpu_core/instructions/,9232044,93.00,,
16596970,,cpu_core/cpu-cycles/,9232044,93.00,,
1,,context-switches,9853840,100.00,,
905,,page-faults,9853840,100.00,,

----- [tile_8] H=512 W=512 K=3 seed=1234 rep=15/20 exit=0 -----
PROFILING tile variant=8 H=512 W=512 K=3 seed=1234
tile_size=8
checksum -0.596669
--- perf stat -x, ---
8197301,,cpu_core/L1-dcache-loads/,9210128,92.00,,
32527,,cpu_core/L1-dcache-load-misses/,9210128,92.00,0.40,of all L1-dcache accesses
6945976,,cpu_core/branch-instructions/,9210128,92.00,,
184259,,cpu_core/branch-misses/,9210128,92.00,,
42339166,,cpu_core/instructions/,9210128,92.00,,
16838161,,cpu_core/cpu-cycles/,9210128,92.00,,
1,,context-switches,9927872,100.00,,
905,,page-faults,9927872,100.00,,

----- [tile_8] H=512 W=512 K=3 seed=1234 rep=16/20 exit=0 -----
PROFILING tile variant=8 H=512 W=512 K=3 seed=1234
tile_size=8
checksum -0.596669
--- perf stat -x, ---
7844577,,cpu_core/L1-dcache-loads/,9648590,100.00,,
34450,,cpu_core/L1-dcache-load-misses/,9648590,100.00,0.44,of all L1-dcache accesses
6617613,,cpu_core/branch-instructions/,9648590,100.00,,
180967,,cpu_core/branch-misses/,9648590,100.00,,
40259885,,cpu_core/instructions/,9648590,100.00,,
16289848,,cpu_core/cpu-cycles/,9648590,100.00,,
2,,context-switches,9648590,100.00,,
906,,page-faults,9648590,100.00,,

----- [tile_8] H=512 W=512 K=3 seed=1234 rep=17/20 exit=0 -----
PROFILING tile variant=8 H=512 W=512 K=3 seed=1234
tile_size=8
checksum -0.596669
--- perf stat -x, ---
8118007,,cpu_core/L1-dcache-loads/,9066009,93.00,,
31757,,cpu_core/L1-dcache-load-misses/,9066009,93.00,0.39,of all L1-dcache accesses
6880080,,cpu_core/branch-instructions/,9066009,93.00,,
187657,,cpu_core/branch-misses/,9066009,93.00,,
41939520,,cpu_core/instructions/,9066009,93.00,,
16523359,,cpu_core/cpu-cycles/,9066009,93.00,,
1,,context-switches,9686751,100.00,,
903,,page-faults,9686751,100.00,,

----- [tile_8] H=512 W=512 K=3 seed=1234 rep=18/20 exit=0 -----
PROFILING tile variant=8 H=512 W=512 K=3 seed=1234
tile_size=8
checksum -0.596669
--- perf stat -x, ---
7835353,,cpu_core/L1-dcache-loads/,9499665,100.00,,
35610,,cpu_core/L1-dcache-load-misses/,9499665,100.00,0.45,of all L1-dcache accesses
6611402,,cpu_core/branch-instructions/,9499665,100.00,,
180195,,cpu_core/branch-misses/,9499665,100.00,,
40217730,,cpu_core/instructions/,9499665,100.00,,
16096960,,cpu_core/cpu-cycles/,9499665,100.00,,
0,,context-switches,9499665,100.00,,
904,,page-faults,9499665,100.00,,

----- [tile_8] H=512 W=512 K=3 seed=1234 rep=19/20 exit=0 -----
PROFILING tile variant=8 H=512 W=512 K=3 seed=1234
tile_size=8
checksum -0.596669
--- perf stat -x, ---
8148027,,cpu_core/L1-dcache-loads/,8847030,93.00,,
32359,,cpu_core/L1-dcache-load-misses/,8847030,93.00,0.40,of all L1-dcache accesses
6904792,,cpu_core/branch-instructions/,8847030,93.00,,
186930,,cpu_core/branch-misses/,8847030,93.00,,
42087129,,cpu_core/instructions/,8847030,93.00,,
16658633,,cpu_core/cpu-cycles/,8847030,93.00,,
1,,context-switches,9481814,100.00,,
904,,page-faults,9481814,100.00,,

----- [tile_8] H=512 W=512 K=3 seed=1234 rep=20/20 exit=0 -----
PROFILING tile variant=8 H=512 W=512 K=3 seed=1234
tile_size=8
checksum -0.596669
--- perf stat -x, ---
8117805,,cpu_core/L1-dcache-loads/,9135160,93.00,,
30738,,cpu_core/L1-dcache-load-misses/,9135160,93.00,0.38,of all L1-dcache accesses
6880198,,cpu_core/branch-instructions/,9135160,93.00,,
180839,,cpu_core/branch-misses/,9135160,93.00,,
41934475,,cpu_core/instructions/,9135160,93.00,,
16535741,,cpu_core/cpu-cycles/,9135160,93.00,,
1,,context-switches,9760740,100.00,,
905,,page-faults,9760740,100.00,,

----- [tile_8] H=1024 W=1024 K=3 seed=1234 rep=1/20 exit=0 -----
PROFILING tile variant=8 H=1024 W=1024 K=3 seed=1234
tile_size=8
checksum -0.395011
--- perf stat -x, ---
30275205,,cpu_core/L1-dcache-loads/,24511021,97.00,,
84670,,cpu_core/L1-dcache-load-misses/,24511021,97.00,0.28,of all L1-dcache accesses
25751324,,cpu_core/branch-instructions/,24511021,97.00,,
670271,,cpu_core/branch-misses/,24511021,97.00,,
157375134,,cpu_core/instructions/,24511021,97.00,,
60791267,,cpu_core/cpu-cycles/,24511021,97.00,,
2,,context-switches,25201190,100.00,,
3210,,page-faults,25201190,100.00,,

----- [tile_8] H=1024 W=1024 K=3 seed=1234 rep=2/20 exit=0 -----
PROFILING tile variant=8 H=1024 W=1024 K=3 seed=1234
tile_size=8
checksum -0.395011
--- perf stat -x, ---
30245953,,cpu_core/L1-dcache-loads/,23057973,97.00,,
81906,,cpu_core/L1-dcache-load-misses/,23057973,97.00,0.27,of all L1-dcache accesses
25726386,,cpu_core/branch-instructions/,23057973,97.00,,
687776,,cpu_core/branch-misses/,23057973,97.00,,
157226340,,cpu_core/instructions/,23057973,97.00,,
61273085,,cpu_core/cpu-cycles/,23057973,97.00,,
1,,context-switches,23686698,100.00,,
3209,,page-faults,23686698,100.00,,

----- [tile_8] H=1024 W=1024 K=3 seed=1234 rep=3/20 exit=0 -----
PROFILING tile variant=8 H=1024 W=1024 K=3 seed=1234
tile_size=8
checksum -0.395011
--- perf stat -x, ---
30293355,,cpu_core/L1-dcache-loads/,22911745,97.00,,
82161,,cpu_core/L1-dcache-load-misses/,22911745,97.00,0.27,of all L1-dcache accesses
25765449,,cpu_core/branch-instructions/,22911745,97.00,,
665156,,cpu_core/branch-misses/,22911745,97.00,,
157462157,,cpu_core/instructions/,22911745,97.00,,
61264272,,cpu_core/cpu-cycles/,22911745,97.00,,
1,,context-switches,23566888,100.00,,
3211,,page-faults,23566888,100.00,,

----- [tile_8] H=1024 W=1024 K=3 seed=1234 rep=4/20 exit=0 -----
PROFILING tile variant=8 H=1024 W=1024 K=3 seed=1234
tile_size=8
checksum -0.395011
--- perf stat -x, ---
30246303,,cpu_core/L1-dcache-loads/,22845275,97.00,,
83592,,cpu_core/L1-dcache-load-misses/,22845275,97.00,0.28,of all L1-dcache accesses
25727131,,cpu_core/branch-instructions/,22845275,97.00,,
674432,,cpu_core/branch-misses/,22845275,97.00,,
157231786,,cpu_core/instructions/,22845275,97.00,,
60672004,,cpu_core/cpu-cycles/,22845275,97.00,,
1,,context-switches,23470992,100.00,,
3208,,page-faults,23470992,100.00,,

----- [tile_8] H=1024 W=1024 K=3 seed=1234 rep=5/20 exit=0 -----
PROFILING tile variant=8 H=1024 W=1024 K=3 seed=1234
tile_size=8
checksum -0.395011
--- perf stat -x, ---
30328999,,cpu_core/L1-dcache-loads/,23087098,97.00,,
83629,,cpu_core/L1-dcache-load-misses/,23087098,97.00,0.28,of all L1-dcache accesses
25795366,,cpu_core/branch-instructions/,23087098,97.00,,
689242,,cpu_core/branch-misses/,23087098,97.00,,
157640285,,cpu_core/instructions/,23087098,97.00,,
61266248,,cpu_core/cpu-cycles/,23087098,97.00,,
1,,context-switches,23781195,100.00,,
3211,,page-faults,23781195,100.00,,

----- [tile_8] H=1024 W=1024 K=3 seed=1234 rep=6/20 exit=0 -----
PROFILING tile variant=8 H=1024 W=1024 K=3 seed=1234
tile_size=8
checksum -0.395011
--- perf stat -x, ---
30263627,,cpu_core/L1-dcache-loads/,23263409,97.00,,
81025,,cpu_core/L1-dcache-load-misses/,23263409,97.00,0.27,of all L1-dcache accesses
25742387,,cpu_core/branch-instructions/,23263409,97.00,,
691543,,cpu_core/branch-misses/,23263409,97.00,,
157322110,,cpu_core/instructions/,23263409,97.00,,
61452638,,cpu_core/cpu-cycles/,23263409,97.00,,
1,,context-switches,23914520,100.00,,
3209,,page-faults,23914520,100.00,,

----- [tile_8] H=1024 W=1024 K=3 seed=1234 rep=7/20 exit=0 -----
PROFILING tile variant=8 H=1024 W=1024 K=3 seed=1234
tile_size=8
checksum -0.395011
--- perf stat -x, ---
30291088,,cpu_core/L1-dcache-loads/,22477382,97.00,,
83051,,cpu_core/L1-dcache-load-misses/,22477382,97.00,0.27,of all L1-dcache accesses
25764816,,cpu_core/branch-instructions/,22477382,97.00,,
692776,,cpu_core/branch-misses/,22477382,97.00,,
157463865,,cpu_core/instructions/,22477382,97.00,,
61260651,,cpu_core/cpu-cycles/,22477382,97.00,,
1,,context-switches,23125670,100.00,,
3211,,page-faults,23125670,100.00,,

----- [tile_8] H=1024 W=1024 K=3 seed=1234 rep=8/20 exit=0 -----
PROFILING tile variant=8 H=1024 W=1024 K=3 seed=1234
tile_size=8
checksum -0.395011
--- perf stat -x, ---
30002477,,cpu_core/L1-dcache-loads/,22313455,98.00,,
84742,,cpu_core/L1-dcache-load-misses/,22313455,98.00,0.28,of all L1-dcache accesses
25519933,,cpu_core/branch-instructions/,22313455,98.00,,
661316,,cpu_core/branch-misses/,22313455,98.00,,
155963255,,cpu_core/instructions/,22313455,98.00,,
59773996,,cpu_core/cpu-cycles/,22313455,98.00,,
1,,context-switches,22739475,100.00,,
3209,,page-faults,22739475,100.00,,

----- [tile_8] H=1024 W=1024 K=3 seed=1234 rep=9/20 exit=0 -----
PROFILING tile variant=8 H=1024 W=1024 K=3 seed=1234
tile_size=8
checksum -0.395011
--- perf stat -x, ---
30246095,,cpu_core/L1-dcache-loads/,22603492,97.00,,
83161,,cpu_core/L1-dcache-load-misses/,22603492,97.00,0.27,of all L1-dcache accesses
25726967,,cpu_core/branch-instructions/,22603492,97.00,,
672328,,cpu_core/branch-misses/,22603492,97.00,,
157231164,,cpu_core/instructions/,22603492,97.00,,
61093111,,cpu_core/cpu-cycles/,22603492,97.00,,
1,,context-switches,23221953,100.00,,
3209,,page-faults,23221953,100.00,,

----- [tile_8] H=1024 W=1024 K=3 seed=1234 rep=10/20 exit=0 -----
PROFILING tile variant=8 H=1024 W=1024 K=3 seed=1234
tile_size=8
checksum -0.395011
--- perf stat -x, ---
30290892,,cpu_core/L1-dcache-loads/,23675655,97.00,,
80359,,cpu_core/L1-dcache-load-misses/,23675655,97.00,0.27,of all L1-dcache accesses
25764196,,cpu_core/branch-instructions/,23675655,97.00,,
672399,,cpu_core/branch-misses/,23675655,97.00,,
157458123,,cpu_core/instructions/,23675655,97.00,,
61367297,,cpu_core/cpu-cycles/,23675655,97.00,,
1,,context-switches,24355429,100.00,,
3211,,page-faults,24355429,100.00,,

----- [tile_8] H=1024 W=1024 K=3 seed=1234 rep=11/20 exit=0 -----
PROFILING tile variant=8 H=1024 W=1024 K=3 seed=1234
tile_size=8
checksum -0.395011
--- perf stat -x, ---
29965750,,cpu_core/L1-dcache-loads/,22033323,98.00,,
82274,,cpu_core/L1-dcache-load-misses/,22033323,98.00,0.27,of all L1-dcache accesses
25488088,,cpu_core/branch-instructions/,22033323,98.00,,
664134,,cpu_core/branch-misses/,22033323,98.00,,
155771739,,cpu_core/instructions/,22033323,98.00,,
60543786,,cpu_core/cpu-cycles/,22033323,98.00,,
1,,context-switches,22425391,100.00,,
3208,,page-faults,22425391,100.00,,

----- [tile_8] H=1024 W=1024 K=3 seed=1234 rep=12/20 exit=0 -----
PROFILING tile variant=8 H=1024 W=1024 K=3 seed=1234
tile_size=8
checksum -0.395011
--- perf stat -x, ---
30377827,,cpu_core/L1-dcache-loads/,23063080,96.00,,
84801,,cpu_core/L1-dcache-load-misses/,23063080,96.00,0.28,of all L1-dcache accesses
25839573,,cpu_core/branch-instructions/,23063080,96.00,,
699172,,cpu_core/branch-misses/,23063080,96.00,,
157915320,,cpu_core/instructions/,23063080,96.00,,
61796705,,cpu_core/cpu-cycles/,23063080,96.00,,
1,,context-switches,23798087,100.00,,
3210,,page-faults,23798087,100.00,,

----- [tile_8] H=1024 W=1024 K=3 seed=1234 rep=13/20 exit=0 -----
PROFILING tile variant=8 H=1024 W=1024 K=3 seed=1234
tile_size=8
checksum -0.395011
--- perf stat -x, ---
30226613,,cpu_core/L1-dcache-loads/,22426587,97.00,,
83370,,cpu_core/L1-dcache-load-misses/,22426587,97.00,0.28,of all L1-dcache accesses
25710005,,cpu_core/branch-instructions/,22426587,97.00,,
672614,,cpu_core/branch-misses/,22426587,97.00,,
157123837,,cpu_core/instructions/,22426587,97.00,,
60866123,,cpu_core/cpu-cycles/,22426587,97.00,,
2,,context-switches,23022271,100.00,,
3208,,page-faults,23022271,100.00,,

----- [tile_8] H=1024 W=1024 K=3 seed=1234 rep=14/20 exit=0 -----
PROFILING tile variant=8 H=1024 W=1024 K=3 seed=1234
tile_size=8
checksum -0.395011
--- perf stat -x, ---
29930883,,cpu_core/L1-dcache-loads/,23431710,98.00,,
85263,,cpu_core/L1-dcache-load-misses/,23431710,98.00,0.28,of all L1-dcache accesses
25435088,,cpu_core/branch-instructions/,23431710,98.00,,
683395,,cpu_core/branch-misses/,23431710,98.00,,
155391461,,cpu_core/instructions/,23431710,98.00,,
60537121,,cpu_core/cpu-cycles/,23431710,98.00,,
2,,context-switches,23683238,100.00,,
3210,,page-faults,23683238,100.00,,

----- [tile_8] H=1024 W=1024 K=3 seed=1234 rep=15/20 exit=0 -----
PROFILING tile variant=8 H=1024 W=1024 K=3 seed=1234
tile_size=8
checksum -0.395011
--- perf stat -x, ---
30236680,,cpu_core/L1-dcache-loads/,22705622,97.00,,
83580,,cpu_core/L1-dcache-load-misses/,22705622,97.00,0.28,of all L1-dcache accesses
25717851,,cpu_core/branch-instructions/,22705622,97.00,,
697504,,cpu_core/branch-misses/,22705622,97.00,,
157173454,,cpu_core/instructions/,22705622,97.00,,
61155736,,cpu_core/cpu-cycles/,22705622,97.00,,
1,,context-switches,23314873,100.00,,
3208,,page-faults,23314873,100.00,,

----- [tile_8] H=1024 W=1024 K=3 seed=1234 rep=16/20 exit=0 -----
PROFILING tile variant=8 H=1024 W=1024 K=3 seed=1234
tile_size=8
checksum -0.395011
--- perf stat -x, ---
30253258,,cpu_core/L1-dcache-loads/,23313612,97.00,,
80979,,cpu_core/L1-dcache-load-misses/,23313612,97.00,0.27,of all L1-dcache accesses
25730832,,cpu_core/branch-instructions/,23313612,97.00,,
665890,,cpu_core/branch-misses/,23313612,97.00,,
157256355,,cpu_core/instructions/,23313612,97.00,,
61274340,,cpu_core/cpu-cycles/,23313612,97.00,,
1,,context-switches,23950837,100.00,,
3210,,page-faults,23950837,100.00,,

----- [tile_8] H=1024 W=1024 K=3 seed=1234 rep=17/20 exit=0 -----
PROFILING tile variant=8 H=1024 W=1024 K=3 seed=1234
tile_size=8
checksum -0.395011
--- perf stat -x, ---
30035189,,cpu_core/L1-dcache-loads/,23105935,98.00,,
78105,,cpu_core/L1-dcache-load-misses/,23105935,98.00,0.26,of all L1-dcache accesses
25547337,,cpu_core/branch-instructions/,23105935,98.00,,
681869,,cpu_core/branch-misses/,23105935,98.00,,
156130815,,cpu_core/instructions/,23105935,98.00,,
62874101,,cpu_core/cpu-cycles/,23105935,98.00,,
1,,context-switches,23570783,100.00,,
3209,,page-faults,23570783,100.00,,

----- [tile_8] H=1024 W=1024 K=3 seed=1234 rep=18/20 exit=0 -----
PROFILING tile variant=8 H=1024 W=1024 K=3 seed=1234
tile_size=8
checksum -0.395011
--- perf stat -x, ---
30352998,,cpu_core/L1-dcache-loads/,23028571,97.00,,
81458,,cpu_core/L1-dcache-load-misses/,23028571,97.00,0.27,of all L1-dcache accesses
25815146,,cpu_core/branch-instructions/,23028571,97.00,,
698067,,cpu_core/branch-misses/,23028571,97.00,,
157765439,,cpu_core/instructions/,23028571,97.00,,
61945312,,cpu_core/cpu-cycles/,23028571,97.00,,
1,,context-switches,23739956,100.00,,
3211,,page-faults,23739956,100.00,,

----- [tile_8] H=1024 W=1024 K=3 seed=1234 rep=19/20 exit=0 -----
PROFILING tile variant=8 H=1024 W=1024 K=3 seed=1234
tile_size=8
checksum -0.395011
--- perf stat -x, ---
30237429,,cpu_core/L1-dcache-loads/,23104841,97.00,,
84399,,cpu_core/L1-dcache-load-misses/,23104841,97.00,0.28,of all L1-dcache accesses
25717164,,cpu_core/branch-instructions/,23104841,97.00,,
694868,,cpu_core/branch-misses/,23104841,97.00,,
157171391,,cpu_core/instructions/,23104841,97.00,,
61305757,,cpu_core/cpu-cycles/,23104841,97.00,,
1,,context-switches,23721586,100.00,,
3210,,page-faults,23721586,100.00,,

----- [tile_8] H=1024 W=1024 K=3 seed=1234 rep=20/20 exit=0 -----
PROFILING tile variant=8 H=1024 W=1024 K=3 seed=1234
tile_size=8
checksum -0.395011
--- perf stat -x, ---
30332832,,cpu_core/L1-dcache-loads/,21883988,97.00,,
81526,,cpu_core/L1-dcache-load-misses/,21883988,97.00,0.27,of all L1-dcache accesses
25801274,,cpu_core/branch-instructions/,21883988,97.00,,
693083,,cpu_core/branch-misses/,21883988,97.00,,
157680763,,cpu_core/instructions/,21883988,97.00,,
61500849,,cpu_core/cpu-cycles/,21883988,97.00,,
2,,context-switches,22546744,100.00,,
3209,,page-faults,22546744,100.00,,

----- [tile_8] H=2048 W=2048 K=3 seed=1234 rep=1/20 exit=0 -----
PROFILING tile variant=8 H=2048 W=2048 K=3 seed=1234
tile_size=8
checksum 0.491263
--- perf stat -x, ---
117860559,,cpu_core/L1-dcache-loads/,68807655,99.00,,
297661,,cpu_core/L1-dcache-load-misses/,68807655,99.00,0.25,of all L1-dcache accesses
100344226,,cpu_core/branch-instructions/,68807655,99.00,,
2678854,,cpu_core/branch-misses/,68807655,99.00,,
613681731,,cpu_core/instructions/,68807655,99.00,,
238336837,,cpu_core/cpu-cycles/,68807655,99.00,,
1,,context-switches,69431190,100.00,,
12430,,page-faults,69431190,100.00,,

----- [tile_8] H=2048 W=2048 K=3 seed=1234 rep=2/20 exit=0 -----
PROFILING tile variant=8 H=2048 W=2048 K=3 seed=1234
tile_size=8
checksum 0.491263
--- perf stat -x, ---
117495457,,cpu_core/L1-dcache-loads/,65370941,99.00,,
281278,,cpu_core/L1-dcache-load-misses/,65370941,99.00,0.24,of all L1-dcache accesses
100035841,,cpu_core/branch-instructions/,65370941,99.00,,
2588496,,cpu_core/branch-misses/,65370941,99.00,,
611791823,,cpu_core/instructions/,65370941,99.00,,
236110603,,cpu_core/cpu-cycles/,65370941,99.00,,
1,,context-switches,65765713,100.00,,
12428,,page-faults,65765713,100.00,,

----- [tile_8] H=2048 W=2048 K=3 seed=1234 rep=3/20 exit=0 -----
PROFILING tile variant=8 H=2048 W=2048 K=3 seed=1234
tile_size=8
checksum 0.491263
--- perf stat -x, ---
117831200,,cpu_core/L1-dcache-loads/,67098505,99.00,,
277353,,cpu_core/L1-dcache-load-misses/,67098505,99.00,0.24,of all L1-dcache accesses
100322246,,cpu_core/branch-instructions/,67098505,99.00,,
2642587,,cpu_core/branch-misses/,67098505,99.00,,
613544819,,cpu_core/instructions/,67098505,99.00,,
237342226,,cpu_core/cpu-cycles/,67098505,99.00,,
2,,context-switches,67698047,100.00,,
12430,,page-faults,67698047,100.00,,

----- [tile_8] H=2048 W=2048 K=3 seed=1234 rep=4/20 exit=0 -----
PROFILING tile variant=8 H=2048 W=2048 K=3 seed=1234
tile_size=8
checksum 0.491263
--- perf stat -x, ---
117950960,,cpu_core/L1-dcache-loads/,66129898,99.00,,
301857,,cpu_core/L1-dcache-load-misses/,66129898,99.00,0.26,of all L1-dcache accesses
100421764,,cpu_core/branch-instructions/,66129898,99.00,,
2634427,,cpu_core/branch-misses/,66129898,99.00,,
614157173,,cpu_core/instructions/,66129898,99.00,,
237270101,,cpu_core/cpu-cycles/,66129898,99.00,,
1,,context-switches,66785447,100.00,,
12430,,page-faults,66785447,100.00,,

----- [tile_8] H=2048 W=2048 K=3 seed=1234 rep=5/20 exit=0 -----
PROFILING tile variant=8 H=2048 W=2048 K=3 seed=1234
tile_size=8
checksum 0.491263
--- perf stat -x, ---
117935366,,cpu_core/L1-dcache-loads/,66790054,99.00,,
297112,,cpu_core/L1-dcache-load-misses/,66790054,99.00,0.25,of all L1-dcache accesses
100407947,,cpu_core/branch-instructions/,66790054,99.00,,
2692393,,cpu_core/branch-misses/,66790054,99.00,,
614070257,,cpu_core/instructions/,66790054,99.00,,
237755941,,cpu_core/cpu-cycles/,66790054,99.00,,
1,,context-switches,67439774,100.00,,
12432,,page-faults,67439774,100.00,,

----- [tile_8] H=2048 W=2048 K=3 seed=1234 rep=6/20 exit=0 -----
PROFILING tile variant=8 H=2048 W=2048 K=3 seed=1234
tile_size=8
checksum 0.491263
--- perf stat -x, ---
117817305,,cpu_core/L1-dcache-loads/,66524666,99.00,,
302073,,cpu_core/L1-dcache-load-misses/,66524666,99.00,0.26,of all L1-dcache accesses
100309466,,cpu_core/branch-instructions/,66524666,99.00,,
2692576,,cpu_core/branch-misses/,66524666,99.00,,
613469968,,cpu_core/instructions/,66524666,99.00,,
238006533,,cpu_core/cpu-cycles/,66524666,99.00,,
1,,context-switches,67110669,100.00,,
12428,,page-faults,67110669,100.00,,

----- [tile_8] H=2048 W=2048 K=3 seed=1234 rep=7/20 exit=0 -----
PROFILING tile variant=8 H=2048 W=2048 K=3 seed=1234
tile_size=8
checksum 0.491263
--- perf stat -x, ---
117895337,,cpu_core/L1-dcache-loads/,66479834,99.00,,
301401,,cpu_core/L1-dcache-load-misses/,66479834,99.00,0.26,of all L1-dcache accesses
100377253,,cpu_core/branch-instructions/,66479834,99.00,,
2693044,,cpu_core/branch-misses/,66479834,99.00,,
613881294,,cpu_core/instructions/,66479834,99.00,,
238266165,,cpu_core/cpu-cycles/,66479834,99.00,,
2,,context-switches,67111464,100.00,,
12428,,page-faults,67111464,100.00,,

----- [tile_8] H=2048 W=2048 K=3 seed=1234 rep=8/20 exit=0 -----
PROFILING tile variant=8 H=2048 W=2048 K=3 seed=1234
tile_size=8
checksum 0.491263
--- perf stat -x, ---
117801816,,cpu_core/L1-dcache-loads/,66741609,99.00,,
298303,,cpu_core/L1-dcache-load-misses/,66741609,99.00,0.25,of all L1-dcache accesses
100297104,,cpu_core/branch-instructions/,66741609,99.00,,
2698237,,cpu_core/branch-misses/,66741609,99.00,,
613392392,,cpu_core/instructions/,66741609,99.00,,
237760508,,cpu_core/cpu-cycles/,66741609,99.00,,
1,,context-switches,67321245,100.00,,
12429,,page-faults,67321245,100.00,,

----- [tile_8] H=2048 W=2048 K=3 seed=1234 rep=9/20 exit=0 -----
PROFILING tile variant=8 H=2048 W=2048 K=3 seed=1234
tile_size=8
checksum 0.491263
--- perf stat -x, ---
117879970,,cpu_core/L1-dcache-loads/,66359736,99.00,,
287920,,cpu_core/L1-dcache-load-misses/,66359736,99.00,0.24,of all L1-dcache accesses
100361557,,cpu_core/branch-instructions/,66359736,99.00,,
2634903,,cpu_core/branch-misses/,66359736,99.00,,
613788562,,cpu_core/instructions/,66359736,99.00,,
236915561,,cpu_core/cpu-cycles/,66359736,99.00,,
2,,context-switches,66977038,100.00,,
12429,,page-faults,66977038,100.00,,

----- [tile_8] H=2048 W=2048 K=3 seed=1234 rep=10/20 exit=0 -----
PROFILING tile variant=8 H=2048 W=2048 K=3 seed=1234
tile_size=8
checksum 0.491263
--- perf stat -x, ---
117535260,,cpu_core/L1-dcache-loads/,66419639,99.00,,
278725,,cpu_core/L1-dcache-load-misses/,66419639,99.00,0.24,of all L1-dcache accesses
100070504,,cpu_core/branch-instructions/,66419639,99.00,,
2687331,,cpu_core/branch-misses/,66419639,99.00,,
612007034,,cpu_core/instructions/,66419639,99.00,,
236949942,,cpu_core/cpu-cycles/,66419639,99.00,,
2,,context-switches,66846210,100.00,,
12429,,page-faults,66846210,100.00,,

----- [tile_8] H=2048 W=2048 K=3 seed=1234 rep=11/20 exit=0 -----
PROFILING tile variant=8 H=2048 W=2048 K=3 seed=1234
tile_size=8
checksum 0.491263
--- perf stat -x, ---
117873991,,cpu_core/L1-dcache-loads/,66262616,99.00,,
286160,,cpu_core/L1-dcache-load-misses/,66262616,99.00,0.24,of all L1-dcache accesses
100357419,,cpu_core/branch-instructions/,66262616,99.00,,
2617070,,cpu_core/branch-misses/,66262616,99.00,,
613760547,,cpu_core/instructions/,66262616,99.00,,
236655190,,cpu_core/cpu-cycles/,66262616,99.00,,
2,,context-switches,66875613,100.00,,
12431,,page-faults,66875613,100.00,,

----- [tile_8] H=2048 W=2048 K=3 seed=1234 rep=12/20 exit=0 -----
PROFILING tile variant=8 H=2048 W=2048 K=3 seed=1234
tile_size=8
checksum 0.491263
--- perf stat -x, ---
117827844,,cpu_core/L1-dcache-loads/,66527887,99.00,,
289582,,cpu_core/L1-dcache-load-misses/,66527887,99.00,0.25,of all L1-dcache accesses
100320184,,cpu_core/branch-instructions/,66527887,99.00,,
2590486,,cpu_core/branch-misses/,66527887,99.00,,
613533269,,cpu_core/instructions/,66527887,99.00,,
236577546,,cpu_core/cpu-cycles/,66527887,99.00,,
1,,context-switches,67124168,100.00,,
12428,,page-faults,67124168,100.00,,

----- [tile_8] H=2048 W=2048 K=3 seed=1234 rep=13/20 exit=0 -----
PROFILING tile variant=8 H=2048 W=2048 K=3 seed=1234
tile_size=8
checksum 0.491263
--- perf stat -x, ---
117928829,,cpu_core/L1-dcache-loads/,66438293,99.00,,
293439,,cpu_core/L1-dcache-load-misses/,66438293,99.00,0.25,of all L1-dcache accesses
100402623,,cpu_core/branch-instructions/,66438293,99.00,,
2676304,,cpu_core/branch-misses/,66438293,99.00,,
614041277,,cpu_core/instructions/,66438293,99.00,,
237514476,,cpu_core/cpu-cycles/,66438293,99.00,,
1,,context-switches,67082775,100.00,,
12431,,page-faults,67082775,100.00,,

----- [tile_8] H=2048 W=2048 K=3 seed=1234 rep=14/20 exit=0 -----
PROFILING tile variant=8 H=2048 W=2048 K=3 seed=1234
tile_size=8
checksum 0.491263
--- perf stat -x, ---
117488500,,cpu_core/L1-dcache-loads/,66190369,99.00,,
293737,,cpu_core/L1-dcache-load-misses/,66190369,99.00,0.25,of all L1-dcache accesses
100028180,,cpu_core/branch-instructions/,66190369,99.00,,
2678215,,cpu_core/branch-misses/,66190369,99.00,,
611745745,,cpu_core/instructions/,66190369,99.00,,
236776846,,cpu_core/cpu-cycles/,66190369,99.00,,
1,,context-switches,66581530,100.00,,
12428,,page-faults,66581530,100.00,,

----- [tile_8] H=2048 W=2048 K=3 seed=1234 rep=15/20 exit=0 -----
PROFILING tile variant=8 H=2048 W=2048 K=3 seed=1234
tile_size=8
checksum 0.491263
--- perf stat -x, ---
117088410,,cpu_core/L1-dcache-loads/,67083202,99.00,,
298212,,cpu_core/L1-dcache-load-misses/,67083202,99.00,0.25,of all L1-dcache accesses
99658153,,cpu_core/branch-instructions/,67083202,99.00,,
2650800,,cpu_core/branch-misses/,67083202,99.00,,
609406453,,cpu_core/instructions/,67083202,99.00,,
236193060,,cpu_core/cpu-cycles/,67083202,99.00,,
2,,context-switches,67118425,100.00,,
12427,,page-faults,67118425,100.00,,

----- [tile_8] H=2048 W=2048 K=3 seed=1234 rep=16/20 exit=0 -----
PROFILING tile variant=8 H=2048 W=2048 K=3 seed=1234
tile_size=8
checksum 0.491263
--- perf stat -x, ---
117204065,,cpu_core/L1-dcache-loads/,67091984,99.00,,
296976,,cpu_core/L1-dcache-load-misses/,67091984,99.00,0.25,of all L1-dcache accesses
99763754,,cpu_core/branch-instructions/,67091984,99.00,,
2585869,,cpu_core/branch-misses/,67091984,99.00,,
610054243,,cpu_core/instructions/,67091984,99.00,,
236284583,,cpu_core/cpu-cycles/,67091984,99.00,,
2,,context-switches,67216627,100.00,,
12428,,page-faults,67216627,100.00,,

----- [tile_8] H=2048 W=2048 K=3 seed=1234 rep=17/20 exit=0 -----
PROFILING tile variant=8 H=2048 W=2048 K=3 seed=1234
tile_size=8
checksum 0.491263
--- perf stat -x, ---
117731694,,cpu_core/L1-dcache-loads/,65836447,99.00,,
296845,,cpu_core/L1-dcache-load-misses/,65836447,99.00,0.25,of all L1-dcache accesses
100234962,,cpu_core/branch-instructions/,65836447,99.00,,
2607747,,cpu_core/branch-misses/,65836447,99.00,,
613010540,,cpu_core/instructions/,65836447,99.00,,
236453510,,cpu_core/cpu-cycles/,65836447,99.00,,
2,,context-switches,66360776,100.00,,
12429,,page-faults,66360776,100.00,,

----- [tile_8] H=2048 W=2048 K=3 seed=1234 rep=18/20 exit=0 -----
PROFILING tile variant=8 H=2048 W=2048 K=3 seed=1234
tile_size=8
checksum 0.491263
--- perf stat -x, ---
117831395,,cpu_core/L1-dcache-loads/,66600978,99.00,,
290607,,cpu_core/L1-dcache-load-misses/,66600978,99.00,0.25,of all L1-dcache accesses
100319246,,cpu_core/branch-instructions/,66600978,99.00,,
2669307,,cpu_core/branch-misses/,66600978,99.00,,
613535651,,cpu_core/instructions/,66600978,99.00,,
237960293,,cpu_core/cpu-cycles/,66600978,99.00,,
1,,context-switches,67185024,100.00,,
12428,,page-faults,67185024,100.00,,

----- [tile_8] H=2048 W=2048 K=3 seed=1234 rep=19/20 exit=0 -----
PROFILING tile variant=8 H=2048 W=2048 K=3 seed=1234
tile_size=8
checksum 0.491263
--- perf stat -x, ---
117315452,,cpu_core/L1-dcache-loads/,65758223,99.00,,
300249,,cpu_core/L1-dcache-load-misses/,65758223,99.00,0.26,of all L1-dcache accesses
99866801,,cpu_core/branch-instructions/,65758223,99.00,,
2677125,,cpu_core/branch-misses/,65758223,99.00,,
610707623,,cpu_core/instructions/,65758223,99.00,,
236705287,,cpu_core/cpu-cycles/,65758223,99.00,,
2,,context-switches,65979899,100.00,,
12431,,page-faults,65979899,100.00,,

----- [tile_8] H=2048 W=2048 K=3 seed=1234 rep=20/20 exit=0 -----
PROFILING tile variant=8 H=2048 W=2048 K=3 seed=1234
tile_size=8
checksum 0.491263
--- perf stat -x, ---
117032643,,cpu_core/L1-dcache-loads/,67800764,100.00,,
297849,,cpu_core/L1-dcache-load-misses/,67800764,100.00,0.25,of all L1-dcache accesses
99610510,,cpu_core/branch-instructions/,67800764,100.00,,
2591690,,cpu_core/branch-misses/,67800764,100.00,,
609111627,,cpu_core/instructions/,67800764,100.00,,
235587299,,cpu_core/cpu-cycles/,67800764,100.00,,
2,,context-switches,67800764,100.00,,
12427,,page-faults,67800764,100.00,,

----- [tile_8] H=4096 W=4096 K=3 seed=1234 rep=1/20 exit=0 -----
PROFILING tile variant=8 H=4096 W=4096 K=3 seed=1234
tile_size=8
checksum 0.712899
--- perf stat -x, ---
467639440,,cpu_core/L1-dcache-loads/,255093308,99.00,,
1146470,,cpu_core/L1-dcache-load-misses/,255093308,99.00,0.25,of all L1-dcache accesses
398219964,,cpu_core/branch-instructions/,255093308,99.00,,
10459088,,cpu_core/branch-misses/,255093308,99.00,,
2436005938,,cpu_core/instructions/,255093308,99.00,,
950489262,,cpu_core/cpu-cycles/,255093308,99.00,,
2,,context-switches,255675249,100.00,,
49303,,page-faults,255675249,100.00,,

----- [tile_8] H=4096 W=4096 K=3 seed=1234 rep=2/20 exit=0 -----
PROFILING tile variant=8 H=4096 W=4096 K=3 seed=1234
tile_size=8
checksum 0.712899
--- perf stat -x, ---
467552727,,cpu_core/L1-dcache-loads/,253037786,99.00,,
1139989,,cpu_core/L1-dcache-load-misses/,253037786,99.00,0.24,of all L1-dcache accesses
398153376,,cpu_core/branch-instructions/,253037786,99.00,,
10398476,,cpu_core/branch-misses/,253037786,99.00,,
2435549275,,cpu_core/instructions/,253037786,99.00,,
946458007,,cpu_core/cpu-cycles/,253037786,99.00,,
3,,context-switches,253649710,100.00,,
49301,,page-faults,253649710,100.00,,

----- [tile_8] H=4096 W=4096 K=3 seed=1234 rep=3/20 exit=0 -----
PROFILING tile variant=8 H=4096 W=4096 K=3 seed=1234
tile_size=8
checksum 0.712899
--- perf stat -x, ---
466659806,,cpu_core/L1-dcache-loads/,252702012,100.00,,
1145883,,cpu_core/L1-dcache-load-misses/,252702012,100.00,0.25,of all L1-dcache accesses
397361827,,cpu_core/branch-instructions/,252702012,100.00,,
10479478,,cpu_core/branch-misses/,252702012,100.00,,
2430630566,,cpu_core/instructions/,252702012,100.00,,
945423794,,cpu_core/cpu-cycles/,252702012,100.00,,
2,,context-switches,252702012,100.00,,
49303,,page-faults,252702012,100.00,,

----- [tile_8] H=4096 W=4096 K=3 seed=1234 rep=4/20 exit=0 -----
PROFILING tile variant=8 H=4096 W=4096 K=3 seed=1234
tile_size=8
checksum 0.712899
--- perf stat -x, ---
467206896,,cpu_core/L1-dcache-loads/,247883388,99.00,,
1144603,,cpu_core/L1-dcache-load-misses/,247883388,99.00,0.24,of all L1-dcache accesses
397860515,,cpu_core/branch-instructions/,247883388,99.00,,
10164931,,cpu_core/branch-misses/,247883388,99.00,,
2433755484,,cpu_core/instructions/,247883388,99.00,,
940770084,,cpu_core/cpu-cycles/,247883388,99.00,,
4,,context-switches,248301565,100.00,,
49298,,page-faults,248301565,100.00,,

----- [tile_8] H=4096 W=4096 K=3 seed=1234 rep=5/20 exit=0 -----
PROFILING tile variant=8 H=4096 W=4096 K=3 seed=1234
tile_size=8
checksum 0.712899
--- perf stat -x, ---
466682417,,cpu_core/L1-dcache-loads/,254104918,100.00,,
1144295,,cpu_core/L1-dcache-load-misses/,254104918,100.00,0.25,of all L1-dcache accesses
397380303,,cpu_core/branch-instructions/,254104918,100.00,,
10613883,,cpu_core/branch-misses/,254104918,100.00,,
2430732697,,cpu_core/instructions/,254104918,100.00,,
949211731,,cpu_core/cpu-cycles/,254104918,100.00,,
1,,context-switches,254104918,100.00,,
49301,,page-faults,254104918,100.00,,

----- [tile_8] H=4096 W=4096 K=3 seed=1234 rep=6/20 exit=0 -----
PROFILING tile variant=8 H=4096 W=4096 K=3 seed=1234
tile_size=8
checksum 0.712899
--- perf stat -x, ---
467565018,,cpu_core/L1-dcache-loads/,253900394,99.00,,
1134372,,cpu_core/L1-dcache-load-misses/,253900394,99.00,0.24,of all L1-dcache accesses
398163200,,cpu_core/branch-instructions/,253900394,99.00,,
10423075,,cpu_core/branch-misses/,253900394,99.00,,
2435612573,,cpu_core/instructions/,253900394,99.00,,
943735881,,cpu_core/cpu-cycles/,253900394,99.00,,
2,,context-switches,254522750,100.00,,
49304,,page-faults,254522750,100.00,,

----- [tile_8] H=4096 W=4096 K=3 seed=1234 rep=7/20 exit=0 -----
PROFILING tile variant=8 H=4096 W=4096 K=3 seed=1234
tile_size=8
checksum 0.712899
--- perf stat -x, ---
466700460,,cpu_core/L1-dcache-loads/,255343888,100.00,,
1154688,,cpu_core/L1-dcache-load-misses/,255343888,100.00,0.25,of all L1-dcache accesses
397393660,,cpu_core/branch-instructions/,255343888,100.00,,
10671553,,cpu_core/branch-misses/,255343888,100.00,,
2430825455,,cpu_core/instructions/,255343888,100.00,,
949585579,,cpu_core/cpu-cycles/,255343888,100.00,,
2,,context-switches,255343888,100.00,,
49299,,page-faults,255343888,100.00,,

----- [tile_8] H=4096 W=4096 K=3 seed=1234 rep=8/20 exit=0 -----
PROFILING tile variant=8 H=4096 W=4096 K=3 seed=1234
tile_size=8
checksum 0.712899
--- perf stat -x, ---
467558341,,cpu_core/L1-dcache-loads/,252048324,99.00,,
1136216,,cpu_core/L1-dcache-load-misses/,252048324,99.00,0.24,of all L1-dcache accesses
398160135,,cpu_core/branch-instructions/,252048324,99.00,,
10416186,,cpu_core/branch-misses/,252048324,99.00,,
2435586428,,cpu_core/instructions/,252048324,99.00,,
943473812,,cpu_core/cpu-cycles/,252048324,99.00,,
2,,context-switches,252663298,100.00,,
49301,,page-faults,252663298,100.00,,

----- [tile_8] H=4096 W=4096 K=3 seed=1234 rep=9/20 exit=0 -----
PROFILING tile variant=8 H=4096 W=4096 K=3 seed=1234
tile_size=8
checksum 0.712899
--- perf stat -x, ---
467537911,,cpu_core/L1-dcache-loads/,253086010,99.00,,
1162561,,cpu_core/L1-dcache-load-misses/,253086010,99.00,0.25,of all L1-dcache accesses
398139919,,cpu_core/branch-instructions/,253086010,99.00,,
10309429,,cpu_core/branch-misses/,253086010,99.00,,
2435457960,,cpu_core/instructions/,253086010,99.00,,
943976814,,cpu_core/cpu-cycles/,253086010,99.00,,
2,,context-switches,253680905,100.00,,
49300,,page-faults,253680905,100.00,,

----- [tile_8] H=4096 W=4096 K=3 seed=1234 rep=10/20 exit=0 -----
PROFILING tile variant=8 H=4096 W=4096 K=3 seed=1234
tile_size=8
checksum 0.712899
--- perf stat -x, ---
466904985,,cpu_core/L1-dcache-loads/,254002115,99.00,,
1155928,,cpu_core/L1-dcache-load-misses/,254002115,99.00,0.25,of all L1-dcache accesses
397574475,,cpu_core/branch-instructions/,254002115,99.00,,
10271504,,cpu_core/branch-misses/,254002115,99.00,,
2431940249,,cpu_core/instructions/,254002115,99.00,,
942457692,,cpu_core/cpu-cycles/,254002115,99.00,,
4,,context-switches,254149110,100.00,,
49302,,page-faults,254149110,100.00,,

----- [tile_8] H=4096 W=4096 K=3 seed=1234 rep=11/20 exit=0 -----
PROFILING tile variant=8 H=4096 W=4096 K=3 seed=1234
tile_size=8
checksum 0.712899
--- perf stat -x, ---
467175594,,cpu_core/L1-dcache-loads/,252745101,99.00,,
1159213,,cpu_core/L1-dcache-load-misses/,252745101,99.00,0.25,of all L1-dcache accesses
397831911,,cpu_core/branch-instructions/,252745101,99.00,,
10445846,,cpu_core/branch-misses/,252745101,99.00,,
2433581834,,cpu_core/instructions/,252745101,99.00,,
945770756,,cpu_core/cpu-cycles/,252745101,99.00,,
3,,context-switches,253151633,100.00,,
49302,,page-faults,253151633,100.00,,

----- [tile_8] H=4096 W=4096 K=3 seed=1234 rep=12/20 exit=0 -----
PROFILING tile variant=8 H=4096 W=4096 K=3 seed=1234
tile_size=8
checksum 0.712899
--- perf stat -x, ---
467213870,,cpu_core/L1-dcache-loads/,253131413,99.00,,
1150427,,cpu_core/L1-dcache-load-misses/,253131413,99.00,0.25,of all L1-dcache accesses
397862639,,cpu_core/branch-instructions/,253131413,99.00,,
10407988,,cpu_core/branch-misses/,253131413,99.00,,
2433773871,,cpu_core/instructions/,253131413,99.00,,
944701826,,cpu_core/cpu-cycles/,253131413,99.00,,
1,,context-switches,253555542,100.00,,
49300,,page-faults,253555542,100.00,,

----- [tile_8] H=4096 W=4096 K=3 seed=1234 rep=13/20 exit=0 -----
PROFILING tile variant=8 H=4096 W=4096 K=3 seed=1234
tile_size=8
checksum 0.712899
--- perf stat -x, ---
467535084,,cpu_core/L1-dcache-loads/,253934818,99.00,,
1158105,,cpu_core/L1-dcache-load-misses/,253934818,99.00,0.25,of all L1-dcache accesses
398136695,,cpu_core/branch-instructions/,253934818,99.00,,
10575765,,cpu_core/branch-misses/,253934818,99.00,,
2435450362,,cpu_core/instructions/,253934818,99.00,,
948530505,,cpu_core/cpu-cycles/,253934818,99.00,,
2,,context-switches,254539624,100.00,,
49303,,page-faults,254539624,100.00,,

----- [tile_8] H=4096 W=4096 K=3 seed=1234 rep=14/20 exit=0 -----
PROFILING tile variant=8 H=4096 W=4096 K=3 seed=1234
tile_size=8
checksum 0.712899
--- perf stat -x, ---
467398553,,cpu_core/L1-dcache-loads/,253105759,99.00,,
1187048,,cpu_core/L1-dcache-load-misses/,253105759,99.00,0.25,of all L1-dcache accesses
398020055,,cpu_core/branch-instructions/,253105759,99.00,,
10608378,,cpu_core/branch-misses/,253105759,99.00,,
2434726497,,cpu_core/instructions/,253105759,99.00,,
947108380,,cpu_core/cpu-cycles/,253105759,99.00,,
4,,context-switches,253621628,100.00,,
49302,,page-faults,253621628,100.00,,

----- [tile_8] H=4096 W=4096 K=3 seed=1234 rep=15/20 exit=0 -----
PROFILING tile variant=8 H=4096 W=4096 K=3 seed=1234
tile_size=8
checksum 0.712899
--- perf stat -x, ---
467500861,,cpu_core/L1-dcache-loads/,253622751,99.00,,
1134063,,cpu_core/L1-dcache-load-misses/,253622751,99.00,0.24,of all L1-dcache accesses
398110084,,cpu_core/branch-instructions/,253622751,99.00,,
10633799,,cpu_core/branch-misses/,253622751,99.00,,
2435290451,,cpu_core/instructions/,253622751,99.00,,
948735935,,cpu_core/cpu-cycles/,253622751,99.00,,
2,,context-switches,254215171,100.00,,
49302,,page-faults,254215171,100.00,,

----- [tile_8] H=4096 W=4096 K=3 seed=1234 rep=16/20 exit=0 -----
PROFILING tile variant=8 H=4096 W=4096 K=3 seed=1234
tile_size=8
checksum 0.712899
--- perf stat -x, ---
467572505,,cpu_core/L1-dcache-loads/,253727977,99.00,,
1161874,,cpu_core/L1-dcache-load-misses/,253727977,99.00,0.25,of all L1-dcache accesses
398170248,,cpu_core/branch-instructions/,253727977,99.00,,
10444922,,cpu_core/branch-misses/,253727977,99.00,,
2435644977,,cpu_core/instructions/,253727977,99.00,,
946384597,,cpu_core/cpu-cycles/,253727977,99.00,,
2,,context-switches,254345384,100.00,,
49298,,page-faults,254345384,100.00,,

----- [tile_8] H=4096 W=4096 K=3 seed=1234 rep=17/20 exit=0 -----
PROFILING tile variant=8 H=4096 W=4096 K=3 seed=1234
tile_size=8
checksum 0.712899
--- perf stat -x, ---
467572501,,cpu_core/L1-dcache-loads/,253578144,99.00,,
1156658,,cpu_core/L1-dcache-load-misses/,253578144,99.00,0.25,of all L1-dcache accesses
398168490,,cpu_core/branch-instructions/,253578144,99.00,,
10599671,,cpu_core/branch-misses/,253578144,99.00,,
2435641471,,cpu_core/instructions/,253578144,99.00,,
948369985,,cpu_core/cpu-cycles/,253578144,99.00,,
4,,context-switches,254196255,100.00,,
49302,,page-faults,254196255,100.00,,

----- [tile_8] H=4096 W=4096 K=3 seed=1234 rep=18/20 exit=0 -----
PROFILING tile variant=8 H=4096 W=4096 K=3 seed=1234
tile_size=8
checksum 0.712899
--- perf stat -x, ---
467320252,,cpu_core/L1-dcache-loads/,250714759,99.00,,
1144548,,cpu_core/L1-dcache-load-misses/,250714759,99.00,0.24,of all L1-dcache accesses
397956660,,cpu_core/branch-instructions/,250714759,99.00,,
10199097,,cpu_core/branch-misses/,250714759,99.00,,
2434345090,,cpu_core/instructions/,250714759,99.00,,
942088110,,cpu_core/cpu-cycles/,250714759,99.00,,
4,,context-switches,251199000,100.00,,
49301,,page-faults,251199000,100.00,,

----- [tile_8] H=4096 W=4096 K=3 seed=1234 rep=19/20 exit=0 -----
PROFILING tile variant=8 H=4096 W=4096 K=3 seed=1234
tile_size=8
checksum 0.712899
--- perf stat -x, ---
467566312,,cpu_core/L1-dcache-loads/,253675809,99.00,,
1142668,,cpu_core/L1-dcache-load-misses/,253675809,99.00,0.24,of all L1-dcache accesses
398164971,,cpu_core/branch-instructions/,253675809,99.00,,
10379766,,cpu_core/branch-misses/,253675809,99.00,,
2435618982,,cpu_core/instructions/,253675809,99.00,,
945143604,,cpu_core/cpu-cycles/,253675809,99.00,,
1,,context-switches,254294709,100.00,,
49303,,page-faults,254294709,100.00,,

----- [tile_8] H=4096 W=4096 K=3 seed=1234 rep=20/20 exit=0 -----
PROFILING tile variant=8 H=4096 W=4096 K=3 seed=1234
tile_size=8
checksum 0.712899
--- perf stat -x, ---
467392124,,cpu_core/L1-dcache-loads/,253629680,99.00,,
1136728,,cpu_core/L1-dcache-load-misses/,253629680,99.00,0.24,of all L1-dcache accesses
398017324,,cpu_core/branch-instructions/,253629680,99.00,,
10534889,,cpu_core/branch-misses/,253629680,99.00,,
2434706340,,cpu_core/instructions/,253629680,99.00,,
946982149,,cpu_core/cpu-cycles/,253629680,99.00,,
2,,context-switches,254148859,100.00,,
49300,,page-faults,254148859,100.00,,

----- [tile_8] H=8192 W=8192 K=3 seed=1234 rep=1/20 exit=0 -----
PROFILING tile variant=8 H=8192 W=8192 K=3 seed=1234
tile_size=8
checksum 0.493239
--- perf stat -x, ---
1866981014,,cpu_core/L1-dcache-loads/,997328055,99.00,,
4837754,,cpu_core/L1-dcache-load-misses/,997328055,99.00,0.26,of all L1-dcache accesses
1590093761,,cpu_core/branch-instructions/,997328055,99.00,,
40775314,,cpu_core/branch-misses/,997328055,99.00,,
9727660611,,cpu_core/instructions/,997328055,99.00,,
3765210463,,cpu_core/cpu-cycles/,997328055,99.00,,
7,,context-switches,997994525,100.00,,
196772,,page-faults,997994525,100.00,,

----- [tile_8] H=8192 W=8192 K=3 seed=1234 rep=2/20 exit=0 -----
PROFILING tile variant=8 H=8192 W=8192 K=3 seed=1234
tile_size=8
checksum 0.493239
--- perf stat -x, ---
1866443061,,cpu_core/L1-dcache-loads/,1001790183,99.00,,
5273081,,cpu_core/L1-dcache-load-misses/,1001790183,99.00,0.28,of all L1-dcache accesses
1589632552,,cpu_core/branch-instructions/,1001790183,99.00,,
40997772,,cpu_core/branch-misses/,1001790183,99.00,,
9724754291,,cpu_core/instructions/,1001790183,99.00,,
3774466479,,cpu_core/cpu-cycles/,1001790183,99.00,,
9,,context-switches,1002023614,100.00,,
196772,,page-faults,1002023614,100.00,,

----- [tile_8] H=8192 W=8192 K=3 seed=1234 rep=3/20 exit=0 -----
PROFILING tile variant=8 H=8192 W=8192 K=3 seed=1234
tile_size=8
checksum 0.493239
--- perf stat -x, ---
1866670480,,cpu_core/L1-dcache-loads/,998410282,99.00,,
4928710,,cpu_core/L1-dcache-load-misses/,998410282,99.00,0.26,of all L1-dcache accesses
1589847911,,cpu_core/branch-instructions/,998410282,99.00,,
41238109,,cpu_core/branch-misses/,998410282,99.00,,
9726130441,,cpu_core/instructions/,998410282,99.00,,
3767731743,,cpu_core/cpu-cycles/,998410282,99.00,,
8,,context-switches,998857007,100.00,,
196775,,page-faults,998857007,100.00,,

----- [tile_8] H=8192 W=8192 K=3 seed=1234 rep=4/20 exit=0 -----
PROFILING tile variant=8 H=8192 W=8192 K=3 seed=1234
tile_size=8
checksum 0.493239
--- perf stat -x, ---
1867215251,,cpu_core/L1-dcache-loads/,999938500,99.00,,
4911908,,cpu_core/L1-dcache-load-misses/,999938500,99.00,0.26,of all L1-dcache accesses
1590311431,,cpu_core/branch-instructions/,999938500,99.00,,
41078204,,cpu_core/branch-misses/,999938500,99.00,,
9728955034,,cpu_core/instructions/,999938500,99.00,,
3761508246,,cpu_core/cpu-cycles/,999938500,99.00,,
5,,context-switches,1000670680,100.00,,
196774,,page-faults,1000670680,100.00,,

----- [tile_8] H=8192 W=8192 K=3 seed=1234 rep=5/20 exit=0 -----
PROFILING tile variant=8 H=8192 W=8192 K=3 seed=1234
tile_size=8
checksum 0.493239
--- perf stat -x, ---
1867308278,,cpu_core/L1-dcache-loads/,1001827877,99.00,,
4888697,,cpu_core/L1-dcache-load-misses/,1001827877,99.00,0.26,of all L1-dcache accesses
1590389186,,cpu_core/branch-instructions/,1001827877,99.00,,
41159461,,cpu_core/branch-misses/,1001827877,99.00,,
9729452252,,cpu_core/instructions/,1001827877,99.00,,
3765906426,,cpu_core/cpu-cycles/,1001827877,99.00,,
7,,context-switches,1002631769,100.00,,
196771,,page-faults,1002631769,100.00,,

----- [tile_8] H=8192 W=8192 K=3 seed=1234 rep=6/20 exit=0 -----
PROFILING tile variant=8 H=8192 W=8192 K=3 seed=1234
tile_size=8
checksum 0.493239
--- perf stat -x, ---
1866922772,,cpu_core/L1-dcache-loads/,1001407113,99.00,,
4874652,,cpu_core/L1-dcache-load-misses/,1001407113,99.00,0.26,of all L1-dcache accesses
1590060238,,cpu_core/branch-instructions/,1001407113,99.00,,
41141881,,cpu_core/branch-misses/,1001407113,99.00,,
9727469600,,cpu_core/instructions/,1001407113,99.00,,
3776955228,,cpu_core/cpu-cycles/,1001407113,99.00,,
8,,context-switches,1002027490,100.00,,
196771,,page-faults,1002027490,100.00,,

----- [tile_8] H=8192 W=8192 K=3 seed=1234 rep=7/20 exit=0 -----
PROFILING tile variant=8 H=8192 W=8192 K=3 seed=1234
tile_size=8
checksum 0.493239
--- perf stat -x, ---
1866651590,,cpu_core/L1-dcache-loads/,996108684,99.00,,
4837563,,cpu_core/L1-dcache-load-misses/,996108684,99.00,0.26,of all L1-dcache accesses
1589827009,,cpu_core/branch-instructions/,996108684,99.00,,
41694221,,cpu_core/branch-misses/,996108684,99.00,,
9726019087,,cpu_core/instructions/,996108684,99.00,,
3773800283,,cpu_core/cpu-cycles/,996108684,99.00,,
11,,context-switches,996554667,100.00,,
196771,,page-faults,996554667,100.00,,

----- [tile_8] H=8192 W=8192 K=3 seed=1234 rep=8/20 exit=0 -----
PROFILING tile variant=8 H=8192 W=8192 K=3 seed=1234
tile_size=8
checksum 0.493239
--- perf stat -x, ---
1867054894,,cpu_core/L1-dcache-loads/,999982317,99.00,,
4839109,,cpu_core/L1-dcache-load-misses/,999982317,99.00,0.26,of all L1-dcache accesses
1590174906,,cpu_core/branch-instructions/,999982317,99.00,,
41874341,,cpu_core/branch-misses/,999982317,99.00,,
9728134895,,cpu_core/instructions/,999982317,99.00,,
3770654748,,cpu_core/cpu-cycles/,999982317,99.00,,
5,,context-switches,1000652311,100.00,,
196775,,page-faults,1000652311,100.00,,

----- [tile_8] H=8192 W=8192 K=3 seed=1234 rep=9/20 exit=0 -----
PROFILING tile variant=8 H=8192 W=8192 K=3 seed=1234
tile_size=8
checksum 0.493239
--- perf stat -x, ---
1866956078,,cpu_core/L1-dcache-loads/,998306182,99.00,,
4815110,,cpu_core/L1-dcache-load-misses/,998306182,99.00,0.26,of all L1-dcache accesses
1590088932,,cpu_core/branch-instructions/,998306182,99.00,,
40728323,,cpu_core/branch-misses/,998306182,99.00,,
9727622480,,cpu_core/instructions/,998306182,99.00,,
3764035638,,cpu_core/cpu-cycles/,998306182,99.00,,
9,,context-switches,998931198,100.00,,
196772,,page-faults,998931198,100.00,,

----- [tile_8] H=8192 W=8192 K=3 seed=1234 rep=10/20 exit=0 -----
PROFILING tile variant=8 H=8192 W=8192 K=3 seed=1234
tile_size=8
checksum 0.493239
--- perf stat -x, ---
1866991384,,cpu_core/L1-dcache-loads/,997807583,99.00,,
4806096,,cpu_core/L1-dcache-load-misses/,997807583,99.00,0.26,of all L1-dcache accesses
1590119856,,cpu_core/branch-instructions/,997807583,99.00,,
41103704,,cpu_core/branch-misses/,997807583,99.00,,
9727790673,,cpu_core/instructions/,997807583,99.00,,
3766857000,,cpu_core/cpu-cycles/,997807583,99.00,,
7,,context-switches,998426928,100.00,,
196772,,page-faults,998426928,100.00,,

----- [tile_8] H=8192 W=8192 K=3 seed=1234 rep=11/20 exit=0 -----
PROFILING tile variant=8 H=8192 W=8192 K=3 seed=1234
tile_size=8
checksum 0.493239
--- perf stat -x, ---
1866902296,,cpu_core/L1-dcache-loads/,996067676,99.00,,
4825976,,cpu_core/L1-dcache-load-misses/,996067676,99.00,0.26,of all L1-dcache accesses
1590044464,,cpu_core/branch-instructions/,996067676,99.00,,
40823565,,cpu_core/branch-misses/,996067676,99.00,,
9727350845,,cpu_core/instructions/,996067676,99.00,,
3757815112,,cpu_core/cpu-cycles/,996067676,99.00,,
10,,context-switches,996667124,100.00,,
196775,,page-faults,996667124,100.00,,

----- [tile_8] H=8192 W=8192 K=3 seed=1234 rep=12/20 exit=0 -----
PROFILING tile variant=8 H=8192 W=8192 K=3 seed=1234
tile_size=8
checksum 0.493239
--- perf stat -x, ---
1866503900,,cpu_core/L1-dcache-loads/,995686796,99.00,,
4763583,,cpu_core/L1-dcache-load-misses/,995686796,99.00,0.26,of all L1-dcache accesses
1589705034,,cpu_core/branch-instructions/,995686796,99.00,,
41228330,,cpu_core/branch-misses/,995686796,99.00,,
9725302443,,cpu_core/instructions/,995686796,99.00,,
3769772632,,cpu_core/cpu-cycles/,995686796,99.00,,
6,,context-switches,996091658,100.00,,
196775,,page-faults,996091658,100.00,,

----- [tile_8] H=8192 W=8192 K=3 seed=1234 rep=13/20 exit=0 -----
PROFILING tile variant=8 H=8192 W=8192 K=3 seed=1234
tile_size=8
checksum 0.493239
--- perf stat -x, ---
1866591679,,cpu_core/L1-dcache-loads/,1000909883,99.00,,
4888384,,cpu_core/L1-dcache-load-misses/,1000909883,99.00,0.26,of all L1-dcache accesses
1589777980,,cpu_core/branch-instructions/,1000909883,99.00,,
41638391,,cpu_core/branch-misses/,1000909883,99.00,,
9725720239,,cpu_core/instructions/,1000909883,99.00,,
3775508689,,cpu_core/cpu-cycles/,1000909883,99.00,,
5,,context-switches,1001338325,100.00,,
196772,,page-faults,1001338325,100.00,,

----- [tile_8] H=8192 W=8192 K=3 seed=1234 rep=14/20 exit=0 -----
PROFILING tile variant=8 H=8192 W=8192 K=3 seed=1234
tile_size=8
checksum 0.493239
--- perf stat -x, ---
1867021556,,cpu_core/L1-dcache-loads/,998207624,99.00,,
4864036,,cpu_core/L1-dcache-load-misses/,998207624,99.00,0.26,of all L1-dcache accesses
1590146018,,cpu_core/branch-instructions/,998207624,99.00,,
41232935,,cpu_core/branch-misses/,998207624,99.00,,
9727971856,,cpu_core/instructions/,998207624,99.00,,
3766030974,,cpu_core/cpu-cycles/,998207624,99.00,,
8,,context-switches,998870348,100.00,,
196774,,page-faults,998870348,100.00,,

----- [tile_8] H=8192 W=8192 K=3 seed=1234 rep=15/20 exit=0 -----
PROFILING tile variant=8 H=8192 W=8192 K=3 seed=1234
tile_size=8
checksum 0.493239
--- perf stat -x, ---
1866632533,,cpu_core/L1-dcache-loads/,996655556,99.00,,
4863380,,cpu_core/L1-dcache-load-misses/,996655556,99.00,0.26,of all L1-dcache accesses
1589815235,,cpu_core/branch-instructions/,996655556,99.00,,
41224119,,cpu_core/branch-misses/,996655556,99.00,,
9725943666,,cpu_core/instructions/,996655556,99.00,,
3760267688,,cpu_core/cpu-cycles/,996655556,99.00,,
8,,context-switches,997103615,100.00,,
196772,,page-faults,997103615,100.00,,

----- [tile_8] H=8192 W=8192 K=3 seed=1234 rep=16/20 exit=0 -----
PROFILING tile variant=8 H=8192 W=8192 K=3 seed=1234
tile_size=8
checksum 0.493239
--- perf stat -x, ---
1866990435,,cpu_core/L1-dcache-loads/,998589184,99.00,,
4826489,,cpu_core/L1-dcache-load-misses/,998589184,99.00,0.26,of all L1-dcache accesses
1590117810,,cpu_core/branch-instructions/,998589184,99.00,,
41216624,,cpu_core/branch-misses/,998589184,99.00,,
9727830875,,cpu_core/instructions/,998589184,99.00,,
3767947234,,cpu_core/cpu-cycles/,998589184,99.00,,
8,,context-switches,999207570,100.00,,
196773,,page-faults,999207570,100.00,,

----- [tile_8] H=8192 W=8192 K=3 seed=1234 rep=17/20 exit=0 -----
PROFILING tile variant=8 H=8192 W=8192 K=3 seed=1234
tile_size=8
checksum 0.493239
--- perf stat -x, ---
1866980086,,cpu_core/L1-dcache-loads/,998329378,99.00,,
4768122,,cpu_core/L1-dcache-load-misses/,998329378,99.00,0.26,of all L1-dcache accesses
1590108832,,cpu_core/branch-instructions/,998329378,99.00,,
40459642,,cpu_core/branch-misses/,998329378,99.00,,
9727805366,,cpu_core/instructions/,998329378,99.00,,
3764034587,,cpu_core/cpu-cycles/,998329378,99.00,,
7,,context-switches,998978036,100.00,,
196771,,page-faults,998978036,100.00,,

----- [tile_8] H=8192 W=8192 K=3 seed=1234 rep=18/20 exit=0 -----
PROFILING tile variant=8 H=8192 W=8192 K=3 seed=1234
tile_size=8
checksum 0.493239
--- perf stat -x, ---
1867077860,,cpu_core/L1-dcache-loads/,998438235,99.00,,
4808652,,cpu_core/L1-dcache-load-misses/,998438235,99.00,0.26,of all L1-dcache accesses
1590191758,,cpu_core/branch-instructions/,998438235,99.00,,
41049260,,cpu_core/branch-misses/,998438235,99.00,,
9728241835,,cpu_core/instructions/,998438235,99.00,,
3765683354,,cpu_core/cpu-cycles/,998438235,99.00,,
9,,context-switches,999110039,100.00,,
196770,,page-faults,999110039,100.00,,

----- [tile_8] H=8192 W=8192 K=3 seed=1234 rep=19/20 exit=0 -----
PROFILING tile variant=8 H=8192 W=8192 K=3 seed=1234
tile_size=8
checksum 0.493239
--- perf stat -x, ---
1866962549,,cpu_core/L1-dcache-loads/,996446473,99.00,,
4833775,,cpu_core/L1-dcache-load-misses/,996446473,99.00,0.26,of all L1-dcache accesses
1590095978,,cpu_core/branch-instructions/,996446473,99.00,,
40782115,,cpu_core/branch-misses/,996446473,99.00,,
9727655894,,cpu_core/instructions/,996446473,99.00,,
3756577509,,cpu_core/cpu-cycles/,996446473,99.00,,
8,,context-switches,997061554,100.00,,
196774,,page-faults,997061554,100.00,,

----- [tile_8] H=8192 W=8192 K=3 seed=1234 rep=20/20 exit=0 -----
PROFILING tile variant=8 H=8192 W=8192 K=3 seed=1234
tile_size=8
checksum 0.493239
--- perf stat -x, ---
1866912671,,cpu_core/L1-dcache-loads/,999727748,99.00,,
4811903,,cpu_core/L1-dcache-load-misses/,999727748,99.00,0.26,of all L1-dcache accesses
1590646053,,cpu_core/branch-instructions/,999727748,99.00,,
41012652,,cpu_core/branch-misses/,999727748,99.00,,
9728223696,,cpu_core/instructions/,999727748,99.00,,
3768288128,,cpu_core/cpu-cycles/,999727748,99.00,,
7,,context-switches,1000348763,100.00,,
196772,,page-faults,1000348763,100.00,,

----- [tile_8] H=16384 W=16384 K=3 seed=1234 rep=1/20 exit=0 -----
PROFILING tile variant=8 H=16384 W=16384 K=3 seed=1234
tile_size=8
checksum 0.112685
--- perf stat -x, ---
7465412049,,cpu_core/L1-dcache-loads/,3963234101,99.00,,
22264707,,cpu_core/L1-dcache-load-misses/,3963234101,99.00,0.30,of all L1-dcache accesses
6359431043,,cpu_core/branch-instructions/,3963234101,99.00,,
164280837,,cpu_core/branch-misses/,3963234101,99.00,,
38905812410,,cpu_core/instructions/,3963234101,99.00,,
14994118185,,cpu_core/cpu-cycles/,3963234101,99.00,,
23,,context-switches,3963799757,100.00,,
786629,,page-faults,3963799757,100.00,,

----- [tile_8] H=16384 W=16384 K=3 seed=1234 rep=2/20 exit=0 -----
PROFILING tile variant=8 H=16384 W=16384 K=3 seed=1234
tile_size=8
checksum 0.112685
--- perf stat -x, ---
7465090619,,cpu_core/L1-dcache-loads/,3964419081,99.00,,
22373600,,cpu_core/L1-dcache-load-misses/,3964419081,99.00,0.30,of all L1-dcache accesses
6359072171,,cpu_core/branch-instructions/,3964419081,99.00,,
165875108,,cpu_core/branch-misses/,3964419081,99.00,,
38903629320,,cpu_core/instructions/,3964419081,99.00,,
15020223697,,cpu_core/cpu-cycles/,3964419081,99.00,,
32,,context-switches,3964844902,100.00,,
786628,,page-faults,3964844902,100.00,,

----- [tile_8] H=16384 W=16384 K=3 seed=1234 rep=3/20 exit=0 -----
PROFILING tile variant=8 H=16384 W=16384 K=3 seed=1234
tile_size=8
checksum 0.112685
--- perf stat -x, ---
7464190392,,cpu_core/L1-dcache-loads/,3962580938,100.00,,
22981222,,cpu_core/L1-dcache-load-misses/,3962580938,100.00,0.31,of all L1-dcache accesses
6358279077,,cpu_core/branch-instructions/,3962580938,100.00,,
164600338,,cpu_core/branch-misses/,3962580938,100.00,,
38898863580,,cpu_core/instructions/,3962580938,100.00,,
14992979942,,cpu_core/cpu-cycles/,3962580938,100.00,,
29,,context-switches,3962580938,100.00,,
786628,,page-faults,3962580938,100.00,,

----- [tile_8] H=16384 W=16384 K=3 seed=1234 rep=4/20 exit=0 -----
PROFILING tile variant=8 H=16384 W=16384 K=3 seed=1234
tile_size=8
checksum 0.112685
--- perf stat -x, ---
7465320956,,cpu_core/L1-dcache-loads/,3959390021,99.00,,
22659897,,cpu_core/L1-dcache-load-misses/,3959390021,99.00,0.30,of all L1-dcache accesses
6359273353,,cpu_core/branch-instructions/,3959390021,99.00,,
164364561,,cpu_core/branch-misses/,3959390021,99.00,,
38904929084,,cpu_core/instructions/,3959390021,99.00,,
14984154467,,cpu_core/cpu-cycles/,3959390021,99.00,,
26,,context-switches,3960033733,100.00,,
786629,,page-faults,3960033733,100.00,,

----- [tile_8] H=16384 W=16384 K=3 seed=1234 rep=5/20 exit=0 -----
PROFILING tile variant=8 H=16384 W=16384 K=3 seed=1234
tile_size=8
checksum 0.112685
--- perf stat -x, ---
7465286640,,cpu_core/L1-dcache-loads/,3955019461,99.00,,
22339312,,cpu_core/L1-dcache-load-misses/,3955019461,99.00,0.30,of all L1-dcache accesses
6359246682,,cpu_core/branch-instructions/,3955019461,99.00,,
162201321,,cpu_core/branch-misses/,3955019461,99.00,,
38904757455,,cpu_core/instructions/,3955019461,99.00,,
14966033498,,cpu_core/cpu-cycles/,3955019461,99.00,,
24,,context-switches,3955645959,100.00,,
786631,,page-faults,3955645959,100.00,,

----- [tile_8] H=16384 W=16384 K=3 seed=1234 rep=6/20 exit=0 -----
PROFILING tile variant=8 H=16384 W=16384 K=3 seed=1234
tile_size=8
checksum 0.112685
--- perf stat -x, ---
7465347119,,cpu_core/L1-dcache-loads/,3963577434,99.00,,
22074827,,cpu_core/L1-dcache-load-misses/,3963577434,99.00,0.30,of all L1-dcache accesses
6359289587,,cpu_core/branch-instructions/,3963577434,99.00,,
162677548,,cpu_core/branch-misses/,3963577434,99.00,,
38905056075,,cpu_core/instructions/,3963577434,99.00,,
14997867325,,cpu_core/cpu-cycles/,3963577434,99.00,,
25,,context-switches,3964243056,100.00,,
786629,,page-faults,3964243056,100.00,,

----- [tile_8] H=16384 W=16384 K=3 seed=1234 rep=7/20 exit=0 -----
PROFILING tile variant=8 H=16384 W=16384 K=3 seed=1234
tile_size=8
checksum 0.112685
--- perf stat -x, ---
7465338958,,cpu_core/L1-dcache-loads/,3964815064,99.00,,
22408028,,cpu_core/L1-dcache-load-misses/,3964815064,99.00,0.30,of all L1-dcache accesses
6359286092,,cpu_core/branch-instructions/,3964815064,99.00,,
165368070,,cpu_core/branch-misses/,3964815064,99.00,,
38904970049,,cpu_core/instructions/,3964815064,99.00,,
15005330540,,cpu_core/cpu-cycles/,3964815064,99.00,,
24,,context-switches,3965432932,100.00,,
786628,,page-faults,3965432932,100.00,,

----- [tile_8] H=16384 W=16384 K=3 seed=1234 rep=8/20 exit=0 -----
PROFILING tile variant=8 H=16384 W=16384 K=3 seed=1234
tile_size=8
checksum 0.112685
--- perf stat -x, ---
7465245121,,cpu_core/L1-dcache-loads/,3964222482,99.00,,
22375421,,cpu_core/L1-dcache-load-misses/,3964222482,99.00,0.30,of all L1-dcache accesses
6359207012,,cpu_core/branch-instructions/,3964222482,99.00,,
165015088,,cpu_core/branch-misses/,3964222482,99.00,,
38904545085,,cpu_core/instructions/,3964222482,99.00,,
15005218667,,cpu_core/cpu-cycles/,3964222482,99.00,,
24,,context-switches,3964848299,100.00,,
786630,,page-faults,3964848299,100.00,,

----- [tile_8] H=16384 W=16384 K=3 seed=1234 rep=9/20 exit=0 -----
PROFILING tile variant=8 H=16384 W=16384 K=3 seed=1234
tile_size=8
checksum 0.112685
--- perf stat -x, ---
7465224153,,cpu_core/L1-dcache-loads/,3970712924,99.00,,
22823241,,cpu_core/L1-dcache-load-misses/,3970712924,99.00,0.31,of all L1-dcache accesses
6359183762,,cpu_core/branch-instructions/,3970712924,99.00,,
164727187,,cpu_core/branch-misses/,3970712924,99.00,,
38904375326,,cpu_core/instructions/,3970712924,99.00,,
15027253399,,cpu_core/cpu-cycles/,3970712924,99.00,,
26,,context-switches,3971286060,100.00,,
786628,,page-faults,3971286060,100.00,,

----- [tile_8] H=16384 W=16384 K=3 seed=1234 rep=10/20 exit=0 -----
PROFILING tile variant=8 H=16384 W=16384 K=3 seed=1234
tile_size=8
checksum 0.112685
--- perf stat -x, ---
7464372366,,cpu_core/L1-dcache-loads/,3969012215,100.00,,
22552284,,cpu_core/L1-dcache-load-misses/,3969012215,100.00,0.30,of all L1-dcache accesses
6358437741,,cpu_core/branch-instructions/,3969012215,100.00,,
165477131,,cpu_core/branch-misses/,3969012215,100.00,,
38899777288,,cpu_core/instructions/,3969012215,100.00,,
15022005439,,cpu_core/cpu-cycles/,3969012215,100.00,,
24,,context-switches,3969012215,100.00,,
786630,,page-faults,3969012215,100.00,,

----- [tile_8] H=16384 W=16384 K=3 seed=1234 rep=11/20 exit=0 -----
PROFILING tile variant=8 H=16384 W=16384 K=3 seed=1234
tile_size=8
checksum 0.112685
--- perf stat -x, ---
7465257457,,cpu_core/L1-dcache-loads/,3966684499,99.00,,
22239606,,cpu_core/L1-dcache-load-misses/,3966684499,99.00,0.30,of all L1-dcache accesses
6359229848,,cpu_core/branch-instructions/,3966684499,99.00,,
164845949,,cpu_core/branch-misses/,3966684499,99.00,,
38904649822,,cpu_core/instructions/,3966684499,99.00,,
15011632465,,cpu_core/cpu-cycles/,3966684499,99.00,,
23,,context-switches,3967303564,100.00,,
786630,,page-faults,3967303564,100.00,,

----- [tile_8] H=16384 W=16384 K=3 seed=1234 rep=12/20 exit=0 -----
PROFILING tile variant=8 H=16384 W=16384 K=3 seed=1234
tile_size=8
checksum 0.112685
--- perf stat -x, ---
7465008383,,cpu_core/L1-dcache-loads/,3965833228,99.00,,
22276711,,cpu_core/L1-dcache-load-misses/,3965833228,99.00,0.30,of all L1-dcache accesses
6359001453,,cpu_core/branch-instructions/,3965833228,99.00,,
164656437,,cpu_core/branch-misses/,3965833228,99.00,,
38903114940,,cpu_core/instructions/,3965833228,99.00,,
15011835910,,cpu_core/cpu-cycles/,3965833228,99.00,,
24,,context-switches,3966193994,100.00,,
786629,,page-faults,3966193994,100.00,,

----- [tile_8] H=16384 W=16384 K=3 seed=1234 rep=13/20 exit=0 -----
PROFILING tile variant=8 H=16384 W=16384 K=3 seed=1234
tile_size=8
checksum 0.112685
--- perf stat -x, ---
7465220630,,cpu_core/L1-dcache-loads/,3950435830,99.00,,
21940343,,cpu_core/L1-dcache-load-misses/,3950435830,99.00,0.29,of all L1-dcache accesses
6359198698,,cpu_core/branch-instructions/,3950435830,99.00,,
160864975,,cpu_core/branch-misses/,3950435830,99.00,,
38904470181,,cpu_core/instructions/,3950435830,99.00,,
14949524057,,cpu_core/cpu-cycles/,3950435830,99.00,,
27,,context-switches,3951064902,100.00,,
786629,,page-faults,3951064902,100.00,,

----- [tile_8] H=16384 W=16384 K=3 seed=1234 rep=14/20 exit=0 -----
PROFILING tile variant=8 H=16384 W=16384 K=3 seed=1234
tile_size=8
checksum 0.112685
--- perf stat -x, ---
7465234235,,cpu_core/L1-dcache-loads/,3959530745,99.00,,
22272695,,cpu_core/L1-dcache-load-misses/,3959530745,99.00,0.30,of all L1-dcache accesses
6359206061,,cpu_core/branch-instructions/,3959530745,99.00,,
163027371,,cpu_core/branch-misses/,3959530745,99.00,,
38904515550,,cpu_core/instructions/,3959530745,99.00,,
14982572749,,cpu_core/cpu-cycles/,3959530745,99.00,,
26,,context-switches,3960178249,100.00,,
786628,,page-faults,3960178249,100.00,,

----- [tile_8] H=16384 W=16384 K=3 seed=1234 rep=15/20 exit=0 -----
PROFILING tile variant=8 H=16384 W=16384 K=3 seed=1234
tile_size=8
checksum 0.112685
--- perf stat -x, ---
7465218914,,cpu_core/L1-dcache-loads/,3967719901,99.00,,
22281835,,cpu_core/L1-dcache-load-misses/,3967719901,99.00,0.30,of all L1-dcache accesses
6359187419,,cpu_core/branch-instructions/,3967719901,99.00,,
165990289,,cpu_core/branch-misses/,3967719901,99.00,,
38904400222,,cpu_core/instructions/,3967719901,99.00,,
15011582216,,cpu_core/cpu-cycles/,3967719901,99.00,,
30,,context-switches,3968344320,100.00,,
786629,,page-faults,3968344320,100.00,,

----- [tile_8] H=16384 W=16384 K=3 seed=1234 rep=16/20 exit=0 -----
PROFILING tile variant=8 H=16384 W=16384 K=3 seed=1234
tile_size=8
checksum 0.112685
--- perf stat -x, ---
7465203930,,cpu_core/L1-dcache-loads/,3970218505,99.00,,
22342372,,cpu_core/L1-dcache-load-misses/,3970218505,99.00,0.30,of all L1-dcache accesses
6359176776,,cpu_core/branch-instructions/,3970218505,99.00,,
165700525,,cpu_core/branch-misses/,3970218505,99.00,,
38904353502,,cpu_core/instructions/,3970218505,99.00,,
15026481760,,cpu_core/cpu-cycles/,3970218505,99.00,,
26,,context-switches,3970824103,100.00,,
786632,,page-faults,3970824103,100.00,,

----- [tile_8] H=16384 W=16384 K=3 seed=1234 rep=17/20 exit=0 -----
PROFILING tile variant=8 H=16384 W=16384 K=3 seed=1234
tile_size=8
checksum 0.112685
--- perf stat -x, ---
7464875500,,cpu_core/L1-dcache-loads/,3965394580,99.00,,
22233400,,cpu_core/L1-dcache-load-misses/,3965394580,99.00,0.30,of all L1-dcache accesses
6358901599,,cpu_core/branch-instructions/,3965394580,99.00,,
165034452,,cpu_core/branch-misses/,3965394580,99.00,,
38902610946,,cpu_core/instructions/,3965394580,99.00,,
15005312649,,cpu_core/cpu-cycles/,3965394580,99.00,,
28,,context-switches,3965790588,100.00,,
786629,,page-faults,3965790588,100.00,,

----- [tile_8] H=16384 W=16384 K=3 seed=1234 rep=18/20 exit=0 -----
PROFILING tile variant=8 H=16384 W=16384 K=3 seed=1234
tile_size=8
checksum 0.112685
--- perf stat -x, ---
7465339634,,cpu_core/L1-dcache-loads/,3956347689,99.00,,
22114767,,cpu_core/L1-dcache-load-misses/,3956347689,99.00,0.30,of all L1-dcache accesses
6359304861,,cpu_core/branch-instructions/,3956347689,99.00,,
162011022,,cpu_core/branch-misses/,3956347689,99.00,,
38905059822,,cpu_core/instructions/,3956347689,99.00,,
14972471400,,cpu_core/cpu-cycles/,3956347689,99.00,,
25,,context-switches,3956974912,100.00,,
786629,,page-faults,3956974912,100.00,,

----- [tile_8] H=16384 W=16384 K=3 seed=1234 rep=19/20 exit=0 -----
PROFILING tile variant=8 H=16384 W=16384 K=3 seed=1234
tile_size=8
checksum 0.112685
--- perf stat -x, ---
7465139493,,cpu_core/L1-dcache-loads/,3967500354,99.00,,
22354347,,cpu_core/L1-dcache-load-misses/,3967500354,99.00,0.30,of all L1-dcache accesses
6359125381,,cpu_core/branch-instructions/,3967500354,99.00,,
166313303,,cpu_core/branch-misses/,3967500354,99.00,,
38904098070,,cpu_core/instructions/,3967500354,99.00,,
15011264815,,cpu_core/cpu-cycles/,3967500354,99.00,,
28,,context-switches,3968124029,100.00,,
786629,,page-faults,3968124029,100.00,,

----- [tile_8] H=16384 W=16384 K=3 seed=1234 rep=20/20 exit=0 -----
PROFILING tile variant=8 H=16384 W=16384 K=3 seed=1234
tile_size=8
checksum 0.112685
--- perf stat -x, ---
7465281441,,cpu_core/L1-dcache-loads/,3956284905,99.00,,
22229539,,cpu_core/L1-dcache-load-misses/,3956284905,99.00,0.30,of all L1-dcache accesses
6359252090,,cpu_core/branch-instructions/,3956284905,99.00,,
162985331,,cpu_core/branch-misses/,3956284905,99.00,,
38904772965,,cpu_core/instructions/,3956284905,99.00,,
14970999689,,cpu_core/cpu-cycles/,3956284905,99.00,,
26,,context-switches,3956909183,100.00,,
786629,,page-faults,3956909183,100.00,,
# finished : 2026-09-06T17:44:26+05:30
