############################################################
# label   : tile_256
# stage   : tile      (/home/advay/CS683_ProgrammingAssignments/pa1-dhurandhar-microarchitecture/task1/src/conv_tile.cpp)
# variant : 256
# events  : cpu_core/L1-dcache-loads/,cpu_core/L1-dcache-load-misses/,cpu_core/branch-instructions/,cpu_core/branch-misses/,cpu_core/instructions/,cpu_core/cpu-cycles/,context-switches,page-faults
# started : 2026-09-06T17:51:44+05:30
############################################################

----- [tile_256] H=64 W=64 K=3 seed=1234 rep=1/20 exit=0 -----
PROFILING tile variant=256 H=64 W=64 K=3 seed=1234
tile_size=256
checksum -1.144976
--- perf stat -x, ---
696946,,cpu_core/L1-dcache-loads/,911318,59.00,,
16307,,cpu_core/L1-dcache-load-misses/,911318,59.00,2.34,of all L1-dcache accesses
549057,,cpu_core/branch-instructions/,911318,59.00,,
17283,,cpu_core/branch-misses/,911318,59.00,,
3119941,,cpu_core/instructions/,911318,59.00,,
2592714,,cpu_core/cpu-cycles/,911318,59.00,,
1,,context-switches,1539248,100.00,,
143,,page-faults,1539248,100.00,,

----- [tile_256] H=64 W=64 K=3 seed=1234 rep=2/20 exit=0 -----
PROFILING tile variant=256 H=64 W=64 K=3 seed=1234
tile_size=256
checksum -1.144976
--- perf stat -x, ---
713463,,cpu_core/L1-dcache-loads/,887245,58.00,,
16221,,cpu_core/L1-dcache-load-misses/,887245,58.00,2.27,of all L1-dcache accesses
561446,,cpu_core/branch-instructions/,887245,58.00,,
17510,,cpu_core/branch-misses/,887245,58.00,,
3193153,,cpu_core/instructions/,887245,58.00,,
2548722,,cpu_core/cpu-cycles/,887245,58.00,,
1,,context-switches,1523467,100.00,,
142,,page-faults,1523467,100.00,,

----- [tile_256] H=64 W=64 K=3 seed=1234 rep=3/20 exit=0 -----
PROFILING tile variant=256 H=64 W=64 K=3 seed=1234
tile_size=256
checksum -1.144976
--- perf stat -x, ---
849007,,cpu_core/L1-dcache-loads/,384128,48.00,,
17703,,cpu_core/L1-dcache-load-misses/,384128,48.00,2.09,of all L1-dcache accesses
668779,,cpu_core/branch-instructions/,384128,48.00,,
20717,,cpu_core/branch-misses/,384128,48.00,,
3801770,,cpu_core/instructions/,384128,48.00,,
2940929,,cpu_core/cpu-cycles/,384128,48.00,,
1,,context-switches,789573,100.00,,
142,,page-faults,789573,100.00,,

----- [tile_256] H=64 W=64 K=3 seed=1234 rep=4/20 exit=0 -----
PROFILING tile variant=256 H=64 W=64 K=3 seed=1234
tile_size=256
checksum -1.144976
--- perf stat -x, ---
708065,,cpu_core/L1-dcache-loads/,879553,58.00,,
15007,,cpu_core/L1-dcache-load-misses/,879553,58.00,2.12,of all L1-dcache accesses
557296,,cpu_core/branch-instructions/,879553,58.00,,
17581,,cpu_core/branch-misses/,879553,58.00,,
3171546,,cpu_core/instructions/,879553,58.00,,
2467704,,cpu_core/cpu-cycles/,879553,58.00,,
1,,context-switches,1508365,100.00,,
142,,page-faults,1508365,100.00,,

----- [tile_256] H=64 W=64 K=3 seed=1234 rep=5/20 exit=0 -----
PROFILING tile variant=256 H=64 W=64 K=3 seed=1234
tile_size=256
checksum -1.144976
--- perf stat -x, ---
727130,,cpu_core/L1-dcache-loads/,879700,58.00,,
17143,,cpu_core/L1-dcache-load-misses/,879700,58.00,2.36,of all L1-dcache accesses
569684,,cpu_core/branch-instructions/,879700,58.00,,
17685,,cpu_core/branch-misses/,879700,58.00,,
3244291,,cpu_core/instructions/,879700,58.00,,
2518304,,cpu_core/cpu-cycles/,879700,58.00,,
1,,context-switches,1504219,100.00,,
142,,page-faults,1504219,100.00,,

----- [tile_256] H=64 W=64 K=3 seed=1234 rep=6/20 exit=0 -----
PROFILING tile variant=256 H=64 W=64 K=3 seed=1234
tile_size=256
checksum -1.144976
--- perf stat -x, ---
693816,,cpu_core/L1-dcache-loads/,938952,59.00,,
16823,,cpu_core/L1-dcache-load-misses/,938952,59.00,2.42,of all L1-dcache accesses
545868,,cpu_core/branch-instructions/,938952,59.00,,
17212,,cpu_core/branch-misses/,938952,59.00,,
3104335,,cpu_core/instructions/,938952,59.00,,
2595628,,cpu_core/cpu-cycles/,938952,59.00,,
1,,context-switches,1569267,100.00,,
140,,page-faults,1569267,100.00,,

----- [tile_256] H=64 W=64 K=3 seed=1234 rep=7/20 exit=0 -----
PROFILING tile variant=256 H=64 W=64 K=3 seed=1234
tile_size=256
checksum -1.144976
--- perf stat -x, ---
722489,,cpu_core/L1-dcache-loads/,1015263,57.00,,
15602,,cpu_core/L1-dcache-load-misses/,1015263,57.00,2.16,of all L1-dcache accesses
568999,,cpu_core/branch-instructions/,1015263,57.00,,
17831,,cpu_core/branch-misses/,1015263,57.00,,
3230831,,cpu_core/instructions/,1015263,57.00,,
2771833,,cpu_core/cpu-cycles/,1015263,57.00,,
1,,context-switches,1770484,100.00,,
143,,page-faults,1770484,100.00,,

----- [tile_256] H=64 W=64 K=3 seed=1234 rep=8/20 exit=0 -----
PROFILING tile variant=256 H=64 W=64 K=3 seed=1234
tile_size=256
checksum -1.144976
--- perf stat -x, ---
670715,,cpu_core/L1-dcache-loads/,1353701,94.00,,
16925,,cpu_core/L1-dcache-load-misses/,1353701,94.00,2.52,of all L1-dcache accesses
514724,,cpu_core/branch-instructions/,1353701,94.00,,
17231,,cpu_core/branch-misses/,1353701,94.00,,
2913892,,cpu_core/instructions/,1353701,94.00,,
2571014,,cpu_core/cpu-cycles/,1353701,94.00,,
2,,context-switches,1438558,100.00,,
141,,page-faults,1438558,100.00,,

----- [tile_256] H=64 W=64 K=3 seed=1234 rep=9/20 exit=0 -----
PROFILING tile variant=256 H=64 W=64 K=3 seed=1234
tile_size=256
checksum -1.144976
--- perf stat -x, ---
705921,,cpu_core/L1-dcache-loads/,897669,58.00,,
16776,,cpu_core/L1-dcache-load-misses/,897669,58.00,2.38,of all L1-dcache accesses
555747,,cpu_core/branch-instructions/,897669,58.00,,
17555,,cpu_core/branch-misses/,897669,58.00,,
3162250,,cpu_core/instructions/,897669,58.00,,
2536197,,cpu_core/cpu-cycles/,897669,58.00,,
1,,context-switches,1533385,100.00,,
142,,page-faults,1533385,100.00,,

----- [tile_256] H=64 W=64 K=3 seed=1234 rep=10/20 exit=0 -----
PROFILING tile variant=256 H=64 W=64 K=3 seed=1234
tile_size=256
checksum -1.144976
--- perf stat -x, ---
708476,,cpu_core/L1-dcache-loads/,868273,58.00,,
14721,,cpu_core/L1-dcache-load-misses/,868273,58.00,2.08,of all L1-dcache accesses
557840,,cpu_core/branch-instructions/,868273,58.00,,
17528,,cpu_core/branch-misses/,868273,58.00,,
3168852,,cpu_core/instructions/,868273,58.00,,
2495636,,cpu_core/cpu-cycles/,868273,58.00,,
1,,context-switches,1489902,100.00,,
143,,page-faults,1489902,100.00,,

----- [tile_256] H=64 W=64 K=3 seed=1234 rep=11/20 exit=0 -----
PROFILING tile variant=256 H=64 W=64 K=3 seed=1234
tile_size=256
checksum -1.144976
--- perf stat -x, ---
711183,,cpu_core/L1-dcache-loads/,876715,58.00,,
16068,,cpu_core/L1-dcache-load-misses/,876715,58.00,2.26,of all L1-dcache accesses
559480,,cpu_core/branch-instructions/,876715,58.00,,
17813,,cpu_core/branch-misses/,876715,58.00,,
3183567,,cpu_core/instructions/,876715,58.00,,
2523857,,cpu_core/cpu-cycles/,876715,58.00,,
1,,context-switches,1506345,100.00,,
142,,page-faults,1506345,100.00,,

----- [tile_256] H=64 W=64 K=3 seed=1234 rep=12/20 exit=0 -----
PROFILING tile variant=256 H=64 W=64 K=3 seed=1234
tile_size=256
checksum -1.144976
--- perf stat -x, ---
689287,,cpu_core/L1-dcache-loads/,932530,59.00,,
16667,,cpu_core/L1-dcache-load-misses/,932530,59.00,2.42,of all L1-dcache accesses
543362,,cpu_core/branch-instructions/,932530,59.00,,
17162,,cpu_core/branch-misses/,932530,59.00,,
3086916,,cpu_core/instructions/,932530,59.00,,
2430894,,cpu_core/cpu-cycles/,932530,59.00,,
1,,context-switches,1563831,100.00,,
139,,page-faults,1563831,100.00,,

----- [tile_256] H=64 W=64 K=3 seed=1234 rep=13/20 exit=0 -----
PROFILING tile variant=256 H=64 W=64 K=3 seed=1234
tile_size=256
checksum -1.144976
--- perf stat -x, ---
719650,,cpu_core/L1-dcache-loads/,1195602,72.00,,
15338,,cpu_core/L1-dcache-load-misses/,1195602,72.00,2.13,of all L1-dcache accesses
556651,,cpu_core/branch-instructions/,1195602,72.00,,
17292,,cpu_core/branch-misses/,1195602,72.00,,
3162025,,cpu_core/instructions/,1195602,72.00,,
2619281,,cpu_core/cpu-cycles/,1195602,72.00,,
1,,context-switches,1657415,100.00,,
143,,page-faults,1657415,100.00,,

----- [tile_256] H=64 W=64 K=3 seed=1234 rep=14/20 exit=0 -----
PROFILING tile variant=256 H=64 W=64 K=3 seed=1234
tile_size=256
checksum -1.144976
--- perf stat -x, ---
703514,,cpu_core/L1-dcache-loads/,903777,58.00,,
14581,,cpu_core/L1-dcache-load-misses/,903777,58.00,2.07,of all L1-dcache accesses
553909,,cpu_core/branch-instructions/,903777,58.00,,
17390,,cpu_core/branch-misses/,903777,58.00,,
3148381,,cpu_core/instructions/,903777,58.00,,
2547479,,cpu_core/cpu-cycles/,903777,58.00,,
1,,context-switches,1538815,100.00,,
143,,page-faults,1538815,100.00,,

----- [tile_256] H=64 W=64 K=3 seed=1234 rep=15/20 exit=0 -----
PROFILING tile variant=256 H=64 W=64 K=3 seed=1234
tile_size=256
checksum -1.144976
--- perf stat -x, ---
717421,,cpu_core/L1-dcache-loads/,842233,57.00,,
14805,,cpu_core/L1-dcache-load-misses/,842233,57.00,2.06,of all L1-dcache accesses
565322,,cpu_core/branch-instructions/,842233,57.00,,
17538,,cpu_core/branch-misses/,842233,57.00,,
3216263,,cpu_core/instructions/,842233,57.00,,
2461695,,cpu_core/cpu-cycles/,842233,57.00,,
1,,context-switches,1471732,100.00,,
141,,page-faults,1471732,100.00,,

----- [tile_256] H=64 W=64 K=3 seed=1234 rep=16/20 exit=0 -----
PROFILING tile variant=256 H=64 W=64 K=3 seed=1234
tile_size=256
checksum -1.144976
--- perf stat -x, ---
787714,,cpu_core/L1-dcache-loads/,717391,52.00,,
16014,,cpu_core/L1-dcache-load-misses/,717391,52.00,2.03,of all L1-dcache accesses
620184,,cpu_core/branch-instructions/,717391,52.00,,
19006,,cpu_core/branch-misses/,717391,52.00,,
3523559,,cpu_core/instructions/,717391,52.00,,
2680227,,cpu_core/cpu-cycles/,717391,52.00,,
1,,context-switches,1365587,100.00,,
143,,page-faults,1365587,100.00,,

----- [tile_256] H=64 W=64 K=3 seed=1234 rep=17/20 exit=0 -----
PROFILING tile variant=256 H=64 W=64 K=3 seed=1234
tile_size=256
checksum -1.144976
--- perf stat -x, ---
652771,,cpu_core/L1-dcache-loads/,1413714,100.00,,
14314,,cpu_core/L1-dcache-load-misses/,1413714,100.00,2.19,of all L1-dcache accesses
498097,,cpu_core/branch-instructions/,1413714,100.00,,
15787,,cpu_core/branch-misses/,1413714,100.00,,
2827091,,cpu_core/instructions/,1413714,100.00,,
2317882,,cpu_core/cpu-cycles/,1413714,100.00,,
1,,context-switches,1413714,100.00,,
143,,page-faults,1413714,100.00,,

----- [tile_256] H=64 W=64 K=3 seed=1234 rep=18/20 exit=0 -----
PROFILING tile variant=256 H=64 W=64 K=3 seed=1234
tile_size=256
checksum -1.144976
--- perf stat -x, ---
714763,,cpu_core/L1-dcache-loads/,742181,57.00,,
14705,,cpu_core/L1-dcache-load-misses/,742181,57.00,2.06,of all L1-dcache accesses
562785,,cpu_core/branch-instructions/,742181,57.00,,
16822,,cpu_core/branch-misses/,742181,57.00,,
3196931,,cpu_core/instructions/,742181,57.00,,
2321728,,cpu_core/cpu-cycles/,742181,57.00,,
1,,context-switches,1280512,100.00,,
142,,page-faults,1280512,100.00,,

----- [tile_256] H=64 W=64 K=3 seed=1234 rep=19/20 exit=0 -----
PROFILING tile variant=256 H=64 W=64 K=3 seed=1234
tile_size=256
checksum -1.144976
--- perf stat -x, ---
650955,,cpu_core/L1-dcache-loads/,1162369,100.00,,
14593,,cpu_core/L1-dcache-load-misses/,1162369,100.00,2.24,of all L1-dcache accesses
496700,,cpu_core/branch-instructions/,1162369,100.00,,
15411,,cpu_core/branch-misses/,1162369,100.00,,
2820816,,cpu_core/instructions/,1162369,100.00,,
2235847,,cpu_core/cpu-cycles/,1162369,100.00,,
1,,context-switches,1162369,100.00,,
143,,page-faults,1162369,100.00,,

----- [tile_256] H=64 W=64 K=3 seed=1234 rep=20/20 exit=0 -----
PROFILING tile variant=256 H=64 W=64 K=3 seed=1234
tile_size=256
checksum -1.144976
--- perf stat -x, ---
839548,,cpu_core/L1-dcache-loads/,399556,49.00,,
17079,,cpu_core/L1-dcache-load-misses/,399556,49.00,2.03,of all L1-dcache accesses
661527,,cpu_core/branch-instructions/,399556,49.00,,
17861,,cpu_core/branch-misses/,399556,49.00,,
3759511,,cpu_core/instructions/,399556,49.00,,
2774950,,cpu_core/cpu-cycles/,399556,49.00,,
1,,context-switches,813387,100.00,,
139,,page-faults,813387,100.00,,

----- [tile_256] H=128 W=128 K=3 seed=1234 rep=1/20 exit=0 -----
PROFILING tile variant=256 H=128 W=128 K=3 seed=1234
tile_size=256
checksum 1.545684
--- perf stat -x, ---
1104988,,cpu_core/L1-dcache-loads/,1165818,66.00,,
13288,,cpu_core/L1-dcache-load-misses/,1165818,66.00,1.20,of all L1-dcache accesses
920114,,cpu_core/branch-instructions/,1165818,66.00,,
22068,,cpu_core/branch-misses/,1165818,66.00,,
5394247,,cpu_core/instructions/,1165818,66.00,,
2880748,,cpu_core/cpu-cycles/,1165818,66.00,,
1,,context-switches,1747186,100.00,,
179,,page-faults,1747186,100.00,,

----- [tile_256] H=128 W=128 K=3 seed=1234 rep=2/20 exit=0 -----
PROFILING tile variant=256 H=128 W=128 K=3 seed=1234
tile_size=256
checksum 1.545684
--- perf stat -x, ---
1130898,,cpu_core/L1-dcache-loads/,1151371,65.00,,
13330,,cpu_core/L1-dcache-load-misses/,1151371,65.00,1.18,of all L1-dcache accesses
940076,,cpu_core/branch-instructions/,1151371,65.00,,
25027,,cpu_core/branch-misses/,1151371,65.00,,
5516983,,cpu_core/instructions/,1151371,65.00,,
3061944,,cpu_core/cpu-cycles/,1151371,65.00,,
1,,context-switches,1760191,100.00,,
178,,page-faults,1760191,100.00,,

----- [tile_256] H=128 W=128 K=3 seed=1234 rep=3/20 exit=0 -----
PROFILING tile variant=256 H=128 W=128 K=3 seed=1234
tile_size=256
checksum 1.545684
--- perf stat -x, ---
1181501,,cpu_core/L1-dcache-loads/,934047,62.00,,
14078,,cpu_core/L1-dcache-load-misses/,934047,62.00,1.19,of all L1-dcache accesses
982900,,cpu_core/branch-instructions/,934047,62.00,,
26666,,cpu_core/branch-misses/,934047,62.00,,
5766185,,cpu_core/instructions/,934047,62.00,,
3287438,,cpu_core/cpu-cycles/,934047,62.00,,
1,,context-switches,1496519,100.00,,
180,,page-faults,1496519,100.00,,

----- [tile_256] H=128 W=128 K=3 seed=1234 rep=4/20 exit=0 -----
PROFILING tile variant=256 H=128 W=128 K=3 seed=1234
tile_size=256
checksum 1.545684
--- perf stat -x, ---
993457,,cpu_core/L1-dcache-loads/,1809567,96.00,,
15253,,cpu_core/L1-dcache-load-misses/,1809567,96.00,1.54,of all L1-dcache accesses
801841,,cpu_core/branch-instructions/,1809567,96.00,,
22130,,cpu_core/branch-misses/,1809567,96.00,,
4666765,,cpu_core/instructions/,1809567,96.00,,
3089577,,cpu_core/cpu-cycles/,1809567,96.00,,
2,,context-switches,1867257,100.00,,
179,,page-faults,1867257,100.00,,

----- [tile_256] H=128 W=128 K=3 seed=1234 rep=5/20 exit=0 -----
PROFILING tile variant=256 H=128 W=128 K=3 seed=1234
tile_size=256
checksum 1.545684
--- perf stat -x, ---
1061283,,cpu_core/L1-dcache-loads/,1280915,82.00,,
15156,,cpu_core/L1-dcache-load-misses/,1280915,82.00,1.43,of all L1-dcache accesses
864789,,cpu_core/branch-instructions/,1280915,82.00,,
22810,,cpu_core/branch-misses/,1280915,82.00,,
5044787,,cpu_core/instructions/,1280915,82.00,,
2918355,,cpu_core/cpu-cycles/,1280915,82.00,,
1,,context-switches,1550073,100.00,,
180,,page-faults,1550073,100.00,,

----- [tile_256] H=128 W=128 K=3 seed=1234 rep=6/20 exit=0 -----
PROFILING tile variant=256 H=128 W=128 K=3 seed=1234
tile_size=256
checksum 1.545684
--- perf stat -x, ---
1122781,,cpu_core/L1-dcache-loads/,1118432,65.00,,
13149,,cpu_core/L1-dcache-load-misses/,1118432,65.00,1.17,of all L1-dcache accesses
934895,,cpu_core/branch-instructions/,1118432,65.00,,
22611,,cpu_core/branch-misses/,1118432,65.00,,
5480327,,cpu_core/instructions/,1118432,65.00,,
2988587,,cpu_core/cpu-cycles/,1118432,65.00,,
1,,context-switches,1700843,100.00,,
179,,page-faults,1700843,100.00,,

----- [tile_256] H=128 W=128 K=3 seed=1234 rep=7/20 exit=0 -----
PROFILING tile variant=256 H=128 W=128 K=3 seed=1234
tile_size=256
checksum 1.545684
--- perf stat -x, ---
1098114,,cpu_core/L1-dcache-loads/,1214949,67.00,,
13227,,cpu_core/L1-dcache-load-misses/,1214949,67.00,1.20,of all L1-dcache accesses
913560,,cpu_core/branch-instructions/,1214949,67.00,,
23846,,cpu_core/branch-misses/,1214949,67.00,,
5359996,,cpu_core/instructions/,1214949,67.00,,
2979429,,cpu_core/cpu-cycles/,1214949,67.00,,
1,,context-switches,1804655,100.00,,
179,,page-faults,1804655,100.00,,

----- [tile_256] H=128 W=128 K=3 seed=1234 rep=8/20 exit=0 -----
PROFILING tile variant=256 H=128 W=128 K=3 seed=1234
tile_size=256
checksum 1.545684
--- perf stat -x, ---
1171389,,cpu_core/L1-dcache-loads/,1509663,63.00,,
14275,,cpu_core/L1-dcache-load-misses/,1509663,63.00,1.22,of all L1-dcache accesses
973553,,cpu_core/branch-instructions/,1509663,63.00,,
24049,,cpu_core/branch-misses/,1509663,63.00,,
5713927,,cpu_core/instructions/,1509663,63.00,,
3398354,,cpu_core/cpu-cycles/,1509663,63.00,,
1,,context-switches,2382677,100.00,,
178,,page-faults,2382677,100.00,,

----- [tile_256] H=128 W=128 K=3 seed=1234 rep=9/20 exit=0 -----
PROFILING tile variant=256 H=128 W=128 K=3 seed=1234
tile_size=256
checksum 1.545684
--- perf stat -x, ---
1138309,,cpu_core/L1-dcache-loads/,1029206,64.00,,
13646,,cpu_core/L1-dcache-load-misses/,1029206,64.00,1.20,of all L1-dcache accesses
946763,,cpu_core/branch-instructions/,1029206,64.00,,
24747,,cpu_core/branch-misses/,1029206,64.00,,
5558515,,cpu_core/instructions/,1029206,64.00,,
2979133,,cpu_core/cpu-cycles/,1029206,64.00,,
1,,context-switches,1584486,100.00,,
178,,page-faults,1584486,100.00,,

----- [tile_256] H=128 W=128 K=3 seed=1234 rep=10/20 exit=0 -----
PROFILING tile variant=256 H=128 W=128 K=3 seed=1234
tile_size=256
checksum 1.545684
--- perf stat -x, ---
1138333,,cpu_core/L1-dcache-loads/,1152643,64.00,,
13380,,cpu_core/L1-dcache-load-misses/,1152643,64.00,1.18,of all L1-dcache accesses
947672,,cpu_core/branch-instructions/,1152643,64.00,,
22704,,cpu_core/branch-misses/,1152643,64.00,,
5560429,,cpu_core/instructions/,1152643,64.00,,
2995207,,cpu_core/cpu-cycles/,1152643,64.00,,
1,,context-switches,1781095,100.00,,
178,,page-faults,1781095,100.00,,

----- [tile_256] H=128 W=128 K=3 seed=1234 rep=11/20 exit=0 -----
PROFILING tile variant=256 H=128 W=128 K=3 seed=1234
tile_size=256
checksum 1.545684
--- perf stat -x, ---
1109806,,cpu_core/L1-dcache-loads/,1280464,66.00,,
13648,,cpu_core/L1-dcache-load-misses/,1280464,66.00,1.23,of all L1-dcache accesses
923098,,cpu_core/branch-instructions/,1280464,66.00,,
24871,,cpu_core/branch-misses/,1280464,66.00,,
5417704,,cpu_core/instructions/,1280464,66.00,,
3145200,,cpu_core/cpu-cycles/,1280464,66.00,,
1,,context-switches,1920471,100.00,,
180,,page-faults,1920471,100.00,,

----- [tile_256] H=128 W=128 K=3 seed=1234 rep=12/20 exit=0 -----
PROFILING tile variant=256 H=128 W=128 K=3 seed=1234
tile_size=256
checksum 1.545684
--- perf stat -x, ---
1132372,,cpu_core/L1-dcache-loads/,1133999,65.00,,
14002,,cpu_core/L1-dcache-load-misses/,1133999,65.00,1.24,of all L1-dcache accesses
940869,,cpu_core/branch-instructions/,1133999,65.00,,
24485,,cpu_core/branch-misses/,1133999,65.00,,
5528306,,cpu_core/instructions/,1133999,65.00,,
3015495,,cpu_core/cpu-cycles/,1133999,65.00,,
1,,context-switches,1732890,100.00,,
177,,page-faults,1732890,100.00,,

----- [tile_256] H=128 W=128 K=3 seed=1234 rep=13/20 exit=0 -----
PROFILING tile variant=256 H=128 W=128 K=3 seed=1234
tile_size=256
checksum 1.545684
--- perf stat -x, ---
967543,,cpu_core/L1-dcache-loads/,1314371,100.00,,
14409,,cpu_core/L1-dcache-load-misses/,1314371,100.00,1.49,of all L1-dcache accesses
780195,,cpu_core/branch-instructions/,1314371,100.00,,
20722,,cpu_core/branch-misses/,1314371,100.00,,
4535779,,cpu_core/instructions/,1314371,100.00,,
2716738,,cpu_core/cpu-cycles/,1314371,100.00,,
0,,context-switches,1314371,100.00,,
177,,page-faults,1314371,100.00,,

----- [tile_256] H=128 W=128 K=3 seed=1234 rep=14/20 exit=0 -----
PROFILING tile variant=256 H=128 W=128 K=3 seed=1234
tile_size=256
checksum 1.545684
--- perf stat -x, ---
971840,,cpu_core/L1-dcache-loads/,1534501,100.00,,
14480,,cpu_core/L1-dcache-load-misses/,1534501,100.00,1.49,of all L1-dcache accesses
783451,,cpu_core/branch-instructions/,1534501,100.00,,
22107,,cpu_core/branch-misses/,1534501,100.00,,
4554329,,cpu_core/instructions/,1534501,100.00,,
2836780,,cpu_core/cpu-cycles/,1534501,100.00,,
1,,context-switches,1534501,100.00,,
179,,page-faults,1534501,100.00,,

----- [tile_256] H=128 W=128 K=3 seed=1234 rep=15/20 exit=0 -----
PROFILING tile variant=256 H=128 W=128 K=3 seed=1234
tile_size=256
checksum 1.545684
--- perf stat -x, ---
1114850,,cpu_core/L1-dcache-loads/,1093397,65.00,,
13580,,cpu_core/L1-dcache-load-misses/,1093397,65.00,1.22,of all L1-dcache accesses
928183,,cpu_core/branch-instructions/,1093397,65.00,,
24170,,cpu_core/branch-misses/,1093397,65.00,,
5442774,,cpu_core/instructions/,1093397,65.00,,
2912585,,cpu_core/cpu-cycles/,1093397,65.00,,
1,,context-switches,1657039,100.00,,
178,,page-faults,1657039,100.00,,

----- [tile_256] H=128 W=128 K=3 seed=1234 rep=16/20 exit=0 -----
PROFILING tile variant=256 H=128 W=128 K=3 seed=1234
tile_size=256
checksum 1.545684
--- perf stat -x, ---
1114756,,cpu_core/L1-dcache-loads/,1042464,66.00,,
13604,,cpu_core/L1-dcache-load-misses/,1042464,66.00,1.22,of all L1-dcache accesses
927528,,cpu_core/branch-instructions/,1042464,66.00,,
25472,,cpu_core/branch-misses/,1042464,66.00,,
5442501,,cpu_core/instructions/,1042464,66.00,,
2961842,,cpu_core/cpu-cycles/,1042464,66.00,,
1,,context-switches,1577709,100.00,,
179,,page-faults,1577709,100.00,,

----- [tile_256] H=128 W=128 K=3 seed=1234 rep=17/20 exit=0 -----
PROFILING tile variant=256 H=128 W=128 K=3 seed=1234
tile_size=256
checksum 1.545684
--- perf stat -x, ---
1133512,,cpu_core/L1-dcache-loads/,1145049,64.00,,
13420,,cpu_core/L1-dcache-load-misses/,1145049,64.00,1.18,of all L1-dcache accesses
943764,,cpu_core/branch-instructions/,1145049,64.00,,
24647,,cpu_core/branch-misses/,1145049,64.00,,
5538461,,cpu_core/instructions/,1145049,64.00,,
3107530,,cpu_core/cpu-cycles/,1145049,64.00,,
1,,context-switches,1766792,100.00,,
176,,page-faults,1766792,100.00,,

----- [tile_256] H=128 W=128 K=3 seed=1234 rep=18/20 exit=0 -----
PROFILING tile variant=256 H=128 W=128 K=3 seed=1234
tile_size=256
checksum 1.545684
--- perf stat -x, ---
1134622,,cpu_core/L1-dcache-loads/,1213421,65.00,,
13889,,cpu_core/L1-dcache-load-misses/,1213421,65.00,1.22,of all L1-dcache accesses
944245,,cpu_core/branch-instructions/,1213421,65.00,,
25194,,cpu_core/branch-misses/,1213421,65.00,,
5539883,,cpu_core/instructions/,1213421,65.00,,
3089433,,cpu_core/cpu-cycles/,1213421,65.00,,
1,,context-switches,1866047,100.00,,
180,,page-faults,1866047,100.00,,

----- [tile_256] H=128 W=128 K=3 seed=1234 rep=19/20 exit=0 -----
PROFILING tile variant=256 H=128 W=128 K=3 seed=1234
tile_size=256
checksum 1.545684
--- perf stat -x, ---
975546,,cpu_core/L1-dcache-loads/,1731653,100.00,,
15040,,cpu_core/L1-dcache-load-misses/,1731653,100.00,1.54,of all L1-dcache accesses
785733,,cpu_core/branch-instructions/,1731653,100.00,,
21740,,cpu_core/branch-misses/,1731653,100.00,,
4570174,,cpu_core/instructions/,1731653,100.00,,
2895580,,cpu_core/cpu-cycles/,1731653,100.00,,
1,,context-switches,1731653,100.00,,
180,,page-faults,1731653,100.00,,

----- [tile_256] H=128 W=128 K=3 seed=1234 rep=20/20 exit=0 -----
PROFILING tile variant=256 H=128 W=128 K=3 seed=1234
tile_size=256
checksum 1.545684
--- perf stat -x, ---
1018551,,cpu_core/L1-dcache-loads/,1103393,72.00,,
12349,,cpu_core/L1-dcache-load-misses/,1103393,72.00,1.21,of all L1-dcache accesses
847346,,cpu_core/branch-instructions/,1103393,72.00,,
22598,,cpu_core/branch-misses/,1103393,72.00,,
4971534,,cpu_core/instructions/,1103393,72.00,,
2660563,,cpu_core/cpu-cycles/,1103393,72.00,,
1,,context-switches,1524051,100.00,,
179,,page-faults,1524051,100.00,,

----- [tile_256] H=256 W=256 K=3 seed=1234 rep=1/20 exit=0 -----
PROFILING tile variant=256 H=256 W=256 K=3 seed=1234
tile_size=256
checksum 1.200319
--- perf stat -x, ---
2524350,,cpu_core/L1-dcache-loads/,2346822,80.00,,
14874,,cpu_core/L1-dcache-load-misses/,2346822,80.00,0.59,of all L1-dcache accesses
2192046,,cpu_core/branch-instructions/,2346822,80.00,,
52252,,cpu_core/branch-misses/,2346822,80.00,,
13153598,,cpu_core/instructions/,2346822,80.00,,
5494883,,cpu_core/cpu-cycles/,2346822,80.00,,
1,,context-switches,2910668,100.00,,
328,,page-faults,2910668,100.00,,

----- [tile_256] H=256 W=256 K=3 seed=1234 rep=2/20 exit=0 -----
PROFILING tile variant=256 H=256 W=256 K=3 seed=1234
tile_size=256
checksum 1.200319
--- perf stat -x, ---
2504836,,cpu_core/L1-dcache-loads/,2699535,81.00,,
15961,,cpu_core/L1-dcache-load-misses/,2699535,81.00,0.64,of all L1-dcache accesses
2175246,,cpu_core/branch-instructions/,2699535,81.00,,
52466,,cpu_core/branch-misses/,2699535,81.00,,
13047463,,cpu_core/instructions/,2699535,81.00,,
5574040,,cpu_core/cpu-cycles/,2699535,81.00,,
1,,context-switches,3315761,100.00,,
327,,page-faults,3315761,100.00,,

----- [tile_256] H=256 W=256 K=3 seed=1234 rep=3/20 exit=0 -----
PROFILING tile variant=256 H=256 W=256 K=3 seed=1234
tile_size=256
checksum 1.200319
--- perf stat -x, ---
2499425,,cpu_core/L1-dcache-loads/,2611235,81.00,,
15544,,cpu_core/L1-dcache-load-misses/,2611235,81.00,0.62,of all L1-dcache accesses
2169748,,cpu_core/branch-instructions/,2611235,81.00,,
50463,,cpu_core/branch-misses/,2611235,81.00,,
13020197,,cpu_core/instructions/,2611235,81.00,,
5461655,,cpu_core/cpu-cycles/,2611235,81.00,,
1,,context-switches,3204254,100.00,,
328,,page-faults,3204254,100.00,,

----- [tile_256] H=256 W=256 K=3 seed=1234 rep=4/20 exit=0 -----
PROFILING tile variant=256 H=256 W=256 K=3 seed=1234
tile_size=256
checksum 1.200319
--- perf stat -x, ---
2279842,,cpu_core/L1-dcache-loads/,3208073,100.00,,
18277,,cpu_core/L1-dcache-load-misses/,3208073,100.00,0.80,of all L1-dcache accesses
1944796,,cpu_core/branch-instructions/,3208073,100.00,,
47254,,cpu_core/branch-misses/,3208073,100.00,,
11606317,,cpu_core/instructions/,3208073,100.00,,
5559129,,cpu_core/cpu-cycles/,3208073,100.00,,
1,,context-switches,3208073,100.00,,
328,,page-faults,3208073,100.00,,

----- [tile_256] H=256 W=256 K=3 seed=1234 rep=5/20 exit=0 -----
PROFILING tile variant=256 H=256 W=256 K=3 seed=1234
tile_size=256
checksum 1.200319
--- perf stat -x, ---
2510195,,cpu_core/L1-dcache-loads/,2328173,81.00,,
15284,,cpu_core/L1-dcache-load-misses/,2328173,81.00,0.61,of all L1-dcache accesses
2179901,,cpu_core/branch-instructions/,2328173,81.00,,
51607,,cpu_core/branch-misses/,2328173,81.00,,
13077587,,cpu_core/instructions/,2328173,81.00,,
5410024,,cpu_core/cpu-cycles/,2328173,81.00,,
1,,context-switches,2865803,100.00,,
327,,page-faults,2865803,100.00,,

----- [tile_256] H=256 W=256 K=3 seed=1234 rep=6/20 exit=0 -----
PROFILING tile variant=256 H=256 W=256 K=3 seed=1234
tile_size=256
checksum 1.200319
--- perf stat -x, ---
2438331,,cpu_core/L1-dcache-loads/,2092828,83.00,,
16422,,cpu_core/L1-dcache-load-misses/,2092828,83.00,0.67,of all L1-dcache accesses
2117822,,cpu_core/branch-instructions/,2092828,83.00,,
50016,,cpu_core/branch-misses/,2092828,83.00,,
12704138,,cpu_core/instructions/,2092828,83.00,,
5396153,,cpu_core/cpu-cycles/,2092828,83.00,,
1,,context-switches,2505299,100.00,,
326,,page-faults,2505299,100.00,,

----- [tile_256] H=256 W=256 K=3 seed=1234 rep=7/20 exit=0 -----
PROFILING tile variant=256 H=256 W=256 K=3 seed=1234
tile_size=256
checksum 1.200319
--- perf stat -x, ---
2267297,,cpu_core/L1-dcache-loads/,2935471,100.00,,
18014,,cpu_core/L1-dcache-load-misses/,2935471,100.00,0.79,of all L1-dcache accesses
1934781,,cpu_core/branch-instructions/,2935471,100.00,,
46513,,cpu_core/branch-misses/,2935471,100.00,,
11550035,,cpu_core/instructions/,2935471,100.00,,
5236404,,cpu_core/cpu-cycles/,2935471,100.00,,
1,,context-switches,2935471,100.00,,
323,,page-faults,2935471,100.00,,

----- [tile_256] H=256 W=256 K=3 seed=1234 rep=8/20 exit=0 -----
PROFILING tile variant=256 H=256 W=256 K=3 seed=1234
tile_size=256
checksum 1.200319
--- perf stat -x, ---
2276656,,cpu_core/L1-dcache-loads/,2880568,100.00,,
19702,,cpu_core/L1-dcache-load-misses/,2880568,100.00,0.87,of all L1-dcache accesses
1941365,,cpu_core/branch-instructions/,2880568,100.00,,
47976,,cpu_core/branch-misses/,2880568,100.00,,
11590092,,cpu_core/instructions/,2880568,100.00,,
5423827,,cpu_core/cpu-cycles/,2880568,100.00,,
1,,context-switches,2880568,100.00,,
328,,page-faults,2880568,100.00,,

----- [tile_256] H=256 W=256 K=3 seed=1234 rep=9/20 exit=0 -----
PROFILING tile variant=256 H=256 W=256 K=3 seed=1234
tile_size=256
checksum 1.200319
--- perf stat -x, ---
2511250,,cpu_core/L1-dcache-loads/,2310534,81.00,,
16213,,cpu_core/L1-dcache-load-misses/,2310534,81.00,0.65,of all L1-dcache accesses
2181167,,cpu_core/branch-instructions/,2310534,81.00,,
52193,,cpu_core/branch-misses/,2310534,81.00,,
13085557,,cpu_core/instructions/,2310534,81.00,,
5521540,,cpu_core/cpu-cycles/,2310534,81.00,,
1,,context-switches,2850263,100.00,,
323,,page-faults,2850263,100.00,,

----- [tile_256] H=256 W=256 K=3 seed=1234 rep=10/20 exit=0 -----
PROFILING tile variant=256 H=256 W=256 K=3 seed=1234
tile_size=256
checksum 1.200319
--- perf stat -x, ---
2520110,,cpu_core/L1-dcache-loads/,2407770,80.00,,
15785,,cpu_core/L1-dcache-load-misses/,2407770,80.00,0.63,of all L1-dcache accesses
2188875,,cpu_core/branch-instructions/,2407770,80.00,,
51473,,cpu_core/branch-misses/,2407770,80.00,,
13131047,,cpu_core/instructions/,2407770,80.00,,
5587489,,cpu_core/cpu-cycles/,2407770,80.00,,
2,,context-switches,2982474,100.00,,
327,,page-faults,2982474,100.00,,

----- [tile_256] H=256 W=256 K=3 seed=1234 rep=11/20 exit=0 -----
PROFILING tile variant=256 H=256 W=256 K=3 seed=1234
tile_size=256
checksum 1.200319
--- perf stat -x, ---
2273887,,cpu_core/L1-dcache-loads/,3098269,100.00,,
19026,,cpu_core/L1-dcache-load-misses/,3098269,100.00,0.84,of all L1-dcache accesses
1939479,,cpu_core/branch-instructions/,3098269,100.00,,
48063,,cpu_core/branch-misses/,3098269,100.00,,
11577220,,cpu_core/instructions/,3098269,100.00,,
5415164,,cpu_core/cpu-cycles/,3098269,100.00,,
1,,context-switches,3098269,100.00,,
328,,page-faults,3098269,100.00,,

----- [tile_256] H=256 W=256 K=3 seed=1234 rep=12/20 exit=0 -----
PROFILING tile variant=256 H=256 W=256 K=3 seed=1234
tile_size=256
checksum 1.200319
--- perf stat -x, ---
2307409,,cpu_core/L1-dcache-loads/,2824744,97.00,,
18811,,cpu_core/L1-dcache-load-misses/,2824744,97.00,0.82,of all L1-dcache accesses
1973301,,cpu_core/branch-instructions/,2824744,97.00,,
47601,,cpu_core/branch-misses/,2824744,97.00,,
11774665,,cpu_core/instructions/,2824744,97.00,,
5441713,,cpu_core/cpu-cycles/,2824744,97.00,,
2,,context-switches,2891084,100.00,,
328,,page-faults,2891084,100.00,,

----- [tile_256] H=256 W=256 K=3 seed=1234 rep=13/20 exit=0 -----
PROFILING tile variant=256 H=256 W=256 K=3 seed=1234
tile_size=256
checksum 1.200319
--- perf stat -x, ---
2505619,,cpu_core/L1-dcache-loads/,2327717,81.00,,
15812,,cpu_core/L1-dcache-load-misses/,2327717,81.00,0.63,of all L1-dcache accesses
2175796,,cpu_core/branch-instructions/,2327717,81.00,,
52349,,cpu_core/branch-misses/,2327717,81.00,,
13055987,,cpu_core/instructions/,2327717,81.00,,
5369589,,cpu_core/cpu-cycles/,2327717,81.00,,
1,,context-switches,2865694,100.00,,
326,,page-faults,2865694,100.00,,

----- [tile_256] H=256 W=256 K=3 seed=1234 rep=14/20 exit=0 -----
PROFILING tile variant=256 H=256 W=256 K=3 seed=1234
tile_size=256
checksum 1.200319
--- perf stat -x, ---
2320645,,cpu_core/L1-dcache-loads/,3082287,97.00,,
19334,,cpu_core/L1-dcache-load-misses/,3082287,97.00,0.83,of all L1-dcache accesses
1982850,,cpu_core/branch-instructions/,3082287,97.00,,
49946,,cpu_core/branch-misses/,3082287,97.00,,
11846870,,cpu_core/instructions/,3082287,97.00,,
5536849,,cpu_core/cpu-cycles/,3082287,97.00,,
2,,context-switches,3167453,100.00,,
325,,page-faults,3167453,100.00,,

----- [tile_256] H=256 W=256 K=3 seed=1234 rep=15/20 exit=0 -----
PROFILING tile variant=256 H=256 W=256 K=3 seed=1234
tile_size=256
checksum 1.200319
--- perf stat -x, ---
2516212,,cpu_core/L1-dcache-loads/,2666274,80.00,,
15543,,cpu_core/L1-dcache-load-misses/,2666274,80.00,0.62,of all L1-dcache accesses
2184954,,cpu_core/branch-instructions/,2666274,80.00,,
52055,,cpu_core/branch-misses/,2666274,80.00,,
13107505,,cpu_core/instructions/,2666274,80.00,,
5514034,,cpu_core/cpu-cycles/,2666274,80.00,,
1,,context-switches,3294116,100.00,,
328,,page-faults,3294116,100.00,,

----- [tile_256] H=256 W=256 K=3 seed=1234 rep=16/20 exit=0 -----
PROFILING tile variant=256 H=256 W=256 K=3 seed=1234
tile_size=256
checksum 1.200319
--- perf stat -x, ---
2552915,,cpu_core/L1-dcache-loads/,2486020,79.00,,
15788,,cpu_core/L1-dcache-load-misses/,2486020,79.00,0.62,of all L1-dcache accesses
2217490,,cpu_core/branch-instructions/,2486020,79.00,,
52196,,cpu_core/branch-misses/,2486020,79.00,,
13302608,,cpu_core/instructions/,2486020,79.00,,
5572407,,cpu_core/cpu-cycles/,2486020,79.00,,
1,,context-switches,3116568,100.00,,
328,,page-faults,3116568,100.00,,

----- [tile_256] H=256 W=256 K=3 seed=1234 rep=17/20 exit=0 -----
PROFILING tile variant=256 H=256 W=256 K=3 seed=1234
tile_size=256
checksum 1.200319
--- perf stat -x, ---
2268282,,cpu_core/L1-dcache-loads/,1642551,100.00,,
17846,,cpu_core/L1-dcache-load-misses/,1642551,100.00,0.79,of all L1-dcache accesses
1936435,,cpu_core/branch-instructions/,1642551,100.00,,
47805,,cpu_core/branch-misses/,1642551,100.00,,
11554566,,cpu_core/instructions/,1642551,100.00,,
5287937,,cpu_core/cpu-cycles/,1642551,100.00,,
1,,context-switches,1642551,100.00,,
327,,page-faults,1642551,100.00,,

----- [tile_256] H=256 W=256 K=3 seed=1234 rep=18/20 exit=0 -----
PROFILING tile variant=256 H=256 W=256 K=3 seed=1234
tile_size=256
checksum 1.200319
--- perf stat -x, ---
2596122,,cpu_core/L1-dcache-loads/,3127883,78.00,,
16882,,cpu_core/L1-dcache-load-misses/,3127883,78.00,0.65,of all L1-dcache accesses
2254102,,cpu_core/branch-instructions/,3127883,78.00,,
53688,,cpu_core/branch-misses/,3127883,78.00,,
13523548,,cpu_core/instructions/,3127883,78.00,,
5694933,,cpu_core/cpu-cycles/,3127883,78.00,,
1,,context-switches,3983912,100.00,,
327,,page-faults,3983912,100.00,,

----- [tile_256] H=256 W=256 K=3 seed=1234 rep=19/20 exit=0 -----
PROFILING tile variant=256 H=256 W=256 K=3 seed=1234
tile_size=256
checksum 1.200319
--- perf stat -x, ---
2371436,,cpu_core/L1-dcache-loads/,2294504,85.00,,
14846,,cpu_core/L1-dcache-load-misses/,2294504,85.00,0.63,of all L1-dcache accesses
2059629,,cpu_core/branch-instructions/,2294504,85.00,,
49227,,cpu_core/branch-misses/,2294504,85.00,,
12353329,,cpu_core/instructions/,2294504,85.00,,
5161650,,cpu_core/cpu-cycles/,2294504,85.00,,
1,,context-switches,2668199,100.00,,
329,,page-faults,2668199,100.00,,

----- [tile_256] H=256 W=256 K=3 seed=1234 rep=20/20 exit=0 -----
PROFILING tile variant=256 H=256 W=256 K=3 seed=1234
tile_size=256
checksum 1.200319
--- perf stat -x, ---
2276072,,cpu_core/L1-dcache-loads/,3193030,100.00,,
18868,,cpu_core/L1-dcache-load-misses/,3193030,100.00,0.83,of all L1-dcache accesses
1942234,,cpu_core/branch-instructions/,3193030,100.00,,
48376,,cpu_core/branch-misses/,3193030,100.00,,
11589284,,cpu_core/instructions/,3193030,100.00,,
5351268,,cpu_core/cpu-cycles/,3193030,100.00,,
1,,context-switches,3193030,100.00,,
328,,page-faults,3193030,100.00,,

----- [tile_256] H=512 W=512 K=3 seed=1234 rep=1/20 exit=0 -----
PROFILING tile variant=256 H=512 W=512 K=3 seed=1234
tile_size=256
checksum -0.596669
--- perf stat -x, ---
7707867,,cpu_core/L1-dcache-loads/,8054865,93.00,,
28438,,cpu_core/L1-dcache-load-misses/,8054865,93.00,0.37,of all L1-dcache accesses
6810726,,cpu_core/branch-instructions/,8054865,93.00,,
151734,,cpu_core/branch-misses/,8054865,93.00,,
41214646,,cpu_core/instructions/,8054865,93.00,,
15466542,,cpu_core/cpu-cycles/,8054865,93.00,,
1,,context-switches,8615589,100.00,,
903,,page-faults,8615589,100.00,,

----- [tile_256] H=512 W=512 K=3 seed=1234 rep=2/20 exit=0 -----
PROFILING tile variant=256 H=512 W=512 K=3 seed=1234
tile_size=256
checksum -0.596669
--- perf stat -x, ---
7600263,,cpu_core/L1-dcache-loads/,8391299,96.00,,
29397,,cpu_core/L1-dcache-load-misses/,8391299,96.00,0.39,of all L1-dcache accesses
6693392,,cpu_core/branch-instructions/,8391299,96.00,,
151131,,cpu_core/branch-misses/,8391299,96.00,,
40466933,,cpu_core/instructions/,8391299,96.00,,
15098633,,cpu_core/cpu-cycles/,8391299,96.00,,
2,,context-switches,8693879,100.00,,
904,,page-faults,8693879,100.00,,

----- [tile_256] H=512 W=512 K=3 seed=1234 rep=3/20 exit=0 -----
PROFILING tile variant=256 H=512 W=512 K=3 seed=1234
tile_size=256
checksum -0.596669
--- perf stat -x, ---
7583460,,cpu_core/L1-dcache-loads/,8618179,97.00,,
31670,,cpu_core/L1-dcache-load-misses/,8618179,97.00,0.42,of all L1-dcache accesses
6672545,,cpu_core/branch-instructions/,8618179,97.00,,
151409,,cpu_core/branch-misses/,8618179,97.00,,
40333085,,cpu_core/instructions/,8618179,97.00,,
15468098,,cpu_core/cpu-cycles/,8618179,97.00,,
2,,context-switches,8867308,100.00,,
905,,page-faults,8867308,100.00,,

----- [tile_256] H=512 W=512 K=3 seed=1234 rep=4/20 exit=0 -----
PROFILING tile variant=256 H=512 W=512 K=3 seed=1234
tile_size=256
checksum -0.596669
--- perf stat -x, ---
7765403,,cpu_core/L1-dcache-loads/,8213595,92.00,,
27568,,cpu_core/L1-dcache-load-misses/,8213595,92.00,0.36,of all L1-dcache accesses
6860872,,cpu_core/branch-instructions/,8213595,92.00,,
156032,,cpu_core/branch-misses/,8213595,92.00,,
41521177,,cpu_core/instructions/,8213595,92.00,,
15227893,,cpu_core/cpu-cycles/,8213595,92.00,,
1,,context-switches,8849104,100.00,,
901,,page-faults,8849104,100.00,,

----- [tile_256] H=512 W=512 K=3 seed=1234 rep=5/20 exit=0 -----
PROFILING tile variant=256 H=512 W=512 K=3 seed=1234
tile_size=256
checksum -0.596669
--- perf stat -x, ---
7706247,,cpu_core/L1-dcache-loads/,7677772,93.00,,
27627,,cpu_core/L1-dcache-load-misses/,7677772,93.00,0.36,of all L1-dcache accesses
6808504,,cpu_core/branch-instructions/,7677772,93.00,,
151999,,cpu_core/branch-misses/,7677772,93.00,,
41203092,,cpu_core/instructions/,7677772,93.00,,
15183855,,cpu_core/cpu-cycles/,7677772,93.00,,
2,,context-switches,8208352,100.00,,
904,,page-faults,8208352,100.00,,

----- [tile_256] H=512 W=512 K=3 seed=1234 rep=6/20 exit=0 -----
PROFILING tile variant=256 H=512 W=512 K=3 seed=1234
tile_size=256
checksum -0.596669
--- perf stat -x, ---
7576332,,cpu_core/L1-dcache-loads/,7857673,95.00,,
27561,,cpu_core/L1-dcache-load-misses/,7857673,95.00,0.36,of all L1-dcache accesses
6693666,,cpu_core/branch-instructions/,7857673,95.00,,
149634,,cpu_core/branch-misses/,7857673,95.00,,
40509489,,cpu_core/instructions/,7857673,95.00,,
14714980,,cpu_core/cpu-cycles/,7857673,95.00,,
1,,context-switches,8260379,100.00,,
901,,page-faults,8260379,100.00,,

----- [tile_256] H=512 W=512 K=3 seed=1234 rep=7/20 exit=0 -----
PROFILING tile variant=256 H=512 W=512 K=3 seed=1234
tile_size=256
checksum -0.596669
--- perf stat -x, ---
7685525,,cpu_core/L1-dcache-loads/,8609106,93.00,,
26897,,cpu_core/L1-dcache-load-misses/,8609106,93.00,0.35,of all L1-dcache accesses
6789702,,cpu_core/branch-instructions/,8609106,93.00,,
152389,,cpu_core/branch-misses/,8609106,93.00,,
41092855,,cpu_core/instructions/,8609106,93.00,,
15908531,,cpu_core/cpu-cycles/,8609106,93.00,,
1,,context-switches,9179830,100.00,,
901,,page-faults,9179830,100.00,,

----- [tile_256] H=512 W=512 K=3 seed=1234 rep=8/20 exit=0 -----
PROFILING tile variant=256 H=512 W=512 K=3 seed=1234
tile_size=256
checksum -0.596669
--- perf stat -x, ---
7657732,,cpu_core/L1-dcache-loads/,6907840,94.00,,
28290,,cpu_core/L1-dcache-load-misses/,6907840,94.00,0.37,of all L1-dcache accesses
6766186,,cpu_core/branch-instructions/,6907840,94.00,,
151371,,cpu_core/branch-misses/,6907840,94.00,,
40946349,,cpu_core/instructions/,6907840,94.00,,
14782338,,cpu_core/cpu-cycles/,6907840,94.00,,
2,,context-switches,7340852,100.00,,
902,,page-faults,7340852,100.00,,

----- [tile_256] H=512 W=512 K=3 seed=1234 rep=9/20 exit=0 -----
PROFILING tile variant=256 H=512 W=512 K=3 seed=1234
tile_size=256
checksum -0.596669
--- perf stat -x, ---
7852886,,cpu_core/L1-dcache-loads/,8339695,91.00,,
27911,,cpu_core/L1-dcache-load-misses/,8339695,91.00,0.36,of all L1-dcache accesses
6938484,,cpu_core/branch-instructions/,8339695,91.00,,
157086,,cpu_core/branch-misses/,8339695,91.00,,
41990670,,cpu_core/instructions/,8339695,91.00,,
15371749,,cpu_core/cpu-cycles/,8339695,91.00,,
1,,context-switches,9088575,100.00,,
904,,page-faults,9088575,100.00,,

----- [tile_256] H=512 W=512 K=3 seed=1234 rep=10/20 exit=0 -----
PROFILING tile variant=256 H=512 W=512 K=3 seed=1234
tile_size=256
checksum -0.596669
--- perf stat -x, ---
7637253,,cpu_core/L1-dcache-loads/,8294886,96.00,,
31496,,cpu_core/L1-dcache-load-misses/,8294886,96.00,0.41,of all L1-dcache accesses
6719949,,cpu_core/branch-instructions/,8294886,96.00,,
149702,,cpu_core/branch-misses/,8294886,96.00,,
40619747,,cpu_core/instructions/,8294886,96.00,,
15136135,,cpu_core/cpu-cycles/,8294886,96.00,,
2,,context-switches,8597264,100.00,,
903,,page-faults,8597264,100.00,,

----- [tile_256] H=512 W=512 K=3 seed=1234 rep=11/20 exit=0 -----
PROFILING tile variant=256 H=512 W=512 K=3 seed=1234
tile_size=256
checksum -0.596669
--- perf stat -x, ---
7733254,,cpu_core/L1-dcache-loads/,7458155,93.00,,
28803,,cpu_core/L1-dcache-load-misses/,7458155,93.00,0.37,of all L1-dcache accesses
6832310,,cpu_core/branch-instructions/,7458155,93.00,,
154664,,cpu_core/branch-misses/,7458155,93.00,,
41347385,,cpu_core/instructions/,7458155,93.00,,
15066466,,cpu_core/cpu-cycles/,7458155,93.00,,
1,,context-switches,8002535,100.00,,
905,,page-faults,8002535,100.00,,

----- [tile_256] H=512 W=512 K=3 seed=1234 rep=12/20 exit=0 -----
PROFILING tile variant=256 H=512 W=512 K=3 seed=1234
tile_size=256
checksum -0.596669
--- perf stat -x, ---
7638915,,cpu_core/L1-dcache-loads/,8038066,96.00,,
31032,,cpu_core/L1-dcache-load-misses/,8038066,96.00,0.41,of all L1-dcache accesses
6727177,,cpu_core/branch-instructions/,8038066,96.00,,
151476,,cpu_core/branch-misses/,8038066,96.00,,
40669155,,cpu_core/instructions/,8038066,96.00,,
14955311,,cpu_core/cpu-cycles/,8038066,96.00,,
1,,context-switches,8369847,100.00,,
903,,page-faults,8369847,100.00,,

----- [tile_256] H=512 W=512 K=3 seed=1234 rep=13/20 exit=0 -----
PROFILING tile variant=256 H=512 W=512 K=3 seed=1234
tile_size=256
checksum -0.596669
--- perf stat -x, ---
7761794,,cpu_core/L1-dcache-loads/,8629756,92.00,,
27804,,cpu_core/L1-dcache-load-misses/,8629756,92.00,0.36,of all L1-dcache accesses
6857088,,cpu_core/branch-instructions/,8629756,92.00,,
153987,,cpu_core/branch-misses/,8629756,92.00,,
41499416,,cpu_core/instructions/,8629756,92.00,,
15487824,,cpu_core/cpu-cycles/,8629756,92.00,,
1,,context-switches,9294391,100.00,,
903,,page-faults,9294391,100.00,,

----- [tile_256] H=512 W=512 K=3 seed=1234 rep=14/20 exit=0 -----
PROFILING tile variant=256 H=512 W=512 K=3 seed=1234
tile_size=256
checksum -0.596669
--- perf stat -x, ---
7728305,,cpu_core/L1-dcache-loads/,8068580,93.00,,
26467,,cpu_core/L1-dcache-load-misses/,8068580,93.00,0.34,of all L1-dcache accesses
6827297,,cpu_core/branch-instructions/,8068580,93.00,,
155068,,cpu_core/branch-misses/,8068580,93.00,,
41314508,,cpu_core/instructions/,8068580,93.00,,
15076531,,cpu_core/cpu-cycles/,8068580,93.00,,
1,,context-switches,8647917,100.00,,
902,,page-faults,8647917,100.00,,

----- [tile_256] H=512 W=512 K=3 seed=1234 rep=15/20 exit=0 -----
PROFILING tile variant=256 H=512 W=512 K=3 seed=1234
tile_size=256
checksum -0.596669
--- perf stat -x, ---
7810908,,cpu_core/L1-dcache-loads/,8848969,92.00,,
28384,,cpu_core/L1-dcache-load-misses/,8848969,92.00,0.36,of all L1-dcache accesses
6900124,,cpu_core/branch-instructions/,8848969,92.00,,
155230,,cpu_core/branch-misses/,8848969,92.00,,
41761064,,cpu_core/instructions/,8848969,92.00,,
15798609,,cpu_core/cpu-cycles/,8848969,92.00,,
1,,context-switches,9586365,100.00,,
904,,page-faults,9586365,100.00,,

----- [tile_256] H=512 W=512 K=3 seed=1234 rep=16/20 exit=0 -----
PROFILING tile variant=256 H=512 W=512 K=3 seed=1234
tile_size=256
checksum -0.596669
--- perf stat -x, ---
7752594,,cpu_core/L1-dcache-loads/,8341692,92.00,,
27433,,cpu_core/L1-dcache-load-misses/,8341692,92.00,0.35,of all L1-dcache accesses
6849745,,cpu_core/branch-instructions/,8341692,92.00,,
154793,,cpu_core/branch-misses/,8341692,92.00,,
41452944,,cpu_core/instructions/,8341692,92.00,,
15205399,,cpu_core/cpu-cycles/,8341692,92.00,,
1,,context-switches,8975813,100.00,,
904,,page-faults,8975813,100.00,,

----- [tile_256] H=512 W=512 K=3 seed=1234 rep=17/20 exit=0 -----
PROFILING tile variant=256 H=512 W=512 K=3 seed=1234
tile_size=256
checksum -0.596669
--- perf stat -x, ---
7757291,,cpu_core/L1-dcache-loads/,8953961,92.00,,
27184,,cpu_core/L1-dcache-load-misses/,8953961,92.00,0.35,of all L1-dcache accesses
6853314,,cpu_core/branch-instructions/,8953961,92.00,,
154270,,cpu_core/branch-misses/,8953961,92.00,,
41472551,,cpu_core/instructions/,8953961,92.00,,
15635038,,cpu_core/cpu-cycles/,8953961,92.00,,
1,,context-switches,9630420,100.00,,
903,,page-faults,9630420,100.00,,

----- [tile_256] H=512 W=512 K=3 seed=1234 rep=18/20 exit=0 -----
PROFILING tile variant=256 H=512 W=512 K=3 seed=1234
tile_size=256
checksum -0.596669
--- perf stat -x, ---
8003312,,cpu_core/L1-dcache-loads/,4359479,89.00,,
24883,,cpu_core/L1-dcache-load-misses/,4359479,89.00,0.31,of all L1-dcache accesses
7072175,,cpu_core/branch-instructions/,4359479,89.00,,
160483,,cpu_core/branch-misses/,4359479,89.00,,
42801126,,cpu_core/instructions/,4359479,89.00,,
16318464,,cpu_core/cpu-cycles/,4359479,89.00,,
1,,context-switches,4845478,100.00,,
902,,page-faults,4845478,100.00,,

----- [tile_256] H=512 W=512 K=3 seed=1234 rep=19/20 exit=0 -----
PROFILING tile variant=256 H=512 W=512 K=3 seed=1234
tile_size=256
checksum -0.596669
--- perf stat -x, ---
7726558,,cpu_core/L1-dcache-loads/,8495325,93.00,,
30249,,cpu_core/L1-dcache-load-misses/,8495325,93.00,0.39,of all L1-dcache accesses
6821085,,cpu_core/branch-instructions/,8495325,93.00,,
154375,,cpu_core/branch-misses/,8495325,93.00,,
41262233,,cpu_core/instructions/,8495325,93.00,,
15343432,,cpu_core/cpu-cycles/,8495325,93.00,,
1,,context-switches,9057933,100.00,,
905,,page-faults,9057933,100.00,,

----- [tile_256] H=512 W=512 K=3 seed=1234 rep=20/20 exit=0 -----
PROFILING tile variant=256 H=512 W=512 K=3 seed=1234
tile_size=256
checksum -0.596669
--- perf stat -x, ---
7707461,,cpu_core/L1-dcache-loads/,8791405,93.00,,
28818,,cpu_core/L1-dcache-load-misses/,8791405,93.00,0.37,of all L1-dcache accesses
6809699,,cpu_core/branch-instructions/,8791405,93.00,,
153164,,cpu_core/branch-misses/,8791405,93.00,,
41210390,,cpu_core/instructions/,8791405,93.00,,
15596808,,cpu_core/cpu-cycles/,8791405,93.00,,
1,,context-switches,9399652,100.00,,
902,,page-faults,9399652,100.00,,

----- [tile_256] H=1024 W=1024 K=3 seed=1234 rep=1/20 exit=0 -----
PROFILING tile variant=256 H=1024 W=1024 K=3 seed=1234
tile_size=256
checksum -0.395011
--- perf stat -x, ---
28717455,,cpu_core/L1-dcache-loads/,21718970,97.00,,
64290,,cpu_core/L1-dcache-load-misses/,21718970,97.00,0.22,of all L1-dcache accesses
25499741,,cpu_core/branch-instructions/,21718970,97.00,,
564502,,cpu_core/branch-misses/,21718970,97.00,,
154703562,,cpu_core/instructions/,21718970,97.00,,
55353880,,cpu_core/cpu-cycles/,21718970,97.00,,
1,,context-switches,22373267,100.00,,
3209,,page-faults,22373267,100.00,,

----- [tile_256] H=1024 W=1024 K=3 seed=1234 rep=2/20 exit=0 -----
PROFILING tile variant=256 H=1024 W=1024 K=3 seed=1234
tile_size=256
checksum -0.395011
--- perf stat -x, ---
28230358,,cpu_core/L1-dcache-loads/,21386705,99.00,,
70475,,cpu_core/L1-dcache-load-misses/,21386705,99.00,0.25,of all L1-dcache accesses
25034064,,cpu_core/branch-instructions/,21386705,99.00,,
554682,,cpu_core/branch-misses/,21386705,99.00,,
151814852,,cpu_core/instructions/,21386705,99.00,,
55833245,,cpu_core/cpu-cycles/,21386705,99.00,,
2,,context-switches,21499237,100.00,,
3208,,page-faults,21499237,100.00,,

----- [tile_256] H=1024 W=1024 K=3 seed=1234 rep=3/20 exit=0 -----
PROFILING tile variant=256 H=1024 W=1024 K=3 seed=1234
tile_size=256
checksum -0.395011
--- perf stat -x, ---
28508320,,cpu_core/L1-dcache-loads/,14659146,98.00,,
64921,,cpu_core/L1-dcache-load-misses/,14659146,98.00,0.23,of all L1-dcache accesses
25298266,,cpu_core/branch-instructions/,14659146,98.00,,
560132,,cpu_core/branch-misses/,14659146,98.00,,
153452538,,cpu_core/instructions/,14659146,98.00,,
55919207,,cpu_core/cpu-cycles/,14659146,98.00,,
3,,context-switches,14939207,100.00,,
3212,,page-faults,14939207,100.00,,

----- [tile_256] H=1024 W=1024 K=3 seed=1234 rep=4/20 exit=0 -----
PROFILING tile variant=256 H=1024 W=1024 K=3 seed=1234
tile_size=256
checksum -0.395011
--- perf stat -x, ---
28469509,,cpu_core/L1-dcache-loads/,20666070,97.00,,
65196,,cpu_core/L1-dcache-load-misses/,20666070,97.00,0.23,of all L1-dcache accesses
25278780,,cpu_core/branch-instructions/,20666070,97.00,,
557762,,cpu_core/branch-misses/,20666070,97.00,,
153364664,,cpu_core/instructions/,20666070,97.00,,
55195995,,cpu_core/cpu-cycles/,20666070,97.00,,
1,,context-switches,21102396,100.00,,
3212,,page-faults,21102396,100.00,,

----- [tile_256] H=1024 W=1024 K=3 seed=1234 rep=5/20 exit=0 -----
PROFILING tile variant=256 H=1024 W=1024 K=3 seed=1234
tile_size=256
checksum -0.395011
--- perf stat -x, ---
28114741,,cpu_core/L1-dcache-loads/,21710645,100.00,,
67031,,cpu_core/L1-dcache-load-misses/,21710645,100.00,0.24,of all L1-dcache accesses
24925587,,cpu_core/branch-instructions/,21710645,100.00,,
550623,,cpu_core/branch-misses/,21710645,100.00,,
151143789,,cpu_core/instructions/,21710645,100.00,,
55378905,,cpu_core/cpu-cycles/,21710645,100.00,,
0,,context-switches,21710645,100.00,,
3210,,page-faults,21710645,100.00,,

----- [tile_256] H=1024 W=1024 K=3 seed=1234 rep=6/20 exit=0 -----
PROFILING tile variant=256 H=1024 W=1024 K=3 seed=1234
tile_size=256
checksum -0.395011
--- perf stat -x, ---
28178575,,cpu_core/L1-dcache-loads/,17804838,99.00,,
68651,,cpu_core/L1-dcache-load-misses/,17804838,99.00,0.24,of all L1-dcache accesses
24985640,,cpu_core/branch-instructions/,17804838,99.00,,
553527,,cpu_core/branch-misses/,17804838,99.00,,
151517038,,cpu_core/instructions/,17804838,99.00,,
54904047,,cpu_core/cpu-cycles/,17804838,99.00,,
2,,context-switches,17855058,100.00,,
3211,,page-faults,17855058,100.00,,

----- [tile_256] H=1024 W=1024 K=3 seed=1234 rep=7/20 exit=0 -----
PROFILING tile variant=256 H=1024 W=1024 K=3 seed=1234
tile_size=256
checksum -0.395011
--- perf stat -x, ---
28734591,,cpu_core/L1-dcache-loads/,18860604,97.00,,
64936,,cpu_core/L1-dcache-load-misses/,18860604,97.00,0.23,of all L1-dcache accesses
25515563,,cpu_core/branch-instructions/,18860604,97.00,,
563357,,cpu_core/branch-misses/,18860604,97.00,,
154799761,,cpu_core/instructions/,18860604,97.00,,
56042303,,cpu_core/cpu-cycles/,18860604,97.00,,
1,,context-switches,19442087,100.00,,
3210,,page-faults,19442087,100.00,,

----- [tile_256] H=1024 W=1024 K=3 seed=1234 rep=8/20 exit=0 -----
PROFILING tile variant=256 H=1024 W=1024 K=3 seed=1234
tile_size=256
checksum -0.395011
--- perf stat -x, ---
28690896,,cpu_core/L1-dcache-loads/,15909580,97.00,,
59450,,cpu_core/L1-dcache-load-misses/,15909580,97.00,0.21,of all L1-dcache accesses
25477402,,cpu_core/branch-instructions/,15909580,97.00,,
561693,,cpu_core/branch-misses/,15909580,97.00,,
154572258,,cpu_core/instructions/,15909580,97.00,,
58721274,,cpu_core/cpu-cycles/,15909580,97.00,,
1,,context-switches,16377430,100.00,,
3208,,page-faults,16377430,100.00,,

----- [tile_256] H=1024 W=1024 K=3 seed=1234 rep=9/20 exit=0 -----
PROFILING tile variant=256 H=1024 W=1024 K=3 seed=1234
tile_size=256
checksum -0.395011
--- perf stat -x, ---
28223447,,cpu_core/L1-dcache-loads/,18026406,99.00,,
68959,,cpu_core/L1-dcache-load-misses/,18026406,99.00,0.24,of all L1-dcache accesses
25026406,,cpu_core/branch-instructions/,18026406,99.00,,
554546,,cpu_core/branch-misses/,18026406,99.00,,
151765201,,cpu_core/instructions/,18026406,99.00,,
56063856,,cpu_core/cpu-cycles/,18026406,99.00,,
3,,context-switches,18109261,100.00,,
3211,,page-faults,18109261,100.00,,

----- [tile_256] H=1024 W=1024 K=3 seed=1234 rep=10/20 exit=0 -----
PROFILING tile variant=256 H=1024 W=1024 K=3 seed=1234
tile_size=256
checksum -0.395011
--- perf stat -x, ---
28120133,,cpu_core/L1-dcache-loads/,22186344,100.00,,
68963,,cpu_core/L1-dcache-load-misses/,22186344,100.00,0.25,of all L1-dcache accesses
24929320,,cpu_core/branch-instructions/,22186344,100.00,,
551722,,cpu_core/branch-misses/,22186344,100.00,,
151168376,,cpu_core/instructions/,22186344,100.00,,
56152658,,cpu_core/cpu-cycles/,22186344,100.00,,
1,,context-switches,22186344,100.00,,
3210,,page-faults,22186344,100.00,,

----- [tile_256] H=1024 W=1024 K=3 seed=1234 rep=11/20 exit=0 -----
PROFILING tile variant=256 H=1024 W=1024 K=3 seed=1234
tile_size=256
checksum -0.395011
--- perf stat -x, ---
28122552,,cpu_core/L1-dcache-loads/,20372551,100.00,,
67228,,cpu_core/L1-dcache-load-misses/,20372551,100.00,0.24,of all L1-dcache accesses
24929548,,cpu_core/branch-instructions/,20372551,100.00,,
552367,,cpu_core/branch-misses/,20372551,100.00,,
151180204,,cpu_core/instructions/,20372551,100.00,,
55647713,,cpu_core/cpu-cycles/,20372551,100.00,,
1,,context-switches,20372551,100.00,,
3210,,page-faults,20372551,100.00,,

----- [tile_256] H=1024 W=1024 K=3 seed=1234 rep=12/20 exit=0 -----
PROFILING tile variant=256 H=1024 W=1024 K=3 seed=1234
tile_size=256
checksum -0.395011
--- perf stat -x, ---
28743939,,cpu_core/L1-dcache-loads/,19857109,97.00,,
64373,,cpu_core/L1-dcache-load-misses/,19857109,97.00,0.22,of all L1-dcache accesses
25521503,,cpu_core/branch-instructions/,19857109,97.00,,
562463,,cpu_core/branch-misses/,19857109,97.00,,
154838491,,cpu_core/instructions/,19857109,97.00,,
56067781,,cpu_core/cpu-cycles/,19857109,97.00,,
1,,context-switches,20470681,100.00,,
3207,,page-faults,20470681,100.00,,

----- [tile_256] H=1024 W=1024 K=3 seed=1234 rep=13/20 exit=0 -----
PROFILING tile variant=256 H=1024 W=1024 K=3 seed=1234
tile_size=256
checksum -0.395011
--- perf stat -x, ---
28663894,,cpu_core/L1-dcache-loads/,21258770,97.00,,
63968,,cpu_core/L1-dcache-load-misses/,21258770,97.00,0.22,of all L1-dcache accesses
25452326,,cpu_core/branch-instructions/,21258770,97.00,,
562018,,cpu_core/branch-misses/,21258770,97.00,,
154418608,,cpu_core/instructions/,21258770,97.00,,
56346983,,cpu_core/cpu-cycles/,21258770,97.00,,
1,,context-switches,21859413,100.00,,
3206,,page-faults,21859413,100.00,,

----- [tile_256] H=1024 W=1024 K=3 seed=1234 rep=14/20 exit=0 -----
PROFILING tile variant=256 H=1024 W=1024 K=3 seed=1234
tile_size=256
checksum -0.395011
--- perf stat -x, ---
28818529,,cpu_core/L1-dcache-loads/,22126577,96.00,,
69383,,cpu_core/L1-dcache-load-misses/,22126577,96.00,0.24,of all L1-dcache accesses
25588641,,cpu_core/branch-instructions/,22126577,96.00,,
564709,,cpu_core/branch-misses/,22126577,96.00,,
155243031,,cpu_core/instructions/,22126577,96.00,,
55455195,,cpu_core/cpu-cycles/,22126577,96.00,,
1,,context-switches,22870580,100.00,,
3207,,page-faults,22870580,100.00,,

----- [tile_256] H=1024 W=1024 K=3 seed=1234 rep=15/20 exit=0 -----
PROFILING tile variant=256 H=1024 W=1024 K=3 seed=1234
tile_size=256
checksum -0.395011
--- perf stat -x, ---
28839560,,cpu_core/L1-dcache-loads/,17872718,96.00,,
64146,,cpu_core/L1-dcache-load-misses/,17872718,96.00,0.22,of all L1-dcache accesses
25609175,,cpu_core/branch-instructions/,17872718,96.00,,
564648,,cpu_core/branch-misses/,17872718,96.00,,
155370820,,cpu_core/instructions/,17872718,96.00,,
56661021,,cpu_core/cpu-cycles/,17872718,96.00,,
2,,context-switches,18493420,100.00,,
3209,,page-faults,18493420,100.00,,

----- [tile_256] H=1024 W=1024 K=3 seed=1234 rep=16/20 exit=0 -----
PROFILING tile variant=256 H=1024 W=1024 K=3 seed=1234
tile_size=256
checksum -0.395011
--- perf stat -x, ---
28501732,,cpu_core/L1-dcache-loads/,19274759,97.00,,
62548,,cpu_core/L1-dcache-load-misses/,19274759,97.00,0.22,of all L1-dcache accesses
25310276,,cpu_core/branch-instructions/,19274759,97.00,,
557841,,cpu_core/branch-misses/,19274759,97.00,,
153552585,,cpu_core/instructions/,19274759,97.00,,
54743758,,cpu_core/cpu-cycles/,19274759,97.00,,
1,,context-switches,19711652,100.00,,
3210,,page-faults,19711652,100.00,,

----- [tile_256] H=1024 W=1024 K=3 seed=1234 rep=17/20 exit=0 -----
PROFILING tile variant=256 H=1024 W=1024 K=3 seed=1234
tile_size=256
checksum -0.395011
--- perf stat -x, ---
28786754,,cpu_core/L1-dcache-loads/,22056199,96.00,,
56202,,cpu_core/L1-dcache-load-misses/,22056199,96.00,0.20,of all L1-dcache accesses
25559252,,cpu_core/branch-instructions/,22056199,96.00,,
563186,,cpu_core/branch-misses/,22056199,96.00,,
155068003,,cpu_core/instructions/,22056199,96.00,,
56840948,,cpu_core/cpu-cycles/,22056199,96.00,,
1,,context-switches,22770025,100.00,,
3212,,page-faults,22770025,100.00,,

----- [tile_256] H=1024 W=1024 K=3 seed=1234 rep=18/20 exit=0 -----
PROFILING tile variant=256 H=1024 W=1024 K=3 seed=1234
tile_size=256
checksum -0.395011
--- perf stat -x, ---
28129633,,cpu_core/L1-dcache-loads/,22506791,99.00,,
64792,,cpu_core/L1-dcache-load-misses/,22506791,99.00,0.23,of all L1-dcache accesses
24937894,,cpu_core/branch-instructions/,22506791,99.00,,
553983,,cpu_core/branch-misses/,22506791,99.00,,
151219772,,cpu_core/instructions/,22506791,99.00,,
59162943,,cpu_core/cpu-cycles/,22506791,99.00,,
3,,context-switches,22513277,100.00,,
3211,,page-faults,22513277,100.00,,

----- [tile_256] H=1024 W=1024 K=3 seed=1234 rep=19/20 exit=0 -----
PROFILING tile variant=256 H=1024 W=1024 K=3 seed=1234
tile_size=256
checksum -0.395011
--- perf stat -x, ---
28125129,,cpu_core/L1-dcache-loads/,22017085,100.00,,
70264,,cpu_core/L1-dcache-load-misses/,22017085,100.00,0.25,of all L1-dcache accesses
24931798,,cpu_core/branch-instructions/,22017085,100.00,,
551522,,cpu_core/branch-misses/,22017085,100.00,,
151186673,,cpu_core/instructions/,22017085,100.00,,
55787532,,cpu_core/cpu-cycles/,22017085,100.00,,
0,,context-switches,22017085,100.00,,
3210,,page-faults,22017085,100.00,,

----- [tile_256] H=1024 W=1024 K=3 seed=1234 rep=20/20 exit=0 -----
PROFILING tile variant=256 H=1024 W=1024 K=3 seed=1234
tile_size=256
checksum -0.395011
--- perf stat -x, ---
28673348,,cpu_core/L1-dcache-loads/,21483746,97.00,,
55538,,cpu_core/L1-dcache-load-misses/,21483746,97.00,0.19,of all L1-dcache accesses
25460530,,cpu_core/branch-instructions/,21483746,97.00,,
560682,,cpu_core/branch-misses/,21483746,97.00,,
154465221,,cpu_core/instructions/,21483746,97.00,,
56321026,,cpu_core/cpu-cycles/,21483746,97.00,,
1,,context-switches,22096399,100.00,,
3210,,page-faults,22096399,100.00,,

----- [tile_256] H=2048 W=2048 K=3 seed=1234 rep=1/20 exit=0 -----
PROFILING tile variant=256 H=2048 W=2048 K=3 seed=1234
tile_size=256
checksum 0.491263
--- perf stat -x, ---
111592979,,cpu_core/L1-dcache-loads/,65488635,99.00,,
224686,,cpu_core/L1-dcache-load-misses/,65488635,99.00,0.20,of all L1-dcache accesses
99216544,,cpu_core/branch-instructions/,65488635,99.00,,
2174388,,cpu_core/branch-misses/,65488635,99.00,,
602339074,,cpu_core/instructions/,65488635,99.00,,
222704489,,cpu_core/cpu-cycles/,65488635,99.00,,
1,,context-switches,66105275,100.00,,
12431,,page-faults,66105275,100.00,,

----- [tile_256] H=2048 W=2048 K=3 seed=1234 rep=2/20 exit=0 -----
PROFILING tile variant=256 H=2048 W=2048 K=3 seed=1234
tile_size=256
checksum 0.491263
--- perf stat -x, ---
111709326,,cpu_core/L1-dcache-loads/,63828027,98.00,,
221436,,cpu_core/L1-dcache-load-misses/,63828027,98.00,0.20,of all L1-dcache accesses
99323186,,cpu_core/branch-instructions/,63828027,98.00,,
2175505,,cpu_core/branch-misses/,63828027,98.00,,
602981006,,cpu_core/instructions/,63828027,98.00,,
217119705,,cpu_core/cpu-cycles/,63828027,98.00,,
1,,context-switches,64501534,100.00,,
12430,,page-faults,64501534,100.00,,

----- [tile_256] H=2048 W=2048 K=3 seed=1234 rep=3/20 exit=0 -----
PROFILING tile variant=256 H=2048 W=2048 K=3 seed=1234
tile_size=256
checksum 0.491263
--- perf stat -x, ---
111661393,,cpu_core/L1-dcache-loads/,62113887,98.00,,
212254,,cpu_core/L1-dcache-load-misses/,62113887,98.00,0.19,of all L1-dcache accesses
99280980,,cpu_core/branch-instructions/,62113887,98.00,,
2174615,,cpu_core/branch-misses/,62113887,98.00,,
602725997,,cpu_core/instructions/,62113887,98.00,,
220045930,,cpu_core/cpu-cycles/,62113887,98.00,,
1,,context-switches,62744598,100.00,,
12429,,page-faults,62744598,100.00,,

----- [tile_256] H=2048 W=2048 K=3 seed=1234 rep=4/20 exit=0 -----
PROFILING tile variant=256 H=2048 W=2048 K=3 seed=1234
tile_size=256
checksum 0.491263
--- perf stat -x, ---
111079808,,cpu_core/L1-dcache-loads/,58647109,99.00,,
225047,,cpu_core/L1-dcache-load-misses/,58647109,99.00,0.20,of all L1-dcache accesses
98735535,,cpu_core/branch-instructions/,58647109,99.00,,
2166391,,cpu_core/branch-misses/,58647109,99.00,,
599368121,,cpu_core/instructions/,58647109,99.00,,
219142274,,cpu_core/cpu-cycles/,58647109,99.00,,
4,,context-switches,58844924,100.00,,
12427,,page-faults,58844924,100.00,,

----- [tile_256] H=2048 W=2048 K=3 seed=1234 rep=5/20 exit=0 -----
PROFILING tile variant=256 H=2048 W=2048 K=3 seed=1234
tile_size=256
checksum 0.491263
--- perf stat -x, ---
111320877,,cpu_core/L1-dcache-loads/,57590331,99.00,,
218990,,cpu_core/L1-dcache-load-misses/,57590331,99.00,0.20,of all L1-dcache accesses
98977949,,cpu_core/branch-instructions/,57590331,99.00,,
2167885,,cpu_core/branch-misses/,57590331,99.00,,
600887953,,cpu_core/instructions/,57590331,99.00,,
219623299,,cpu_core/cpu-cycles/,57590331,99.00,,
2,,context-switches,57998259,100.00,,
12430,,page-faults,57998259,100.00,,

----- [tile_256] H=2048 W=2048 K=3 seed=1234 rep=6/20 exit=0 -----
PROFILING tile variant=256 H=2048 W=2048 K=3 seed=1234
tile_size=256
checksum 0.491263
--- perf stat -x, ---
111419075,,cpu_core/L1-dcache-loads/,60986895,99.00,,
223883,,cpu_core/L1-dcache-load-misses/,60986895,99.00,0.20,of all L1-dcache accesses
99066114,,cpu_core/branch-instructions/,60986895,99.00,,
2170940,,cpu_core/branch-misses/,60986895,99.00,,
601424393,,cpu_core/instructions/,60986895,99.00,,
220074867,,cpu_core/cpu-cycles/,60986895,99.00,,
1,,context-switches,61473416,100.00,,
12429,,page-faults,61473416,100.00,,

----- [tile_256] H=2048 W=2048 K=3 seed=1234 rep=7/20 exit=0 -----
PROFILING tile variant=256 H=2048 W=2048 K=3 seed=1234
tile_size=256
checksum 0.491263
--- perf stat -x, ---
111382783,,cpu_core/L1-dcache-loads/,62806956,99.00,,
227484,,cpu_core/L1-dcache-load-misses/,62806956,99.00,0.20,of all L1-dcache accesses
99032757,,cpu_core/branch-instructions/,62806956,99.00,,
2170962,,cpu_core/branch-misses/,62806956,99.00,,
601220641,,cpu_core/instructions/,62806956,99.00,,
222403974,,cpu_core/cpu-cycles/,62806956,99.00,,
1,,context-switches,63286223,100.00,,
12427,,page-faults,63286223,100.00,,

----- [tile_256] H=2048 W=2048 K=3 seed=1234 rep=8/20 exit=0 -----
PROFILING tile variant=256 H=2048 W=2048 K=3 seed=1234
tile_size=256
checksum 0.491263
--- perf stat -x, ---
111359919,,cpu_core/L1-dcache-loads/,62548710,99.00,,
227600,,cpu_core/L1-dcache-load-misses/,62548710,99.00,0.20,of all L1-dcache accesses
98993160,,cpu_core/branch-instructions/,62548710,99.00,,
2170312,,cpu_core/branch-misses/,62548710,99.00,,
600950553,,cpu_core/instructions/,62548710,99.00,,
218502358,,cpu_core/cpu-cycles/,62548710,99.00,,
2,,context-switches,62948966,100.00,,
12429,,page-faults,62948966,100.00,,

----- [tile_256] H=2048 W=2048 K=3 seed=1234 rep=9/20 exit=0 -----
PROFILING tile variant=256 H=2048 W=2048 K=3 seed=1234
tile_size=256
checksum 0.491263
--- perf stat -x, ---
111334880,,cpu_core/L1-dcache-loads/,58014065,99.00,,
221070,,cpu_core/L1-dcache-load-misses/,58014065,99.00,0.20,of all L1-dcache accesses
98990786,,cpu_core/branch-instructions/,58014065,99.00,,
2169930,,cpu_core/branch-misses/,58014065,99.00,,
600965537,,cpu_core/instructions/,58014065,99.00,,
221199662,,cpu_core/cpu-cycles/,58014065,99.00,,
3,,context-switches,58431293,100.00,,
12429,,page-faults,58431293,100.00,,

----- [tile_256] H=2048 W=2048 K=3 seed=1234 rep=10/20 exit=0 -----
PROFILING tile variant=256 H=2048 W=2048 K=3 seed=1234
tile_size=256
checksum 0.491263
--- perf stat -x, ---
110792205,,cpu_core/L1-dcache-loads/,63275836,100.00,,
232724,,cpu_core/L1-dcache-load-misses/,63275836,100.00,0.21,of all L1-dcache accesses
98467282,,cpu_core/branch-instructions/,63275836,100.00,,
2161423,,cpu_core/branch-misses/,63275836,100.00,,
597712318,,cpu_core/instructions/,63275836,100.00,,
218880882,,cpu_core/cpu-cycles/,63275836,100.00,,
1,,context-switches,63275836,100.00,,
12431,,page-faults,63275836,100.00,,

----- [tile_256] H=2048 W=2048 K=3 seed=1234 rep=11/20 exit=0 -----
PROFILING tile variant=256 H=2048 W=2048 K=3 seed=1234
tile_size=256
checksum 0.491263
--- perf stat -x, ---
111368587,,cpu_core/L1-dcache-loads/,56873007,99.00,,
219038,,cpu_core/L1-dcache-load-misses/,56873007,99.00,0.20,of all L1-dcache accesses
99018961,,cpu_core/branch-instructions/,56873007,99.00,,
2172714,,cpu_core/branch-misses/,56873007,99.00,,
601135141,,cpu_core/instructions/,56873007,99.00,,
217117159,,cpu_core/cpu-cycles/,56873007,99.00,,
2,,context-switches,57294623,100.00,,
12431,,page-faults,57294623,100.00,,

----- [tile_256] H=2048 W=2048 K=3 seed=1234 rep=12/20 exit=0 -----
PROFILING tile variant=256 H=2048 W=2048 K=3 seed=1234
tile_size=256
checksum 0.491263
--- perf stat -x, ---
111610791,,cpu_core/L1-dcache-loads/,61440837,99.00,,
220104,,cpu_core/L1-dcache-load-misses/,61440837,99.00,0.20,of all L1-dcache accesses
99233824,,cpu_core/branch-instructions/,61440837,99.00,,
2173633,,cpu_core/branch-misses/,61440837,99.00,,
602445233,,cpu_core/instructions/,61440837,99.00,,
218999163,,cpu_core/cpu-cycles/,61440837,99.00,,
1,,context-switches,62031624,100.00,,
12431,,page-faults,62031624,100.00,,

----- [tile_256] H=2048 W=2048 K=3 seed=1234 rep=13/20 exit=0 -----
PROFILING tile variant=256 H=2048 W=2048 K=3 seed=1234
tile_size=256
checksum 0.491263
--- perf stat -x, ---
111262031,,cpu_core/L1-dcache-loads/,57669993,99.00,,
225404,,cpu_core/L1-dcache-load-misses/,57669993,99.00,0.20,of all L1-dcache accesses
98928924,,cpu_core/branch-instructions/,57669993,99.00,,
2168793,,cpu_core/branch-misses/,57669993,99.00,,
600588251,,cpu_core/instructions/,57669993,99.00,,
219715040,,cpu_core/cpu-cycles/,57669993,99.00,,
1,,context-switches,58052283,100.00,,
12430,,page-faults,58052283,100.00,,

----- [tile_256] H=2048 W=2048 K=3 seed=1234 rep=14/20 exit=0 -----
PROFILING tile variant=256 H=2048 W=2048 K=3 seed=1234
tile_size=256
checksum 0.491263
--- perf stat -x, ---
111703264,,cpu_core/L1-dcache-loads/,65140425,98.00,,
225808,,cpu_core/L1-dcache-load-misses/,65140425,98.00,0.20,of all L1-dcache accesses
99317105,,cpu_core/branch-instructions/,65140425,98.00,,
2177770,,cpu_core/branch-misses/,65140425,98.00,,
602943193,,cpu_core/instructions/,65140425,98.00,,
219725560,,cpu_core/cpu-cycles/,65140425,98.00,,
1,,context-switches,65821979,100.00,,
12429,,page-faults,65821979,100.00,,

----- [tile_256] H=2048 W=2048 K=3 seed=1234 rep=15/20 exit=0 -----
PROFILING tile variant=256 H=2048 W=2048 K=3 seed=1234
tile_size=256
checksum 0.491263
--- perf stat -x, ---
111641380,,cpu_core/L1-dcache-loads/,62303699,99.00,,
217841,,cpu_core/L1-dcache-load-misses/,62303699,99.00,0.20,of all L1-dcache accesses
99265433,,cpu_core/branch-instructions/,62303699,99.00,,
2172419,,cpu_core/branch-misses/,62303699,99.00,,
602632071,,cpu_core/instructions/,62303699,99.00,,
222657582,,cpu_core/cpu-cycles/,62303699,99.00,,
1,,context-switches,62929913,100.00,,
12429,,page-faults,62929913,100.00,,

----- [tile_256] H=2048 W=2048 K=3 seed=1234 rep=16/20 exit=0 -----
PROFILING tile variant=256 H=2048 W=2048 K=3 seed=1234
tile_size=256
checksum 0.491263
--- perf stat -x, ---
111730331,,cpu_core/L1-dcache-loads/,61093293,98.00,,
223349,,cpu_core/L1-dcache-load-misses/,61093293,98.00,0.20,of all L1-dcache accesses
99341023,,cpu_core/branch-instructions/,61093293,98.00,,
2177290,,cpu_core/branch-misses/,61093293,98.00,,
603089893,,cpu_core/instructions/,61093293,98.00,,
218401237,,cpu_core/cpu-cycles/,61093293,98.00,,
2,,context-switches,61747866,100.00,,
12431,,page-faults,61747866,100.00,,

----- [tile_256] H=2048 W=2048 K=3 seed=1234 rep=17/20 exit=0 -----
PROFILING tile variant=256 H=2048 W=2048 K=3 seed=1234
tile_size=256
checksum 0.491263
--- perf stat -x, ---
111355766,,cpu_core/L1-dcache-loads/,57554148,99.00,,
219270,,cpu_core/L1-dcache-load-misses/,57554148,99.00,0.20,of all L1-dcache accesses
99002454,,cpu_core/branch-instructions/,57554148,99.00,,
2170968,,cpu_core/branch-misses/,57554148,99.00,,
601045928,,cpu_core/instructions/,57554148,99.00,,
219680047,,cpu_core/cpu-cycles/,57554148,99.00,,
2,,context-switches,57966682,100.00,,
12432,,page-faults,57966682,100.00,,

----- [tile_256] H=2048 W=2048 K=3 seed=1234 rep=18/20 exit=0 -----
PROFILING tile variant=256 H=2048 W=2048 K=3 seed=1234
tile_size=256
checksum 0.491263
--- perf stat -x, ---
110766038,,cpu_core/L1-dcache-loads/,57232290,100.00,,
220546,,cpu_core/L1-dcache-load-misses/,57232290,100.00,0.20,of all L1-dcache accesses
98447629,,cpu_core/branch-instructions/,57232290,100.00,,
2160492,,cpu_core/branch-misses/,57232290,100.00,,
597594839,,cpu_core/instructions/,57232290,100.00,,
216729243,,cpu_core/cpu-cycles/,57232290,100.00,,
1,,context-switches,57232290,100.00,,
12430,,page-faults,57232290,100.00,,

----- [tile_256] H=2048 W=2048 K=3 seed=1234 rep=19/20 exit=0 -----
PROFILING tile variant=256 H=2048 W=2048 K=3 seed=1234
tile_size=256
checksum 0.491263
--- perf stat -x, ---
110825814,,cpu_core/L1-dcache-loads/,62381096,99.00,,
228478,,cpu_core/L1-dcache-load-misses/,62381096,99.00,0.21,of all L1-dcache accesses
98500579,,cpu_core/branch-instructions/,62381096,99.00,,
2160840,,cpu_core/branch-misses/,62381096,99.00,,
597914146,,cpu_core/instructions/,62381096,99.00,,
220004255,,cpu_core/cpu-cycles/,62381096,99.00,,
3,,context-switches,62412736,100.00,,
12430,,page-faults,62412736,100.00,,

----- [tile_256] H=2048 W=2048 K=3 seed=1234 rep=20/20 exit=0 -----
PROFILING tile variant=256 H=2048 W=2048 K=3 seed=1234
tile_size=256
checksum 0.491263
--- perf stat -x, ---
111358518,,cpu_core/L1-dcache-loads/,62156182,99.00,,
217529,,cpu_core/L1-dcache-load-misses/,62156182,99.00,0.20,of all L1-dcache accesses
99013248,,cpu_core/branch-instructions/,62156182,99.00,,
2170649,,cpu_core/branch-misses/,62156182,99.00,,
601101547,,cpu_core/instructions/,62156182,99.00,,
220924158,,cpu_core/cpu-cycles/,62156182,99.00,,
1,,context-switches,62619387,100.00,,
12428,,page-faults,62619387,100.00,,

----- [tile_256] H=4096 W=4096 K=3 seed=1234 rep=1/20 exit=0 -----
PROFILING tile variant=256 H=4096 W=4096 K=3 seed=1234
tile_size=256
checksum 0.712899
--- perf stat -x, ---
441926266,,cpu_core/L1-dcache-loads/,236244238,100.00,,
909046,,cpu_core/L1-dcache-load-misses/,236244238,100.00,0.21,of all L1-dcache accesses
392948396,,cpu_core/branch-instructions/,236244238,100.00,,
8591088,,cpu_core/branch-misses/,236244238,100.00,,
2386197761,,cpu_core/instructions/,236244238,100.00,,
895117908,,cpu_core/cpu-cycles/,236244238,100.00,,
1,,context-switches,236244238,100.00,,
49301,,page-faults,236244238,100.00,,

----- [tile_256] H=4096 W=4096 K=3 seed=1234 rep=2/20 exit=0 -----
PROFILING tile variant=256 H=4096 W=4096 K=3 seed=1234
tile_size=256
checksum 0.712899
--- perf stat -x, ---
442136024,,cpu_core/L1-dcache-loads/,231581965,99.00,,
950123,,cpu_core/L1-dcache-load-misses/,231581965,99.00,0.21,of all L1-dcache accesses
393221631,,cpu_core/branch-instructions/,231581965,99.00,,
8591856,,cpu_core/branch-misses/,231581965,99.00,,
2387736300,,cpu_core/instructions/,231581965,99.00,,
874062729,,cpu_core/cpu-cycles/,231581965,99.00,,
1,,context-switches,231960353,100.00,,
49301,,page-faults,231960353,100.00,,

----- [tile_256] H=4096 W=4096 K=3 seed=1234 rep=3/20 exit=0 -----
PROFILING tile variant=256 H=4096 W=4096 K=3 seed=1234
tile_size=256
checksum 0.712899
--- perf stat -x, ---
441682438,,cpu_core/L1-dcache-loads/,237065522,100.00,,
887543,,cpu_core/L1-dcache-load-misses/,237065522,100.00,0.20,of all L1-dcache accesses
392769902,,cpu_core/branch-instructions/,237065522,100.00,,
8588373,,cpu_core/branch-misses/,237065522,100.00,,
2384928711,,cpu_core/instructions/,237065522,100.00,,
886707018,,cpu_core/cpu-cycles/,237065522,100.00,,
4,,context-switches,237065522,100.00,,
49301,,page-faults,237065522,100.00,,

----- [tile_256] H=4096 W=4096 K=3 seed=1234 rep=4/20 exit=0 -----
PROFILING tile variant=256 H=4096 W=4096 K=3 seed=1234
tile_size=256
checksum 0.712899
--- perf stat -x, ---
442219414,,cpu_core/L1-dcache-loads/,237107537,99.00,,
887229,,cpu_core/L1-dcache-load-misses/,237107537,99.00,0.20,of all L1-dcache accesses
393291541,,cpu_core/branch-instructions/,237107537,99.00,,
8595224,,cpu_core/branch-misses/,237107537,99.00,,
2388153065,,cpu_core/instructions/,237107537,99.00,,
883708082,,cpu_core/cpu-cycles/,237107537,99.00,,
3,,context-switches,237525952,100.00,,
49303,,page-faults,237525952,100.00,,

----- [tile_256] H=4096 W=4096 K=3 seed=1234 rep=5/20 exit=0 -----
PROFILING tile variant=256 H=4096 W=4096 K=3 seed=1234
tile_size=256
checksum 0.712899
--- perf stat -x, ---
442263692,,cpu_core/L1-dcache-loads/,234489305,99.00,,
883743,,cpu_core/L1-dcache-load-misses/,234489305,99.00,0.20,of all L1-dcache accesses
393324744,,cpu_core/branch-instructions/,234489305,99.00,,
8602484,,cpu_core/branch-misses/,234489305,99.00,,
2388356783,,cpu_core/instructions/,234489305,99.00,,
889990682,,cpu_core/cpu-cycles/,234489305,99.00,,
4,,context-switches,234911542,100.00,,
49301,,page-faults,234911542,100.00,,

----- [tile_256] H=4096 W=4096 K=3 seed=1234 rep=6/20 exit=0 -----
PROFILING tile variant=256 H=4096 W=4096 K=3 seed=1234
tile_size=256
checksum 0.712899
--- perf stat -x, ---
442614181,,cpu_core/L1-dcache-loads/,234053008,99.00,,
883038,,cpu_core/L1-dcache-load-misses/,234053008,99.00,0.20,of all L1-dcache accesses
393642441,,cpu_core/branch-instructions/,234053008,99.00,,
8599831,,cpu_core/branch-misses/,234053008,99.00,,
2390298156,,cpu_core/instructions/,234053008,99.00,,
878563016,,cpu_core/cpu-cycles/,234053008,99.00,,
2,,context-switches,234672473,100.00,,
49303,,page-faults,234672473,100.00,,

----- [tile_256] H=4096 W=4096 K=3 seed=1234 rep=7/20 exit=0 -----
PROFILING tile variant=256 H=4096 W=4096 K=3 seed=1234
tile_size=256
checksum 0.712899
--- perf stat -x, ---
442274480,,cpu_core/L1-dcache-loads/,235067143,99.00,,
880200,,cpu_core/L1-dcache-load-misses/,235067143,99.00,0.20,of all L1-dcache accesses
393340499,,cpu_core/branch-instructions/,235067143,99.00,,
8593951,,cpu_core/branch-misses/,235067143,99.00,,
2388467061,,cpu_core/instructions/,235067143,99.00,,
880657442,,cpu_core/cpu-cycles/,235067143,99.00,,
1,,context-switches,235508633,100.00,,
49302,,page-faults,235508633,100.00,,

----- [tile_256] H=4096 W=4096 K=3 seed=1234 rep=8/20 exit=0 -----
PROFILING tile variant=256 H=4096 W=4096 K=3 seed=1234
tile_size=256
checksum 0.712899
--- perf stat -x, ---
442592586,,cpu_core/L1-dcache-loads/,236331110,99.00,,
882843,,cpu_core/L1-dcache-load-misses/,236331110,99.00,0.20,of all L1-dcache accesses
393623585,,cpu_core/branch-instructions/,236331110,99.00,,
8599981,,cpu_core/branch-misses/,236331110,99.00,,
2390182083,,cpu_core/instructions/,236331110,99.00,,
882100782,,cpu_core/cpu-cycles/,236331110,99.00,,
2,,context-switches,236944764,100.00,,
49303,,page-faults,236944764,100.00,,

----- [tile_256] H=4096 W=4096 K=3 seed=1234 rep=9/20 exit=0 -----
PROFILING tile variant=256 H=4096 W=4096 K=3 seed=1234
tile_size=256
checksum 0.712899
--- perf stat -x, ---
442243717,,cpu_core/L1-dcache-loads/,233926256,99.00,,
894242,,cpu_core/L1-dcache-load-misses/,233926256,99.00,0.20,of all L1-dcache accesses
393308980,,cpu_core/branch-instructions/,233926256,99.00,,
8598149,,cpu_core/branch-misses/,233926256,99.00,,
2388272258,,cpu_core/instructions/,233926256,99.00,,
881039350,,cpu_core/cpu-cycles/,233926256,99.00,,
4,,context-switches,234336620,100.00,,
49300,,page-faults,234336620,100.00,,

----- [tile_256] H=4096 W=4096 K=3 seed=1234 rep=10/20 exit=0 -----
PROFILING tile variant=256 H=4096 W=4096 K=3 seed=1234
tile_size=256
checksum 0.712899
--- perf stat -x, ---
442231368,,cpu_core/L1-dcache-loads/,237505688,99.00,,
867859,,cpu_core/L1-dcache-load-misses/,237505688,99.00,0.20,of all L1-dcache accesses
393299078,,cpu_core/branch-instructions/,237505688,99.00,,
8594464,,cpu_core/branch-misses/,237505688,99.00,,
2388218043,,cpu_core/instructions/,237505688,99.00,,
881947983,,cpu_core/cpu-cycles/,237505688,99.00,,
4,,context-switches,237922163,100.00,,
49300,,page-faults,237922163,100.00,,

----- [tile_256] H=4096 W=4096 K=3 seed=1234 rep=11/20 exit=0 -----
PROFILING tile variant=256 H=4096 W=4096 K=3 seed=1234
tile_size=256
checksum 0.712899
--- perf stat -x, ---
442222785,,cpu_core/L1-dcache-loads/,230946218,99.00,,
883993,,cpu_core/L1-dcache-load-misses/,230946218,99.00,0.20,of all L1-dcache accesses
393295622,,cpu_core/branch-instructions/,230946218,99.00,,
8595269,,cpu_core/branch-misses/,230946218,99.00,,
2388185844,,cpu_core/instructions/,230946218,99.00,,
876605002,,cpu_core/cpu-cycles/,230946218,99.00,,
1,,context-switches,231350736,100.00,,
49302,,page-faults,231350736,100.00,,

----- [tile_256] H=4096 W=4096 K=3 seed=1234 rep=12/20 exit=0 -----
PROFILING tile variant=256 H=4096 W=4096 K=3 seed=1234
tile_size=256
checksum 0.712899
--- perf stat -x, ---
442625558,,cpu_core/L1-dcache-loads/,235735676,99.00,,
880291,,cpu_core/L1-dcache-load-misses/,235735676,99.00,0.20,of all L1-dcache accesses
393649039,,cpu_core/branch-instructions/,235735676,99.00,,
8601106,,cpu_core/branch-misses/,235735676,99.00,,
2390339475,,cpu_core/instructions/,235735676,99.00,,
877995151,,cpu_core/cpu-cycles/,235735676,99.00,,
3,,context-switches,236357218,100.00,,
49302,,page-faults,236357218,100.00,,

----- [tile_256] H=4096 W=4096 K=3 seed=1234 rep=13/20 exit=0 -----
PROFILING tile variant=256 H=4096 W=4096 K=3 seed=1234
tile_size=256
checksum 0.712899
--- perf stat -x, ---
442538944,,cpu_core/L1-dcache-loads/,235049556,99.00,,
867378,,cpu_core/L1-dcache-load-misses/,235049556,99.00,0.20,of all L1-dcache accesses
393575346,,cpu_core/branch-instructions/,235049556,99.00,,
8598234,,cpu_core/branch-misses/,235049556,99.00,,
2389890296,,cpu_core/instructions/,235049556,99.00,,
875599071,,cpu_core/cpu-cycles/,235049556,99.00,,
2,,context-switches,235629323,100.00,,
49300,,page-faults,235629323,100.00,,

----- [tile_256] H=4096 W=4096 K=3 seed=1234 rep=14/20 exit=0 -----
PROFILING tile variant=256 H=4096 W=4096 K=3 seed=1234
tile_size=256
checksum 0.712899
--- perf stat -x, ---
442249483,,cpu_core/L1-dcache-loads/,236539085,99.00,,
881884,,cpu_core/L1-dcache-load-misses/,236539085,99.00,0.20,of all L1-dcache accesses
393316329,,cpu_core/branch-instructions/,236539085,99.00,,
8597420,,cpu_core/branch-misses/,236539085,99.00,,
2388319970,,cpu_core/instructions/,236539085,99.00,,
883837231,,cpu_core/cpu-cycles/,236539085,99.00,,
2,,context-switches,236965764,100.00,,
49301,,page-faults,236965764,100.00,,

----- [tile_256] H=4096 W=4096 K=3 seed=1234 rep=15/20 exit=0 -----
PROFILING tile variant=256 H=4096 W=4096 K=3 seed=1234
tile_size=256
checksum 0.712899
--- perf stat -x, ---
442612427,,cpu_core/L1-dcache-loads/,236822008,99.00,,
873928,,cpu_core/L1-dcache-load-misses/,236822008,99.00,0.20,of all L1-dcache accesses
393639033,,cpu_core/branch-instructions/,236822008,99.00,,
8602564,,cpu_core/branch-misses/,236822008,99.00,,
2390277790,,cpu_core/instructions/,236822008,99.00,,
879894478,,cpu_core/cpu-cycles/,236822008,99.00,,
4,,context-switches,237444399,100.00,,
49300,,page-faults,237444399,100.00,,

----- [tile_256] H=4096 W=4096 K=3 seed=1234 rep=16/20 exit=0 -----
PROFILING tile variant=256 H=4096 W=4096 K=3 seed=1234
tile_size=256
checksum 0.712899
--- perf stat -x, ---
442639384,,cpu_core/L1-dcache-loads/,235053105,99.00,,
882668,,cpu_core/L1-dcache-load-misses/,235053105,99.00,0.20,of all L1-dcache accesses
393661608,,cpu_core/branch-instructions/,235053105,99.00,,
8608224,,cpu_core/branch-misses/,235053105,99.00,,
2390419134,,cpu_core/instructions/,235053105,99.00,,
875470717,,cpu_core/cpu-cycles/,235053105,99.00,,
2,,context-switches,235682846,100.00,,
49304,,page-faults,235682846,100.00,,

----- [tile_256] H=4096 W=4096 K=3 seed=1234 rep=17/20 exit=0 -----
PROFILING tile variant=256 H=4096 W=4096 K=3 seed=1234
tile_size=256
checksum 0.712899
--- perf stat -x, ---
442263157,,cpu_core/L1-dcache-loads/,230047411,99.00,,
871693,,cpu_core/L1-dcache-load-misses/,230047411,99.00,0.20,of all L1-dcache accesses
393334862,,cpu_core/branch-instructions/,230047411,99.00,,
8598933,,cpu_core/branch-misses/,230047411,99.00,,
2388414515,,cpu_core/instructions/,230047411,99.00,,
871355891,,cpu_core/cpu-cycles/,230047411,99.00,,
3,,context-switches,230484566,100.00,,
49302,,page-faults,230484566,100.00,,

----- [tile_256] H=4096 W=4096 K=3 seed=1234 rep=18/20 exit=0 -----
PROFILING tile variant=256 H=4096 W=4096 K=3 seed=1234
tile_size=256
checksum 0.712899
--- perf stat -x, ---
442542127,,cpu_core/L1-dcache-loads/,237164864,99.00,,
888555,,cpu_core/L1-dcache-load-misses/,237164864,99.00,0.20,of all L1-dcache accesses
393579862,,cpu_core/branch-instructions/,237164864,99.00,,
8609287,,cpu_core/branch-misses/,237164864,99.00,,
2389909848,,cpu_core/instructions/,237164864,99.00,,
881368768,,cpu_core/cpu-cycles/,237164864,99.00,,
2,,context-switches,237764177,100.00,,
49301,,page-faults,237764177,100.00,,

----- [tile_256] H=4096 W=4096 K=3 seed=1234 rep=19/20 exit=0 -----
PROFILING tile variant=256 H=4096 W=4096 K=3 seed=1234
tile_size=256
checksum 0.712899
--- perf stat -x, ---
442158928,,cpu_core/L1-dcache-loads/,233703325,99.00,,
870202,,cpu_core/L1-dcache-load-misses/,233703325,99.00,0.20,of all L1-dcache accesses
393238592,,cpu_core/branch-instructions/,233703325,99.00,,
8590578,,cpu_core/branch-misses/,233703325,99.00,,
2387835960,,cpu_core/instructions/,233703325,99.00,,
883170928,,cpu_core/cpu-cycles/,233703325,99.00,,
3,,context-switches,234087181,100.00,,
49299,,page-faults,234087181,100.00,,

----- [tile_256] H=4096 W=4096 K=3 seed=1234 rep=20/20 exit=0 -----
PROFILING tile variant=256 H=4096 W=4096 K=3 seed=1234
tile_size=256
checksum 0.712899
--- perf stat -x, ---
442555105,,cpu_core/L1-dcache-loads/,236834428,99.00,,
886133,,cpu_core/L1-dcache-load-misses/,236834428,99.00,0.20,of all L1-dcache accesses
393592461,,cpu_core/branch-instructions/,236834428,99.00,,
8601886,,cpu_core/branch-misses/,236834428,99.00,,
2389986469,,cpu_core/instructions/,236834428,99.00,,
884186353,,cpu_core/cpu-cycles/,236834428,99.00,,
3,,context-switches,237442553,100.00,,
49301,,page-faults,237442553,100.00,,

----- [tile_256] H=8192 W=8192 K=3 seed=1234 rep=1/20 exit=0 -----
PROFILING tile variant=256 H=8192 W=8192 K=3 seed=1234
tile_size=256
checksum 0.493239
--- perf stat -x, ---
1766005085,,cpu_core/L1-dcache-loads/,936352586,100.00,,
3635855,,cpu_core/L1-dcache-load-misses/,936352586,100.00,0.21,of all L1-dcache accesses
1570796015,,cpu_core/branch-instructions/,936352586,100.00,,
34287452,,cpu_core/branch-misses/,936352586,100.00,,
9539079638,,cpu_core/instructions/,936352586,100.00,,
3546178549,,cpu_core/cpu-cycles/,936352586,100.00,,
5,,context-switches,936352586,100.00,,
196776,,page-faults,936352586,100.00,,

----- [tile_256] H=8192 W=8192 K=3 seed=1234 rep=2/20 exit=0 -----
PROFILING tile variant=256 H=8192 W=8192 K=3 seed=1234
tile_size=256
checksum 0.493239
--- perf stat -x, ---
1766989115,,cpu_core/L1-dcache-loads/,936028235,99.00,,
3698626,,cpu_core/L1-dcache-load-misses/,936028235,99.00,0.21,of all L1-dcache accesses
1571732597,,cpu_core/branch-instructions/,936028235,99.00,,
34305346,,cpu_core/branch-misses/,936028235,99.00,,
9544836614,,cpu_core/instructions/,936028235,99.00,,
3529599517,,cpu_core/cpu-cycles/,936028235,99.00,,
10,,context-switches,936652535,100.00,,
196773,,page-faults,936652535,100.00,,

----- [tile_256] H=8192 W=8192 K=3 seed=1234 rep=3/20 exit=0 -----
PROFILING tile variant=256 H=8192 W=8192 K=3 seed=1234
tile_size=256
checksum 0.493239
--- perf stat -x, ---
1767098467,,cpu_core/L1-dcache-loads/,939857966,99.00,,
3638610,,cpu_core/L1-dcache-load-misses/,939857966,99.00,0.21,of all L1-dcache accesses
1571826207,,cpu_core/branch-instructions/,939857966,99.00,,
34292932,,cpu_core/branch-misses/,939857966,99.00,,
9545385542,,cpu_core/instructions/,939857966,99.00,,
3531013886,,cpu_core/cpu-cycles/,939857966,99.00,,
4,,context-switches,940523190,100.00,,
196773,,page-faults,940523190,100.00,,

----- [tile_256] H=8192 W=8192 K=3 seed=1234 rep=4/20 exit=0 -----
PROFILING tile variant=256 H=8192 W=8192 K=3 seed=1234
tile_size=256
checksum 0.493239
--- perf stat -x, ---
1766976458,,cpu_core/L1-dcache-loads/,932550551,99.00,,
3659811,,cpu_core/L1-dcache-load-misses/,932550551,99.00,0.21,of all L1-dcache accesses
1571719382,,cpu_core/branch-instructions/,932550551,99.00,,
34301053,,cpu_core/branch-misses/,932550551,99.00,,
9544749380,,cpu_core/instructions/,932550551,99.00,,
3515418187,,cpu_core/cpu-cycles/,932550551,99.00,,
8,,context-switches,933161280,100.00,,
196771,,page-faults,933161280,100.00,,

----- [tile_256] H=8192 W=8192 K=3 seed=1234 rep=5/20 exit=0 -----
PROFILING tile variant=256 H=8192 W=8192 K=3 seed=1234
tile_size=256
checksum 0.493239
--- perf stat -x, ---
1766730971,,cpu_core/L1-dcache-loads/,938577761,99.00,,
3637760,,cpu_core/L1-dcache-load-misses/,938577761,99.00,0.21,of all L1-dcache accesses
1571492243,,cpu_core/branch-instructions/,938577761,99.00,,
34295653,,cpu_core/branch-misses/,938577761,99.00,,
9543375175,,cpu_core/instructions/,938577761,99.00,,
3538162013,,cpu_core/cpu-cycles/,938577761,99.00,,
7,,context-switches,939042198,100.00,,
196773,,page-faults,939042198,100.00,,

----- [tile_256] H=8192 W=8192 K=3 seed=1234 rep=6/20 exit=0 -----
PROFILING tile variant=256 H=8192 W=8192 K=3 seed=1234
tile_size=256
checksum 0.493239
--- perf stat -x, ---
1767112534,,cpu_core/L1-dcache-loads/,930100906,99.00,,
3714159,,cpu_core/L1-dcache-load-misses/,930100906,99.00,0.21,of all L1-dcache accesses
1571839993,,cpu_core/branch-instructions/,930100906,99.00,,
34307816,,cpu_core/branch-misses/,930100906,99.00,,
9545476404,,cpu_core/instructions/,930100906,99.00,,
3496629651,,cpu_core/cpu-cycles/,930100906,99.00,,
9,,context-switches,930782715,100.00,,
196771,,page-faults,930782715,100.00,,

----- [tile_256] H=8192 W=8192 K=3 seed=1234 rep=7/20 exit=0 -----
PROFILING tile variant=256 H=8192 W=8192 K=3 seed=1234
tile_size=256
checksum 0.493239
--- perf stat -x, ---
1766059491,,cpu_core/L1-dcache-loads/,928147962,100.00,,
3682873,,cpu_core/L1-dcache-load-misses/,928147962,100.00,0.21,of all L1-dcache accesses
1570863569,,cpu_core/branch-instructions/,928147962,100.00,,
34280504,,cpu_core/branch-misses/,928147962,100.00,,
9539475147,,cpu_core/instructions/,928147962,100.00,,
3494281680,,cpu_core/cpu-cycles/,928147962,100.00,,
7,,context-switches,928147962,100.00,,
196775,,page-faults,928147962,100.00,,

----- [tile_256] H=8192 W=8192 K=3 seed=1234 rep=8/20 exit=0 -----
PROFILING tile variant=256 H=8192 W=8192 K=3 seed=1234
tile_size=256
checksum 0.493239
--- perf stat -x, ---
1766591425,,cpu_core/L1-dcache-loads/,933147355,99.00,,
3638351,,cpu_core/L1-dcache-load-misses/,933147355,99.00,0.21,of all L1-dcache accesses
1571378109,,cpu_core/branch-instructions/,933147355,99.00,,
34271079,,cpu_core/branch-misses/,933147355,99.00,,
9542684298,,cpu_core/instructions/,933147355,99.00,,
3519378927,,cpu_core/cpu-cycles/,933147355,99.00,,
9,,context-switches,933570745,100.00,,
196774,,page-faults,933570745,100.00,,

----- [tile_256] H=8192 W=8192 K=3 seed=1234 rep=9/20 exit=0 -----
PROFILING tile variant=256 H=8192 W=8192 K=3 seed=1234
tile_size=256
checksum 0.493239
--- perf stat -x, ---
1767071009,,cpu_core/L1-dcache-loads/,933298513,99.00,,
3636666,,cpu_core/L1-dcache-load-misses/,933298513,99.00,0.21,of all L1-dcache accesses
1571802859,,cpu_core/branch-instructions/,933298513,99.00,,
34307747,,cpu_core/branch-misses/,933298513,99.00,,
9545273241,,cpu_core/instructions/,933298513,99.00,,
3519397462,,cpu_core/cpu-cycles/,933298513,99.00,,
7,,context-switches,933976755,100.00,,
196774,,page-faults,933976755,100.00,,

----- [tile_256] H=8192 W=8192 K=3 seed=1234 rep=10/20 exit=0 -----
PROFILING tile variant=256 H=8192 W=8192 K=3 seed=1234
tile_size=256
checksum 0.493239
--- perf stat -x, ---
1766628412,,cpu_core/L1-dcache-loads/,925934857,99.00,,
3648466,,cpu_core/L1-dcache-load-misses/,925934857,99.00,0.21,of all L1-dcache accesses
1571405182,,cpu_core/branch-instructions/,925934857,99.00,,
34285550,,cpu_core/branch-misses/,925934857,99.00,,
9542834503,,cpu_core/instructions/,925934857,99.00,,
3490002713,,cpu_core/cpu-cycles/,925934857,99.00,,
13,,context-switches,926348808,100.00,,
196774,,page-faults,926348808,100.00,,

----- [tile_256] H=8192 W=8192 K=3 seed=1234 rep=11/20 exit=0 -----
PROFILING tile variant=256 H=8192 W=8192 K=3 seed=1234
tile_size=256
checksum 0.493239
--- perf stat -x, ---
1766020865,,cpu_core/L1-dcache-loads/,934634102,100.00,,
3604972,,cpu_core/L1-dcache-load-misses/,934634102,100.00,0.20,of all L1-dcache accesses
1570829396,,cpu_core/branch-instructions/,934634102,100.00,,
34289953,,cpu_core/branch-misses/,934634102,100.00,,
9539296578,,cpu_core/instructions/,934634102,100.00,,
3518360789,,cpu_core/cpu-cycles/,934634102,100.00,,
4,,context-switches,934634102,100.00,,
196773,,page-faults,934634102,100.00,,

----- [tile_256] H=8192 W=8192 K=3 seed=1234 rep=12/20 exit=0 -----
PROFILING tile variant=256 H=8192 W=8192 K=3 seed=1234
tile_size=256
checksum 0.493239
--- perf stat -x, ---
1766943948,,cpu_core/L1-dcache-loads/,934315468,99.00,,
3646173,,cpu_core/L1-dcache-load-misses/,934315468,99.00,0.21,of all L1-dcache accesses
1571690625,,cpu_core/branch-instructions/,934315468,99.00,,
34344883,,cpu_core/branch-misses/,934315468,99.00,,
9544575180,,cpu_core/instructions/,934315468,99.00,,
3523000302,,cpu_core/cpu-cycles/,934315468,99.00,,
9,,context-switches,934914272,100.00,,
196773,,page-faults,934914272,100.00,,

----- [tile_256] H=8192 W=8192 K=3 seed=1234 rep=13/20 exit=0 -----
PROFILING tile variant=256 H=8192 W=8192 K=3 seed=1234
tile_size=256
checksum 0.493239
--- perf stat -x, ---
1767037466,,cpu_core/L1-dcache-loads/,929703611,99.00,,
3674807,,cpu_core/L1-dcache-load-misses/,929703611,99.00,0.21,of all L1-dcache accesses
1571770914,,cpu_core/branch-instructions/,929703611,99.00,,
34316443,,cpu_core/branch-misses/,929703611,99.00,,
9545041017,,cpu_core/instructions/,929703611,99.00,,
3504597841,,cpu_core/cpu-cycles/,929703611,99.00,,
4,,context-switches,930325750,100.00,,
196772,,page-faults,930325750,100.00,,

----- [tile_256] H=8192 W=8192 K=3 seed=1234 rep=14/20 exit=0 -----
PROFILING tile variant=256 H=8192 W=8192 K=3 seed=1234
tile_size=256
checksum 0.493239
--- perf stat -x, ---
1767029465,,cpu_core/L1-dcache-loads/,946950731,99.00,,
3599219,,cpu_core/L1-dcache-load-misses/,946950731,99.00,0.20,of all L1-dcache accesses
1571755168,,cpu_core/branch-instructions/,946950731,99.00,,
34298969,,cpu_core/branch-misses/,946950731,99.00,,
9544967175,,cpu_core/instructions/,946950731,99.00,,
3569488888,,cpu_core/cpu-cycles/,946950731,99.00,,
9,,context-switches,947583816,100.00,,
196774,,page-faults,947583816,100.00,,

----- [tile_256] H=8192 W=8192 K=3 seed=1234 rep=15/20 exit=0 -----
PROFILING tile variant=256 H=8192 W=8192 K=3 seed=1234
tile_size=256
checksum 0.493239
--- perf stat -x, ---
1766593232,,cpu_core/L1-dcache-loads/,935580848,99.00,,
3721649,,cpu_core/L1-dcache-load-misses/,935580848,99.00,0.21,of all L1-dcache accesses
1571373829,,cpu_core/branch-instructions/,935580848,99.00,,
34314277,,cpu_core/branch-misses/,935580848,99.00,,
9542662927,,cpu_core/instructions/,935580848,99.00,,
3533768847,,cpu_core/cpu-cycles/,935580848,99.00,,
9,,context-switches,935997568,100.00,,
196775,,page-faults,935997568,100.00,,

----- [tile_256] H=8192 W=8192 K=3 seed=1234 rep=16/20 exit=0 -----
PROFILING tile variant=256 H=8192 W=8192 K=3 seed=1234
tile_size=256
checksum 0.493239
--- perf stat -x, ---
1766824211,,cpu_core/L1-dcache-loads/,933928370,99.00,,
3664472,,cpu_core/L1-dcache-load-misses/,933928370,99.00,0.21,of all L1-dcache accesses
1571570773,,cpu_core/branch-instructions/,933928370,99.00,,
34307391,,cpu_core/branch-misses/,933928370,99.00,,
9543850534,,cpu_core/instructions/,933928370,99.00,,
3517157935,,cpu_core/cpu-cycles/,933928370,99.00,,
12,,context-switches,934434499,100.00,,
196773,,page-faults,934434499,100.00,,

----- [tile_256] H=8192 W=8192 K=3 seed=1234 rep=17/20 exit=0 -----
PROFILING tile variant=256 H=8192 W=8192 K=3 seed=1234
tile_size=256
checksum 0.493239
--- perf stat -x, ---
1766863554,,cpu_core/L1-dcache-loads/,930408581,99.00,,
3670071,,cpu_core/L1-dcache-load-misses/,930408581,99.00,0.21,of all L1-dcache accesses
1571621608,,cpu_core/branch-instructions/,930408581,99.00,,
34286361,,cpu_core/branch-misses/,930408581,99.00,,
9544184556,,cpu_core/instructions/,930408581,99.00,,
3507550468,,cpu_core/cpu-cycles/,930408581,99.00,,
6,,context-switches,930990556,100.00,,
196770,,page-faults,930990556,100.00,,

----- [tile_256] H=8192 W=8192 K=3 seed=1234 rep=18/20 exit=0 -----
PROFILING tile variant=256 H=8192 W=8192 K=3 seed=1234
tile_size=256
checksum 0.493239
--- perf stat -x, ---
1767060281,,cpu_core/L1-dcache-loads/,932072519,99.00,,
3627742,,cpu_core/L1-dcache-load-misses/,932072519,99.00,0.21,of all L1-dcache accesses
1571790869,,cpu_core/branch-instructions/,932072519,99.00,,
34327386,,cpu_core/branch-misses/,932072519,99.00,,
9545190340,,cpu_core/instructions/,932072519,99.00,,
3510885436,,cpu_core/cpu-cycles/,932072519,99.00,,
10,,context-switches,932732189,100.00,,
196775,,page-faults,932732189,100.00,,

----- [tile_256] H=8192 W=8192 K=3 seed=1234 rep=19/20 exit=0 -----
PROFILING tile variant=256 H=8192 W=8192 K=3 seed=1234
tile_size=256
checksum 0.493239
--- perf stat -x, ---
1766030310,,cpu_core/L1-dcache-loads/,936623276,100.00,,
3640384,,cpu_core/L1-dcache-load-misses/,936623276,100.00,0.21,of all L1-dcache accesses
1570836608,,cpu_core/branch-instructions/,936623276,100.00,,
34277998,,cpu_core/branch-misses/,936623276,100.00,,
9539330469,,cpu_core/instructions/,936623276,100.00,,
3521582257,,cpu_core/cpu-cycles/,936623276,100.00,,
5,,context-switches,936623276,100.00,,
196775,,page-faults,936623276,100.00,,

----- [tile_256] H=8192 W=8192 K=3 seed=1234 rep=20/20 exit=0 -----
PROFILING tile variant=256 H=8192 W=8192 K=3 seed=1234
tile_size=256
checksum 0.493239
--- perf stat -x, ---
1766993629,,cpu_core/L1-dcache-loads/,935607756,99.00,,
3687214,,cpu_core/L1-dcache-load-misses/,935607756,99.00,0.21,of all L1-dcache accesses
1571733737,,cpu_core/branch-instructions/,935607756,99.00,,
34279291,,cpu_core/branch-misses/,935607756,99.00,,
9544849845,,cpu_core/instructions/,935607756,99.00,,
3521314741,,cpu_core/cpu-cycles/,935607756,99.00,,
8,,context-switches,936245947,100.00,,
196775,,page-faults,936245947,100.00,,

----- [tile_256] H=16384 W=16384 K=3 seed=1234 rep=1/20 exit=0 -----
PROFILING tile variant=256 H=16384 W=16384 K=3 seed=1234
tile_size=256
checksum 0.112685
--- perf stat -x, ---
7065483563,,cpu_core/L1-dcache-loads/,3716572849,99.00,,
15901687,,cpu_core/L1-dcache-load-misses/,3716572849,99.00,0.23,of all L1-dcache accesses
6285770344,,cpu_core/branch-instructions/,3716572849,99.00,,
137108955,,cpu_core/branch-misses/,3716572849,99.00,,
38173456242,,cpu_core/instructions/,3716572849,99.00,,
14058930086,,cpu_core/cpu-cycles/,3716572849,99.00,,
26,,context-switches,3717176292,100.00,,
786630,,page-faults,3717176292,100.00,,

----- [tile_256] H=16384 W=16384 K=3 seed=1234 rep=2/20 exit=0 -----
PROFILING tile variant=256 H=16384 W=16384 K=3 seed=1234
tile_size=256
checksum 0.112685
--- perf stat -x, ---
7065502321,,cpu_core/L1-dcache-loads/,3726856421,99.00,,
16461371,,cpu_core/L1-dcache-load-misses/,3726856421,99.00,0.23,of all L1-dcache accesses
6285735637,,cpu_core/branch-instructions/,3726856421,99.00,,
137024731,,cpu_core/branch-misses/,3726856421,99.00,,
38173213337,,cpu_core/instructions/,3726856421,99.00,,
14100203745,,cpu_core/cpu-cycles/,3726856421,99.00,,
26,,context-switches,3727477904,100.00,,
786629,,page-faults,3727477904,100.00,,

----- [tile_256] H=16384 W=16384 K=3 seed=1234 rep=3/20 exit=0 -----
PROFILING tile variant=256 H=16384 W=16384 K=3 seed=1234
tile_size=256
checksum 0.112685
--- perf stat -x, ---
7065043511,,cpu_core/L1-dcache-loads/,3714238660,99.00,,
15819734,,cpu_core/L1-dcache-load-misses/,3714238660,99.00,0.22,of all L1-dcache accesses
6285327366,,cpu_core/branch-instructions/,3714238660,99.00,,
137065192,,cpu_core/branch-misses/,3714238660,99.00,,
38170710281,,cpu_core/instructions/,3714238660,99.00,,
14051833014,,cpu_core/cpu-cycles/,3714238660,99.00,,
26,,context-switches,3714671693,100.00,,
786632,,page-faults,3714671693,100.00,,

----- [tile_256] H=16384 W=16384 K=3 seed=1234 rep=4/20 exit=0 -----
PROFILING tile variant=256 H=16384 W=16384 K=3 seed=1234
tile_size=256
checksum 0.112685
--- perf stat -x, ---
7065085399,,cpu_core/L1-dcache-loads/,3713787405,99.00,,
15867240,,cpu_core/L1-dcache-load-misses/,3713787405,99.00,0.22,of all L1-dcache accesses
6285371995,,cpu_core/branch-instructions/,3713787405,99.00,,
137156555,,cpu_core/branch-misses/,3713787405,99.00,,
38171047055,,cpu_core/instructions/,3713787405,99.00,,
14051477589,,cpu_core/cpu-cycles/,3713787405,99.00,,
20,,context-switches,3714303363,100.00,,
786630,,page-faults,3714303363,100.00,,

----- [tile_256] H=16384 W=16384 K=3 seed=1234 rep=5/20 exit=0 -----
PROFILING tile variant=256 H=16384 W=16384 K=3 seed=1234
tile_size=256
checksum 0.112685
--- perf stat -x, ---
7064922459,,cpu_core/L1-dcache-loads/,3717808268,99.00,,
15893214,,cpu_core/L1-dcache-load-misses/,3717808268,99.00,0.22,of all L1-dcache accesses
6285218737,,cpu_core/branch-instructions/,3717808268,99.00,,
137057968,,cpu_core/branch-misses/,3717808268,99.00,,
38170095478,,cpu_core/instructions/,3717808268,99.00,,
14073347507,,cpu_core/cpu-cycles/,3717808268,99.00,,
25,,context-switches,3718204757,100.00,,
786630,,page-faults,3718204757,100.00,,

----- [tile_256] H=16384 W=16384 K=3 seed=1234 rep=6/20 exit=0 -----
PROFILING tile variant=256 H=16384 W=16384 K=3 seed=1234
tile_size=256
checksum 0.112685
--- perf stat -x, ---
7065403431,,cpu_core/L1-dcache-loads/,3704914398,99.00,,
15775368,,cpu_core/L1-dcache-load-misses/,3704914398,99.00,0.22,of all L1-dcache accesses
6285653869,,cpu_core/branch-instructions/,3704914398,99.00,,
137146448,,cpu_core/branch-misses/,3704914398,99.00,,
38172693056,,cpu_core/instructions/,3704914398,99.00,,
14019364549,,cpu_core/cpu-cycles/,3704914398,99.00,,
28,,context-switches,3705549365,100.00,,
786630,,page-faults,3705549365,100.00,,

----- [tile_256] H=16384 W=16384 K=3 seed=1234 rep=7/20 exit=0 -----
PROFILING tile variant=256 H=16384 W=16384 K=3 seed=1234
tile_size=256
checksum 0.112685
--- perf stat -x, ---
7065391594,,cpu_core/L1-dcache-loads/,3735870199,99.00,,
15982931,,cpu_core/L1-dcache-load-misses/,3735870199,99.00,0.23,of all L1-dcache accesses
6285629839,,cpu_core/branch-instructions/,3735870199,99.00,,
137071861,,cpu_core/branch-misses/,3735870199,99.00,,
38172570866,,cpu_core/instructions/,3735870199,99.00,,
14134850006,,cpu_core/cpu-cycles/,3735870199,99.00,,
28,,context-switches,3736485734,100.00,,
786630,,page-faults,3736485734,100.00,,

----- [tile_256] H=16384 W=16384 K=3 seed=1234 rep=8/20 exit=0 -----
PROFILING tile variant=256 H=16384 W=16384 K=3 seed=1234
tile_size=256
checksum 0.112685
--- perf stat -x, ---
7065449799,,cpu_core/L1-dcache-loads/,3749363836,99.00,,
16067622,,cpu_core/L1-dcache-load-misses/,3749363836,99.00,0.23,of all L1-dcache accesses
6285679300,,cpu_core/branch-instructions/,3749363836,99.00,,
137016684,,cpu_core/branch-misses/,3749363836,99.00,,
38172927697,,cpu_core/instructions/,3749363836,99.00,,
14182111155,,cpu_core/cpu-cycles/,3749363836,99.00,,
23,,context-switches,3749982182,100.00,,
786630,,page-faults,3749982182,100.00,,

----- [tile_256] H=16384 W=16384 K=3 seed=1234 rep=9/20 exit=0 -----
PROFILING tile variant=256 H=16384 W=16384 K=3 seed=1234
tile_size=256
checksum 0.112685
--- perf stat -x, ---
7065448736,,cpu_core/L1-dcache-loads/,3717785241,99.00,,
15854571,,cpu_core/L1-dcache-load-misses/,3717785241,99.00,0.22,of all L1-dcache accesses
6285676915,,cpu_core/branch-instructions/,3717785241,99.00,,
137130406,,cpu_core/branch-misses/,3717785241,99.00,,
38172877228,,cpu_core/instructions/,3717785241,99.00,,
14070164994,,cpu_core/cpu-cycles/,3717785241,99.00,,
23,,context-switches,3718401165,100.00,,
786629,,page-faults,3718401165,100.00,,

----- [tile_256] H=16384 W=16384 K=3 seed=1234 rep=10/20 exit=0 -----
PROFILING tile variant=256 H=16384 W=16384 K=3 seed=1234
tile_size=256
checksum 0.112685
--- perf stat -x, ---
7065344282,,cpu_core/L1-dcache-loads/,3751412691,99.00,,
15895022,,cpu_core/L1-dcache-load-misses/,3751412691,99.00,0.22,of all L1-dcache accesses
6285574123,,cpu_core/branch-instructions/,3751412691,99.00,,
137070865,,cpu_core/branch-misses/,3751412691,99.00,,
38172240346,,cpu_core/instructions/,3751412691,99.00,,
14197687146,,cpu_core/cpu-cycles/,3751412691,99.00,,
23,,context-switches,3751962356,100.00,,
786630,,page-faults,3751962356,100.00,,

----- [tile_256] H=16384 W=16384 K=3 seed=1234 rep=11/20 exit=0 -----
PROFILING tile variant=256 H=16384 W=16384 K=3 seed=1234
tile_size=256
checksum 0.112685
--- perf stat -x, ---
7065592539,,cpu_core/L1-dcache-loads/,3719309516,99.00,,
15926941,,cpu_core/L1-dcache-load-misses/,3719309516,99.00,0.23,of all L1-dcache accesses
6285803869,,cpu_core/branch-instructions/,3719309516,99.00,,
137101456,,cpu_core/branch-misses/,3719309516,99.00,,
38173584259,,cpu_core/instructions/,3719309516,99.00,,
14070008369,,cpu_core/cpu-cycles/,3719309516,99.00,,
26,,context-switches,3719964733,100.00,,
786630,,page-faults,3719964733,100.00,,

----- [tile_256] H=16384 W=16384 K=3 seed=1234 rep=12/20 exit=0 -----
PROFILING tile variant=256 H=16384 W=16384 K=3 seed=1234
tile_size=256
checksum 0.112685
--- perf stat -x, ---
7065368437,,cpu_core/L1-dcache-loads/,3738442544,99.00,,
16235138,,cpu_core/L1-dcache-load-misses/,3738442544,99.00,0.23,of all L1-dcache accesses
6285600048,,cpu_core/branch-instructions/,3738442544,99.00,,
137095587,,cpu_core/branch-misses/,3738442544,99.00,,
38172452881,,cpu_core/instructions/,3738442544,99.00,,
14143342236,,cpu_core/cpu-cycles/,3738442544,99.00,,
26,,context-switches,3739057310,100.00,,
786630,,page-faults,3739057310,100.00,,

----- [tile_256] H=16384 W=16384 K=3 seed=1234 rep=13/20 exit=0 -----
PROFILING tile variant=256 H=16384 W=16384 K=3 seed=1234
tile_size=256
checksum 0.112685
--- perf stat -x, ---
7064973271,,cpu_core/L1-dcache-loads/,3726131217,99.00,,
16295243,,cpu_core/L1-dcache-load-misses/,3726131217,99.00,0.23,of all L1-dcache accesses
6285229044,,cpu_core/branch-instructions/,3726131217,99.00,,
137047369,,cpu_core/branch-misses/,3726131217,99.00,,
38170125885,,cpu_core/instructions/,3726131217,99.00,,
14094871019,,cpu_core/cpu-cycles/,3726131217,99.00,,
28,,context-switches,3726447167,100.00,,
786628,,page-faults,3726447167,100.00,,

----- [tile_256] H=16384 W=16384 K=3 seed=1234 rep=14/20 exit=0 -----
PROFILING tile variant=256 H=16384 W=16384 K=3 seed=1234
tile_size=256
checksum 0.112685
--- perf stat -x, ---
7065439114,,cpu_core/L1-dcache-loads/,3709531333,99.00,,
15830074,,cpu_core/L1-dcache-load-misses/,3709531333,99.00,0.22,of all L1-dcache accesses
6285674461,,cpu_core/branch-instructions/,3709531333,99.00,,
137046309,,cpu_core/branch-misses/,3709531333,99.00,,
38172862340,,cpu_core/instructions/,3709531333,99.00,,
14037486627,,cpu_core/cpu-cycles/,3709531333,99.00,,
22,,context-switches,3710172285,100.00,,
786628,,page-faults,3710172285,100.00,,

----- [tile_256] H=16384 W=16384 K=3 seed=1234 rep=15/20 exit=0 -----
PROFILING tile variant=256 H=16384 W=16384 K=3 seed=1234
tile_size=256
checksum 0.112685
--- perf stat -x, ---
7065519343,,cpu_core/L1-dcache-loads/,3719717861,99.00,,
15842336,,cpu_core/L1-dcache-load-misses/,3719717861,99.00,0.22,of all L1-dcache accesses
6285737728,,cpu_core/branch-instructions/,3719717861,99.00,,
137025403,,cpu_core/branch-misses/,3719717861,99.00,,
38173264610,,cpu_core/instructions/,3719717861,99.00,,
14074393440,,cpu_core/cpu-cycles/,3719717861,99.00,,
28,,context-switches,3720381919,100.00,,
786632,,page-faults,3720381919,100.00,,

----- [tile_256] H=16384 W=16384 K=3 seed=1234 rep=16/20 exit=0 -----
PROFILING tile variant=256 H=16384 W=16384 K=3 seed=1234
tile_size=256
checksum 0.112685
--- perf stat -x, ---
7065051102,,cpu_core/L1-dcache-loads/,3748820936,99.00,,
15897865,,cpu_core/L1-dcache-load-misses/,3748820936,99.00,0.23,of all L1-dcache accesses
6285311420,,cpu_core/branch-instructions/,3748820936,99.00,,
137137456,,cpu_core/branch-misses/,3748820936,99.00,,
38170656670,,cpu_core/instructions/,3748820936,99.00,,
14184748413,,cpu_core/cpu-cycles/,3748820936,99.00,,
23,,context-switches,3749225112,100.00,,
786631,,page-faults,3749225112,100.00,,

----- [tile_256] H=16384 W=16384 K=3 seed=1234 rep=17/20 exit=0 -----
PROFILING tile variant=256 H=16384 W=16384 K=3 seed=1234
tile_size=256
checksum 0.112685
--- perf stat -x, ---
7065051904,,cpu_core/L1-dcache-loads/,3711086646,99.00,,
16177045,,cpu_core/L1-dcache-load-misses/,3711086646,99.00,0.23,of all L1-dcache accesses
6285316156,,cpu_core/branch-instructions/,3711086646,99.00,,
137200819,,cpu_core/branch-misses/,3711086646,99.00,,
38170683277,,cpu_core/instructions/,3711086646,99.00,,
14059024172,,cpu_core/cpu-cycles/,3711086646,99.00,,
26,,context-switches,3711495496,100.00,,
786629,,page-faults,3711495496,100.00,,

----- [tile_256] H=16384 W=16384 K=3 seed=1234 rep=18/20 exit=0 -----
PROFILING tile variant=256 H=16384 W=16384 K=3 seed=1234
tile_size=256
checksum 0.112685
--- perf stat -x, ---
7065577756,,cpu_core/L1-dcache-loads/,3759438039,99.00,,
15994364,,cpu_core/L1-dcache-load-misses/,3759438039,99.00,0.23,of all L1-dcache accesses
6285769569,,cpu_core/branch-instructions/,3759438039,99.00,,
137057929,,cpu_core/branch-misses/,3759438039,99.00,,
38173417065,,cpu_core/instructions/,3759438039,99.00,,
14227144109,,cpu_core/cpu-cycles/,3759438039,99.00,,
24,,context-switches,3760101549,100.00,,
786631,,page-faults,3760101549,100.00,,

----- [tile_256] H=16384 W=16384 K=3 seed=1234 rep=19/20 exit=0 -----
PROFILING tile variant=256 H=16384 W=16384 K=3 seed=1234
tile_size=256
checksum 0.112685
--- perf stat -x, ---
7065146749,,cpu_core/L1-dcache-loads/,3724131059,99.00,,
16048514,,cpu_core/L1-dcache-load-misses/,3724131059,99.00,0.23,of all L1-dcache accesses
6285402009,,cpu_core/branch-instructions/,3724131059,99.00,,
137059042,,cpu_core/branch-misses/,3724131059,99.00,,
38171200206,,cpu_core/instructions/,3724131059,99.00,,
14090790171,,cpu_core/cpu-cycles/,3724131059,99.00,,
20,,context-switches,3724610267,100.00,,
786629,,page-faults,3724610267,100.00,,

----- [tile_256] H=16384 W=16384 K=3 seed=1234 rep=20/20 exit=0 -----
PROFILING tile variant=256 H=16384 W=16384 K=3 seed=1234
tile_size=256
checksum 0.112685
--- perf stat -x, ---
7065331470,,cpu_core/L1-dcache-loads/,3724936476,99.00,,
15806725,,cpu_core/L1-dcache-load-misses/,3724936476,99.00,0.22,of all L1-dcache accesses
6285568583,,cpu_core/branch-instructions/,3724936476,99.00,,
137009600,,cpu_core/branch-misses/,3724936476,99.00,,
38172213708,,cpu_core/instructions/,3724936476,99.00,,
14095105792,,cpu_core/cpu-cycles/,3724936476,99.00,,
22,,context-switches,3725526755,100.00,,
786629,,page-faults,3725526755,100.00,,
# finished : 2026-09-06T17:53:32+05:30
