############################################################
# label   : tile_1024
# stage   : tile      (/home/advay/CS683_ProgrammingAssignments/pa1-dhurandhar-microarchitecture/task1/src/conv_tile.cpp)
# variant : 1024
# events  : cpu_core/L1-dcache-loads/,cpu_core/L1-dcache-load-misses/,cpu_core/branch-instructions/,cpu_core/branch-misses/,cpu_core/instructions/,cpu_core/cpu-cycles/,context-switches,page-faults
# started : 2026-09-06T17:55:21+05:30
############################################################

----- [tile_1024] H=64 W=64 K=3 seed=1234 rep=1/20 exit=0 -----
PROFILING tile variant=1024 H=64 W=64 K=3 seed=1234
tile_size=1024
checksum -1.144976
--- perf stat -x, ---
636401,,cpu_core/L1-dcache-loads/,895362,64.00,,
15290,,cpu_core/L1-dcache-load-misses/,895362,64.00,2.40,of all L1-dcache accesses
501209,,cpu_core/branch-instructions/,895362,64.00,,
15585,,cpu_core/branch-misses/,895362,64.00,,
2850537,,cpu_core/instructions/,895362,64.00,,
2289994,,cpu_core/cpu-cycles/,895362,64.00,,
1,,context-switches,1380527,100.00,,
141,,page-faults,1380527,100.00,,

----- [tile_1024] H=64 W=64 K=3 seed=1234 rep=2/20 exit=0 -----
PROFILING tile variant=1024 H=64 W=64 K=3 seed=1234
tile_size=1024
checksum -1.144976
--- perf stat -x, ---
646274,,cpu_core/L1-dcache-loads/,1624936,100.00,,
14515,,cpu_core/L1-dcache-load-misses/,1624936,100.00,2.25,of all L1-dcache accesses
494018,,cpu_core/branch-instructions/,1624936,100.00,,
16115,,cpu_core/branch-misses/,1624936,100.00,,
2799614,,cpu_core/instructions/,1624936,100.00,,
2542485,,cpu_core/cpu-cycles/,1624936,100.00,,
1,,context-switches,1624936,100.00,,
140,,page-faults,1624936,100.00,,

----- [tile_1024] H=64 W=64 K=3 seed=1234 rep=3/20 exit=0 -----
PROFILING tile variant=1024 H=64 W=64 K=3 seed=1234
tile_size=1024
checksum -1.144976
--- perf stat -x, ---
689523,,cpu_core/L1-dcache-loads/,915543,59.00,,
16833,,cpu_core/L1-dcache-load-misses/,915543,59.00,2.44,of all L1-dcache accesses
543026,,cpu_core/branch-instructions/,915543,59.00,,
16865,,cpu_core/branch-misses/,915543,59.00,,
3087147,,cpu_core/instructions/,915543,59.00,,
2556274,,cpu_core/cpu-cycles/,915543,59.00,,
1,,context-switches,1531268,100.00,,
142,,page-faults,1531268,100.00,,

----- [tile_1024] H=64 W=64 K=3 seed=1234 rep=4/20 exit=0 -----
PROFILING tile variant=1024 H=64 W=64 K=3 seed=1234
tile_size=1024
checksum -1.144976
--- perf stat -x, ---
721351,,cpu_core/L1-dcache-loads/,836097,57.00,,
15174,,cpu_core/L1-dcache-load-misses/,836097,57.00,2.10,of all L1-dcache accesses
568190,,cpu_core/branch-instructions/,836097,57.00,,
16903,,cpu_core/branch-misses/,836097,57.00,,
3228704,,cpu_core/instructions/,836097,57.00,,
2399305,,cpu_core/cpu-cycles/,836097,57.00,,
1,,context-switches,1464722,100.00,,
140,,page-faults,1464722,100.00,,

----- [tile_1024] H=64 W=64 K=3 seed=1234 rep=5/20 exit=0 -----
PROFILING tile variant=1024 H=64 W=64 K=3 seed=1234
tile_size=1024
checksum -1.144976
--- perf stat -x, ---
747166,,cpu_core/L1-dcache-loads/,892114,55.00,,
16643,,cpu_core/L1-dcache-load-misses/,892114,55.00,2.23,of all L1-dcache accesses
588089,,cpu_core/branch-instructions/,892114,55.00,,
18489,,cpu_core/branch-misses/,892114,55.00,,
3343984,,cpu_core/instructions/,892114,55.00,,
2662130,,cpu_core/cpu-cycles/,892114,55.00,,
2,,context-switches,1605483,100.00,,
143,,page-faults,1605483,100.00,,

----- [tile_1024] H=64 W=64 K=3 seed=1234 rep=6/20 exit=0 -----
PROFILING tile variant=1024 H=64 W=64 K=3 seed=1234
tile_size=1024
checksum -1.144976
--- perf stat -x, ---
719890,,cpu_core/L1-dcache-loads/,935486,57.00,,
16470,,cpu_core/L1-dcache-load-misses/,935486,57.00,2.29,of all L1-dcache accesses
566740,,cpu_core/branch-instructions/,935486,57.00,,
17805,,cpu_core/branch-misses/,935486,57.00,,
3220297,,cpu_core/instructions/,935486,57.00,,
2569398,,cpu_core/cpu-cycles/,935486,57.00,,
1,,context-switches,1626516,100.00,,
142,,page-faults,1626516,100.00,,

----- [tile_1024] H=64 W=64 K=3 seed=1234 rep=7/20 exit=0 -----
PROFILING tile variant=1024 H=64 W=64 K=3 seed=1234
tile_size=1024
checksum -1.144976
--- perf stat -x, ---
693912,,cpu_core/L1-dcache-loads/,931147,59.00,,
16983,,cpu_core/L1-dcache-load-misses/,931147,59.00,2.45,of all L1-dcache accesses
546566,,cpu_core/branch-instructions/,931147,59.00,,
17253,,cpu_core/branch-misses/,931147,59.00,,
3106891,,cpu_core/instructions/,931147,59.00,,
2604181,,cpu_core/cpu-cycles/,931147,59.00,,
1,,context-switches,1554486,100.00,,
144,,page-faults,1554486,100.00,,

----- [tile_1024] H=64 W=64 K=3 seed=1234 rep=8/20 exit=0 -----
PROFILING tile variant=1024 H=64 W=64 K=3 seed=1234
tile_size=1024
checksum -1.144976
--- perf stat -x, ---
855976,,cpu_core/L1-dcache-loads/,398812,48.00,,
19460,,cpu_core/L1-dcache-load-misses/,398812,48.00,2.27,of all L1-dcache accesses
674471,,cpu_core/branch-instructions/,398812,48.00,,
21279,,cpu_core/branch-misses/,398812,48.00,,
3831720,,cpu_core/instructions/,398812,48.00,,
2960410,,cpu_core/cpu-cycles/,398812,48.00,,
1,,context-switches,824498,100.00,,
141,,page-faults,824498,100.00,,

----- [tile_1024] H=64 W=64 K=3 seed=1234 rep=9/20 exit=0 -----
PROFILING tile variant=1024 H=64 W=64 K=3 seed=1234
tile_size=1024
checksum -1.144976
--- perf stat -x, ---
705359,,cpu_core/L1-dcache-loads/,886465,58.00,,
15923,,cpu_core/L1-dcache-load-misses/,886465,58.00,2.26,of all L1-dcache accesses
555921,,cpu_core/branch-instructions/,886465,58.00,,
17398,,cpu_core/branch-misses/,886465,58.00,,
3157342,,cpu_core/instructions/,886465,58.00,,
2510004,,cpu_core/cpu-cycles/,886465,58.00,,
1,,context-switches,1511338,100.00,,
142,,page-faults,1511338,100.00,,

----- [tile_1024] H=64 W=64 K=3 seed=1234 rep=10/20 exit=0 -----
PROFILING tile variant=1024 H=64 W=64 K=3 seed=1234
tile_size=1024
checksum -1.144976
--- perf stat -x, ---
710574,,cpu_core/L1-dcache-loads/,1251052,86.00,,
17493,,cpu_core/L1-dcache-load-misses/,1251052,86.00,2.46,of all L1-dcache accesses
546109,,cpu_core/branch-instructions/,1251052,86.00,,
18278,,cpu_core/branch-misses/,1251052,86.00,,
3090012,,cpu_core/instructions/,1251052,86.00,,
2761517,,cpu_core/cpu-cycles/,1251052,86.00,,
2,,context-switches,1451967,100.00,,
142,,page-faults,1451967,100.00,,

----- [tile_1024] H=64 W=64 K=3 seed=1234 rep=11/20 exit=0 -----
PROFILING tile variant=1024 H=64 W=64 K=3 seed=1234
tile_size=1024
checksum -1.144976
--- perf stat -x, ---
704932,,cpu_core/L1-dcache-loads/,921340,58.00,,
16597,,cpu_core/L1-dcache-load-misses/,921340,58.00,2.35,of all L1-dcache accesses
555551,,cpu_core/branch-instructions/,921340,58.00,,
17298,,cpu_core/branch-misses/,921340,58.00,,
3154791,,cpu_core/instructions/,921340,58.00,,
2624587,,cpu_core/cpu-cycles/,921340,58.00,,
1,,context-switches,1568261,100.00,,
143,,page-faults,1568261,100.00,,

----- [tile_1024] H=64 W=64 K=3 seed=1234 rep=12/20 exit=0 -----
PROFILING tile variant=1024 H=64 W=64 K=3 seed=1234
tile_size=1024
checksum -1.144976
--- perf stat -x, ---
708090,,cpu_core/L1-dcache-loads/,884439,59.00,,
15818,,cpu_core/L1-dcache-load-misses/,884439,59.00,2.23,of all L1-dcache accesses
555855,,cpu_core/branch-instructions/,884439,59.00,,
17471,,cpu_core/branch-misses/,884439,59.00,,
3171275,,cpu_core/instructions/,884439,59.00,,
2496587,,cpu_core/cpu-cycles/,884439,59.00,,
1,,context-switches,1496589,100.00,,
141,,page-faults,1496589,100.00,,

----- [tile_1024] H=64 W=64 K=3 seed=1234 rep=13/20 exit=0 -----
PROFILING tile variant=1024 H=64 W=64 K=3 seed=1234
tile_size=1024
checksum -1.144976
--- perf stat -x, ---
732206,,cpu_core/L1-dcache-loads/,879274,56.00,,
17527,,cpu_core/L1-dcache-load-misses/,879274,56.00,2.39,of all L1-dcache accesses
576771,,cpu_core/branch-instructions/,879274,56.00,,
17982,,cpu_core/branch-misses/,879274,56.00,,
3276422,,cpu_core/instructions/,879274,56.00,,
2601618,,cpu_core/cpu-cycles/,879274,56.00,,
1,,context-switches,1556691,100.00,,
144,,page-faults,1556691,100.00,,

----- [tile_1024] H=64 W=64 K=3 seed=1234 rep=14/20 exit=0 -----
PROFILING tile variant=1024 H=64 W=64 K=3 seed=1234
tile_size=1024
checksum -1.144976
--- perf stat -x, ---
702212,,cpu_core/L1-dcache-loads/,929262,59.00,,
14781,,cpu_core/L1-dcache-load-misses/,929262,59.00,2.10,of all L1-dcache accesses
552713,,cpu_core/branch-instructions/,929262,59.00,,
17431,,cpu_core/branch-misses/,929262,59.00,,
3142279,,cpu_core/instructions/,929262,59.00,,
2638177,,cpu_core/cpu-cycles/,929262,59.00,,
1,,context-switches,1573606,100.00,,
144,,page-faults,1573606,100.00,,

----- [tile_1024] H=64 W=64 K=3 seed=1234 rep=15/20 exit=0 -----
PROFILING tile variant=1024 H=64 W=64 K=3 seed=1234
tile_size=1024
checksum -1.144976
--- perf stat -x, ---
647603,,cpu_core/L1-dcache-loads/,1447277,100.00,,
15699,,cpu_core/L1-dcache-load-misses/,1447277,100.00,2.42,of all L1-dcache accesses
495077,,cpu_core/branch-instructions/,1447277,100.00,,
16194,,cpu_core/branch-misses/,1447277,100.00,,
2807331,,cpu_core/instructions/,1447277,100.00,,
2362144,,cpu_core/cpu-cycles/,1447277,100.00,,
1,,context-switches,1447277,100.00,,
142,,page-faults,1447277,100.00,,

----- [tile_1024] H=64 W=64 K=3 seed=1234 rep=16/20 exit=0 -----
PROFILING tile variant=1024 H=64 W=64 K=3 seed=1234
tile_size=1024
checksum -1.144976
--- perf stat -x, ---
704459,,cpu_core/L1-dcache-loads/,766943,58.00,,
15039,,cpu_core/L1-dcache-load-misses/,766943,58.00,2.13,of all L1-dcache accesses
554625,,cpu_core/branch-instructions/,766943,58.00,,
17433,,cpu_core/branch-misses/,766943,58.00,,
3154842,,cpu_core/instructions/,766943,58.00,,
2379961,,cpu_core/cpu-cycles/,766943,58.00,,
1,,context-switches,1302316,100.00,,
141,,page-faults,1302316,100.00,,

----- [tile_1024] H=64 W=64 K=3 seed=1234 rep=17/20 exit=0 -----
PROFILING tile variant=1024 H=64 W=64 K=3 seed=1234
tile_size=1024
checksum -1.144976
--- perf stat -x, ---
856798,,cpu_core/L1-dcache-loads/,349132,48.00,,
17116,,cpu_core/L1-dcache-load-misses/,349132,48.00,2.00,of all L1-dcache accesses
674487,,cpu_core/branch-instructions/,349132,48.00,,
19744,,cpu_core/branch-misses/,349132,48.00,,
3835625,,cpu_core/instructions/,349132,48.00,,
2711447,,cpu_core/cpu-cycles/,349132,48.00,,
1,,context-switches,724953,100.00,,
143,,page-faults,724953,100.00,,

----- [tile_1024] H=64 W=64 K=3 seed=1234 rep=18/20 exit=0 -----
PROFILING tile variant=1024 H=64 W=64 K=3 seed=1234
tile_size=1024
checksum -1.144976
--- perf stat -x, ---
732525,,cpu_core/L1-dcache-loads/,812859,56.00,,
14490,,cpu_core/L1-dcache-load-misses/,812859,56.00,1.98,of all L1-dcache accesses
577232,,cpu_core/branch-instructions/,812859,56.00,,
15137,,cpu_core/branch-misses/,812859,56.00,,
3277905,,cpu_core/instructions/,812859,56.00,,
2369926,,cpu_core/cpu-cycles/,812859,56.00,,
1,,context-switches,1440337,100.00,,
141,,page-faults,1440337,100.00,,

----- [tile_1024] H=64 W=64 K=3 seed=1234 rep=19/20 exit=0 -----
PROFILING tile variant=1024 H=64 W=64 K=3 seed=1234
tile_size=1024
checksum -1.144976
--- perf stat -x, ---
745431,,cpu_core/L1-dcache-loads/,893270,55.00,,
15306,,cpu_core/L1-dcache-load-misses/,893270,55.00,2.05,of all L1-dcache accesses
586857,,cpu_core/branch-instructions/,893270,55.00,,
14687,,cpu_core/branch-misses/,893270,55.00,,
3339138,,cpu_core/instructions/,893270,55.00,,
2522278,,cpu_core/cpu-cycles/,893270,55.00,,
1,,context-switches,1615765,100.00,,
139,,page-faults,1615765,100.00,,

----- [tile_1024] H=64 W=64 K=3 seed=1234 rep=20/20 exit=0 -----
PROFILING tile variant=1024 H=64 W=64 K=3 seed=1234
tile_size=1024
checksum -1.144976
--- perf stat -x, ---
708912,,cpu_core/L1-dcache-loads/,1318361,83.00,,
15381,,cpu_core/L1-dcache-load-misses/,1318361,83.00,2.17,of all L1-dcache accesses
542580,,cpu_core/branch-instructions/,1318361,83.00,,
13393,,cpu_core/branch-misses/,1318361,83.00,,
3079476,,cpu_core/instructions/,1318361,83.00,,
2515927,,cpu_core/cpu-cycles/,1318361,83.00,,
2,,context-switches,1572318,100.00,,
144,,page-faults,1572318,100.00,,

----- [tile_1024] H=128 W=128 K=3 seed=1234 rep=1/20 exit=0 -----
PROFILING tile variant=1024 H=128 W=128 K=3 seed=1234
tile_size=1024
checksum 1.545684
--- perf stat -x, ---
976028,,cpu_core/L1-dcache-loads/,1754587,100.00,,
14503,,cpu_core/L1-dcache-load-misses/,1754587,100.00,1.49,of all L1-dcache accesses
786106,,cpu_core/branch-instructions/,1754587,100.00,,
20457,,cpu_core/branch-misses/,1754587,100.00,,
4571131,,cpu_core/instructions/,1754587,100.00,,
2901572,,cpu_core/cpu-cycles/,1754587,100.00,,
1,,context-switches,1754587,100.00,,
179,,page-faults,1754587,100.00,,

----- [tile_1024] H=128 W=128 K=3 seed=1234 rep=2/20 exit=0 -----
PROFILING tile variant=1024 H=128 W=128 K=3 seed=1234
tile_size=1024
checksum 1.545684
--- perf stat -x, ---
1126473,,cpu_core/L1-dcache-loads/,1024814,65.00,,
13210,,cpu_core/L1-dcache-load-misses/,1024814,65.00,1.17,of all L1-dcache accesses
937808,,cpu_core/branch-instructions/,1024814,65.00,,
22096,,cpu_core/branch-misses/,1024814,65.00,,
5503072,,cpu_core/instructions/,1024814,65.00,,
2869614,,cpu_core/cpu-cycles/,1024814,65.00,,
1,,context-switches,1569089,100.00,,
178,,page-faults,1569089,100.00,,

----- [tile_1024] H=128 W=128 K=3 seed=1234 rep=3/20 exit=0 -----
PROFILING tile variant=1024 H=128 W=128 K=3 seed=1234
tile_size=1024
checksum 1.545684
--- perf stat -x, ---
1123365,,cpu_core/L1-dcache-loads/,1028741,65.00,,
13387,,cpu_core/L1-dcache-load-misses/,1028741,65.00,1.19,of all L1-dcache accesses
935395,,cpu_core/branch-instructions/,1028741,65.00,,
23774,,cpu_core/branch-misses/,1028741,65.00,,
5483506,,cpu_core/instructions/,1028741,65.00,,
2953340,,cpu_core/cpu-cycles/,1028741,65.00,,
1,,context-switches,1571063,100.00,,
178,,page-faults,1571063,100.00,,

----- [tile_1024] H=128 W=128 K=3 seed=1234 rep=4/20 exit=0 -----
PROFILING tile variant=1024 H=128 W=128 K=3 seed=1234
tile_size=1024
checksum 1.545684
--- perf stat -x, ---
1140985,,cpu_core/L1-dcache-loads/,1011059,64.00,,
13639,,cpu_core/L1-dcache-load-misses/,1011059,64.00,1.20,of all L1-dcache accesses
949506,,cpu_core/branch-instructions/,1011059,64.00,,
22415,,cpu_core/branch-misses/,1011059,64.00,,
5571921,,cpu_core/instructions/,1011059,64.00,,
2941810,,cpu_core/cpu-cycles/,1011059,64.00,,
1,,context-switches,1565146,100.00,,
176,,page-faults,1565146,100.00,,

----- [tile_1024] H=128 W=128 K=3 seed=1234 rep=5/20 exit=0 -----
PROFILING tile variant=1024 H=128 W=128 K=3 seed=1234
tile_size=1024
checksum 1.545684
--- perf stat -x, ---
975058,,cpu_core/L1-dcache-loads/,1702762,100.00,,
15112,,cpu_core/L1-dcache-load-misses/,1702762,100.00,1.55,of all L1-dcache accesses
785247,,cpu_core/branch-instructions/,1702762,100.00,,
22038,,cpu_core/branch-misses/,1702762,100.00,,
4569599,,cpu_core/instructions/,1702762,100.00,,
2952820,,cpu_core/cpu-cycles/,1702762,100.00,,
1,,context-switches,1702762,100.00,,
180,,page-faults,1702762,100.00,,

----- [tile_1024] H=128 W=128 K=3 seed=1234 rep=6/20 exit=0 -----
PROFILING tile variant=1024 H=128 W=128 K=3 seed=1234
tile_size=1024
checksum 1.545684
--- perf stat -x, ---
1168057,,cpu_core/L1-dcache-loads/,999720,63.00,,
13536,,cpu_core/L1-dcache-load-misses/,999720,63.00,1.16,of all L1-dcache accesses
972109,,cpu_core/branch-instructions/,999720,63.00,,
23175,,cpu_core/branch-misses/,999720,63.00,,
5702433,,cpu_core/instructions/,999720,63.00,,
2974996,,cpu_core/cpu-cycles/,999720,63.00,,
2,,context-switches,1584435,100.00,,
180,,page-faults,1584435,100.00,,

----- [tile_1024] H=128 W=128 K=3 seed=1234 rep=7/20 exit=0 -----
PROFILING tile variant=1024 H=128 W=128 K=3 seed=1234
tile_size=1024
checksum 1.545684
--- perf stat -x, ---
1121249,,cpu_core/L1-dcache-loads/,1043636,65.00,,
13899,,cpu_core/L1-dcache-load-misses/,1043636,65.00,1.24,of all L1-dcache accesses
933566,,cpu_core/branch-instructions/,1043636,65.00,,
23231,,cpu_core/branch-misses/,1043636,65.00,,
5472515,,cpu_core/instructions/,1043636,65.00,,
2921363,,cpu_core/cpu-cycles/,1043636,65.00,,
1,,context-switches,1589736,100.00,,
179,,page-faults,1589736,100.00,,

----- [tile_1024] H=128 W=128 K=3 seed=1234 rep=8/20 exit=0 -----
PROFILING tile variant=1024 H=128 W=128 K=3 seed=1234
tile_size=1024
checksum 1.545684
--- perf stat -x, ---
1157383,,cpu_core/L1-dcache-loads/,1469711,63.00,,
14144,,cpu_core/L1-dcache-load-misses/,1469711,63.00,1.22,of all L1-dcache accesses
963759,,cpu_core/branch-instructions/,1469711,63.00,,
26466,,cpu_core/branch-misses/,1469711,63.00,,
5649999,,cpu_core/instructions/,1469711,63.00,,
3341524,,cpu_core/cpu-cycles/,1469711,63.00,,
1,,context-switches,2313723,100.00,,
179,,page-faults,2313723,100.00,,

----- [tile_1024] H=128 W=128 K=3 seed=1234 rep=9/20 exit=0 -----
PROFILING tile variant=1024 H=128 W=128 K=3 seed=1234
tile_size=1024
checksum 1.545684
--- perf stat -x, ---
1114213,,cpu_core/L1-dcache-loads/,1096623,65.00,,
13000,,cpu_core/L1-dcache-load-misses/,1096623,65.00,1.17,of all L1-dcache accesses
927660,,cpu_core/branch-instructions/,1096623,65.00,,
24434,,cpu_core/branch-misses/,1096623,65.00,,
5443381,,cpu_core/instructions/,1096623,65.00,,
2954051,,cpu_core/cpu-cycles/,1096623,65.00,,
1,,context-switches,1665949,100.00,,
177,,page-faults,1665949,100.00,,

----- [tile_1024] H=128 W=128 K=3 seed=1234 rep=10/20 exit=0 -----
PROFILING tile variant=1024 H=128 W=128 K=3 seed=1234
tile_size=1024
checksum 1.545684
--- perf stat -x, ---
1037246,,cpu_core/L1-dcache-loads/,1617288,86.00,,
15137,,cpu_core/L1-dcache-load-misses/,1617288,86.00,1.46,of all L1-dcache accesses
842278,,cpu_core/branch-instructions/,1617288,86.00,,
22440,,cpu_core/branch-misses/,1617288,86.00,,
4907999,,cpu_core/instructions/,1617288,86.00,,
3054751,,cpu_core/cpu-cycles/,1617288,86.00,,
2,,context-switches,1868127,100.00,,
177,,page-faults,1868127,100.00,,

----- [tile_1024] H=128 W=128 K=3 seed=1234 rep=11/20 exit=0 -----
PROFILING tile variant=1024 H=128 W=128 K=3 seed=1234
tile_size=1024
checksum 1.545684
--- perf stat -x, ---
996550,,cpu_core/L1-dcache-loads/,1775145,95.00,,
15114,,cpu_core/L1-dcache-load-misses/,1775145,95.00,1.52,of all L1-dcache accesses
805533,,cpu_core/branch-instructions/,1775145,95.00,,
22896,,cpu_core/branch-misses/,1775145,95.00,,
4686196,,cpu_core/instructions/,1775145,95.00,,
3082332,,cpu_core/cpu-cycles/,1775145,95.00,,
2,,context-switches,1851557,100.00,,
179,,page-faults,1851557,100.00,,

----- [tile_1024] H=128 W=128 K=3 seed=1234 rep=12/20 exit=0 -----
PROFILING tile variant=1024 H=128 W=128 K=3 seed=1234
tile_size=1024
checksum 1.545684
--- perf stat -x, ---
1091293,,cpu_core/L1-dcache-loads/,1143960,67.00,,
13672,,cpu_core/L1-dcache-load-misses/,1143960,67.00,1.25,of all L1-dcache accesses
908616,,cpu_core/branch-instructions/,1143960,67.00,,
25168,,cpu_core/branch-misses/,1143960,67.00,,
5329483,,cpu_core/instructions/,1143960,67.00,,
3025805,,cpu_core/cpu-cycles/,1143960,67.00,,
1,,context-switches,1700613,100.00,,
175,,page-faults,1700613,100.00,,

----- [tile_1024] H=128 W=128 K=3 seed=1234 rep=13/20 exit=0 -----
PROFILING tile variant=1024 H=128 W=128 K=3 seed=1234
tile_size=1024
checksum 1.545684
--- perf stat -x, ---
1006708,,cpu_core/L1-dcache-loads/,1526239,92.00,,
14749,,cpu_core/L1-dcache-load-misses/,1526239,92.00,1.47,of all L1-dcache accesses
815872,,cpu_core/branch-instructions/,1526239,92.00,,
20345,,cpu_core/branch-misses/,1526239,92.00,,
4749819,,cpu_core/instructions/,1526239,92.00,,
2884321,,cpu_core/cpu-cycles/,1526239,92.00,,
2,,context-switches,1652879,100.00,,
175,,page-faults,1652879,100.00,,

----- [tile_1024] H=128 W=128 K=3 seed=1234 rep=14/20 exit=0 -----
PROFILING tile variant=1024 H=128 W=128 K=3 seed=1234
tile_size=1024
checksum 1.545684
--- perf stat -x, ---
1118548,,cpu_core/L1-dcache-loads/,1106827,65.00,,
13311,,cpu_core/L1-dcache-load-misses/,1106827,65.00,1.19,of all L1-dcache accesses
931474,,cpu_core/branch-instructions/,1106827,65.00,,
22080,,cpu_core/branch-misses/,1106827,65.00,,
5462954,,cpu_core/instructions/,1106827,65.00,,
2962811,,cpu_core/cpu-cycles/,1106827,65.00,,
1,,context-switches,1686167,100.00,,
177,,page-faults,1686167,100.00,,

----- [tile_1024] H=128 W=128 K=3 seed=1234 rep=15/20 exit=0 -----
PROFILING tile variant=1024 H=128 W=128 K=3 seed=1234
tile_size=1024
checksum 1.545684
--- perf stat -x, ---
1152946,,cpu_core/L1-dcache-loads/,1196785,63.00,,
13447,,cpu_core/L1-dcache-load-misses/,1196785,63.00,1.17,of all L1-dcache accesses
959786,,cpu_core/branch-instructions/,1196785,63.00,,
25055,,cpu_core/branch-misses/,1196785,63.00,,
5628655,,cpu_core/instructions/,1196785,63.00,,
3107124,,cpu_core/cpu-cycles/,1196785,63.00,,
1,,context-switches,1877086,100.00,,
175,,page-faults,1877086,100.00,,

----- [tile_1024] H=128 W=128 K=3 seed=1234 rep=16/20 exit=0 -----
PROFILING tile variant=1024 H=128 W=128 K=3 seed=1234
tile_size=1024
checksum 1.545684
--- perf stat -x, ---
973399,,cpu_core/L1-dcache-loads/,1545959,100.00,,
14516,,cpu_core/L1-dcache-load-misses/,1545959,100.00,1.49,of all L1-dcache accesses
783510,,cpu_core/branch-instructions/,1545959,100.00,,
21563,,cpu_core/branch-misses/,1545959,100.00,,
4565070,,cpu_core/instructions/,1545959,100.00,,
2860398,,cpu_core/cpu-cycles/,1545959,100.00,,
1,,context-switches,1545959,100.00,,
177,,page-faults,1545959,100.00,,

----- [tile_1024] H=128 W=128 K=3 seed=1234 rep=17/20 exit=0 -----
PROFILING tile variant=1024 H=128 W=128 K=3 seed=1234
tile_size=1024
checksum 1.545684
--- perf stat -x, ---
1123688,,cpu_core/L1-dcache-loads/,1013551,65.00,,
13074,,cpu_core/L1-dcache-load-misses/,1013551,65.00,1.16,of all L1-dcache accesses
935685,,cpu_core/branch-instructions/,1013551,65.00,,
22702,,cpu_core/branch-misses/,1013551,65.00,,
5486908,,cpu_core/instructions/,1013551,65.00,,
2911383,,cpu_core/cpu-cycles/,1013551,65.00,,
1,,context-switches,1550034,100.00,,
178,,page-faults,1550034,100.00,,

----- [tile_1024] H=128 W=128 K=3 seed=1234 rep=18/20 exit=0 -----
PROFILING tile variant=1024 H=128 W=128 K=3 seed=1234
tile_size=1024
checksum 1.545684
--- perf stat -x, ---
970021,,cpu_core/L1-dcache-loads/,806492,100.00,,
14493,,cpu_core/L1-dcache-load-misses/,806492,100.00,1.49,of all L1-dcache accesses
781896,,cpu_core/branch-instructions/,806492,100.00,,
22482,,cpu_core/branch-misses/,806492,100.00,,
4549543,,cpu_core/instructions/,806492,100.00,,
2882896,,cpu_core/cpu-cycles/,806492,100.00,,
1,,context-switches,806492,100.00,,
176,,page-faults,806492,100.00,,

----- [tile_1024] H=128 W=128 K=3 seed=1234 rep=19/20 exit=0 -----
PROFILING tile variant=1024 H=128 W=128 K=3 seed=1234
tile_size=1024
checksum 1.545684
--- perf stat -x, ---
1103183,,cpu_core/L1-dcache-loads/,1079329,66.00,,
13581,,cpu_core/L1-dcache-load-misses/,1079329,66.00,1.23,of all L1-dcache accesses
918382,,cpu_core/branch-instructions/,1079329,66.00,,
24830,,cpu_core/branch-misses/,1079329,66.00,,
5386854,,cpu_core/instructions/,1079329,66.00,,
2993283,,cpu_core/cpu-cycles/,1079329,66.00,,
1,,context-switches,1621014,100.00,,
178,,page-faults,1621014,100.00,,

----- [tile_1024] H=128 W=128 K=3 seed=1234 rep=20/20 exit=0 -----
PROFILING tile variant=1024 H=128 W=128 K=3 seed=1234
tile_size=1024
checksum 1.545684
--- perf stat -x, ---
1118516,,cpu_core/L1-dcache-loads/,1038077,65.00,,
13329,,cpu_core/L1-dcache-load-misses/,1038077,65.00,1.19,of all L1-dcache accesses
930188,,cpu_core/branch-instructions/,1038077,65.00,,
24589,,cpu_core/branch-misses/,1038077,65.00,,
5461663,,cpu_core/instructions/,1038077,65.00,,
2958170,,cpu_core/cpu-cycles/,1038077,65.00,,
1,,context-switches,1573511,100.00,,
177,,page-faults,1573511,100.00,,

----- [tile_1024] H=256 W=256 K=3 seed=1234 rep=1/20 exit=0 -----
PROFILING tile variant=1024 H=256 W=256 K=3 seed=1234
tile_size=1024
checksum 1.200319
--- perf stat -x, ---
2491054,,cpu_core/L1-dcache-loads/,2617415,81.00,,
14656,,cpu_core/L1-dcache-load-misses/,2617415,81.00,0.59,of all L1-dcache accesses
2162997,,cpu_core/branch-instructions/,2617415,81.00,,
50298,,cpu_core/branch-misses/,2617415,81.00,,
12973282,,cpu_core/instructions/,2617415,81.00,,
5498883,,cpu_core/cpu-cycles/,2617415,81.00,,
1,,context-switches,3198014,100.00,,
327,,page-faults,3198014,100.00,,

----- [tile_1024] H=256 W=256 K=3 seed=1234 rep=2/20 exit=0 -----
PROFILING tile variant=1024 H=256 W=256 K=3 seed=1234
tile_size=1024
checksum 1.200319
--- perf stat -x, ---
2277961,,cpu_core/L1-dcache-loads/,3328443,100.00,,
19476,,cpu_core/L1-dcache-load-misses/,3328443,100.00,0.85,of all L1-dcache accesses
1943182,,cpu_core/branch-instructions/,3328443,100.00,,
48381,,cpu_core/branch-misses/,3328443,100.00,,
11597936,,cpu_core/instructions/,3328443,100.00,,
5569968,,cpu_core/cpu-cycles/,3328443,100.00,,
1,,context-switches,3328443,100.00,,
326,,page-faults,3328443,100.00,,

----- [tile_1024] H=256 W=256 K=3 seed=1234 rep=3/20 exit=0 -----
PROFILING tile variant=1024 H=256 W=256 K=3 seed=1234
tile_size=1024
checksum 1.200319
--- perf stat -x, ---
2486647,,cpu_core/L1-dcache-loads/,2409098,81.00,,
16051,,cpu_core/L1-dcache-load-misses/,2409098,81.00,0.65,of all L1-dcache accesses
2159863,,cpu_core/branch-instructions/,2409098,81.00,,
51771,,cpu_core/branch-misses/,2409098,81.00,,
12956548,,cpu_core/instructions/,2409098,81.00,,
5518179,,cpu_core/cpu-cycles/,2409098,81.00,,
1,,context-switches,2942756,100.00,,
323,,page-faults,2942756,100.00,,

----- [tile_1024] H=256 W=256 K=3 seed=1234 rep=4/20 exit=0 -----
PROFILING tile variant=1024 H=256 W=256 K=3 seed=1234
tile_size=1024
checksum 1.200319
--- perf stat -x, ---
2492253,,cpu_core/L1-dcache-loads/,2365628,81.00,,
14936,,cpu_core/L1-dcache-load-misses/,2365628,81.00,0.60,of all L1-dcache accesses
2164440,,cpu_core/branch-instructions/,2365628,81.00,,
51158,,cpu_core/branch-misses/,2365628,81.00,,
12983541,,cpu_core/instructions/,2365628,81.00,,
5412687,,cpu_core/cpu-cycles/,2365628,81.00,,
1,,context-switches,2893180,100.00,,
325,,page-faults,2893180,100.00,,

----- [tile_1024] H=256 W=256 K=3 seed=1234 rep=5/20 exit=0 -----
PROFILING tile variant=1024 H=256 W=256 K=3 seed=1234
tile_size=1024
checksum 1.200319
--- perf stat -x, ---
2488760,,cpu_core/L1-dcache-loads/,2574660,81.00,,
15503,,cpu_core/L1-dcache-load-misses/,2574660,81.00,0.62,of all L1-dcache accesses
2160608,,cpu_core/branch-instructions/,2574660,81.00,,
50555,,cpu_core/branch-misses/,2574660,81.00,,
12962736,,cpu_core/instructions/,2574660,81.00,,
5384846,,cpu_core/cpu-cycles/,2574660,81.00,,
1,,context-switches,3140989,100.00,,
329,,page-faults,3140989,100.00,,

----- [tile_1024] H=256 W=256 K=3 seed=1234 rep=6/20 exit=0 -----
PROFILING tile variant=1024 H=256 W=256 K=3 seed=1234
tile_size=1024
checksum 1.200319
--- perf stat -x, ---
2518439,,cpu_core/L1-dcache-loads/,2669246,81.00,,
15946,,cpu_core/L1-dcache-load-misses/,2669246,81.00,0.63,of all L1-dcache accesses
2185739,,cpu_core/branch-instructions/,2669246,81.00,,
51085,,cpu_core/branch-misses/,2669246,81.00,,
13112798,,cpu_core/instructions/,2669246,81.00,,
5501515,,cpu_core/cpu-cycles/,2669246,81.00,,
1,,context-switches,3293689,100.00,,
328,,page-faults,3293689,100.00,,

----- [tile_1024] H=256 W=256 K=3 seed=1234 rep=7/20 exit=0 -----
PROFILING tile variant=1024 H=256 W=256 K=3 seed=1234
tile_size=1024
checksum 1.200319
--- perf stat -x, ---
2519301,,cpu_core/L1-dcache-loads/,2497016,80.00,,
14482,,cpu_core/L1-dcache-load-misses/,2497016,80.00,0.57,of all L1-dcache accesses
2187958,,cpu_core/branch-instructions/,2497016,80.00,,
52259,,cpu_core/branch-misses/,2497016,80.00,,
13130316,,cpu_core/instructions/,2497016,80.00,,
5535691,,cpu_core/cpu-cycles/,2497016,80.00,,
1,,context-switches,3095445,100.00,,
326,,page-faults,3095445,100.00,,

----- [tile_1024] H=256 W=256 K=3 seed=1234 rep=8/20 exit=0 -----
PROFILING tile variant=1024 H=256 W=256 K=3 seed=1234
tile_size=1024
checksum 1.200319
--- perf stat -x, ---
2500824,,cpu_core/L1-dcache-loads/,2506677,81.00,,
14812,,cpu_core/L1-dcache-load-misses/,2506677,81.00,0.59,of all L1-dcache accesses
2171840,,cpu_core/branch-instructions/,2506677,81.00,,
50312,,cpu_core/branch-misses/,2506677,81.00,,
13027302,,cpu_core/instructions/,2506677,81.00,,
5540133,,cpu_core/cpu-cycles/,2506677,81.00,,
1,,context-switches,3077594,100.00,,
327,,page-faults,3077594,100.00,,

----- [tile_1024] H=256 W=256 K=3 seed=1234 rep=9/20 exit=0 -----
PROFILING tile variant=1024 H=256 W=256 K=3 seed=1234
tile_size=1024
checksum 1.200319
--- perf stat -x, ---
2433169,,cpu_core/L1-dcache-loads/,2556571,87.00,,
17494,,cpu_core/L1-dcache-load-misses/,2556571,87.00,0.72,of all L1-dcache accesses
2097179,,cpu_core/branch-instructions/,2556571,87.00,,
49173,,cpu_core/branch-misses/,2556571,87.00,,
12552373,,cpu_core/instructions/,2556571,87.00,,
5475187,,cpu_core/cpu-cycles/,2556571,87.00,,
2,,context-switches,2911819,100.00,,
327,,page-faults,2911819,100.00,,

----- [tile_1024] H=256 W=256 K=3 seed=1234 rep=10/20 exit=0 -----
PROFILING tile variant=1024 H=256 W=256 K=3 seed=1234
tile_size=1024
checksum 1.200319
--- perf stat -x, ---
2431456,,cpu_core/L1-dcache-loads/,2987512,87.00,,
16516,,cpu_core/L1-dcache-load-misses/,2987512,87.00,0.68,of all L1-dcache accesses
2096673,,cpu_core/branch-instructions/,2987512,87.00,,
49563,,cpu_core/branch-misses/,2987512,87.00,,
12548076,,cpu_core/instructions/,2987512,87.00,,
5706220,,cpu_core/cpu-cycles/,2987512,87.00,,
2,,context-switches,3411159,100.00,,
326,,page-faults,3411159,100.00,,

----- [tile_1024] H=256 W=256 K=3 seed=1234 rep=11/20 exit=0 -----
PROFILING tile variant=1024 H=256 W=256 K=3 seed=1234
tile_size=1024
checksum 1.200319
--- perf stat -x, ---
2496452,,cpu_core/L1-dcache-loads/,2483949,81.00,,
15043,,cpu_core/L1-dcache-load-misses/,2483949,81.00,0.60,of all L1-dcache accesses
2168089,,cpu_core/branch-instructions/,2483949,81.00,,
51423,,cpu_core/branch-misses/,2483949,81.00,,
13008664,,cpu_core/instructions/,2483949,81.00,,
5448431,,cpu_core/cpu-cycles/,2483949,81.00,,
1,,context-switches,3046694,100.00,,
325,,page-faults,3046694,100.00,,

----- [tile_1024] H=256 W=256 K=3 seed=1234 rep=12/20 exit=0 -----
PROFILING tile variant=1024 H=256 W=256 K=3 seed=1234
tile_size=1024
checksum 1.200319
--- perf stat -x, ---
2347909,,cpu_core/L1-dcache-loads/,3096950,94.00,,
17963,,cpu_core/L1-dcache-load-misses/,3096950,94.00,0.77,of all L1-dcache accesses
2009485,,cpu_core/branch-instructions/,3096950,94.00,,
48210,,cpu_core/branch-misses/,3096950,94.00,,
12009908,,cpu_core/instructions/,3096950,94.00,,
5505392,,cpu_core/cpu-cycles/,3096950,94.00,,
2,,context-switches,3274948,100.00,,
324,,page-faults,3274948,100.00,,

----- [tile_1024] H=256 W=256 K=3 seed=1234 rep=13/20 exit=0 -----
PROFILING tile variant=1024 H=256 W=256 K=3 seed=1234
tile_size=1024
checksum 1.200319
--- perf stat -x, ---
2525412,,cpu_core/L1-dcache-loads/,2692648,80.00,,
14674,,cpu_core/L1-dcache-load-misses/,2692648,80.00,0.58,of all L1-dcache accesses
2193311,,cpu_core/branch-instructions/,2692648,80.00,,
51080,,cpu_core/branch-misses/,2692648,80.00,,
13157163,,cpu_core/instructions/,2692648,80.00,,
5510678,,cpu_core/cpu-cycles/,2692648,80.00,,
1,,context-switches,3340189,100.00,,
326,,page-faults,3340189,100.00,,

----- [tile_1024] H=256 W=256 K=3 seed=1234 rep=14/20 exit=0 -----
PROFILING tile variant=1024 H=256 W=256 K=3 seed=1234
tile_size=1024
checksum 1.200319
--- perf stat -x, ---
2502483,,cpu_core/L1-dcache-loads/,2339769,81.00,,
15874,,cpu_core/L1-dcache-load-misses/,2339769,81.00,0.63,of all L1-dcache accesses
2173086,,cpu_core/branch-instructions/,2339769,81.00,,
50563,,cpu_core/branch-misses/,2339769,81.00,,
13037748,,cpu_core/instructions/,2339769,81.00,,
5379900,,cpu_core/cpu-cycles/,2339769,81.00,,
1,,context-switches,2873896,100.00,,
326,,page-faults,2873896,100.00,,

----- [tile_1024] H=256 W=256 K=3 seed=1234 rep=15/20 exit=0 -----
PROFILING tile variant=1024 H=256 W=256 K=3 seed=1234
tile_size=1024
checksum 1.200319
--- perf stat -x, ---
2577390,,cpu_core/L1-dcache-loads/,2211417,78.00,,
16012,,cpu_core/L1-dcache-load-misses/,2211417,78.00,0.62,of all L1-dcache accesses
2238655,,cpu_core/branch-instructions/,2211417,78.00,,
50221,,cpu_core/branch-misses/,2211417,78.00,,
13431626,,cpu_core/instructions/,2211417,78.00,,
5514953,,cpu_core/cpu-cycles/,2211417,78.00,,
1,,context-switches,2803872,100.00,,
325,,page-faults,2803872,100.00,,

----- [tile_1024] H=256 W=256 K=3 seed=1234 rep=16/20 exit=0 -----
PROFILING tile variant=1024 H=256 W=256 K=3 seed=1234
tile_size=1024
checksum 1.200319
--- perf stat -x, ---
2612843,,cpu_core/L1-dcache-loads/,3044252,77.00,,
17969,,cpu_core/L1-dcache-load-misses/,3044252,77.00,0.69,of all L1-dcache accesses
2268896,,cpu_core/branch-instructions/,3044252,77.00,,
54344,,cpu_core/branch-misses/,3044252,77.00,,
13611727,,cpu_core/instructions/,3044252,77.00,,
5921282,,cpu_core/cpu-cycles/,3044252,77.00,,
1,,context-switches,3906284,100.00,,
327,,page-faults,3906284,100.00,,

----- [tile_1024] H=256 W=256 K=3 seed=1234 rep=17/20 exit=0 -----
PROFILING tile variant=1024 H=256 W=256 K=3 seed=1234
tile_size=1024
checksum 1.200319
--- perf stat -x, ---
2492431,,cpu_core/L1-dcache-loads/,1805539,81.00,,
15346,,cpu_core/L1-dcache-load-misses/,1805539,81.00,0.62,of all L1-dcache accesses
2164348,,cpu_core/branch-instructions/,1805539,81.00,,
49994,,cpu_core/branch-misses/,1805539,81.00,,
12984326,,cpu_core/instructions/,1805539,81.00,,
5364535,,cpu_core/cpu-cycles/,1805539,81.00,,
1,,context-switches,2211718,100.00,,
327,,page-faults,2211718,100.00,,

----- [tile_1024] H=256 W=256 K=3 seed=1234 rep=18/20 exit=0 -----
PROFILING tile variant=1024 H=256 W=256 K=3 seed=1234
tile_size=1024
checksum 1.200319
--- perf stat -x, ---
2558509,,cpu_core/L1-dcache-loads/,1918459,79.00,,
15549,,cpu_core/L1-dcache-load-misses/,1918459,79.00,0.61,of all L1-dcache accesses
2221927,,cpu_core/branch-instructions/,1918459,79.00,,
51735,,cpu_core/branch-misses/,1918459,79.00,,
13330448,,cpu_core/instructions/,1918459,79.00,,
5660546,,cpu_core/cpu-cycles/,1918459,79.00,,
1,,context-switches,2409841,100.00,,
327,,page-faults,2409841,100.00,,

----- [tile_1024] H=256 W=256 K=3 seed=1234 rep=19/20 exit=0 -----
PROFILING tile variant=1024 H=256 W=256 K=3 seed=1234
tile_size=1024
checksum 1.200319
--- perf stat -x, ---
2495474,,cpu_core/L1-dcache-loads/,2703386,81.00,,
15495,,cpu_core/L1-dcache-load-misses/,2703386,81.00,0.62,of all L1-dcache accesses
2167268,,cpu_core/branch-instructions/,2703386,81.00,,
51859,,cpu_core/branch-misses/,2703386,81.00,,
12998640,,cpu_core/instructions/,2703386,81.00,,
5549838,,cpu_core/cpu-cycles/,2703386,81.00,,
1,,context-switches,3308651,100.00,,
327,,page-faults,3308651,100.00,,

----- [tile_1024] H=256 W=256 K=3 seed=1234 rep=20/20 exit=0 -----
PROFILING tile variant=1024 H=256 W=256 K=3 seed=1234
tile_size=1024
checksum 1.200319
--- perf stat -x, ---
2484351,,cpu_core/L1-dcache-loads/,2706479,81.00,,
15583,,cpu_core/L1-dcache-load-misses/,2706479,81.00,0.63,of all L1-dcache accesses
2156612,,cpu_core/branch-instructions/,2706479,81.00,,
50680,,cpu_core/branch-misses/,2706479,81.00,,
12940992,,cpu_core/instructions/,2706479,81.00,,
5543412,,cpu_core/cpu-cycles/,2706479,81.00,,
1,,context-switches,3301641,100.00,,
326,,page-faults,3301641,100.00,,

----- [tile_1024] H=512 W=512 K=3 seed=1234 rep=1/20 exit=0 -----
PROFILING tile variant=1024 H=512 W=512 K=3 seed=1234
tile_size=1024
checksum -0.596669
--- perf stat -x, ---
7542908,,cpu_core/L1-dcache-loads/,7801689,97.00,,
34055,,cpu_core/L1-dcache-load-misses/,7801689,97.00,0.45,of all L1-dcache accesses
6635995,,cpu_core/branch-instructions/,7801689,97.00,,
147813,,cpu_core/branch-misses/,7801689,97.00,,
40110038,,cpu_core/instructions/,7801689,97.00,,
15386910,,cpu_core/cpu-cycles/,7801689,97.00,,
2,,context-switches,7969183,100.00,,
901,,page-faults,7969183,100.00,,

----- [tile_1024] H=512 W=512 K=3 seed=1234 rep=2/20 exit=0 -----
PROFILING tile variant=1024 H=512 W=512 K=3 seed=1234
tile_size=1024
checksum -0.596669
--- perf stat -x, ---
7723215,,cpu_core/L1-dcache-loads/,8486699,93.00,,
30547,,cpu_core/L1-dcache-load-misses/,8486699,93.00,0.40,of all L1-dcache accesses
6827077,,cpu_core/branch-instructions/,8486699,93.00,,
152314,,cpu_core/branch-misses/,8486699,93.00,,
41309321,,cpu_core/instructions/,8486699,93.00,,
15483684,,cpu_core/cpu-cycles/,8486699,93.00,,
1,,context-switches,9096117,100.00,,
903,,page-faults,9096117,100.00,,

----- [tile_1024] H=512 W=512 K=3 seed=1234 rep=3/20 exit=0 -----
PROFILING tile variant=1024 H=512 W=512 K=3 seed=1234
tile_size=1024
checksum -0.596669
--- perf stat -x, ---
7439653,,cpu_core/L1-dcache-loads/,8771392,100.00,,
31033,,cpu_core/L1-dcache-load-misses/,8771392,100.00,0.42,of all L1-dcache accesses
6538607,,cpu_core/branch-instructions/,8771392,100.00,,
147659,,cpu_core/branch-misses/,8771392,100.00,,
39497001,,cpu_core/instructions/,8771392,100.00,,
15282681,,cpu_core/cpu-cycles/,8771392,100.00,,
1,,context-switches,8771392,100.00,,
904,,page-faults,8771392,100.00,,

----- [tile_1024] H=512 W=512 K=3 seed=1234 rep=4/20 exit=0 -----
PROFILING tile variant=1024 H=512 W=512 K=3 seed=1234
tile_size=1024
checksum -0.596669
--- perf stat -x, ---
7437606,,cpu_core/L1-dcache-loads/,8196582,100.00,,
34033,,cpu_core/L1-dcache-load-misses/,8196582,100.00,0.46,of all L1-dcache accesses
6537193,,cpu_core/branch-instructions/,8196582,100.00,,
147065,,cpu_core/branch-misses/,8196582,100.00,,
39490071,,cpu_core/instructions/,8196582,100.00,,
15166212,,cpu_core/cpu-cycles/,8196582,100.00,,
1,,context-switches,8196582,100.00,,
903,,page-faults,8196582,100.00,,

----- [tile_1024] H=512 W=512 K=3 seed=1234 rep=5/20 exit=0 -----
PROFILING tile variant=1024 H=512 W=512 K=3 seed=1234
tile_size=1024
checksum -0.596669
--- perf stat -x, ---
7691517,,cpu_core/L1-dcache-loads/,7409637,93.00,,
29266,,cpu_core/L1-dcache-load-misses/,7409637,93.00,0.38,of all L1-dcache accesses
6800545,,cpu_core/branch-instructions/,7409637,93.00,,
151781,,cpu_core/branch-misses/,7409637,93.00,,
41151988,,cpu_core/instructions/,7409637,93.00,,
14894884,,cpu_core/cpu-cycles/,7409637,93.00,,
1,,context-switches,7918774,100.00,,
903,,page-faults,7918774,100.00,,

----- [tile_1024] H=512 W=512 K=3 seed=1234 rep=6/20 exit=0 -----
PROFILING tile variant=1024 H=512 W=512 K=3 seed=1234
tile_size=1024
checksum -0.596669
--- perf stat -x, ---
7636479,,cpu_core/L1-dcache-loads/,6445363,94.00,,
28997,,cpu_core/L1-dcache-load-misses/,6445363,94.00,0.38,of all L1-dcache accesses
6751773,,cpu_core/branch-instructions/,6445363,94.00,,
151067,,cpu_core/branch-misses/,6445363,94.00,,
40858885,,cpu_core/instructions/,6445363,94.00,,
14900475,,cpu_core/cpu-cycles/,6445363,94.00,,
1,,context-switches,6839318,100.00,,
904,,page-faults,6839318,100.00,,

----- [tile_1024] H=512 W=512 K=3 seed=1234 rep=7/20 exit=0 -----
PROFILING tile variant=1024 H=512 W=512 K=3 seed=1234
tile_size=1024
checksum -0.596669
--- perf stat -x, ---
7771916,,cpu_core/L1-dcache-loads/,8644487,92.00,,
31836,,cpu_core/L1-dcache-load-misses/,8644487,92.00,0.41,of all L1-dcache accesses
6870179,,cpu_core/branch-instructions/,8644487,92.00,,
154417,,cpu_core/branch-misses/,8644487,92.00,,
41577152,,cpu_core/instructions/,8644487,92.00,,
15804121,,cpu_core/cpu-cycles/,8644487,92.00,,
1,,context-switches,9328964,100.00,,
902,,page-faults,9328964,100.00,,

----- [tile_1024] H=512 W=512 K=3 seed=1234 rep=8/20 exit=0 -----
PROFILING tile variant=1024 H=512 W=512 K=3 seed=1234
tile_size=1024
checksum -0.596669
--- perf stat -x, ---
7498518,,cpu_core/L1-dcache-loads/,9580327,98.00,,
34736,,cpu_core/L1-dcache-load-misses/,9580327,98.00,0.46,of all L1-dcache accesses
6595455,,cpu_core/branch-instructions/,9580327,98.00,,
150256,,cpu_core/branch-misses/,9580327,98.00,,
39849743,,cpu_core/instructions/,9580327,98.00,,
15690555,,cpu_core/cpu-cycles/,9580327,98.00,,
2,,context-switches,9694588,100.00,,
901,,page-faults,9694588,100.00,,

----- [tile_1024] H=512 W=512 K=3 seed=1234 rep=9/20 exit=0 -----
PROFILING tile variant=1024 H=512 W=512 K=3 seed=1234
tile_size=1024
checksum -0.596669
--- perf stat -x, ---
7432204,,cpu_core/L1-dcache-loads/,8911057,100.00,,
33535,,cpu_core/L1-dcache-load-misses/,8911057,100.00,0.45,of all L1-dcache accesses
6533238,,cpu_core/branch-instructions/,8911057,100.00,,
148451,,cpu_core/branch-misses/,8911057,100.00,,
39466115,,cpu_core/instructions/,8911057,100.00,,
15073578,,cpu_core/cpu-cycles/,8911057,100.00,,
1,,context-switches,8911057,100.00,,
901,,page-faults,8911057,100.00,,

----- [tile_1024] H=512 W=512 K=3 seed=1234 rep=10/20 exit=0 -----
PROFILING tile variant=1024 H=512 W=512 K=3 seed=1234
tile_size=1024
checksum -0.596669
--- perf stat -x, ---
7431535,,cpu_core/L1-dcache-loads/,8799383,100.00,,
32025,,cpu_core/L1-dcache-load-misses/,8799383,100.00,0.43,of all L1-dcache accesses
6532767,,cpu_core/branch-instructions/,8799383,100.00,,
149119,,cpu_core/branch-misses/,8799383,100.00,,
39458138,,cpu_core/instructions/,8799383,100.00,,
14909077,,cpu_core/cpu-cycles/,8799383,100.00,,
0,,context-switches,8799383,100.00,,
902,,page-faults,8799383,100.00,,

----- [tile_1024] H=512 W=512 K=3 seed=1234 rep=11/20 exit=0 -----
PROFILING tile variant=1024 H=512 W=512 K=3 seed=1234
tile_size=1024
checksum -0.596669
--- perf stat -x, ---
7728179,,cpu_core/L1-dcache-loads/,8296538,93.00,,
32297,,cpu_core/L1-dcache-load-misses/,8296538,93.00,0.42,of all L1-dcache accesses
6831938,,cpu_core/branch-instructions/,8296538,93.00,,
153025,,cpu_core/branch-misses/,8296538,93.00,,
41345417,,cpu_core/instructions/,8296538,93.00,,
15071948,,cpu_core/cpu-cycles/,8296538,93.00,,
1,,context-switches,8903400,100.00,,
905,,page-faults,8903400,100.00,,

----- [tile_1024] H=512 W=512 K=3 seed=1234 rep=12/20 exit=0 -----
PROFILING tile variant=1024 H=512 W=512 K=3 seed=1234
tile_size=1024
checksum -0.596669
--- perf stat -x, ---
7573220,,cpu_core/L1-dcache-loads/,7542517,95.00,,
29414,,cpu_core/L1-dcache-load-misses/,7542517,95.00,0.39,of all L1-dcache accesses
6694971,,cpu_core/branch-instructions/,7542517,95.00,,
149876,,cpu_core/branch-misses/,7542517,95.00,,
40517541,,cpu_core/instructions/,7542517,95.00,,
14944389,,cpu_core/cpu-cycles/,7542517,95.00,,
1,,context-switches,7934255,100.00,,
903,,page-faults,7934255,100.00,,

----- [tile_1024] H=512 W=512 K=3 seed=1234 rep=13/20 exit=0 -----
PROFILING tile variant=1024 H=512 W=512 K=3 seed=1234
tile_size=1024
checksum -0.596669
--- perf stat -x, ---
7582343,,cpu_core/L1-dcache-loads/,9297438,97.00,,
34907,,cpu_core/L1-dcache-load-misses/,9297438,97.00,0.46,of all L1-dcache accesses
6676942,,cpu_core/branch-instructions/,9297438,97.00,,
151614,,cpu_core/branch-misses/,9297438,97.00,,
40355883,,cpu_core/instructions/,9297438,97.00,,
15534126,,cpu_core/cpu-cycles/,9297438,97.00,,
2,,context-switches,9581854,100.00,,
903,,page-faults,9581854,100.00,,

----- [tile_1024] H=512 W=512 K=3 seed=1234 rep=14/20 exit=0 -----
PROFILING tile variant=1024 H=512 W=512 K=3 seed=1234
tile_size=1024
checksum -0.596669
--- perf stat -x, ---
7725410,,cpu_core/L1-dcache-loads/,8498828,93.00,,
31944,,cpu_core/L1-dcache-load-misses/,8498828,93.00,0.41,of all L1-dcache accesses
6829400,,cpu_core/branch-instructions/,8498828,93.00,,
155052,,cpu_core/branch-misses/,8498828,93.00,,
41319416,,cpu_core/instructions/,8498828,93.00,,
15428580,,cpu_core/cpu-cycles/,8498828,93.00,,
1,,context-switches,9107700,100.00,,
904,,page-faults,9107700,100.00,,

----- [tile_1024] H=512 W=512 K=3 seed=1234 rep=15/20 exit=0 -----
PROFILING tile variant=1024 H=512 W=512 K=3 seed=1234
tile_size=1024
checksum -0.596669
--- perf stat -x, ---
7782864,,cpu_core/L1-dcache-loads/,7903477,92.00,,
30463,,cpu_core/L1-dcache-load-misses/,7903477,92.00,0.39,of all L1-dcache accesses
6880029,,cpu_core/branch-instructions/,7903477,92.00,,
154078,,cpu_core/branch-misses/,7903477,92.00,,
41629356,,cpu_core/instructions/,7903477,92.00,,
15565344,,cpu_core/cpu-cycles/,7903477,92.00,,
1,,context-switches,8536659,100.00,,
904,,page-faults,8536659,100.00,,

----- [tile_1024] H=512 W=512 K=3 seed=1234 rep=16/20 exit=0 -----
PROFILING tile variant=1024 H=512 W=512 K=3 seed=1234
tile_size=1024
checksum -0.596669
--- perf stat -x, ---
7731677,,cpu_core/L1-dcache-loads/,8386608,93.00,,
29144,,cpu_core/L1-dcache-load-misses/,8386608,93.00,0.38,of all L1-dcache accesses
6834890,,cpu_core/branch-instructions/,8386608,93.00,,
153560,,cpu_core/branch-misses/,8386608,93.00,,
41361139,,cpu_core/instructions/,8386608,93.00,,
15248258,,cpu_core/cpu-cycles/,8386608,93.00,,
1,,context-switches,9002407,100.00,,
901,,page-faults,9002407,100.00,,

----- [tile_1024] H=512 W=512 K=3 seed=1234 rep=17/20 exit=0 -----
PROFILING tile variant=1024 H=512 W=512 K=3 seed=1234
tile_size=1024
checksum -0.596669
--- perf stat -x, ---
7791466,,cpu_core/L1-dcache-loads/,8541400,92.00,,
30358,,cpu_core/L1-dcache-load-misses/,8541400,92.00,0.39,of all L1-dcache accesses
6888216,,cpu_core/branch-instructions/,8541400,92.00,,
155007,,cpu_core/branch-misses/,8541400,92.00,,
41681505,,cpu_core/instructions/,8541400,92.00,,
15507835,,cpu_core/cpu-cycles/,8541400,92.00,,
1,,context-switches,9242592,100.00,,
903,,page-faults,9242592,100.00,,

----- [tile_1024] H=512 W=512 K=3 seed=1234 rep=18/20 exit=0 -----
PROFILING tile variant=1024 H=512 W=512 K=3 seed=1234
tile_size=1024
checksum -0.596669
--- perf stat -x, ---
7761193,,cpu_core/L1-dcache-loads/,8380388,92.00,,
29745,,cpu_core/L1-dcache-load-misses/,8380388,92.00,0.38,of all L1-dcache accesses
6861842,,cpu_core/branch-instructions/,8380388,92.00,,
154084,,cpu_core/branch-misses/,8380388,92.00,,
41521623,,cpu_core/instructions/,8380388,92.00,,
15308068,,cpu_core/cpu-cycles/,8380388,92.00,,
1,,context-switches,9034397,100.00,,
903,,page-faults,9034397,100.00,,

----- [tile_1024] H=512 W=512 K=3 seed=1234 rep=19/20 exit=0 -----
PROFILING tile variant=1024 H=512 W=512 K=3 seed=1234
tile_size=1024
checksum -0.596669
--- perf stat -x, ---
7767894,,cpu_core/L1-dcache-loads/,8333637,92.00,,
31921,,cpu_core/L1-dcache-load-misses/,8333637,92.00,0.41,of all L1-dcache accesses
6866877,,cpu_core/branch-instructions/,8333637,92.00,,
155143,,cpu_core/branch-misses/,8333637,92.00,,
41554909,,cpu_core/instructions/,8333637,92.00,,
15782748,,cpu_core/cpu-cycles/,8333637,92.00,,
1,,context-switches,8988965,100.00,,
906,,page-faults,8988965,100.00,,

----- [tile_1024] H=512 W=512 K=3 seed=1234 rep=20/20 exit=0 -----
PROFILING tile variant=1024 H=512 W=512 K=3 seed=1234
tile_size=1024
checksum -0.596669
--- perf stat -x, ---
7749130,,cpu_core/L1-dcache-loads/,8262290,92.00,,
29646,,cpu_core/L1-dcache-load-misses/,8262290,92.00,0.38,of all L1-dcache accesses
6850132,,cpu_core/branch-instructions/,8262290,92.00,,
154741,,cpu_core/branch-misses/,8262290,92.00,,
41449655,,cpu_core/instructions/,8262290,92.00,,
15539544,,cpu_core/cpu-cycles/,8262290,92.00,,
2,,context-switches,8887113,100.00,,
905,,page-faults,8887113,100.00,,

----- [tile_1024] H=1024 W=1024 K=3 seed=1234 rep=1/20 exit=0 -----
PROFILING tile variant=1024 H=1024 W=1024 K=3 seed=1234
tile_size=1024
checksum -0.395011
--- perf stat -x, ---
28312102,,cpu_core/L1-dcache-loads/,24641827,99.00,,
81320,,cpu_core/L1-dcache-load-misses/,24641827,99.00,0.29,of all L1-dcache accesses
25130185,,cpu_core/branch-instructions/,24641827,99.00,,
553108,,cpu_core/branch-misses/,24641827,99.00,,
152390908,,cpu_core/instructions/,24641827,99.00,,
58138141,,cpu_core/cpu-cycles/,24641827,99.00,,
3,,context-switches,24889330,100.00,,
3208,,page-faults,24889330,100.00,,

----- [tile_1024] H=1024 W=1024 K=3 seed=1234 rep=2/20 exit=0 -----
PROFILING tile variant=1024 H=1024 W=1024 K=3 seed=1234
tile_size=1024
checksum -0.395011
--- perf stat -x, ---
28603484,,cpu_core/L1-dcache-loads/,22633761,97.00,,
68605,,cpu_core/L1-dcache-load-misses/,22633761,97.00,0.24,of all L1-dcache accesses
25421624,,cpu_core/branch-instructions/,22633761,97.00,,
558636,,cpu_core/branch-misses/,22633761,97.00,,
154188372,,cpu_core/instructions/,22633761,97.00,,
59457381,,cpu_core/cpu-cycles/,22633761,97.00,,
2,,context-switches,23230712,100.00,,
3208,,page-faults,23230712,100.00,,

----- [tile_1024] H=1024 W=1024 K=3 seed=1234 rep=3/20 exit=0 -----
PROFILING tile variant=1024 H=1024 W=1024 K=3 seed=1234
tile_size=1024
checksum -0.395011
--- perf stat -x, ---
28645468,,cpu_core/L1-dcache-loads/,19920386,97.00,,
79703,,cpu_core/L1-dcache-load-misses/,19920386,97.00,0.28,of all L1-dcache accesses
25451982,,cpu_core/branch-instructions/,19920386,97.00,,
561492,,cpu_core/branch-misses/,19920386,97.00,,
154372794,,cpu_core/instructions/,19920386,97.00,,
57669982,,cpu_core/cpu-cycles/,19920386,97.00,,
3,,context-switches,20451715,100.00,,
3211,,page-faults,20451715,100.00,,

----- [tile_1024] H=1024 W=1024 K=3 seed=1234 rep=4/20 exit=0 -----
PROFILING tile variant=1024 H=1024 W=1024 K=3 seed=1234
tile_size=1024
checksum -0.395011
--- perf stat -x, ---
28777006,,cpu_core/L1-dcache-loads/,19810389,96.00,,
77496,,cpu_core/L1-dcache-load-misses/,19810389,96.00,0.27,of all L1-dcache accesses
25585595,,cpu_core/branch-instructions/,19810389,96.00,,
560517,,cpu_core/branch-misses/,19810389,96.00,,
155158762,,cpu_core/instructions/,19810389,96.00,,
57087278,,cpu_core/cpu-cycles/,19810389,96.00,,
1,,context-switches,20471800,100.00,,
3210,,page-faults,20471800,100.00,,

----- [tile_1024] H=1024 W=1024 K=3 seed=1234 rep=5/20 exit=0 -----
PROFILING tile variant=1024 H=1024 W=1024 K=3 seed=1234
tile_size=1024
checksum -0.395011
--- perf stat -x, ---
28192880,,cpu_core/L1-dcache-loads/,22120603,99.00,,
83009,,cpu_core/L1-dcache-load-misses/,22120603,99.00,0.29,of all L1-dcache accesses
25022261,,cpu_core/branch-instructions/,22120603,99.00,,
551877,,cpu_core/branch-misses/,22120603,99.00,,
151717467,,cpu_core/instructions/,22120603,99.00,,
58214779,,cpu_core/cpu-cycles/,22120603,99.00,,
2,,context-switches,22222648,100.00,,
3210,,page-faults,22222648,100.00,,

----- [tile_1024] H=1024 W=1024 K=3 seed=1234 rep=6/20 exit=0 -----
PROFILING tile variant=1024 H=1024 W=1024 K=3 seed=1234
tile_size=1024
checksum -0.395011
--- perf stat -x, ---
28080910,,cpu_core/L1-dcache-loads/,23134005,100.00,,
81329,,cpu_core/L1-dcache-load-misses/,23134005,100.00,0.29,of all L1-dcache accesses
24919493,,cpu_core/branch-instructions/,23134005,100.00,,
548624,,cpu_core/branch-misses/,23134005,100.00,,
151088325,,cpu_core/instructions/,23134005,100.00,,
57595421,,cpu_core/cpu-cycles/,23134005,100.00,,
1,,context-switches,23134005,100.00,,
3210,,page-faults,23134005,100.00,,

----- [tile_1024] H=1024 W=1024 K=3 seed=1234 rep=7/20 exit=0 -----
PROFILING tile variant=1024 H=1024 W=1024 K=3 seed=1234
tile_size=1024
checksum -0.395011
--- perf stat -x, ---
28704488,,cpu_core/L1-dcache-loads/,21679433,97.00,,
79660,,cpu_core/L1-dcache-load-misses/,21679433,97.00,0.28,of all L1-dcache accesses
25511296,,cpu_core/branch-instructions/,21679433,97.00,,
560958,,cpu_core/branch-misses/,21679433,97.00,,
154752916,,cpu_core/instructions/,21679433,97.00,,
58181825,,cpu_core/cpu-cycles/,21679433,97.00,,
1,,context-switches,22345746,100.00,,
3209,,page-faults,22345746,100.00,,

----- [tile_1024] H=1024 W=1024 K=3 seed=1234 rep=8/20 exit=0 -----
PROFILING tile variant=1024 H=1024 W=1024 K=3 seed=1234
tile_size=1024
checksum -0.395011
--- perf stat -x, ---
28608060,,cpu_core/L1-dcache-loads/,21982582,97.00,,
75699,,cpu_core/L1-dcache-load-misses/,21982582,97.00,0.26,of all L1-dcache accesses
25426686,,cpu_core/branch-instructions/,21982582,97.00,,
557465,,cpu_core/branch-misses/,21982582,97.00,,
154239634,,cpu_core/instructions/,21982582,97.00,,
57037322,,cpu_core/cpu-cycles/,21982582,97.00,,
1,,context-switches,22584721,100.00,,
3209,,page-faults,22584721,100.00,,

----- [tile_1024] H=1024 W=1024 K=3 seed=1234 rep=9/20 exit=0 -----
PROFILING tile variant=1024 H=1024 W=1024 K=3 seed=1234
tile_size=1024
checksum -0.395011
--- perf stat -x, ---
28079708,,cpu_core/L1-dcache-loads/,22891875,100.00,,
78618,,cpu_core/L1-dcache-load-misses/,22891875,100.00,0.28,of all L1-dcache accesses
24918770,,cpu_core/branch-instructions/,22891875,100.00,,
549168,,cpu_core/branch-misses/,22891875,100.00,,
151082916,,cpu_core/instructions/,22891875,100.00,,
57515693,,cpu_core/cpu-cycles/,22891875,100.00,,
1,,context-switches,22891875,100.00,,
3208,,page-faults,22891875,100.00,,

----- [tile_1024] H=1024 W=1024 K=3 seed=1234 rep=10/20 exit=0 -----
PROFILING tile variant=1024 H=1024 W=1024 K=3 seed=1234
tile_size=1024
checksum -0.395011
--- perf stat -x, ---
28085937,,cpu_core/L1-dcache-loads/,21931679,100.00,,
77272,,cpu_core/L1-dcache-load-misses/,21931679,100.00,0.28,of all L1-dcache accesses
24922862,,cpu_core/branch-instructions/,21931679,100.00,,
546716,,cpu_core/branch-misses/,21931679,100.00,,
151107724,,cpu_core/instructions/,21931679,100.00,,
56297571,,cpu_core/cpu-cycles/,21931679,100.00,,
0,,context-switches,21931679,100.00,,
3211,,page-faults,21931679,100.00,,

----- [tile_1024] H=1024 W=1024 K=3 seed=1234 rep=11/20 exit=0 -----
PROFILING tile variant=1024 H=1024 W=1024 K=3 seed=1234
tile_size=1024
checksum -0.395011
--- perf stat -x, ---
28658992,,cpu_core/L1-dcache-loads/,22016274,97.00,,
71852,,cpu_core/L1-dcache-load-misses/,22016274,97.00,0.25,of all L1-dcache accesses
25472906,,cpu_core/branch-instructions/,22016274,97.00,,
558869,,cpu_core/branch-misses/,22016274,97.00,,
154518124,,cpu_core/instructions/,22016274,97.00,,
57117752,,cpu_core/cpu-cycles/,22016274,97.00,,
1,,context-switches,22661873,100.00,,
3206,,page-faults,22661873,100.00,,

----- [tile_1024] H=1024 W=1024 K=3 seed=1234 rep=12/20 exit=0 -----
PROFILING tile variant=1024 H=1024 W=1024 K=3 seed=1234
tile_size=1024
checksum -0.395011
--- perf stat -x, ---
28610059,,cpu_core/L1-dcache-loads/,22108710,97.00,,
80987,,cpu_core/L1-dcache-load-misses/,22108710,97.00,0.28,of all L1-dcache accesses
25429166,,cpu_core/branch-instructions/,22108710,97.00,,
560672,,cpu_core/branch-misses/,22108710,97.00,,
154255366,,cpu_core/instructions/,22108710,97.00,,
58320251,,cpu_core/cpu-cycles/,22108710,97.00,,
1,,context-switches,22718121,100.00,,
3209,,page-faults,22718121,100.00,,

----- [tile_1024] H=1024 W=1024 K=3 seed=1234 rep=13/20 exit=0 -----
PROFILING tile variant=1024 H=1024 W=1024 K=3 seed=1234
tile_size=1024
checksum -0.395011
--- perf stat -x, ---
28600224,,cpu_core/L1-dcache-loads/,23357193,97.00,,
77727,,cpu_core/L1-dcache-load-misses/,23357193,97.00,0.27,of all L1-dcache accesses
25420141,,cpu_core/branch-instructions/,23357193,97.00,,
558631,,cpu_core/branch-misses/,23357193,97.00,,
154196817,,cpu_core/instructions/,23357193,97.00,,
58486127,,cpu_core/cpu-cycles/,23357193,97.00,,
2,,context-switches,23990459,100.00,,
3209,,page-faults,23990459,100.00,,

----- [tile_1024] H=1024 W=1024 K=3 seed=1234 rep=14/20 exit=0 -----
PROFILING tile variant=1024 H=1024 W=1024 K=3 seed=1234
tile_size=1024
checksum -0.395011
--- perf stat -x, ---
28648065,,cpu_core/L1-dcache-loads/,21655792,97.00,,
81578,,cpu_core/L1-dcache-load-misses/,21655792,97.00,0.28,of all L1-dcache accesses
25460850,,cpu_core/branch-instructions/,21655792,97.00,,
559679,,cpu_core/branch-misses/,21655792,97.00,,
154451297,,cpu_core/instructions/,21655792,97.00,,
57745885,,cpu_core/cpu-cycles/,21655792,97.00,,
1,,context-switches,22277741,100.00,,
3208,,page-faults,22277741,100.00,,

----- [tile_1024] H=1024 W=1024 K=3 seed=1234 rep=15/20 exit=0 -----
PROFILING tile variant=1024 H=1024 W=1024 K=3 seed=1234
tile_size=1024
checksum -0.395011
--- perf stat -x, ---
28720057,,cpu_core/L1-dcache-loads/,22205197,96.00,,
75025,,cpu_core/L1-dcache-load-misses/,22205197,96.00,0.26,of all L1-dcache accesses
25526697,,cpu_core/branch-instructions/,22205197,96.00,,
559539,,cpu_core/branch-misses/,22205197,96.00,,
154842879,,cpu_core/instructions/,22205197,96.00,,
57393194,,cpu_core/cpu-cycles/,22205197,96.00,,
1,,context-switches,22902425,100.00,,
3210,,page-faults,22902425,100.00,,

----- [tile_1024] H=1024 W=1024 K=3 seed=1234 rep=16/20 exit=0 -----
PROFILING tile variant=1024 H=1024 W=1024 K=3 seed=1234
tile_size=1024
checksum -0.395011
--- perf stat -x, ---
28670978,,cpu_core/L1-dcache-loads/,21639472,97.00,,
73748,,cpu_core/L1-dcache-load-misses/,21639472,97.00,0.26,of all L1-dcache accesses
25483099,,cpu_core/branch-instructions/,21639472,97.00,,
558830,,cpu_core/branch-misses/,21639472,97.00,,
154581234,,cpu_core/instructions/,21639472,97.00,,
56829539,,cpu_core/cpu-cycles/,21639472,97.00,,
1,,context-switches,22281931,100.00,,
3209,,page-faults,22281931,100.00,,

----- [tile_1024] H=1024 W=1024 K=3 seed=1234 rep=17/20 exit=0 -----
PROFILING tile variant=1024 H=1024 W=1024 K=3 seed=1234
tile_size=1024
checksum -0.395011
--- perf stat -x, ---
28614607,,cpu_core/L1-dcache-loads/,23774572,97.00,,
82904,,cpu_core/L1-dcache-load-misses/,23774572,97.00,0.29,of all L1-dcache accesses
25430742,,cpu_core/branch-instructions/,23774572,97.00,,
558592,,cpu_core/branch-misses/,23774572,97.00,,
154265418,,cpu_core/instructions/,23774572,97.00,,
58235458,,cpu_core/cpu-cycles/,23774572,97.00,,
1,,context-switches,24426648,100.00,,
3210,,page-faults,24426648,100.00,,

----- [tile_1024] H=1024 W=1024 K=3 seed=1234 rep=18/20 exit=0 -----
PROFILING tile variant=1024 H=1024 W=1024 K=3 seed=1234
tile_size=1024
checksum -0.395011
--- perf stat -x, ---
28597995,,cpu_core/L1-dcache-loads/,22032612,97.00,,
80100,,cpu_core/L1-dcache-load-misses/,22032612,97.00,0.28,of all L1-dcache accesses
25417242,,cpu_core/branch-instructions/,22032612,97.00,,
558286,,cpu_core/branch-misses/,22032612,97.00,,
154180649,,cpu_core/instructions/,22032612,97.00,,
56987205,,cpu_core/cpu-cycles/,22032612,97.00,,
1,,context-switches,22625360,100.00,,
3211,,page-faults,22625360,100.00,,

----- [tile_1024] H=1024 W=1024 K=3 seed=1234 rep=19/20 exit=0 -----
PROFILING tile variant=1024 H=1024 W=1024 K=3 seed=1234
tile_size=1024
checksum -0.395011
--- perf stat -x, ---
28663601,,cpu_core/L1-dcache-loads/,22063414,97.00,,
76273,,cpu_core/L1-dcache-load-misses/,22063414,97.00,0.27,of all L1-dcache accesses
25475711,,cpu_core/branch-instructions/,22063414,97.00,,
558420,,cpu_core/branch-misses/,22063414,97.00,,
154538215,,cpu_core/instructions/,22063414,97.00,,
58102208,,cpu_core/cpu-cycles/,22063414,97.00,,
2,,context-switches,22710411,100.00,,
3210,,page-faults,22710411,100.00,,

----- [tile_1024] H=1024 W=1024 K=3 seed=1234 rep=20/20 exit=0 -----
PROFILING tile variant=1024 H=1024 W=1024 K=3 seed=1234
tile_size=1024
checksum -0.395011
--- perf stat -x, ---
28083117,,cpu_core/L1-dcache-loads/,22643421,100.00,,
75960,,cpu_core/L1-dcache-load-misses/,22643421,100.00,0.27,of all L1-dcache accesses
24921549,,cpu_core/branch-instructions/,22643421,100.00,,
550002,,cpu_core/branch-misses/,22643421,100.00,,
151097085,,cpu_core/instructions/,22643421,100.00,,
60373846,,cpu_core/cpu-cycles/,22643421,100.00,,
2,,context-switches,22643421,100.00,,
3210,,page-faults,22643421,100.00,,

----- [tile_1024] H=2048 W=2048 K=3 seed=1234 rep=1/20 exit=0 -----
PROFILING tile variant=1024 H=2048 W=2048 K=3 seed=1234
tile_size=1024
checksum 0.491263
--- perf stat -x, ---
111649554,,cpu_core/L1-dcache-loads/,63875398,98.00,,
224648,,cpu_core/L1-dcache-load-misses/,63875398,98.00,0.20,of all L1-dcache accesses
99366156,,cpu_core/branch-instructions/,63875398,98.00,,
2167892,,cpu_core/branch-misses/,63875398,98.00,,
603159988,,cpu_core/instructions/,63875398,98.00,,
216369848,,cpu_core/cpu-cycles/,63875398,98.00,,
1,,context-switches,64594130,100.00,,
12430,,page-faults,64594130,100.00,,

----- [tile_1024] H=2048 W=2048 K=3 seed=1234 rep=2/20 exit=0 -----
PROFILING tile variant=1024 H=2048 W=2048 K=3 seed=1234
tile_size=1024
checksum 0.491263
--- perf stat -x, ---
111477266,,cpu_core/L1-dcache-loads/,60861318,99.00,,
224031,,cpu_core/L1-dcache-load-misses/,60861318,99.00,0.20,of all L1-dcache accesses
99217264,,cpu_core/branch-instructions/,60861318,99.00,,
2164189,,cpu_core/branch-misses/,60861318,99.00,,
602250703,,cpu_core/instructions/,60861318,99.00,,
217781389,,cpu_core/cpu-cycles/,60861318,99.00,,
1,,context-switches,61458944,100.00,,
12427,,page-faults,61458944,100.00,,

----- [tile_1024] H=2048 W=2048 K=3 seed=1234 rep=3/20 exit=0 -----
PROFILING tile variant=1024 H=2048 W=2048 K=3 seed=1234
tile_size=1024
checksum 0.491263
--- perf stat -x, ---
111390567,,cpu_core/L1-dcache-loads/,58881411,99.00,,
232511,,cpu_core/L1-dcache-load-misses/,58881411,99.00,0.21,of all L1-dcache accesses
99125272,,cpu_core/branch-instructions/,58881411,99.00,,
2164061,,cpu_core/branch-misses/,58881411,99.00,,
601704099,,cpu_core/instructions/,58881411,99.00,,
220080110,,cpu_core/cpu-cycles/,58881411,99.00,,
3,,context-switches,59382550,100.00,,
12430,,page-faults,59382550,100.00,,

----- [tile_1024] H=2048 W=2048 K=3 seed=1234 rep=4/20 exit=0 -----
PROFILING tile variant=1024 H=2048 W=2048 K=3 seed=1234
tile_size=1024
checksum 0.491263
--- perf stat -x, ---
111553050,,cpu_core/L1-dcache-loads/,62335062,98.00,,
235035,,cpu_core/L1-dcache-load-misses/,62335062,98.00,0.21,of all L1-dcache accesses
99277988,,cpu_core/branch-instructions/,62335062,98.00,,
2165872,,cpu_core/branch-misses/,62335062,98.00,,
602630803,,cpu_core/instructions/,62335062,98.00,,
216958628,,cpu_core/cpu-cycles/,62335062,98.00,,
1,,context-switches,62977491,100.00,,
12431,,page-faults,62977491,100.00,,

----- [tile_1024] H=2048 W=2048 K=3 seed=1234 rep=5/20 exit=0 -----
PROFILING tile variant=1024 H=2048 W=2048 K=3 seed=1234
tile_size=1024
checksum 0.491263
--- perf stat -x, ---
111257057,,cpu_core/L1-dcache-loads/,58269442,99.00,,
228467,,cpu_core/L1-dcache-load-misses/,58269442,99.00,0.21,of all L1-dcache accesses
99014044,,cpu_core/branch-instructions/,58269442,99.00,,
2162942,,cpu_core/branch-misses/,58269442,99.00,,
601026661,,cpu_core/instructions/,58269442,99.00,,
220159340,,cpu_core/cpu-cycles/,58269442,99.00,,
2,,context-switches,58710894,100.00,,
12427,,page-faults,58710894,100.00,,

----- [tile_1024] H=2048 W=2048 K=3 seed=1234 rep=6/20 exit=0 -----
PROFILING tile variant=1024 H=2048 W=2048 K=3 seed=1234
tile_size=1024
checksum 0.491263
--- perf stat -x, ---
111555278,,cpu_core/L1-dcache-loads/,60330494,98.00,,
229096,,cpu_core/L1-dcache-load-misses/,60330494,98.00,0.21,of all L1-dcache accesses
99281143,,cpu_core/branch-instructions/,60330494,98.00,,
2165460,,cpu_core/branch-misses/,60330494,98.00,,
602647121,,cpu_core/instructions/,60330494,98.00,,
216504820,,cpu_core/cpu-cycles/,60330494,98.00,,
1,,context-switches,60956066,100.00,,
12428,,page-faults,60956066,100.00,,

----- [tile_1024] H=2048 W=2048 K=3 seed=1234 rep=7/20 exit=0 -----
PROFILING tile variant=1024 H=2048 W=2048 K=3 seed=1234
tile_size=1024
checksum 0.491263
--- perf stat -x, ---
111195293,,cpu_core/L1-dcache-loads/,57855292,99.00,,
226264,,cpu_core/L1-dcache-load-misses/,57855292,99.00,0.20,of all L1-dcache accesses
98957300,,cpu_core/branch-instructions/,57855292,99.00,,
2159334,,cpu_core/branch-misses/,57855292,99.00,,
600682635,,cpu_core/instructions/,57855292,99.00,,
219937032,,cpu_core/cpu-cycles/,57855292,99.00,,
2,,context-switches,58258935,100.00,,
12432,,page-faults,58258935,100.00,,

----- [tile_1024] H=2048 W=2048 K=3 seed=1234 rep=8/20 exit=0 -----
PROFILING tile variant=1024 H=2048 W=2048 K=3 seed=1234
tile_size=1024
checksum 0.491263
--- perf stat -x, ---
111492173,,cpu_core/L1-dcache-loads/,62699944,99.00,,
230268,,cpu_core/L1-dcache-load-misses/,62699944,99.00,0.21,of all L1-dcache accesses
99222979,,cpu_core/branch-instructions/,62699944,99.00,,
2166574,,cpu_core/branch-misses/,62699944,99.00,,
602293198,,cpu_core/instructions/,62699944,99.00,,
220554648,,cpu_core/cpu-cycles/,62699944,99.00,,
2,,context-switches,63308922,100.00,,
12430,,page-faults,63308922,100.00,,

----- [tile_1024] H=2048 W=2048 K=3 seed=1234 rep=9/20 exit=0 -----
PROFILING tile variant=1024 H=2048 W=2048 K=3 seed=1234
tile_size=1024
checksum 0.491263
--- perf stat -x, ---
110642447,,cpu_core/L1-dcache-loads/,61387728,100.00,,
233965,,cpu_core/L1-dcache-load-misses/,61387728,100.00,0.21,of all L1-dcache accesses
98430776,,cpu_core/branch-instructions/,61387728,100.00,,
2152584,,cpu_core/branch-misses/,61387728,100.00,,
597407522,,cpu_core/instructions/,61387728,100.00,,
217061784,,cpu_core/cpu-cycles/,61387728,100.00,,
1,,context-switches,61387728,100.00,,
12429,,page-faults,61387728,100.00,,

----- [tile_1024] H=2048 W=2048 K=3 seed=1234 rep=10/20 exit=0 -----
PROFILING tile variant=1024 H=2048 W=2048 K=3 seed=1234
tile_size=1024
checksum 0.491263
--- perf stat -x, ---
111168345,,cpu_core/L1-dcache-loads/,59681087,99.00,,
231729,,cpu_core/L1-dcache-load-misses/,59681087,99.00,0.21,of all L1-dcache accesses
98937990,,cpu_core/branch-instructions/,59681087,99.00,,
2158532,,cpu_core/branch-misses/,59681087,99.00,,
600562693,,cpu_core/instructions/,59681087,99.00,,
214667828,,cpu_core/cpu-cycles/,59681087,99.00,,
1,,context-switches,60093381,100.00,,
12431,,page-faults,60093381,100.00,,

----- [tile_1024] H=2048 W=2048 K=3 seed=1234 rep=11/20 exit=0 -----
PROFILING tile variant=1024 H=2048 W=2048 K=3 seed=1234
tile_size=1024
checksum 0.491263
--- perf stat -x, ---
111187206,,cpu_core/L1-dcache-loads/,60462931,99.00,,
238685,,cpu_core/L1-dcache-load-misses/,60462931,99.00,0.21,of all L1-dcache accesses
98953048,,cpu_core/branch-instructions/,60462931,99.00,,
2161174,,cpu_core/branch-misses/,60462931,99.00,,
600651701,,cpu_core/instructions/,60462931,99.00,,
218652404,,cpu_core/cpu-cycles/,60462931,99.00,,
2,,context-switches,60885155,100.00,,
12426,,page-faults,60885155,100.00,,

----- [tile_1024] H=2048 W=2048 K=3 seed=1234 rep=12/20 exit=0 -----
PROFILING tile variant=1024 H=2048 W=2048 K=3 seed=1234
tile_size=1024
checksum 0.491263
--- perf stat -x, ---
111274529,,cpu_core/L1-dcache-loads/,57145940,99.00,,
233287,,cpu_core/L1-dcache-load-misses/,57145940,99.00,0.21,of all L1-dcache accesses
99024246,,cpu_core/branch-instructions/,57145940,99.00,,
2159412,,cpu_core/branch-misses/,57145940,99.00,,
601104300,,cpu_core/instructions/,57145940,99.00,,
218060528,,cpu_core/cpu-cycles/,57145940,99.00,,
3,,context-switches,57563558,100.00,,
12431,,page-faults,57563558,100.00,,

----- [tile_1024] H=2048 W=2048 K=3 seed=1234 rep=13/20 exit=0 -----
PROFILING tile variant=1024 H=2048 W=2048 K=3 seed=1234
tile_size=1024
checksum 0.491263
--- perf stat -x, ---
111526383,,cpu_core/L1-dcache-loads/,61448712,99.00,,
230602,,cpu_core/L1-dcache-load-misses/,61448712,99.00,0.21,of all L1-dcache accesses
99255630,,cpu_core/branch-instructions/,61448712,99.00,,
2168168,,cpu_core/branch-misses/,61448712,99.00,,
602487404,,cpu_core/instructions/,61448712,99.00,,
215890906,,cpu_core/cpu-cycles/,61448712,99.00,,
1,,context-switches,62068130,100.00,,
12431,,page-faults,62068130,100.00,,

----- [tile_1024] H=2048 W=2048 K=3 seed=1234 rep=14/20 exit=0 -----
PROFILING tile variant=1024 H=2048 W=2048 K=3 seed=1234
tile_size=1024
checksum 0.491263
--- perf stat -x, ---
111538642,,cpu_core/L1-dcache-loads/,61633522,98.00,,
227766,,cpu_core/L1-dcache-load-misses/,61633522,98.00,0.20,of all L1-dcache accesses
99267116,,cpu_core/branch-instructions/,61633522,98.00,,
2168761,,cpu_core/branch-misses/,61633522,98.00,,
602557502,,cpu_core/instructions/,61633522,98.00,,
220871908,,cpu_core/cpu-cycles/,61633522,98.00,,
1,,context-switches,62264215,100.00,,
12430,,page-faults,62264215,100.00,,

----- [tile_1024] H=2048 W=2048 K=3 seed=1234 rep=15/20 exit=0 -----
PROFILING tile variant=1024 H=2048 W=2048 K=3 seed=1234
tile_size=1024
checksum 0.491263
--- perf stat -x, ---
111248145,,cpu_core/L1-dcache-loads/,57465179,99.00,,
227761,,cpu_core/L1-dcache-load-misses/,57465179,99.00,0.20,of all L1-dcache accesses
99004942,,cpu_core/branch-instructions/,57465179,99.00,,
2162362,,cpu_core/branch-misses/,57465179,99.00,,
600970461,,cpu_core/instructions/,57465179,99.00,,
219160412,,cpu_core/cpu-cycles/,57465179,99.00,,
2,,context-switches,57893059,100.00,,
12429,,page-faults,57893059,100.00,,

----- [tile_1024] H=2048 W=2048 K=3 seed=1234 rep=16/20 exit=0 -----
PROFILING tile variant=1024 H=2048 W=2048 K=3 seed=1234
tile_size=1024
checksum 0.491263
--- perf stat -x, ---
110643920,,cpu_core/L1-dcache-loads/,61087716,100.00,,
229784,,cpu_core/L1-dcache-load-misses/,61087716,100.00,0.21,of all L1-dcache accesses
98431338,,cpu_core/branch-instructions/,61087716,100.00,,
2147449,,cpu_core/branch-misses/,61087716,100.00,,
597412909,,cpu_core/instructions/,61087716,100.00,,
214419044,,cpu_core/cpu-cycles/,61087716,100.00,,
1,,context-switches,61087716,100.00,,
12429,,page-faults,61087716,100.00,,

----- [tile_1024] H=2048 W=2048 K=3 seed=1234 rep=17/20 exit=0 -----
PROFILING tile variant=1024 H=2048 W=2048 K=3 seed=1234
tile_size=1024
checksum 0.491263
--- perf stat -x, ---
111231023,,cpu_core/L1-dcache-loads/,56952739,99.00,,
238627,,cpu_core/L1-dcache-load-misses/,56952739,99.00,0.21,of all L1-dcache accesses
98993047,,cpu_core/branch-instructions/,56952739,99.00,,
2161016,,cpu_core/branch-misses/,56952739,99.00,,
600895055,,cpu_core/instructions/,56952739,99.00,,
217303950,,cpu_core/cpu-cycles/,56952739,99.00,,
3,,context-switches,57374100,100.00,,
12428,,page-faults,57374100,100.00,,

----- [tile_1024] H=2048 W=2048 K=3 seed=1234 rep=18/20 exit=0 -----
PROFILING tile variant=1024 H=2048 W=2048 K=3 seed=1234
tile_size=1024
checksum 0.491263
--- perf stat -x, ---
111172565,,cpu_core/L1-dcache-loads/,59866802,99.00,,
231964,,cpu_core/L1-dcache-load-misses/,59866802,99.00,0.21,of all L1-dcache accesses
98945799,,cpu_core/branch-instructions/,59866802,99.00,,
2157500,,cpu_core/branch-misses/,59866802,99.00,,
600603590,,cpu_core/instructions/,59866802,99.00,,
216083122,,cpu_core/cpu-cycles/,59866802,99.00,,
1,,context-switches,60288660,100.00,,
12429,,page-faults,60288660,100.00,,

----- [tile_1024] H=2048 W=2048 K=3 seed=1234 rep=19/20 exit=0 -----
PROFILING tile variant=1024 H=2048 W=2048 K=3 seed=1234
tile_size=1024
checksum 0.491263
--- perf stat -x, ---
111566711,,cpu_core/L1-dcache-loads/,60859559,98.00,,
227726,,cpu_core/L1-dcache-load-misses/,60859559,98.00,0.20,of all L1-dcache accesses
99295021,,cpu_core/branch-instructions/,60859559,98.00,,
2167153,,cpu_core/branch-misses/,60859559,98.00,,
602726686,,cpu_core/instructions/,60859559,98.00,,
217683201,,cpu_core/cpu-cycles/,60859559,98.00,,
2,,context-switches,61502492,100.00,,
12429,,page-faults,61502492,100.00,,

----- [tile_1024] H=2048 W=2048 K=3 seed=1234 rep=20/20 exit=0 -----
PROFILING tile variant=1024 H=2048 W=2048 K=3 seed=1234
tile_size=1024
checksum 0.491263
--- perf stat -x, ---
111187698,,cpu_core/L1-dcache-loads/,61537797,99.00,,
223320,,cpu_core/L1-dcache-load-misses/,61537797,99.00,0.20,of all L1-dcache accesses
98957268,,cpu_core/branch-instructions/,61537797,99.00,,
2160344,,cpu_core/branch-misses/,61537797,99.00,,
600675820,,cpu_core/instructions/,61537797,99.00,,
219236384,,cpu_core/cpu-cycles/,61537797,99.00,,
2,,context-switches,61976576,100.00,,
12429,,page-faults,61976576,100.00,,

----- [tile_1024] H=4096 W=4096 K=3 seed=1234 rep=1/20 exit=0 -----
PROFILING tile variant=1024 H=4096 W=4096 K=3 seed=1234
tile_size=1024
checksum 0.712899
--- perf stat -x, ---
442087124,,cpu_core/L1-dcache-loads/,239086018,99.00,,
930251,,cpu_core/L1-dcache-load-misses/,239086018,99.00,0.21,of all L1-dcache accesses
393544634,,cpu_core/branch-instructions/,239086018,99.00,,
8552836,,cpu_core/branch-misses/,239086018,99.00,,
2389403846,,cpu_core/instructions/,239086018,99.00,,
891543413,,cpu_core/cpu-cycles/,239086018,99.00,,
4,,context-switches,239658118,100.00,,
49301,,page-faults,239658118,100.00,,

----- [tile_1024] H=4096 W=4096 K=3 seed=1234 rep=2/20 exit=0 -----
PROFILING tile variant=1024 H=4096 W=4096 K=3 seed=1234
tile_size=1024
checksum 0.712899
--- perf stat -x, ---
441825175,,cpu_core/L1-dcache-loads/,238809015,99.00,,
950993,,cpu_core/L1-dcache-load-misses/,238809015,99.00,0.22,of all L1-dcache accesses
393324231,,cpu_core/branch-instructions/,238809015,99.00,,
8551545,,cpu_core/branch-misses/,238809015,99.00,,
2388019608,,cpu_core/instructions/,238809015,99.00,,
890744784,,cpu_core/cpu-cycles/,238809015,99.00,,
3,,context-switches,239312859,100.00,,
49300,,page-faults,239312859,100.00,,

----- [tile_1024] H=4096 W=4096 K=3 seed=1234 rep=3/20 exit=0 -----
PROFILING tile variant=1024 H=4096 W=4096 K=3 seed=1234
tile_size=1024
checksum 0.712899
--- perf stat -x, ---
442059200,,cpu_core/L1-dcache-loads/,236845579,99.00,,
921540,,cpu_core/L1-dcache-load-misses/,236845579,99.00,0.21,of all L1-dcache accesses
393535830,,cpu_core/branch-instructions/,236845579,99.00,,
8559102,,cpu_core/branch-misses/,236845579,99.00,,
2389300657,,cpu_core/instructions/,236845579,99.00,,
882316974,,cpu_core/cpu-cycles/,236845579,99.00,,
1,,context-switches,237477384,100.00,,
49302,,page-faults,237477384,100.00,,

----- [tile_1024] H=4096 W=4096 K=3 seed=1234 rep=4/20 exit=0 -----
PROFILING tile variant=1024 H=4096 W=4096 K=3 seed=1234
tile_size=1024
checksum 0.712899
--- perf stat -x, ---
441644664,,cpu_core/L1-dcache-loads/,237243337,99.00,,
888771,,cpu_core/L1-dcache-load-misses/,237243337,99.00,0.20,of all L1-dcache accesses
393165798,,cpu_core/branch-instructions/,237243337,99.00,,
8546280,,cpu_core/branch-misses/,237243337,99.00,,
2387058570,,cpu_core/instructions/,237243337,99.00,,
888513905,,cpu_core/cpu-cycles/,237243337,99.00,,
3,,context-switches,237653328,100.00,,
49301,,page-faults,237653328,100.00,,

----- [tile_1024] H=4096 W=4096 K=3 seed=1234 rep=5/20 exit=0 -----
PROFILING tile variant=1024 H=4096 W=4096 K=3 seed=1234
tile_size=1024
checksum 0.712899
--- perf stat -x, ---
441806900,,cpu_core/L1-dcache-loads/,236504477,99.00,,
937953,,cpu_core/L1-dcache-load-misses/,236504477,99.00,0.21,of all L1-dcache accesses
393306441,,cpu_core/branch-instructions/,236504477,99.00,,
8552476,,cpu_core/branch-misses/,236504477,99.00,,
2387902977,,cpu_core/instructions/,236504477,99.00,,
883384331,,cpu_core/cpu-cycles/,236504477,99.00,,
3,,context-switches,236984338,100.00,,
49301,,page-faults,236984338,100.00,,

----- [tile_1024] H=4096 W=4096 K=3 seed=1234 rep=6/20 exit=0 -----
PROFILING tile variant=1024 H=4096 W=4096 K=3 seed=1234
tile_size=1024
checksum 0.712899
--- perf stat -x, ---
441161834,,cpu_core/L1-dcache-loads/,238593304,100.00,,
1052008,,cpu_core/L1-dcache-load-misses/,238593304,100.00,0.24,of all L1-dcache accesses
392696138,,cpu_core/branch-instructions/,238593304,100.00,,
8539104,,cpu_core/branch-misses/,238593304,100.00,,
2384130275,,cpu_core/instructions/,238593304,100.00,,
888885335,,cpu_core/cpu-cycles/,238593304,100.00,,
1,,context-switches,238593304,100.00,,
49303,,page-faults,238593304,100.00,,

----- [tile_1024] H=4096 W=4096 K=3 seed=1234 rep=7/20 exit=0 -----
PROFILING tile variant=1024 H=4096 W=4096 K=3 seed=1234
tile_size=1024
checksum 0.712899
--- perf stat -x, ---
441988643,,cpu_core/L1-dcache-loads/,240819713,99.00,,
902783,,cpu_core/L1-dcache-load-misses/,240819713,99.00,0.20,of all L1-dcache accesses
393470331,,cpu_core/branch-instructions/,240819713,99.00,,
8554859,,cpu_core/branch-misses/,240819713,99.00,,
2388915046,,cpu_core/instructions/,240819713,99.00,,
897543697,,cpu_core/cpu-cycles/,240819713,99.00,,
5,,context-switches,241405499,100.00,,
49301,,page-faults,241405499,100.00,,

----- [tile_1024] H=4096 W=4096 K=3 seed=1234 rep=8/20 exit=0 -----
PROFILING tile variant=1024 H=4096 W=4096 K=3 seed=1234
tile_size=1024
checksum 0.712899
--- perf stat -x, ---
441699318,,cpu_core/L1-dcache-loads/,238623843,99.00,,
913052,,cpu_core/L1-dcache-load-misses/,238623843,99.00,0.21,of all L1-dcache accesses
393211470,,cpu_core/branch-instructions/,238623843,99.00,,
8557891,,cpu_core/branch-misses/,238623843,99.00,,
2387343594,,cpu_core/instructions/,238623843,99.00,,
888489267,,cpu_core/cpu-cycles/,238623843,99.00,,
1,,context-switches,239050742,100.00,,
49303,,page-faults,239050742,100.00,,

----- [tile_1024] H=4096 W=4096 K=3 seed=1234 rep=9/20 exit=0 -----
PROFILING tile variant=1024 H=4096 W=4096 K=3 seed=1234
tile_size=1024
checksum 0.712899
--- perf stat -x, ---
441685333,,cpu_core/L1-dcache-loads/,239878624,99.00,,
920178,,cpu_core/L1-dcache-load-misses/,239878624,99.00,0.21,of all L1-dcache accesses
393195025,,cpu_core/branch-instructions/,239878624,99.00,,
8547673,,cpu_core/branch-misses/,239878624,99.00,,
2387258457,,cpu_core/instructions/,239878624,99.00,,
889797776,,cpu_core/cpu-cycles/,239878624,99.00,,
3,,context-switches,240267835,100.00,,
49300,,page-faults,240267835,100.00,,

----- [tile_1024] H=4096 W=4096 K=3 seed=1234 rep=10/20 exit=0 -----
PROFILING tile variant=1024 H=4096 W=4096 K=3 seed=1234
tile_size=1024
checksum 0.712899
--- perf stat -x, ---
441694609,,cpu_core/L1-dcache-loads/,237432252,99.00,,
913089,,cpu_core/L1-dcache-load-misses/,237432252,99.00,0.21,of all L1-dcache accesses
393207139,,cpu_core/branch-instructions/,237432252,99.00,,
8551298,,cpu_core/branch-misses/,237432252,99.00,,
2387305360,,cpu_core/instructions/,237432252,99.00,,
883400715,,cpu_core/cpu-cycles/,237432252,99.00,,
1,,context-switches,237846314,100.00,,
49302,,page-faults,237846314,100.00,,

----- [tile_1024] H=4096 W=4096 K=3 seed=1234 rep=11/20 exit=0 -----
PROFILING tile variant=1024 H=4096 W=4096 K=3 seed=1234
tile_size=1024
checksum 0.712899
--- perf stat -x, ---
441719894,,cpu_core/L1-dcache-loads/,239567158,99.00,,
950011,,cpu_core/L1-dcache-load-misses/,239567158,99.00,0.22,of all L1-dcache accesses
393228544,,cpu_core/branch-instructions/,239567158,99.00,,
8553624,,cpu_core/branch-misses/,239567158,99.00,,
2387438626,,cpu_core/instructions/,239567158,99.00,,
894392659,,cpu_core/cpu-cycles/,239567158,99.00,,
2,,context-switches,239998523,100.00,,
49302,,page-faults,239998523,100.00,,

----- [tile_1024] H=4096 W=4096 K=3 seed=1234 rep=12/20 exit=0 -----
PROFILING tile variant=1024 H=4096 W=4096 K=3 seed=1234
tile_size=1024
checksum 0.712899
--- perf stat -x, ---
441705440,,cpu_core/L1-dcache-loads/,237204193,99.00,,
949768,,cpu_core/L1-dcache-load-misses/,237204193,99.00,0.22,of all L1-dcache accesses
393216607,,cpu_core/branch-instructions/,237204193,99.00,,
8547461,,cpu_core/branch-misses/,237204193,99.00,,
2387369019,,cpu_core/instructions/,237204193,99.00,,
890405454,,cpu_core/cpu-cycles/,237204193,99.00,,
4,,context-switches,237628202,100.00,,
49303,,page-faults,237628202,100.00,,

----- [tile_1024] H=4096 W=4096 K=3 seed=1234 rep=13/20 exit=0 -----
PROFILING tile variant=1024 H=4096 W=4096 K=3 seed=1234
tile_size=1024
checksum 0.712899
--- perf stat -x, ---
441712309,,cpu_core/L1-dcache-loads/,238096978,99.00,,
943731,,cpu_core/L1-dcache-load-misses/,238096978,99.00,0.21,of all L1-dcache accesses
393223347,,cpu_core/branch-instructions/,238096978,99.00,,
8546254,,cpu_core/branch-misses/,238096978,99.00,,
2387406464,,cpu_core/instructions/,238096978,99.00,,
888049937,,cpu_core/cpu-cycles/,238096978,99.00,,
1,,context-switches,238523959,100.00,,
49301,,page-faults,238523959,100.00,,

----- [tile_1024] H=4096 W=4096 K=3 seed=1234 rep=14/20 exit=0 -----
PROFILING tile variant=1024 H=4096 W=4096 K=3 seed=1234
tile_size=1024
checksum 0.712899
--- perf stat -x, ---
441236630,,cpu_core/L1-dcache-loads/,239215543,99.00,,
945911,,cpu_core/L1-dcache-load-misses/,239215543,99.00,0.21,of all L1-dcache accesses
392764003,,cpu_core/branch-instructions/,239215543,99.00,,
8542876,,cpu_core/branch-misses/,239215543,99.00,,
2384559037,,cpu_core/instructions/,239215543,99.00,,
887161670,,cpu_core/cpu-cycles/,239215543,99.00,,
3,,context-switches,239275586,100.00,,
49301,,page-faults,239275586,100.00,,

----- [tile_1024] H=4096 W=4096 K=3 seed=1234 rep=15/20 exit=0 -----
PROFILING tile variant=1024 H=4096 W=4096 K=3 seed=1234
tile_size=1024
checksum 0.712899
--- perf stat -x, ---
442034881,,cpu_core/L1-dcache-loads/,236164843,99.00,,
939762,,cpu_core/L1-dcache-load-misses/,236164843,99.00,0.21,of all L1-dcache accesses
393506202,,cpu_core/branch-instructions/,236164843,99.00,,
8565970,,cpu_core/branch-misses/,236164843,99.00,,
2389107464,,cpu_core/instructions/,236164843,99.00,,
879909778,,cpu_core/cpu-cycles/,236164843,99.00,,
5,,context-switches,236743444,100.00,,
49303,,page-faults,236743444,100.00,,

----- [tile_1024] H=4096 W=4096 K=3 seed=1234 rep=16/20 exit=0 -----
PROFILING tile variant=1024 H=4096 W=4096 K=3 seed=1234
tile_size=1024
checksum 0.712899
--- perf stat -x, ---
442066798,,cpu_core/L1-dcache-loads/,238999320,99.00,,
916059,,cpu_core/L1-dcache-load-misses/,238999320,99.00,0.21,of all L1-dcache accesses
393537297,,cpu_core/branch-instructions/,238999320,99.00,,
8565802,,cpu_core/branch-misses/,238999320,99.00,,
2389316396,,cpu_core/instructions/,238999320,99.00,,
890037612,,cpu_core/cpu-cycles/,238999320,99.00,,
3,,context-switches,239619007,100.00,,
49302,,page-faults,239619007,100.00,,

----- [tile_1024] H=4096 W=4096 K=3 seed=1234 rep=17/20 exit=0 -----
PROFILING tile variant=1024 H=4096 W=4096 K=3 seed=1234
tile_size=1024
checksum 0.712899
--- perf stat -x, ---
441662556,,cpu_core/L1-dcache-loads/,235342038,99.00,,
921542,,cpu_core/L1-dcache-load-misses/,235342038,99.00,0.21,of all L1-dcache accesses
393181020,,cpu_core/branch-instructions/,235342038,99.00,,
8549913,,cpu_core/branch-misses/,235342038,99.00,,
2387148869,,cpu_core/instructions/,235342038,99.00,,
883887690,,cpu_core/cpu-cycles/,235342038,99.00,,
1,,context-switches,235741643,100.00,,
49300,,page-faults,235741643,100.00,,

----- [tile_1024] H=4096 W=4096 K=3 seed=1234 rep=18/20 exit=0 -----
PROFILING tile variant=1024 H=4096 W=4096 K=3 seed=1234
tile_size=1024
checksum 0.712899
--- perf stat -x, ---
441630783,,cpu_core/L1-dcache-loads/,236945778,99.00,,
893001,,cpu_core/L1-dcache-load-misses/,236945778,99.00,0.20,of all L1-dcache accesses
393153726,,cpu_core/branch-instructions/,236945778,99.00,,
8549671,,cpu_core/branch-misses/,236945778,99.00,,
2386990347,,cpu_core/instructions/,236945778,99.00,,
885217098,,cpu_core/cpu-cycles/,236945778,99.00,,
1,,context-switches,237341217,100.00,,
49302,,page-faults,237341217,100.00,,

----- [tile_1024] H=4096 W=4096 K=3 seed=1234 rep=19/20 exit=0 -----
PROFILING tile variant=1024 H=4096 W=4096 K=3 seed=1234
tile_size=1024
checksum 0.712899
--- perf stat -x, ---
441812660,,cpu_core/L1-dcache-loads/,237253146,99.00,,
928116,,cpu_core/L1-dcache-load-misses/,237253146,99.00,0.21,of all L1-dcache accesses
393313102,,cpu_core/branch-instructions/,237253146,99.00,,
8552483,,cpu_core/branch-misses/,237253146,99.00,,
2387967833,,cpu_core/instructions/,237253146,99.00,,
884545266,,cpu_core/cpu-cycles/,237253146,99.00,,
3,,context-switches,237745526,100.00,,
49302,,page-faults,237745526,100.00,,

----- [tile_1024] H=4096 W=4096 K=3 seed=1234 rep=20/20 exit=0 -----
PROFILING tile variant=1024 H=4096 W=4096 K=3 seed=1234
tile_size=1024
checksum 0.712899
--- perf stat -x, ---
442179850,,cpu_core/L1-dcache-loads/,239357510,99.00,,
945378,,cpu_core/L1-dcache-load-misses/,239357510,99.00,0.21,of all L1-dcache accesses
393603565,,cpu_core/branch-instructions/,239357510,99.00,,
8564069,,cpu_core/branch-misses/,239357510,99.00,,
2389856023,,cpu_core/instructions/,239357510,99.00,,
891026570,,cpu_core/cpu-cycles/,239357510,99.00,,
4,,context-switches,239969172,100.00,,
49303,,page-faults,239969172,100.00,,

----- [tile_1024] H=8192 W=8192 K=3 seed=1234 rep=1/20 exit=0 -----
PROFILING tile variant=1024 H=8192 W=8192 K=3 seed=1234
tile_size=1024
checksum 0.493239
--- perf stat -x, ---
1763949449,,cpu_core/L1-dcache-loads/,951495456,100.00,,
3791149,,cpu_core/L1-dcache-load-misses/,951495456,100.00,0.21,of all L1-dcache accesses
1570485861,,cpu_core/branch-instructions/,951495456,100.00,,
34102204,,cpu_core/branch-misses/,951495456,100.00,,
9535826128,,cpu_core/instructions/,951495456,100.00,,
3588081794,,cpu_core/cpu-cycles/,951495456,100.00,,
12,,context-switches,951495456,100.00,,
196772,,page-faults,951495456,100.00,,

----- [tile_1024] H=8192 W=8192 K=3 seed=1234 rep=2/20 exit=0 -----
PROFILING tile variant=1024 H=8192 W=8192 K=3 seed=1234
tile_size=1024
checksum 0.493239
--- perf stat -x, ---
1765037879,,cpu_core/L1-dcache-loads/,950925087,99.00,,
3946122,,cpu_core/L1-dcache-load-misses/,950925087,99.00,0.22,of all L1-dcache accesses
1571519632,,cpu_core/branch-instructions/,950925087,99.00,,
34110656,,cpu_core/branch-misses/,950925087,99.00,,
9542156789,,cpu_core/instructions/,950925087,99.00,,
3582792544,,cpu_core/cpu-cycles/,950925087,99.00,,
5,,context-switches,951628615,100.00,,
196776,,page-faults,951628615,100.00,,

----- [tile_1024] H=8192 W=8192 K=3 seed=1234 rep=3/20 exit=0 -----
PROFILING tile variant=1024 H=8192 W=8192 K=3 seed=1234
tile_size=1024
checksum 0.493239
--- perf stat -x, ---
1763919968,,cpu_core/L1-dcache-loads/,947319666,100.00,,
3718257,,cpu_core/L1-dcache-load-misses/,947319666,100.00,0.21,of all L1-dcache accesses
1570489203,,cpu_core/branch-instructions/,947319666,100.00,,
34096553,,cpu_core/branch-misses/,947319666,100.00,,
9535852520,,cpu_core/instructions/,947319666,100.00,,
3575997555,,cpu_core/cpu-cycles/,947319666,100.00,,
8,,context-switches,947319666,100.00,,
196773,,page-faults,947319666,100.00,,

----- [tile_1024] H=8192 W=8192 K=3 seed=1234 rep=4/20 exit=0 -----
PROFILING tile variant=1024 H=8192 W=8192 K=3 seed=1234
tile_size=1024
checksum 0.493239
--- perf stat -x, ---
1764412808,,cpu_core/L1-dcache-loads/,953247998,99.00,,
3750304,,cpu_core/L1-dcache-load-misses/,953247998,99.00,0.21,of all L1-dcache accesses
1570968614,,cpu_core/branch-instructions/,953247998,99.00,,
34089628,,cpu_core/branch-misses/,953247998,99.00,,
9538855617,,cpu_core/instructions/,953247998,99.00,,
3598742251,,cpu_core/cpu-cycles/,953247998,99.00,,
5,,context-switches,953657441,100.00,,
196771,,page-faults,953657441,100.00,,

----- [tile_1024] H=8192 W=8192 K=3 seed=1234 rep=5/20 exit=0 -----
PROFILING tile variant=1024 H=8192 W=8192 K=3 seed=1234
tile_size=1024
checksum 0.493239
--- perf stat -x, ---
1764567460,,cpu_core/L1-dcache-loads/,949317813,99.00,,
3935013,,cpu_core/L1-dcache-load-misses/,949317813,99.00,0.22,of all L1-dcache accesses
1571101795,,cpu_core/branch-instructions/,949317813,99.00,,
34103523,,cpu_core/branch-misses/,949317813,99.00,,
9539626894,,cpu_core/instructions/,949317813,99.00,,
3586591854,,cpu_core/cpu-cycles/,949317813,99.00,,
11,,context-switches,949768855,100.00,,
196773,,page-faults,949768855,100.00,,

----- [tile_1024] H=8192 W=8192 K=3 seed=1234 rep=6/20 exit=0 -----
PROFILING tile variant=1024 H=8192 W=8192 K=3 seed=1234
tile_size=1024
checksum 0.493239
--- perf stat -x, ---
1765050523,,cpu_core/L1-dcache-loads/,954662991,99.00,,
3838156,,cpu_core/L1-dcache-load-misses/,954662991,99.00,0.22,of all L1-dcache accesses
1571531407,,cpu_core/branch-instructions/,954662991,99.00,,
34104024,,cpu_core/branch-misses/,954662991,99.00,,
9542247641,,cpu_core/instructions/,954662991,99.00,,
3588169973,,cpu_core/cpu-cycles/,954662991,99.00,,
5,,context-switches,955388146,100.00,,
196773,,page-faults,955388146,100.00,,

----- [tile_1024] H=8192 W=8192 K=3 seed=1234 rep=7/20 exit=0 -----
PROFILING tile variant=1024 H=8192 W=8192 K=3 seed=1234
tile_size=1024
checksum 0.493239
--- perf stat -x, ---
1764932183,,cpu_core/L1-dcache-loads/,954102154,99.00,,
3708991,,cpu_core/L1-dcache-load-misses/,954102154,99.00,0.21,of all L1-dcache accesses
1571424536,,cpu_core/branch-instructions/,954102154,99.00,,
34102199,,cpu_core/branch-misses/,954102154,99.00,,
9541592595,,cpu_core/instructions/,954102154,99.00,,
3595399025,,cpu_core/cpu-cycles/,954102154,99.00,,
8,,context-switches,954750673,100.00,,
196771,,page-faults,954750673,100.00,,

----- [tile_1024] H=8192 W=8192 K=3 seed=1234 rep=8/20 exit=0 -----
PROFILING tile variant=1024 H=8192 W=8192 K=3 seed=1234
tile_size=1024
checksum 0.493239
--- perf stat -x, ---
1764832152,,cpu_core/L1-dcache-loads/,952865187,99.00,,
3692210,,cpu_core/L1-dcache-load-misses/,952865187,99.00,0.21,of all L1-dcache accesses
1571338614,,cpu_core/branch-instructions/,952865187,99.00,,
34127033,,cpu_core/branch-misses/,952865187,99.00,,
9541095596,,cpu_core/instructions/,952865187,99.00,,
3594011054,,cpu_core/cpu-cycles/,952865187,99.00,,
5,,context-switches,953486442,100.00,,
196774,,page-faults,953486442,100.00,,

----- [tile_1024] H=8192 W=8192 K=3 seed=1234 rep=9/20 exit=0 -----
PROFILING tile variant=1024 H=8192 W=8192 K=3 seed=1234
tile_size=1024
checksum 0.493239
--- perf stat -x, ---
1764835324,,cpu_core/L1-dcache-loads/,948433915,99.00,,
3952479,,cpu_core/L1-dcache-load-misses/,948433915,99.00,0.22,of all L1-dcache accesses
1571342963,,cpu_core/branch-instructions/,948433915,99.00,,
34125815,,cpu_core/branch-misses/,948433915,99.00,,
9541115625,,cpu_core/instructions/,948433915,99.00,,
3580486904,,cpu_core/cpu-cycles/,948433915,99.00,,
12,,context-switches,949055509,100.00,,
196773,,page-faults,949055509,100.00,,

----- [tile_1024] H=8192 W=8192 K=3 seed=1234 rep=10/20 exit=0 -----
PROFILING tile variant=1024 H=8192 W=8192 K=3 seed=1234
tile_size=1024
checksum 0.493239
--- perf stat -x, ---
1764772974,,cpu_core/L1-dcache-loads/,944189571,99.00,,
3817354,,cpu_core/L1-dcache-load-misses/,944189571,99.00,0.22,of all L1-dcache accesses
1571288615,,cpu_core/branch-instructions/,944189571,99.00,,
34115708,,cpu_core/branch-misses/,944189571,99.00,,
9540755170,,cpu_core/instructions/,944189571,99.00,,
3561743625,,cpu_core/cpu-cycles/,944189571,99.00,,
5,,context-switches,944770989,100.00,,
196773,,page-faults,944770989,100.00,,

----- [tile_1024] H=8192 W=8192 K=3 seed=1234 rep=11/20 exit=0 -----
PROFILING tile variant=1024 H=8192 W=8192 K=3 seed=1234
tile_size=1024
checksum 0.493239
--- perf stat -x, ---
1765577902,,cpu_core/L1-dcache-loads/,962315361,99.00,,
3800724,,cpu_core/L1-dcache-load-misses/,962315361,99.00,0.22,of all L1-dcache accesses
1572000348,,cpu_core/branch-instructions/,962315361,99.00,,
34135037,,cpu_core/branch-misses/,962315361,99.00,,
9545098216,,cpu_core/instructions/,962315361,99.00,,
3612401155,,cpu_core/cpu-cycles/,962315361,99.00,,
8,,context-switches,963349601,100.00,,
196776,,page-faults,963349601,100.00,,

----- [tile_1024] H=8192 W=8192 K=3 seed=1234 rep=12/20 exit=0 -----
PROFILING tile variant=1024 H=8192 W=8192 K=3 seed=1234
tile_size=1024
checksum 0.493239
--- perf stat -x, ---
1764769433,,cpu_core/L1-dcache-loads/,953022260,99.00,,
3818506,,cpu_core/L1-dcache-load-misses/,953022260,99.00,0.22,of all L1-dcache accesses
1571286961,,cpu_core/branch-instructions/,953022260,99.00,,
34112485,,cpu_core/branch-misses/,953022260,99.00,,
9540782943,,cpu_core/instructions/,953022260,99.00,,
3595735007,,cpu_core/cpu-cycles/,953022260,99.00,,
5,,context-switches,953632988,100.00,,
196774,,page-faults,953632988,100.00,,

----- [tile_1024] H=8192 W=8192 K=3 seed=1234 rep=13/20 exit=0 -----
PROFILING tile variant=1024 H=8192 W=8192 K=3 seed=1234
tile_size=1024
checksum 0.493239
--- perf stat -x, ---
1764877116,,cpu_core/L1-dcache-loads/,949276621,99.00,,
3891978,,cpu_core/L1-dcache-load-misses/,949276621,99.00,0.22,of all L1-dcache accesses
1571380873,,cpu_core/branch-instructions/,949276621,99.00,,
34110323,,cpu_core/branch-misses/,949276621,99.00,,
9541327484,,cpu_core/instructions/,949276621,99.00,,
3576933938,,cpu_core/cpu-cycles/,949276621,99.00,,
8,,context-switches,949901306,100.00,,
196775,,page-faults,949901306,100.00,,

----- [tile_1024] H=8192 W=8192 K=3 seed=1234 rep=14/20 exit=0 -----
PROFILING tile variant=1024 H=8192 W=8192 K=3 seed=1234
tile_size=1024
checksum 0.493239
--- perf stat -x, ---
1765219397,,cpu_core/L1-dcache-loads/,962342149,99.00,,
3749312,,cpu_core/L1-dcache-load-misses/,962342149,99.00,0.21,of all L1-dcache accesses
1571681766,,cpu_core/branch-instructions/,962342149,99.00,,
34118136,,cpu_core/branch-misses/,962342149,99.00,,
9543199190,,cpu_core/instructions/,962342149,99.00,,
3612013705,,cpu_core/cpu-cycles/,962342149,99.00,,
5,,context-switches,963186987,100.00,,
196774,,page-faults,963186987,100.00,,

----- [tile_1024] H=8192 W=8192 K=3 seed=1234 rep=15/20 exit=0 -----
PROFILING tile variant=1024 H=8192 W=8192 K=3 seed=1234
tile_size=1024
checksum 0.493239
--- perf stat -x, ---
1764794262,,cpu_core/L1-dcache-loads/,957636270,99.00,,
3845980,,cpu_core/L1-dcache-load-misses/,957636270,99.00,0.22,of all L1-dcache accesses
1571304521,,cpu_core/branch-instructions/,957636270,99.00,,
34120674,,cpu_core/branch-misses/,957636270,99.00,,
9540883374,,cpu_core/instructions/,957636270,99.00,,
3611973907,,cpu_core/cpu-cycles/,957636270,99.00,,
12,,context-switches,958254854,100.00,,
196775,,page-faults,958254854,100.00,,

----- [tile_1024] H=8192 W=8192 K=3 seed=1234 rep=16/20 exit=0 -----
PROFILING tile variant=1024 H=8192 W=8192 K=3 seed=1234
tile_size=1024
checksum 0.493239
--- perf stat -x, ---
1764764389,,cpu_core/L1-dcache-loads/,949476464,99.00,,
3761807,,cpu_core/L1-dcache-load-misses/,949476464,99.00,0.21,of all L1-dcache accesses
1571281236,,cpu_core/branch-instructions/,949476464,99.00,,
34106493,,cpu_core/branch-misses/,949476464,99.00,,
9540750198,,cpu_core/instructions/,949476464,99.00,,
3579885983,,cpu_core/cpu-cycles/,949476464,99.00,,
6,,context-switches,950083559,100.00,,
196773,,page-faults,950083559,100.00,,

----- [tile_1024] H=8192 W=8192 K=3 seed=1234 rep=17/20 exit=0 -----
PROFILING tile variant=1024 H=8192 W=8192 K=3 seed=1234
tile_size=1024
checksum 0.493239
--- perf stat -x, ---
1764978149,,cpu_core/L1-dcache-loads/,952929533,99.00,,
3679793,,cpu_core/L1-dcache-load-misses/,952929533,99.00,0.21,of all L1-dcache accesses
1571472203,,cpu_core/branch-instructions/,952929533,99.00,,
34132698,,cpu_core/branch-misses/,952929533,99.00,,
9541905007,,cpu_core/instructions/,952929533,99.00,,
3581325098,,cpu_core/cpu-cycles/,952929533,99.00,,
9,,context-switches,953651816,100.00,,
196773,,page-faults,953651816,100.00,,

----- [tile_1024] H=8192 W=8192 K=3 seed=1234 rep=18/20 exit=0 -----
PROFILING tile variant=1024 H=8192 W=8192 K=3 seed=1234
tile_size=1024
checksum 0.493239
--- perf stat -x, ---
1763904171,,cpu_core/L1-dcache-loads/,950995350,100.00,,
4268725,,cpu_core/L1-dcache-load-misses/,950995350,100.00,0.24,of all L1-dcache accesses
1570473784,,cpu_core/branch-instructions/,950995350,100.00,,
34091715,,cpu_core/branch-misses/,950995350,100.00,,
9535785279,,cpu_core/instructions/,950995350,100.00,,
3567748716,,cpu_core/cpu-cycles/,950995350,100.00,,
5,,context-switches,950995350,100.00,,
196774,,page-faults,950995350,100.00,,

----- [tile_1024] H=8192 W=8192 K=3 seed=1234 rep=19/20 exit=0 -----
PROFILING tile variant=1024 H=8192 W=8192 K=3 seed=1234
tile_size=1024
checksum 0.493239
--- perf stat -x, ---
1764378607,,cpu_core/L1-dcache-loads/,958197640,99.00,,
3941759,,cpu_core/L1-dcache-load-misses/,958197640,99.00,0.22,of all L1-dcache accesses
1570935345,,cpu_core/branch-instructions/,958197640,99.00,,
34101495,,cpu_core/branch-misses/,958197640,99.00,,
9538673378,,cpu_core/instructions/,958197640,99.00,,
3617302105,,cpu_core/cpu-cycles/,958197640,99.00,,
6,,context-switches,958595102,100.00,,
196773,,page-faults,958595102,100.00,,

----- [tile_1024] H=8192 W=8192 K=3 seed=1234 rep=20/20 exit=0 -----
PROFILING tile variant=1024 H=8192 W=8192 K=3 seed=1234
tile_size=1024
checksum 0.493239
--- perf stat -x, ---
1764504149,,cpu_core/L1-dcache-loads/,950570397,99.00,,
3742094,,cpu_core/L1-dcache-load-misses/,950570397,99.00,0.21,of all L1-dcache accesses
1571046365,,cpu_core/branch-instructions/,950570397,99.00,,
34092101,,cpu_core/branch-misses/,950570397,99.00,,
9539299847,,cpu_core/instructions/,950570397,99.00,,
3582118282,,cpu_core/cpu-cycles/,950570397,99.00,,
8,,context-switches,950991120,100.00,,
196773,,page-faults,950991120,100.00,,

----- [tile_1024] H=16384 W=16384 K=3 seed=1234 rep=1/20 exit=0 -----
PROFILING tile variant=1024 H=16384 W=16384 K=3 seed=1234
tile_size=1024
checksum 0.112685
--- perf stat -x, ---
7056562590,,cpu_core/L1-dcache-loads/,3797357951,99.00,,
17217641,,cpu_core/L1-dcache-load-misses/,3797357951,99.00,0.24,of all L1-dcache accesses
6283956663,,cpu_core/branch-instructions/,3797357951,99.00,,
136288948,,cpu_core/branch-misses/,3797357951,99.00,,
38156967815,,cpu_core/instructions/,3797357951,99.00,,
14368072416,,cpu_core/cpu-cycles/,3797357951,99.00,,
23,,context-switches,3797766233,100.00,,
786632,,page-faults,3797766233,100.00,,

----- [tile_1024] H=16384 W=16384 K=3 seed=1234 rep=2/20 exit=0 -----
PROFILING tile variant=1024 H=16384 W=16384 K=3 seed=1234
tile_size=1024
checksum 0.112685
--- perf stat -x, ---
7056477985,,cpu_core/L1-dcache-loads/,3802769764,99.00,,
16880477,,cpu_core/L1-dcache-load-misses/,3802769764,99.00,0.24,of all L1-dcache accesses
6283802893,,cpu_core/branch-instructions/,3802769764,99.00,,
136234273,,cpu_core/branch-misses/,3802769764,99.00,,
38155987620,,cpu_core/instructions/,3802769764,99.00,,
14386620914,,cpu_core/cpu-cycles/,3802769764,99.00,,
24,,context-switches,3803126128,100.00,,
786628,,page-faults,3803126128,100.00,,

----- [tile_1024] H=16384 W=16384 K=3 seed=1234 rep=3/20 exit=0 -----
PROFILING tile variant=1024 H=16384 W=16384 K=3 seed=1234
tile_size=1024
checksum 0.112685
--- perf stat -x, ---
7056550186,,cpu_core/L1-dcache-loads/,3813304164,99.00,,
17243868,,cpu_core/L1-dcache-load-misses/,3813304164,99.00,0.24,of all L1-dcache accesses
6283873763,,cpu_core/branch-instructions/,3813304164,99.00,,
136243880,,cpu_core/branch-misses/,3813304164,99.00,,
38156423535,,cpu_core/instructions/,3813304164,99.00,,
14432502991,,cpu_core/cpu-cycles/,3813304164,99.00,,
27,,context-switches,3813717762,100.00,,
786628,,page-faults,3813717762,100.00,,

----- [tile_1024] H=16384 W=16384 K=3 seed=1234 rep=4/20 exit=0 -----
PROFILING tile variant=1024 H=16384 W=16384 K=3 seed=1234
tile_size=1024
checksum 0.112685
--- perf stat -x, ---
7056543388,,cpu_core/L1-dcache-loads/,3804942534,99.00,,
17117134,,cpu_core/L1-dcache-load-misses/,3804942534,99.00,0.24,of all L1-dcache accesses
6283872814,,cpu_core/branch-instructions/,3804942534,99.00,,
136249346,,cpu_core/branch-misses/,3804942534,99.00,,
38156457644,,cpu_core/instructions/,3804942534,99.00,,
14414277261,,cpu_core/cpu-cycles/,3804942534,99.00,,
26,,context-switches,3805396911,100.00,,
786631,,page-faults,3805396911,100.00,,

----- [tile_1024] H=16384 W=16384 K=3 seed=1234 rep=5/20 exit=0 -----
PROFILING tile variant=1024 H=16384 W=16384 K=3 seed=1234
tile_size=1024
checksum 0.112685
--- perf stat -x, ---
7057215153,,cpu_core/L1-dcache-loads/,3767761268,99.00,,
17003775,,cpu_core/L1-dcache-load-misses/,3767761268,99.00,0.24,of all L1-dcache accesses
6283792023,,cpu_core/branch-instructions/,3767761268,99.00,,
136372623,,cpu_core/branch-misses/,3767761268,99.00,,
38155167946,,cpu_core/instructions/,3767761268,99.00,,
14258951702,,cpu_core/cpu-cycles/,3767761268,99.00,,
27,,context-switches,3768194177,100.00,,
786631,,page-faults,3768194177,100.00,,

----- [tile_1024] H=16384 W=16384 K=3 seed=1234 rep=6/20 exit=0 -----
PROFILING tile variant=1024 H=16384 W=16384 K=3 seed=1234
tile_size=1024
checksum 0.112685
--- perf stat -x, ---
7056775037,,cpu_core/L1-dcache-loads/,3786414309,99.00,,
17113212,,cpu_core/L1-dcache-load-misses/,3786414309,99.00,0.24,of all L1-dcache accesses
6284093660,,cpu_core/branch-instructions/,3786414309,99.00,,
136311824,,cpu_core/branch-misses/,3786414309,99.00,,
38157748156,,cpu_core/instructions/,3786414309,99.00,,
14326021980,,cpu_core/cpu-cycles/,3786414309,99.00,,
24,,context-switches,3787000534,100.00,,
786628,,page-faults,3787000534,100.00,,

----- [tile_1024] H=16384 W=16384 K=3 seed=1234 rep=7/20 exit=0 -----
PROFILING tile variant=1024 H=16384 W=16384 K=3 seed=1234
tile_size=1024
checksum 0.112685
--- perf stat -x, ---
7056660006,,cpu_core/L1-dcache-loads/,3800554177,99.00,,
18265499,,cpu_core/L1-dcache-load-misses/,3800554177,99.00,0.26,of all L1-dcache accesses
6283992498,,cpu_core/branch-instructions/,3800554177,99.00,,
136289488,,cpu_core/branch-misses/,3800554177,99.00,,
38157242009,,cpu_core/instructions/,3800554177,99.00,,
14380111264,,cpu_core/cpu-cycles/,3800554177,99.00,,
21,,context-switches,3801106921,100.00,,
786628,,page-faults,3801106921,100.00,,

----- [tile_1024] H=16384 W=16384 K=3 seed=1234 rep=8/20 exit=0 -----
PROFILING tile variant=1024 H=16384 W=16384 K=3 seed=1234
tile_size=1024
checksum 0.112685
--- perf stat -x, ---
7056362064,,cpu_core/L1-dcache-loads/,3792794794,99.00,,
16949761,,cpu_core/L1-dcache-load-misses/,3792794794,99.00,0.24,of all L1-dcache accesses
6283731207,,cpu_core/branch-instructions/,3792794794,99.00,,
136301329,,cpu_core/branch-misses/,3792794794,99.00,,
38155644306,,cpu_core/instructions/,3792794794,99.00,,
14359198380,,cpu_core/cpu-cycles/,3792794794,99.00,,
23,,context-switches,3793188592,100.00,,
786630,,page-faults,3793188592,100.00,,

----- [tile_1024] H=16384 W=16384 K=3 seed=1234 rep=9/20 exit=0 -----
PROFILING tile variant=1024 H=16384 W=16384 K=3 seed=1234
tile_size=1024
checksum 0.112685
--- perf stat -x, ---
7056640743,,cpu_core/L1-dcache-loads/,3789159026,99.00,,
17360715,,cpu_core/L1-dcache-load-misses/,3789159026,99.00,0.25,of all L1-dcache accesses
6283976419,,cpu_core/branch-instructions/,3789159026,99.00,,
136270860,,cpu_core/branch-misses/,3789159026,99.00,,
38157068331,,cpu_core/instructions/,3789159026,99.00,,
14346892768,,cpu_core/cpu-cycles/,3789159026,99.00,,
24,,context-switches,3789683554,100.00,,
786628,,page-faults,3789683554,100.00,,

----- [tile_1024] H=16384 W=16384 K=3 seed=1234 rep=10/20 exit=0 -----
PROFILING tile variant=1024 H=16384 W=16384 K=3 seed=1234
tile_size=1024
checksum 0.112685
--- perf stat -x, ---
7056913108,,cpu_core/L1-dcache-loads/,3792178385,99.00,,
17009940,,cpu_core/L1-dcache-load-misses/,3792178385,99.00,0.24,of all L1-dcache accesses
6284213099,,cpu_core/branch-instructions/,3792178385,99.00,,
136295418,,cpu_core/branch-misses/,3792178385,99.00,,
38158503987,,cpu_core/instructions/,3792178385,99.00,,
14347646243,,cpu_core/cpu-cycles/,3792178385,99.00,,
21,,context-switches,3792822491,100.00,,
786629,,page-faults,3792822491,100.00,,

----- [tile_1024] H=16384 W=16384 K=3 seed=1234 rep=11/20 exit=0 -----
PROFILING tile variant=1024 H=16384 W=16384 K=3 seed=1234
tile_size=1024
checksum 0.112685
--- perf stat -x, ---
7056565795,,cpu_core/L1-dcache-loads/,3794863958,99.00,,
17427923,,cpu_core/L1-dcache-load-misses/,3794863958,99.00,0.25,of all L1-dcache accesses
6283900220,,cpu_core/branch-instructions/,3794863958,99.00,,
136286657,,cpu_core/branch-misses/,3794863958,99.00,,
38156531088,,cpu_core/instructions/,3794863958,99.00,,
14363704947,,cpu_core/cpu-cycles/,3794863958,99.00,,
28,,context-switches,3795288492,100.00,,
786629,,page-faults,3795288492,100.00,,

----- [tile_1024] H=16384 W=16384 K=3 seed=1234 rep=12/20 exit=0 -----
PROFILING tile variant=1024 H=16384 W=16384 K=3 seed=1234
tile_size=1024
checksum 0.112685
--- perf stat -x, ---
7056833347,,cpu_core/L1-dcache-loads/,3818001534,99.00,,
17153707,,cpu_core/L1-dcache-load-misses/,3818001534,99.00,0.24,of all L1-dcache accesses
6284136114,,cpu_core/branch-instructions/,3818001534,99.00,,
136293220,,cpu_core/branch-misses/,3818001534,99.00,,
38158073238,,cpu_core/instructions/,3818001534,99.00,,
14442875098,,cpu_core/cpu-cycles/,3818001534,99.00,,
29,,context-switches,3818646441,100.00,,
786626,,page-faults,3818646441,100.00,,

----- [tile_1024] H=16384 W=16384 K=3 seed=1234 rep=13/20 exit=0 -----
PROFILING tile variant=1024 H=16384 W=16384 K=3 seed=1234
tile_size=1024
checksum 0.112685
--- perf stat -x, ---
7056757304,,cpu_core/L1-dcache-loads/,3800403510,99.00,,
17244379,,cpu_core/L1-dcache-load-misses/,3800403510,99.00,0.24,of all L1-dcache accesses
6284077942,,cpu_core/branch-instructions/,3800403510,99.00,,
136259909,,cpu_core/branch-misses/,3800403510,99.00,,
38157731752,,cpu_core/instructions/,3800403510,99.00,,
14380770282,,cpu_core/cpu-cycles/,3800403510,99.00,,
29,,context-switches,3801019132,100.00,,
786631,,page-faults,3801019132,100.00,,

----- [tile_1024] H=16384 W=16384 K=3 seed=1234 rep=14/20 exit=0 -----
PROFILING tile variant=1024 H=16384 W=16384 K=3 seed=1234
tile_size=1024
checksum 0.112685
--- perf stat -x, ---
7056520141,,cpu_core/L1-dcache-loads/,3794476521,99.00,,
17922828,,cpu_core/L1-dcache-load-misses/,3794476521,99.00,0.25,of all L1-dcache accesses
6283870166,,cpu_core/branch-instructions/,3794476521,99.00,,
136326345,,cpu_core/branch-misses/,3794476521,99.00,,
38156473319,,cpu_core/instructions/,3794476521,99.00,,
14361475263,,cpu_core/cpu-cycles/,3794476521,99.00,,
22,,context-switches,3794963552,100.00,,
786628,,page-faults,3794963552,100.00,,

----- [tile_1024] H=16384 W=16384 K=3 seed=1234 rep=15/20 exit=0 -----
PROFILING tile variant=1024 H=16384 W=16384 K=3 seed=1234
tile_size=1024
checksum 0.112685
--- perf stat -x, ---
7056775963,,cpu_core/L1-dcache-loads/,3803522035,99.00,,
17009935,,cpu_core/L1-dcache-load-misses/,3803522035,99.00,0.24,of all L1-dcache accesses
6284092072,,cpu_core/branch-instructions/,3803522035,99.00,,
136273311,,cpu_core/branch-misses/,3803522035,99.00,,
38157800325,,cpu_core/instructions/,3803522035,99.00,,
14390220076,,cpu_core/cpu-cycles/,3803522035,99.00,,
26,,context-switches,3804125886,100.00,,
786631,,page-faults,3804125886,100.00,,

----- [tile_1024] H=16384 W=16384 K=3 seed=1234 rep=16/20 exit=0 -----
PROFILING tile variant=1024 H=16384 W=16384 K=3 seed=1234
tile_size=1024
checksum 0.112685
--- perf stat -x, ---
7056522199,,cpu_core/L1-dcache-loads/,3799006020,99.00,,
17254064,,cpu_core/L1-dcache-load-misses/,3799006020,99.00,0.24,of all L1-dcache accesses
6283868776,,cpu_core/branch-instructions/,3799006020,99.00,,
136266996,,cpu_core/branch-misses/,3799006020,99.00,,
38156398493,,cpu_core/instructions/,3799006020,99.00,,
14374724760,,cpu_core/cpu-cycles/,3799006020,99.00,,
23,,context-switches,3799432000,100.00,,
786630,,page-faults,3799432000,100.00,,

----- [tile_1024] H=16384 W=16384 K=3 seed=1234 rep=17/20 exit=0 -----
PROFILING tile variant=1024 H=16384 W=16384 K=3 seed=1234
tile_size=1024
checksum 0.112685
--- perf stat -x, ---
7056783937,,cpu_core/L1-dcache-loads/,3794394771,99.00,,
17680420,,cpu_core/L1-dcache-load-misses/,3794394771,99.00,0.25,of all L1-dcache accesses
6284101318,,cpu_core/branch-instructions/,3794394771,99.00,,
136317949,,cpu_core/branch-misses/,3794394771,99.00,,
38157832071,,cpu_core/instructions/,3794394771,99.00,,
14357689839,,cpu_core/cpu-cycles/,3794394771,99.00,,
27,,context-switches,3795007213,100.00,,
786629,,page-faults,3795007213,100.00,,

----- [tile_1024] H=16384 W=16384 K=3 seed=1234 rep=18/20 exit=0 -----
PROFILING tile variant=1024 H=16384 W=16384 K=3 seed=1234
tile_size=1024
checksum 0.112685
--- perf stat -x, ---
7056708476,,cpu_core/L1-dcache-loads/,3812593458,99.00,,
16992103,,cpu_core/L1-dcache-load-misses/,3812593458,99.00,0.24,of all L1-dcache accesses
6284028096,,cpu_core/branch-instructions/,3812593458,99.00,,
136255458,,cpu_core/branch-misses/,3812593458,99.00,,
38157356372,,cpu_core/instructions/,3812593458,99.00,,
14427343504,,cpu_core/cpu-cycles/,3812593458,99.00,,
22,,context-switches,3813126725,100.00,,
786628,,page-faults,3813126725,100.00,,

----- [tile_1024] H=16384 W=16384 K=3 seed=1234 rep=19/20 exit=0 -----
PROFILING tile variant=1024 H=16384 W=16384 K=3 seed=1234
tile_size=1024
checksum 0.112685
--- perf stat -x, ---
7056767099,,cpu_core/L1-dcache-loads/,3782084503,99.00,,
17061568,,cpu_core/L1-dcache-load-misses/,3782084503,99.00,0.24,of all L1-dcache accesses
6284085875,,cpu_core/branch-instructions/,3782084503,99.00,,
136309508,,cpu_core/branch-misses/,3782084503,99.00,,
38157686484,,cpu_core/instructions/,3782084503,99.00,,
14311292811,,cpu_core/cpu-cycles/,3782084503,99.00,,
25,,context-switches,3782616859,100.00,,
786628,,page-faults,3782616859,100.00,,

----- [tile_1024] H=16384 W=16384 K=3 seed=1234 rep=20/20 exit=0 -----
PROFILING tile variant=1024 H=16384 W=16384 K=3 seed=1234
tile_size=1024
checksum 0.112685
--- perf stat -x, ---
7056601818,,cpu_core/L1-dcache-loads/,3806290907,99.00,,
16787079,,cpu_core/L1-dcache-load-misses/,3806290907,99.00,0.24,of all L1-dcache accesses
6283926687,,cpu_core/branch-instructions/,3806290907,99.00,,
136319161,,cpu_core/branch-misses/,3806290907,99.00,,
38156755161,,cpu_core/instructions/,3806290907,99.00,,
14421068849,,cpu_core/cpu-cycles/,3806290907,99.00,,
32,,context-switches,3806696316,100.00,,
786629,,page-faults,3806696316,100.00,,
# finished : 2026-09-06T17:57:11+05:30
